[1;36mUNPACK[0m      binutils
    [1;32mAPPLY PATCH [1;37m(common)[0m[0m      packages/devel/binutils/patches/0001-warn-for-uses-of-system-directories-when-link.patch
patching file ld/ldfile.c
    [1;32mAPPLY PATCH [1;37m(common)[0m[0m      packages/devel/binutils/patches/0002-binutils-2-39-dont-error-on-missing-makeinfo.patch
patching file bfd/Makefile.in
    [1;32mAPPLY PATCH [1;37m(common)[0m[0m      packages/devel/binutils/patches/0003-libctf-gcc-16.patch
patching file include/ctf.h
    [1;33mFIXCONFIG[0m      /work/build.CoreELEC-Amlogic-no.aarch64-22/build/binutils-2.47/
[1;33mBUILD[0m      binutils [1;37m(host)[0m
    [1;35mTOOLCHAIN[0m      configure (auto-detect)
Executing (host): /work/build.CoreELEC-Amlogic-no.aarch64-22/build/binutils-2.47/configure --host=x86_64-linux-gnu --build=x86_64-linux-gnu --prefix=/work/build.CoreELEC-Amlogic-no.aarch64-22/toolchain --bindir=/work/build.CoreELEC-Amlogic-no.aarch64-22/toolchain/bin --sbindir=/work/build.CoreELEC-Amlogic-no.aarch64-22/toolchain/sbin --sysconfdir=/work/build.CoreELEC-Amlogic-no.aarch64-22/toolchain/etc --libexecdir=/work/build.CoreELEC-Amlogic-no.aarch64-22/toolchain/lib --localstatedir=/work/build.CoreELEC-Amlogic-no.aarch64-22/toolchain/var --disable-static --enable-shared --target=aarch64-libreelec-linux-gnu --with-sysroot=/work/build.CoreELEC-Amlogic-no.aarch64-22/toolchain/aarch64-libreelec-linux-gnu/sysroot --with-lib-path=/work/build.CoreELEC-Amlogic-no.aarch64-22/toolchain/aarch64-libreelec-linux-gnu/sysroot/lib:/work/build.CoreELEC-Amlogic-no.aarch64-22/toolchain/aarch64-libreelec-linux-gnu/sysroot/usr/lib --without-ppl --enable-static --without-cloog --disable-werror --disable-multilib --disable-libada --disable-libssp --enable-version-specific-runtime-libs --enable-plugins --enable-gold --enable-ld=default --enable-lto --disable-nls
checking build system type... x86_64-pc-linux-gnu
checking host system type... x86_64-pc-linux-gnu
checking target system type... aarch64-libreelec-linux-gnu
checking for a BSD-compatible install... /usr/bin/install -c
checking whether ln works... yes
checking whether ln -s works... yes
checking for a sed that does not truncate output... /work/build.CoreELEC-Amlogic-no.aarch64-22/toolchain/bin/sed
checking for gawk... gawk
checking for x86_64-linux-gnu-gcc... /work/build.CoreELEC-Amlogic-no.aarch64-22/toolchain/bin/host-gcc
checking whether the C compiler works... yes
checking for C compiler default output file name... a.out
checking for suffix of executables... 
checking whether we are cross compiling... no
checking for suffix of object files... o
checking whether we are using the GNU C compiler... yes
checking whether /work/build.CoreELEC-Amlogic-no.aarch64-22/toolchain/bin/host-gcc accepts -g... yes
checking for /work/build.CoreELEC-Amlogic-no.aarch64-22/toolchain/bin/host-gcc option to accept ISO C89... none needed
checking for /work/build.CoreELEC-Amlogic-no.aarch64-22/toolchain/bin/host-gcc option to accept ISO C99... none needed
checking whether we are using the GNU C++ compiler... yes
checking whether /work/build.CoreELEC-Amlogic-no.aarch64-22/toolchain/bin/host-g++ accepts -g... yes
checking whether g++ accepts -static-libstdc++ -static-libgcc... yes
checking for x86_64-linux-gnu-gnatbind... no
checking for gnatbind... no
checking for x86_64-linux-gnu-gnatmake... no
checking for gnatmake... no
checking whether compiler driver understands Ada and is recent enough... no
checking for x86_64-linux-gnu-gdc... no
checking for gdc... no
checking whether the D compiler works... no
checking for cargo... no
checking how to compare bootstrapped objects... cmp --ignore-initial=16 $$f1 $$f2
checking for objdir... .libs
checking for isl 0.15 or later... no
required isl version is 0.15 or later
checking whether to enable libgdiagnostics... no
checking for library containing dlopen... none required
checking for library containing pthread_create... none required
checking for default BUILD_CONFIG... 
checking for --enable-vtable-verify... no
checking for bison... bison -y
checking for bison... bison
checking for gm4... no
checking for gnum4... no
checking for m4... m4
checking for flex... flex
checking for flex... flex
checking for makeinfo... makeinfo
checking for expect... no
checking for runtest... no
checking for ar... (cached) ar
checking for x86_64-linux-gnu-ar... (cached) ar
checking for as... (cached) as
checking for x86_64-linux-gnu-as... (cached) as
checking for x86_64-linux-gnu-dlltool... no
checking for dlltool... no
checking for x86_64-linux-gnu-dsymutil... no
checking for dsymutil... no
checking for ld... (cached) ld
checking for x86_64-linux-gnu-ld... (cached) ld
checking for x86_64-linux-gnu-lipo... no
checking for lipo... no
checking for nm... (cached) nm
checking for x86_64-linux-gnu-nm... (cached) nm
checking for ranlib... (cached) ranlib
checking for x86_64-linux-gnu-ranlib... (cached) ranlib
checking for strip... (cached) strip
checking for x86_64-linux-gnu-strip... (cached) strip
checking for x86_64-linux-gnu-windres... no
checking for windres... no
checking for x86_64-linux-gnu-windmc... no
checking for windmc... no
checking for objcopy... (cached) objcopy
checking for x86_64-linux-gnu-objcopy... (cached) objcopy
checking for objdump... (cached) objdump
checking for x86_64-linux-gnu-objdump... (cached) objdump
checking for x86_64-linux-gnu-otool... no
checking for otool... no
checking for x86_64-linux-gnu-readelf... x86_64-linux-gnu-readelf
checking how to run the C preprocessor... cpp
checking for grep that handles long lines and -e... /usr/bin/grep
checking for egrep... /usr/bin/grep -E
checking for clang... no
checking for x86_64-linux-gnu-llvm-config... no
checking for llvm-config... no
checking for x86_64-linux-gnu-ar... (cached) ar
checking for -plugin option... --plugin /usr/libexec/gcc/x86_64-linux-gnu/14/liblto_plugin.so
checking for aarch64-libreelec-linux-gnu-cc... no
checking for aarch64-libreelec-linux-gnu-gcc... no
checking for aarch64-libreelec-linux-gnu-c++... no
checking for aarch64-libreelec-linux-gnu-g++... no
checking for aarch64-libreelec-linux-gnu-cxx... no
checking for aarch64-libreelec-linux-gnu-gxx... no
checking for aarch64-libreelec-linux-gnu-gcc... no
checking for aarch64-libreelec-linux-gnu-gfortran... no
checking for aarch64-libreelec-linux-gnu-gccgo... no
checking for aarch64-libreelec-linux-gnu-gdc... no
checking for aarch64-libreelec-linux-gnu-gm2... no
checking for aarch64-libreelec-linux-gnu-ar... no
checking for aarch64-libreelec-linux-gnu-as... no
checking for aarch64-libreelec-linux-gnu-dlltool... no
checking for aarch64-libreelec-linux-gnu-dsymutil... no
checking for aarch64-libreelec-linux-gnu-ld... no
checking for aarch64-libreelec-linux-gnu-lipo... no
checking for aarch64-libreelec-linux-gnu-nm... no
checking for aarch64-libreelec-linux-gnu-objcopy... no
checking for aarch64-libreelec-linux-gnu-objdump... no
checking for aarch64-libreelec-linux-gnu-otool... no
checking for aarch64-libreelec-linux-gnu-ranlib... no
checking for aarch64-libreelec-linux-gnu-readelf... no
checking for aarch64-libreelec-linux-gnu-strip... no
checking for aarch64-libreelec-linux-gnu-windres... no
checking for aarch64-libreelec-linux-gnu-windmc... no
checking where to find the target ar... just compiled
checking where to find the target as... just compiled
checking where to find the target cc... pre-installed
checking where to find the target c++... pre-installed
checking where to find the target c++ for libstdc++... pre-installed
checking where to find the target dlltool... just compiled
checking where to find the target dsymutil... pre-installed
checking where to find the target gcc... pre-installed
checking where to find the target gfortran... pre-installed
checking where to find the target gccgo... pre-installed
checking where to find the target gdc... pre-installed
checking where to find the target gm2... pre-installed
checking where to find the target ld... just compiled
checking where to find the target lipo... pre-installed
checking where to find the target nm... just compiled
checking where to find the target objcopy... just compiled
checking where to find the target objdump... just compiled
checking where to find the target otool... pre-installed
checking where to find the target ranlib... just compiled
checking where to find the target readelf... just compiled
checking where to find the target strip... just compiled
checking where to find the target windres... just compiled
checking where to find the target windmc... just compiled
checking for clang for target... no
checking for gcc for target... no
checking for target -plugin option... no
checking whether to enable maintainer-specific portions of Makefiles... no
configure: creating ./config.status
config.status: creating Makefile
mkdir -p -- ./libiberty
Configuring in ./libiberty
configure: creating cache ./config.cache
checking whether to enable maintainer-specific portions of Makefiles... no
checking for makeinfo... makeinfo
checking for perl... perl
checking build system type... x86_64-pc-linux-gnu
checking host system type... x86_64-pc-linux-gnu
checking for x86_64-linux-gnu-ar... ar --plugin /usr/libexec/gcc/x86_64-linux-gnu/14/liblto_plugin.so
checking for x86_64-linux-gnu-ranlib... ranlib --plugin /usr/libexec/gcc/x86_64-linux-gnu/14/liblto_plugin.so
checking whether to install libiberty headers and static library... no
configure: target_header_dir = 
checking for x86_64-linux-gnu-gcc... /work/build.CoreELEC-Amlogic-no.aarch64-22/toolchain/bin/host-gcc
checking whether the C compiler works... yes
checking for C compiler default output file name... a.out
checking for suffix of executables... 
checking whether we are cross compiling... no
checking for suffix of object files... o
checking whether we are using the GNU C compiler... yes
checking whether /work/build.CoreELEC-Amlogic-no.aarch64-22/toolchain/bin/host-gcc accepts -g... yes
checking for /work/build.CoreELEC-Amlogic-no.aarch64-22/toolchain/bin/host-gcc option to accept ISO C89... none needed
checking how to run the C preprocessor... cpp
checking for grep that handles long lines and -e... /usr/bin/grep
checking for egrep... /usr/bin/grep -E
checking for ANSI C header files... yes
checking for sys/types.h... yes
checking for sys/stat.h... yes
checking for stdlib.h... yes
checking for string.h... yes
checking for memory.h... yes
checking for strings.h... yes
checking for inttypes.h... yes
checking for stdint.h... yes
checking for unistd.h... yes
checking minix/config.h usability... no
checking minix/config.h presence... no
checking for minix/config.h... no
checking whether it is safe to define __EXTENSIONS__... yes
checking for special C compiler options needed for large files... no
checking for _FILE_OFFSET_BITS value needed for large files... no
checking for clang... no
checking for x86_64-linux-gnu-llvm-config... no
checking for llvm-config... no
checking for x86_64-linux-gnu-ar... (cached) ar --plugin /usr/libexec/gcc/x86_64-linux-gnu/14/liblto_plugin.so
checking for -plugin option... --plugin /usr/libexec/gcc/x86_64-linux-gnu/14/liblto_plugin.so
checking whether /work/build.CoreELEC-Amlogic-no.aarch64-22/toolchain/bin/host-gcc supports -W... yes
checking whether /work/build.CoreELEC-Amlogic-no.aarch64-22/toolchain/bin/host-gcc supports -Wall... yes
checking whether /work/build.CoreELEC-Amlogic-no.aarch64-22/toolchain/bin/host-gcc supports -Wwrite-strings... yes
checking whether /work/build.CoreELEC-Amlogic-no.aarch64-22/toolchain/bin/host-gcc supports -Wc++-compat... yes
checking whether /work/build.CoreELEC-Amlogic-no.aarch64-22/toolchain/bin/host-gcc supports -Wstrict-prototypes... yes
checking whether /work/build.CoreELEC-Amlogic-no.aarch64-22/toolchain/bin/host-gcc supports -Wshadow=local... yes
checking whether /work/build.CoreELEC-Amlogic-no.aarch64-22/toolchain/bin/host-gcc supports -pedantic ... yes
checking whether /work/build.CoreELEC-Amlogic-no.aarch64-22/toolchain/bin/host-gcc and cc understand -c and -o together... yes
checking for an ANSI C-conforming const... yes
checking for inline... inline
checking whether byte ordering is bigendian... no
checking for a BSD-compatible install... /usr/bin/install -c
checking for CET support... yes
checking target system type... aarch64-libreelec-linux-gnu
checking for sys/file.h... yes
checking for sys/param.h... yes
checking for limits.h... yes
checking for stdlib.h... (cached) yes
checking for malloc.h... yes
checking for string.h... (cached) yes
checking for unistd.h... (cached) yes
checking for strings.h... (cached) yes
checking for sys/time.h... yes
checking for time.h... yes
checking for sys/resource.h... yes
checking for sys/stat.h... (cached) yes
checking for sys/mman.h... yes
checking for fcntl.h... yes
checking for alloca.h... yes
checking for sys/pstat.h... no
checking for sys/sysmp.h... no
checking for sys/sysinfo.h... yes
checking for machine/hal_sysinfo.h... no
checking for sys/table.h... no
checking for sys/sysctl.h... no
checking for sys/systemcfg.h... no
checking for stdint.h... (cached) yes
checking for stdio_ext.h... yes
checking for process.h... no
checking for sys/prctl.h... yes
checking for spawn.h... yes
checking for libgen.h... yes
checking for sys/wait.h that is POSIX.1 compatible... yes
checking whether time.h and sys/time.h may both be included... yes
checking whether errno must be declared... no
checking size of int... 4
checking size of long... 8
checking size of size_t... 8
checking for long long... yes
checking size of long long... 8
checking for a 64-bit type... uint64_t
checking for intptr_t... yes
checking for uintptr_t... yes
checking for ssize_t... yes
checking for pid_t... yes
checking for library containing strerror... none required
checking for asprintf... yes
checking for atexit... yes
checking for basename... yes
checking for bcmp... yes
checking for bcopy... yes
checking for bsearch... yes
checking for bzero... yes
checking for calloc... yes
checking for clock... yes
checking for ffs... yes
checking for getcwd... yes
checking for getpagesize... yes
checking for gettimeofday... yes
checking for index... yes
checking for insque... yes
checking for memchr... yes
checking for memrchr... yes
checking for memcmp... yes
checking for memcpy... yes
checking for memmem... yes
checking for memmove... yes
checking for mempcpy... yes
checking for memset... yes
checking for mkstemps... yes
checking for putenv... yes
checking for random... yes
checking for rename... yes
checking for rindex... yes
checking for setenv... yes
checking for snprintf... yes
checking for sigsetmask... yes
checking for stpcpy... yes
checking for stpncpy... yes
checking for strcasecmp... yes
checking for strchr... yes
checking for strdup... yes
checking for strncasecmp... yes
checking for strndup... yes
checking for strnlen... yes
checking for strrchr... yes
checking for strstr... yes
checking for strtod... yes
checking for strtol... yes
checking for strtoul... yes
checking for strtoll... yes
checking for strtoull... yes
checking for strverscmp... yes
checking for tmpnam... yes
checking for vasprintf... yes
checking for vfprintf... yes
checking for vprintf... yes
checking for vsnprintf... yes
checking for vsprintf... yes
checking for waitpid... yes
checking for setproctitle... no
checking whether alloca needs Cray hooks... no
checking stack direction for C alloca... 1
checking for vfork.h... no
checking for fork... yes
checking for vfork... yes
checking for working fork... yes
checking for working vfork... (cached) yes
checking for _doprnt... no
checking for sys_errlist... no
checking for sys_nerr... no
checking for sys_siglist... no
checking for external symbol _system_configuration... no
checking for __fsetlocking... yes
checking for canonicalize_file_name... yes
checking for dup3... yes
checking for getrlimit... yes
checking for getrusage... yes
checking for getsysinfo... no
checking for gettimeofday... (cached) yes
checking for on_exit... yes
checking for pipe2... yes
checking for posix_spawn... yes
checking for posix_spawnp... yes
checking for psignal... yes
checking for pstat_getdynamic... no
checking for pstat_getstatic... no
checking for realpath... yes
checking for setrlimit... yes
checking for spawnve... no
checking for spawnvpe... no
checking for strerror... yes
checking for strsignal... yes
checking for sysconf... yes
checking for sysctl... no
checking for sysmp... no
checking for table... no
checking for times... yes
checking for wait3... yes
checking for wait4... yes
checking for sbrk... yes
checking whether basename is declared... yes
checking whether ffs is declared... yes
checking whether asprintf is declared... yes
checking whether vasprintf is declared... yes
checking whether snprintf is declared... yes
checking whether vsnprintf is declared... yes
checking whether calloc is declared... yes
checking whether getenv is declared... yes
checking whether getopt is declared... yes
checking whether malloc is declared... yes
checking whether realloc is declared... yes
checking whether sbrk is declared... yes
checking whether strtol is declared... yes
checking whether strtoul is declared... yes
checking whether strtoll is declared... yes
checking whether strtoull is declared... yes
checking whether strverscmp is declared... yes
checking whether strnlen is declared... yes
checking whether canonicalize_file_name must be declared... no
checking for SHA1 HW acceleration support... x86 SHA1
checking for stdlib.h... (cached) yes
checking for unistd.h... (cached) yes
checking for sys/param.h... (cached) yes
checking for getpagesize... (cached) yes
checking for working mmap... yes
checking for working strncmp... yes
configure: updating cache ./config.cache
configure: creating ./config.status
config.status: creating Makefile
config.status: creating testsuite/Makefile
config.status: creating config.h
config.status: executing default commands
mkdir -p -- ./bfd
Configuring in ./bfd
configure: creating cache ./config.cache
checking build system type... x86_64-pc-linux-gnu
checking host system type... x86_64-pc-linux-gnu
checking target system type... aarch64-libreelec-linux-gnu
checking for a BSD-compatible install... /usr/bin/install -c
checking whether build environment is sane... yes
checking for a thread-safe mkdir -p... /usr/bin/mkdir -p
checking for gawk... gawk
checking whether make sets $(MAKE)... yes
checking whether make supports nested variables... yes
checking whether make supports nested variables... (cached) yes
checking for x86_64-linux-gnu-ar... ar --plugin /usr/libexec/gcc/x86_64-linux-gnu/14/liblto_plugin.so
checking for x86_64-linux-gnu-ranlib... ranlib --plugin /usr/libexec/gcc/x86_64-linux-gnu/14/liblto_plugin.so
checking for x86_64-linux-gnu-gcc... /work/build.CoreELEC-Amlogic-no.aarch64-22/toolchain/bin/host-gcc
checking whether the C compiler works... yes
checking for C compiler default output file name... a.out
checking for suffix of executables... 
checking whether we are cross compiling... no
checking for suffix of object files... o
checking whether we are using the GNU C compiler... yes
checking whether /work/build.CoreELEC-Amlogic-no.aarch64-22/toolchain/bin/host-gcc accepts -g... yes
checking for /work/build.CoreELEC-Amlogic-no.aarch64-22/toolchain/bin/host-gcc option to accept ISO C89... none needed
checking whether /work/build.CoreELEC-Amlogic-no.aarch64-22/toolchain/bin/host-gcc understands -c and -o together... yes
checking for style of include used by make... GNU
checking dependency style of /work/build.CoreELEC-Amlogic-no.aarch64-22/toolchain/bin/host-gcc... gcc3
checking how to run the C preprocessor... cpp
checking for grep that handles long lines and -e... /usr/bin/grep
checking for egrep... /usr/bin/grep -E
checking for ANSI C header files... yes
checking for sys/types.h... yes
checking for sys/stat.h... yes
checking for stdlib.h... yes
checking for string.h... yes
checking for memory.h... yes
checking for strings.h... yes
checking for inttypes.h... yes
checking for stdint.h... yes
checking for unistd.h... yes
checking minix/config.h usability... no
checking minix/config.h presence... no
checking for minix/config.h... no
checking whether it is safe to define __EXTENSIONS__... yes
checking how to print strings... printf
checking for a sed that does not truncate output... /work/build.CoreELEC-Amlogic-no.aarch64-22/toolchain/bin/sed
checking for fgrep... /usr/bin/grep -F
checking for ld used by /work/build.CoreELEC-Amlogic-no.aarch64-22/toolchain/bin/host-gcc... ld
checking if the linker (ld) is GNU ld... yes
checking for BSD- or MS-compatible name lister (nm)... /usr/bin/nm --plugin /usr/libexec/gcc/x86_64-linux-gnu/14/liblto_plugin.so -B
checking the name lister (/usr/bin/nm --plugin /usr/libexec/gcc/x86_64-linux-gnu/14/liblto_plugin.so -B) interface... BSD nm
checking whether ln -s works... yes
checking the maximum length of command line arguments... 1572864
checking whether the shell understands some XSI constructs... yes
checking whether the shell understands "+="... no
checking for ld option to reload object files... -r
checking for x86_64-linux-gnu-objdump... objdump
checking how to recognize dependent libraries... pass_all
checking for clang... no
checking for x86_64-linux-gnu-llvm-config... no
checking for llvm-config... no
checking for x86_64-linux-gnu-ar... (cached) ar --plugin /usr/libexec/gcc/x86_64-linux-gnu/14/liblto_plugin.so
checking for -plugin option... --plugin /usr/libexec/gcc/x86_64-linux-gnu/14/liblto_plugin.so
checking for x86_64-linux-gnu-ar... (cached) ar --plugin /usr/libexec/gcc/x86_64-linux-gnu/14/liblto_plugin.so
checking for x86_64-linux-gnu-strip... strip
checking for x86_64-linux-gnu-ranlib... (cached) ranlib --plugin /usr/libexec/gcc/x86_64-linux-gnu/14/liblto_plugin.so
checking command to parse /usr/bin/nm --plugin /usr/libexec/gcc/x86_64-linux-gnu/14/liblto_plugin.so -B output from /work/build.CoreELEC-Amlogic-no.aarch64-22/toolchain/bin/host-gcc object... ok
checking for dlfcn.h... yes
checking for objdir... .libs
checking if /work/build.CoreELEC-Amlogic-no.aarch64-22/toolchain/bin/host-gcc supports -fno-rtti -fno-exceptions... no
checking for /work/build.CoreELEC-Amlogic-no.aarch64-22/toolchain/bin/host-gcc option to produce PIC... -fPIC -DPIC
checking if /work/build.CoreELEC-Amlogic-no.aarch64-22/toolchain/bin/host-gcc PIC flag -fPIC -DPIC works... yes
checking if /work/build.CoreELEC-Amlogic-no.aarch64-22/toolchain/bin/host-gcc static flag -static works... yes
checking if /work/build.CoreELEC-Amlogic-no.aarch64-22/toolchain/bin/host-gcc supports -c -o file.o... yes
checking if /work/build.CoreELEC-Amlogic-no.aarch64-22/toolchain/bin/host-gcc supports -c -o file.o... (cached) yes
checking whether the /work/build.CoreELEC-Amlogic-no.aarch64-22/toolchain/bin/host-gcc linker (ld -m elf_x86_64) supports shared libraries... yes
checking whether -lc should be explicitly linked in... no
checking dynamic linker characteristics... GNU/Linux ld.so
checking how to hardcode library paths into programs... immediate
checking for shl_load... no
checking for shl_load in -ldld... no
checking for dlopen... yes
checking whether a program can dlopen itself... yes
checking whether a statically linked program can dlopen itself... no
checking whether stripping libraries is possible... yes
checking if libtool supports shared libraries... yes
checking whether to build shared libraries... yes
checking whether to build static libraries... yes
checking for dlfcn.h... (cached) yes
checking for windows.h... no
checking for library containing dlsym... none required
checking for special C compiler options needed for large files... no
checking for _FILE_OFFSET_BITS value needed for large files... no
Setting warning flags = -W -Wall -Wstrict-prototypes -Wmissing-prototypes -Wshadow -Wstack-usage=262144
checking whether to enable maintainer-specific portions of Makefiles... no
checking whether to install libbfd... yes
checking whether byte ordering is bigendian... no
checking whether NLS is requested... no
checking for msgfmt... /work/build.CoreELEC-Amlogic-no.aarch64-22/toolchain/bin/msgfmt
checking for gmsgfmt... /work/build.CoreELEC-Amlogic-no.aarch64-22/toolchain/bin/msgfmt
checking for xgettext... /work/build.CoreELEC-Amlogic-no.aarch64-22/toolchain/bin/xgettext
checking for msgmerge... /work/build.CoreELEC-Amlogic-no.aarch64-22/toolchain/bin/msgmerge
checking for ld used by GCC... ld -m elf_x86_64
checking if the linker (ld -m elf_x86_64) is GNU ld... yes
checking for shared library run path origin... done
checking for CFPreferencesCopyAppValue... no
checking for CFLocaleCopyPreferredLanguages... no
checking whether to use NLS... no
checking whether NLS is requested... no
checking size of long long... 8
checking size of void *... 8
checking size of long... 8
checking size of int... 4
checking fcntl.h usability... yes
checking fcntl.h presence... yes
checking for fcntl.h... yes
checking sys/file.h usability... yes
checking sys/file.h presence... yes
checking for sys/file.h... yes
checking sys/resource.h usability... yes
checking sys/resource.h presence... yes
checking for sys/resource.h... yes
checking for sys/stat.h... (cached) yes
checking for sys/types.h... (cached) yes
checking for unistd.h... (cached) yes
checking for fcntl... yes
checking for fdopen... yes
checking for fileno... yes
checking for fls... no
checking for getgid... yes
checking for getpagesize... yes
checking for getrlimit... yes
checking for getuid... yes
checking for sysconf... yes
checking whether basename is declared... yes
checking whether ffs is declared... yes
checking whether stpcpy is declared... yes
checking whether asprintf is declared... yes
checking whether vasprintf is declared... yes
checking whether strnlen is declared... yes
checking whether strtoull is declared... yes
checking whether ___lc_codepage_func is declared... no
checking for thread local storage (TLS) class... _Thread_local
checking pkg-config is at least version 0.9.0... yes
checking for libzstd >= 1.4.0... yes
checking compiler support for hidden visibility... yes
checking linker --as-needed support... yes
checking for cos in -lm... yes
checking for gcc version with buggy 64-bit support... no
checking for ftello... yes
checking for ftello64... yes
checking for fseeko... yes
checking for fseeko64... yes
checking for fopen64... yes
checking whether ftello is declared... yes
checking whether ftello64 is declared... yes
checking whether fseeko is declared... yes
checking whether fseeko64 is declared... yes
checking whether fopen64 is declared... yes
checking size of off_t... 8
checking file_ptr type... int64_t
checking for stdlib.h... (cached) yes
checking for unistd.h... (cached) yes
checking for sys/param.h... yes
checking for getpagesize... (cached) yes
checking for working mmap... yes
checking for madvise... yes
checking for mprotect... yes
configure: updating cache ./config.cache
checking that generated files are newer than configure... done
configure: creating ./config.status
config.status: creating Makefile
config.status: creating bfd-in3.h
config.status: creating po/Makefile.in
config.status: creating config.h
config.status: executing depfiles commands
config.status: executing libtool commands
config.status: executing default-1 commands
config.status: executing default commands
make[1]: Entering directory '/work/build.CoreELEC-Amlogic-no.aarch64-22/build/binutils-2.47/.x86_64-linux-gnu/libiberty'
if [ x"-fpic" != x ] && [ ! -d pic ]; then \
  mkdir pic; \
else true; fi
touch stamp-picdir
if [ x"" != x ] && [ ! -d noasan ]; then \
  mkdir noasan; \
else true; fi
touch stamp-noasandir
if [ x"-fpic" != x ]; then \
  /work/build.CoreELEC-Amlogic-no.aarch64-22/toolchain/bin/host-gcc -c -DHAVE_CONFIG_H -g -O2    -I. -I/work/build.CoreELEC-Amlogic-no.aarch64-22/build/binutils-2.47/libiberty/../include  -W -Wall -Wwrite-strings -Wc++-compat -Wstrict-prototypes -Wshadow=local -pedantic  -D_GNU_SOURCE -fcf-protection  -fpic /work/build.CoreELEC-Amlogic-no.aarch64-22/build/binutils-2.47/libiberty/regex.c -o pic/regex.o; \
else true; fi
if [ x"" != x ]; then \
  /work/build.CoreELEC-Amlogic-no.aarch64-22/toolchain/bin/host-gcc -c -DHAVE_CONFIG_H -g -O2    -I. -I/work/build.CoreELEC-Amlogic-no.aarch64-22/build/binutils-2.47/libiberty/../include  -W -Wall -Wwrite-strings -Wc++-compat -Wstrict-prototypes -Wshadow=local -pedantic  -D_GNU_SOURCE -fcf-protection  -fpic  /work/build.CoreELEC-Amlogic-no.aarch64-22/build/binutils-2.47/libiberty/regex.c -o noasan/regex.o; \
else true; fi
/work/build.CoreELEC-Amlogic-no.aarch64-22/toolchain/bin/host-gcc -c -DHAVE_CONFIG_H -g -O2    -I. -I/work/build.CoreELEC-Amlogic-no.aarch64-22/build/binutils-2.47/libiberty/../include  -W -Wall -Wwrite-strings -Wc++-compat -Wstrict-prototypes -Wshadow=local -pedantic  -D_GNU_SOURCE -fcf-protection  /work/build.CoreELEC-Amlogic-no.aarch64-22/build/binutils-2.47/libiberty/regex.c -o regex.o
if [ x"-fpic" != x ]; then \
  /work/build.CoreELEC-Amlogic-no.aarch64-22/toolchain/bin/host-gcc -c -DHAVE_CONFIG_H -g -O2    -I. -I/work/build.CoreELEC-Amlogic-no.aarch64-22/build/binutils-2.47/libiberty/../include  -W -Wall -Wwrite-strings -Wc++-compat -Wstrict-prototypes -Wshadow=local -pedantic  -D_GNU_SOURCE -fcf-protection  -fpic /work/build.CoreELEC-Amlogic-no.aarch64-22/build/binutils-2.47/libiberty/cplus-dem.c -o pic/cplus-dem.o; \
else true; fi
if [ x"" != x ]; then \
  /work/build.CoreELEC-Amlogic-no.aarch64-22/toolchain/bin/host-gcc -c -DHAVE_CONFIG_H -g -O2    -I. -I/work/build.CoreELEC-Amlogic-no.aarch64-22/build/binutils-2.47/libiberty/../include  -W -Wall -Wwrite-strings -Wc++-compat -Wstrict-prototypes -Wshadow=local -pedantic  -D_GNU_SOURCE -fcf-protection  -fpic  /work/build.CoreELEC-Amlogic-no.aarch64-22/build/binutils-2.47/libiberty/cplus-dem.c -o noasan/cplus-dem.o; \
else true; fi
/work/build.CoreELEC-Amlogic-no.aarch64-22/toolchain/bin/host-gcc -c -DHAVE_CONFIG_H -g -O2    -I. -I/work/build.CoreELEC-Amlogic-no.aarch64-22/build/binutils-2.47/libiberty/../include  -W -Wall -Wwrite-strings -Wc++-compat -Wstrict-prototypes -Wshadow=local -pedantic  -D_GNU_SOURCE -fcf-protection  /work/build.CoreELEC-Amlogic-no.aarch64-22/build/binutils-2.47/libiberty/cplus-dem.c -o cplus-dem.o
if [ x"-fpic" != x ]; then \
  /work/build.CoreELEC-Amlogic-no.aarch64-22/toolchain/bin/host-gcc -c -DHAVE_CONFIG_H -g -O2    -I. -I/work/build.CoreELEC-Amlogic-no.aarch64-22/build/binutils-2.47/libiberty/../include  -W -Wall -Wwrite-strings -Wc++-compat -Wstrict-prototypes -Wshadow=local -pedantic  -D_GNU_SOURCE -fcf-protection  -fpic /work/build.CoreELEC-Amlogic-no.aarch64-22/build/binutils-2.47/libiberty/cp-demangle.c -o pic/cp-demangle.o; \
else true; fi
if [ x"" != x ]; then \
  /work/build.CoreELEC-Amlogic-no.aarch64-22/toolchain/bin/host-gcc -c -DHAVE_CONFIG_H -g -O2    -I. -I/work/build.CoreELEC-Amlogic-no.aarch64-22/build/binutils-2.47/libiberty/../include  -W -Wall -Wwrite-strings -Wc++-compat -Wstrict-prototypes -Wshadow=local -pedantic  -D_GNU_SOURCE -fcf-protection  -fpic  /work/build.CoreELEC-Amlogic-no.aarch64-22/build/binutils-2.47/libiberty/cp-demangle.c -o noasan/cp-demangle.o; \
else true; fi
/work/build.CoreELEC-Amlogic-no.aarch64-22/toolchain/bin/host-gcc -c -DHAVE_CONFIG_H -g -O2    -I. -I/work/build.CoreELEC-Amlogic-no.aarch64-22/build/binutils-2.47/libiberty/../include  -W -Wall -Wwrite-strings -Wc++-compat -Wstrict-prototypes -Wshadow=local -pedantic  -D_GNU_SOURCE -fcf-protection  /work/build.CoreELEC-Amlogic-no.aarch64-22/build/binutils-2.47/libiberty/cp-demangle.c -o cp-demangle.o
if [ x"-fpic" != x ]; then \
  /work/build.CoreELEC-Amlogic-no.aarch64-22/toolchain/bin/host-gcc -c -DHAVE_CONFIG_H -g -O2    -I. -I/work/build.CoreELEC-Amlogic-no.aarch64-22/build/binutils-2.47/libiberty/../include  -W -Wall -Wwrite-strings -Wc++-compat -Wstrict-prototypes -Wshadow=local -pedantic  -D_GNU_SOURCE -fcf-protection  -fpic /work/build.CoreELEC-Amlogic-no.aarch64-22/build/binutils-2.47/libiberty/md5.c -o pic/md5.o; \
else true; fi
if [ x"" != x ]; then \
  /work/build.CoreELEC-Amlogic-no.aarch64-22/toolchain/bin/host-gcc -c -DHAVE_CONFIG_H -g -O2    -I. -I/work/build.CoreELEC-Amlogic-no.aarch64-22/build/binutils-2.47/libiberty/../include  -W -Wall -Wwrite-strings -Wc++-compat -Wstrict-prototypes -Wshadow=local -pedantic  -D_GNU_SOURCE -fcf-protection  -fpic  /work/build.CoreELEC-Amlogic-no.aarch64-22/build/binutils-2.47/libiberty/md5.c -o noasan/md5.o; \
else true; fi
/work/build.CoreELEC-Amlogic-no.aarch64-22/toolchain/bin/host-gcc -c -DHAVE_CONFIG_H -g -O2    -I. -I/work/build.CoreELEC-Amlogic-no.aarch64-22/build/binutils-2.47/libiberty/../include  -W -Wall -Wwrite-strings -Wc++-compat -Wstrict-prototypes -Wshadow=local -pedantic  -D_GNU_SOURCE -fcf-protection  /work/build.CoreELEC-Amlogic-no.aarch64-22/build/binutils-2.47/libiberty/md5.c -o md5.o
if [ x"-fpic" != x ]; then \
  /work/build.CoreELEC-Amlogic-no.aarch64-22/toolchain/bin/host-gcc -c -DHAVE_CONFIG_H -g -O2    -I. -I/work/build.CoreELEC-Amlogic-no.aarch64-22/build/binutils-2.47/libiberty/../include  -W -Wall -Wwrite-strings -Wc++-compat -Wstrict-prototypes -Wshadow=local -pedantic  -D_GNU_SOURCE -fcf-protection  -fpic /work/build.CoreELEC-Amlogic-no.aarch64-22/build/binutils-2.47/libiberty/sha1.c -o pic/sha1.o; \
else true; fi
if [ x"" != x ]; then \
  /work/build.CoreELEC-Amlogic-no.aarch64-22/toolchain/bin/host-gcc -c -DHAVE_CONFIG_H -g -O2    -I. -I/work/build.CoreELEC-Amlogic-no.aarch64-22/build/binutils-2.47/libiberty/../include  -W -Wall -Wwrite-strings -Wc++-compat -Wstrict-prototypes -Wshadow=local -pedantic  -D_GNU_SOURCE -fcf-protection  -fpic  /work/build.CoreELEC-Amlogic-no.aarch64-22/build/binutils-2.47/libiberty/sha1.c -o noasan/sha1.o; \
else true; fi
/work/build.CoreELEC-Amlogic-no.aarch64-22/toolchain/bin/host-gcc -c -DHAVE_CONFIG_H -g -O2    -I. -I/work/build.CoreELEC-Amlogic-no.aarch64-22/build/binutils-2.47/libiberty/../include  -W -Wall -Wwrite-strings -Wc++-compat -Wstrict-prototypes -Wshadow=local -pedantic  -D_GNU_SOURCE -fcf-protection  /work/build.CoreELEC-Amlogic-no.aarch64-22/build/binutils-2.47/libiberty/sha1.c -o sha1.o
if [ x"-fpic" != x ]; then \
  /work/build.CoreELEC-Amlogic-no.aarch64-22/toolchain/bin/host-gcc -c -DHAVE_CONFIG_H -g -O2    -I. -I/work/build.CoreELEC-Amlogic-no.aarch64-22/build/binutils-2.47/libiberty/../include  -W -Wall -Wwrite-strings -Wc++-compat -Wstrict-prototypes -Wshadow=local -pedantic  -D_GNU_SOURCE -fcf-protection  -fpic /work/build.CoreELEC-Amlogic-no.aarch64-22/build/binutils-2.47/libiberty/alloca.c -o pic/alloca.o; \
else true; fi
if [ x"" != x ]; then \
  /work/build.CoreELEC-Amlogic-no.aarch64-22/toolchain/bin/host-gcc -c -DHAVE_CONFIG_H -g -O2    -I. -I/work/build.CoreELEC-Amlogic-no.aarch64-22/build/binutils-2.47/libiberty/../include  -W -Wall -Wwrite-strings -Wc++-compat -Wstrict-prototypes -Wshadow=local -pedantic  -D_GNU_SOURCE -fcf-protection  -fpic  /work/build.CoreELEC-Amlogic-no.aarch64-22/build/binutils-2.47/libiberty/alloca.c -o noasan/alloca.o; \
else true; fi
/work/build.CoreELEC-Amlogic-no.aarch64-22/toolchain/bin/host-gcc -c -DHAVE_CONFIG_H -g -O2    -I. -I/work/build.CoreELEC-Amlogic-no.aarch64-22/build/binutils-2.47/libiberty/../include  -W -Wall -Wwrite-strings -Wc++-compat -Wstrict-prototypes -Wshadow=local -pedantic  -D_GNU_SOURCE -fcf-protection  /work/build.CoreELEC-Amlogic-no.aarch64-22/build/binutils-2.47/libiberty/alloca.c -o alloca.o
if [ x"-fpic" != x ]; then \
  /work/build.CoreELEC-Amlogic-no.aarch64-22/toolchain/bin/host-gcc -c -DHAVE_CONFIG_H -g -O2    -I. -I/work/build.CoreELEC-Amlogic-no.aarch64-22/build/binutils-2.47/libiberty/../include  -W -Wall -Wwrite-strings -Wc++-compat -Wstrict-prototypes -Wshadow=local -pedantic  -D_GNU_SOURCE -fcf-protection  -fpic /work/build.CoreELEC-Amlogic-no.aarch64-22/build/binutils-2.47/libiberty/argv.c -o pic/argv.o; \
else true; fi
if [ x"" != x ]; then \
  /work/build.CoreELEC-Amlogic-no.aarch64-22/toolchain/bin/host-gcc -c -DHAVE_CONFIG_H -g -O2    -I. -I/work/build.CoreELEC-Amlogic-no.aarch64-22/build/binutils-2.47/libiberty/../include  -W -Wall -Wwrite-strings -Wc++-compat -Wstrict-prototypes -Wshadow=local -pedantic  -D_GNU_SOURCE -fcf-protection  -fpic  /work/build.CoreELEC-Amlogic-no.aarch64-22/build/binutils-2.47/libiberty/argv.c -o noasan/argv.o; \
else true; fi
/work/build.CoreELEC-Amlogic-no.aarch64-22/toolchain/bin/host-gcc -c -DHAVE_CONFIG_H -g -O2    -I. -I/work/build.CoreELEC-Amlogic-no.aarch64-22/build/binutils-2.47/libiberty/../include  -W -Wall -Wwrite-strings -Wc++-compat -Wstrict-prototypes -Wshadow=local -pedantic  -D_GNU_SOURCE -fcf-protection  /work/build.CoreELEC-Amlogic-no.aarch64-22/build/binutils-2.47/libiberty/argv.c -o argv.o
if [ x"-fpic" != x ]; then \
  /work/build.CoreELEC-Amlogic-no.aarch64-22/toolchain/bin/host-gcc -c -DHAVE_CONFIG_H -g -O2    -I. -I/work/build.CoreELEC-Amlogic-no.aarch64-22/build/binutils-2.47/libiberty/../include  -W -Wall -Wwrite-strings -Wc++-compat -Wstrict-prototypes -Wshadow=local -pedantic  -D_GNU_SOURCE -fcf-protection  -fpic /work/build.CoreELEC-Amlogic-no.aarch64-22/build/binutils-2.47/libiberty/bsearch_r.c -o pic/bsearch_r.o; \
else true; fi
if [ x"" != x ]; then \
  /work/build.CoreELEC-Amlogic-no.aarch64-22/toolchain/bin/host-gcc -c -DHAVE_CONFIG_H -g -O2    -I. -I/work/build.CoreELEC-Amlogic-no.aarch64-22/build/binutils-2.47/libiberty/../include  -W -Wall -Wwrite-strings -Wc++-compat -Wstrict-prototypes -Wshadow=local -pedantic  -D_GNU_SOURCE -fcf-protection  -fpic  /work/build.CoreELEC-Amlogic-no.aarch64-22/build/binutils-2.47/libiberty/bsearch_r.c -o noasan/bsearch_r.o; \
else true; fi
/work/build.CoreELEC-Amlogic-no.aarch64-22/toolchain/bin/host-gcc -c -DHAVE_CONFIG_H -g -O2    -I. -I/work/build.CoreELEC-Amlogic-no.aarch64-22/build/binutils-2.47/libiberty/../include  -W -Wall -Wwrite-strings -Wc++-compat -Wstrict-prototypes -Wshadow=local -pedantic  -D_GNU_SOURCE -fcf-protection  /work/build.CoreELEC-Amlogic-no.aarch64-22/build/binutils-2.47/libiberty/bsearch_r.c -o bsearch_r.o
if [ x"-fpic" != x ]; then \
  /work/build.CoreELEC-Amlogic-no.aarch64-22/toolchain/bin/host-gcc -c -DHAVE_CONFIG_H -g -O2    -I. -I/work/build.CoreELEC-Amlogic-no.aarch64-22/build/binutils-2.47/libiberty/../include  -W -Wall -Wwrite-strings -Wc++-compat -Wstrict-prototypes -Wshadow=local -pedantic  -D_GNU_SOURCE -fcf-protection  -fpic /work/build.CoreELEC-Amlogic-no.aarch64-22/build/binutils-2.47/libiberty/choose-temp.c -o pic/choose-temp.o; \
else true; fi
if [ x"" != x ]; then \
  /work/build.CoreELEC-Amlogic-no.aarch64-22/toolchain/bin/host-gcc -c -DHAVE_CONFIG_H -g -O2    -I. -I/work/build.CoreELEC-Amlogic-no.aarch64-22/build/binutils-2.47/libiberty/../include  -W -Wall -Wwrite-strings -Wc++-compat -Wstrict-prototypes -Wshadow=local -pedantic  -D_GNU_SOURCE -fcf-protection  -fpic  /work/build.CoreELEC-Amlogic-no.aarch64-22/build/binutils-2.47/libiberty/choose-temp.c -o noasan/choose-temp.o; \
else true; fi
/work/build.CoreELEC-Amlogic-no.aarch64-22/toolchain/bin/host-gcc -c -DHAVE_CONFIG_H -g -O2    -I. -I/work/build.CoreELEC-Amlogic-no.aarch64-22/build/binutils-2.47/libiberty/../include  -W -Wall -Wwrite-strings -Wc++-compat -Wstrict-prototypes -Wshadow=local -pedantic  -D_GNU_SOURCE -fcf-protection  /work/build.CoreELEC-Amlogic-no.aarch64-22/build/binutils-2.47/libiberty/choose-temp.c -o choose-temp.o
if [ x"-fpic" != x ]; then \
  /work/build.CoreELEC-Amlogic-no.aarch64-22/toolchain/bin/host-gcc -c -DHAVE_CONFIG_H -g -O2    -I. -I/work/build.CoreELEC-Amlogic-no.aarch64-22/build/binutils-2.47/libiberty/../include  -W -Wall -Wwrite-strings -Wc++-compat -Wstrict-prototypes -Wshadow=local -pedantic  -D_GNU_SOURCE -fcf-protection  -fpic /work/build.CoreELEC-Amlogic-no.aarch64-22/build/binutils-2.47/libiberty/concat.c -o pic/concat.o; \
else true; fi
if [ x"" != x ]; then \
  /work/build.CoreELEC-Amlogic-no.aarch64-22/toolchain/bin/host-gcc -c -DHAVE_CONFIG_H -g -O2    -I. -I/work/build.CoreELEC-Amlogic-no.aarch64-22/build/binutils-2.47/libiberty/../include  -W -Wall -Wwrite-strings -Wc++-compat -Wstrict-prototypes -Wshadow=local -pedantic  -D_GNU_SOURCE -fcf-protection  -fpic  /work/build.CoreELEC-Amlogic-no.aarch64-22/build/binutils-2.47/libiberty/concat.c -o noasan/concat.o; \
else true; fi
/work/build.CoreELEC-Amlogic-no.aarch64-22/toolchain/bin/host-gcc -c -DHAVE_CONFIG_H -g -O2    -I. -I/work/build.CoreELEC-Amlogic-no.aarch64-22/build/binutils-2.47/libiberty/../include  -W -Wall -Wwrite-strings -Wc++-compat -Wstrict-prototypes -Wshadow=local -pedantic  -D_GNU_SOURCE -fcf-protection  /work/build.CoreELEC-Amlogic-no.aarch64-22/build/binutils-2.47/libiberty/concat.c -o concat.o
if [ x"-fpic" != x ]; then \
  /work/build.CoreELEC-Amlogic-no.aarch64-22/toolchain/bin/host-gcc -c -DHAVE_CONFIG_H -g -O2    -I. -I/work/build.CoreELEC-Amlogic-no.aarch64-22/build/binutils-2.47/libiberty/../include  -W -Wall -Wwrite-strings -Wc++-compat -Wstrict-prototypes -Wshadow=local -pedantic  -D_GNU_SOURCE -fcf-protection  -fpic /work/build.CoreELEC-Amlogic-no.aarch64-22/build/binutils-2.47/libiberty/cp-demint.c -o pic/cp-demint.o; \
else true; fi
if [ x"" != x ]; then \
  /work/build.CoreELEC-Amlogic-no.aarch64-22/toolchain/bin/host-gcc -c -DHAVE_CONFIG_H -g -O2    -I. -I/work/build.CoreELEC-Amlogic-no.aarch64-22/build/binutils-2.47/libiberty/../include  -W -Wall -Wwrite-strings -Wc++-compat -Wstrict-prototypes -Wshadow=local -pedantic  -D_GNU_SOURCE -fcf-protection  -fpic  /work/build.CoreELEC-Amlogic-no.aarch64-22/build/binutils-2.47/libiberty/cp-demint.c -o noasan/cp-demint.o; \
else true; fi
/work/build.CoreELEC-Amlogic-no.aarch64-22/toolchain/bin/host-gcc -c -DHAVE_CONFIG_H -g -O2    -I. -I/work/build.CoreELEC-Amlogic-no.aarch64-22/build/binutils-2.47/libiberty/../include  -W -Wall -Wwrite-strings -Wc++-compat -Wstrict-prototypes -Wshadow=local -pedantic  -D_GNU_SOURCE -fcf-protection  /work/build.CoreELEC-Amlogic-no.aarch64-22/build/binutils-2.47/libiberty/cp-demint.c -o cp-demint.o
if [ x"-fpic" != x ]; then \
  /work/build.CoreELEC-Amlogic-no.aarch64-22/toolchain/bin/host-gcc -c -DHAVE_CONFIG_H -g -O2    -I. -I/work/build.CoreELEC-Amlogic-no.aarch64-22/build/binutils-2.47/libiberty/../include  -W -Wall -Wwrite-strings -Wc++-compat -Wstrict-prototypes -Wshadow=local -pedantic  -D_GNU_SOURCE -fcf-protection  -fpic /work/build.CoreELEC-Amlogic-no.aarch64-22/build/binutils-2.47/libiberty/crc32.c -o pic/crc32.o; \
else true; fi
if [ x"" != x ]; then \
  /work/build.CoreELEC-Amlogic-no.aarch64-22/toolchain/bin/host-gcc -c -DHAVE_CONFIG_H -g -O2    -I. -I/work/build.CoreELEC-Amlogic-no.aarch64-22/build/binutils-2.47/libiberty/../include  -W -Wall -Wwrite-strings -Wc++-compat -Wstrict-prototypes -Wshadow=local -pedantic  -D_GNU_SOURCE -fcf-protection  -fpic  /work/build.CoreELEC-Amlogic-no.aarch64-22/build/binutils-2.47/libiberty/crc32.c -o noasan/crc32.o; \
else true; fi
/work/build.CoreELEC-Amlogic-no.aarch64-22/toolchain/bin/host-gcc -c -DHAVE_CONFIG_H -g -O2    -I. -I/work/build.CoreELEC-Amlogic-no.aarch64-22/build/binutils-2.47/libiberty/../include  -W -Wall -Wwrite-strings -Wc++-compat -Wstrict-prototypes -Wshadow=local -pedantic  -D_GNU_SOURCE -fcf-protection  /work/build.CoreELEC-Amlogic-no.aarch64-22/build/binutils-2.47/libiberty/crc32.c -o crc32.o
if [ x"-fpic" != x ]; then \
  /work/build.CoreELEC-Amlogic-no.aarch64-22/toolchain/bin/host-gcc -c -DHAVE_CONFIG_H -g -O2    -I. -I/work/build.CoreELEC-Amlogic-no.aarch64-22/build/binutils-2.47/libiberty/../include  -W -Wall -Wwrite-strings -Wc++-compat -Wstrict-prototypes -Wshadow=local -pedantic  -D_GNU_SOURCE -fcf-protection  -fpic /work/build.CoreELEC-Amlogic-no.aarch64-22/build/binutils-2.47/libiberty/d-demangle.c -o pic/d-demangle.o; \
else true; fi
if [ x"" != x ]; then \
  /work/build.CoreELEC-Amlogic-no.aarch64-22/toolchain/bin/host-gcc -c -DHAVE_CONFIG_H -g -O2    -I. -I/work/build.CoreELEC-Amlogic-no.aarch64-22/build/binutils-2.47/libiberty/../include  -W -Wall -Wwrite-strings -Wc++-compat -Wstrict-prototypes -Wshadow=local -pedantic  -D_GNU_SOURCE -fcf-protection  -fpic  /work/build.CoreELEC-Amlogic-no.aarch64-22/build/binutils-2.47/libiberty/d-demangle.c -o noasan/d-demangle.o; \
else true; fi
/work/build.CoreELEC-Amlogic-no.aarch64-22/toolchain/bin/host-gcc -c -DHAVE_CONFIG_H -g -O2    -I. -I/work/build.CoreELEC-Amlogic-no.aarch64-22/build/binutils-2.47/libiberty/../include  -W -Wall -Wwrite-strings -Wc++-compat -Wstrict-prototypes -Wshadow=local -pedantic  -D_GNU_SOURCE -fcf-protection  /work/build.CoreELEC-Amlogic-no.aarch64-22/build/binutils-2.47/libiberty/d-demangle.c -o d-demangle.o
if [ x"-fpic" != x ]; then \
  /work/build.CoreELEC-Amlogic-no.aarch64-22/toolchain/bin/host-gcc -c -DHAVE_CONFIG_H -g -O2    -I. -I/work/build.CoreELEC-Amlogic-no.aarch64-22/build/binutils-2.47/libiberty/../include  -W -Wall -Wwrite-strings -Wc++-compat -Wstrict-prototypes -Wshadow=local -pedantic  -D_GNU_SOURCE -fcf-protection  -fpic /work/build.CoreELEC-Amlogic-no.aarch64-22/build/binutils-2.47/libiberty/dwarfnames.c -o pic/dwarfnames.o; \
else true; fi
if [ x"" != x ]; then \
  /work/build.CoreELEC-Amlogic-no.aarch64-22/toolchain/bin/host-gcc -c -DHAVE_CONFIG_H -g -O2    -I. -I/work/build.CoreELEC-Amlogic-no.aarch64-22/build/binutils-2.47/libiberty/../include  -W -Wall -Wwrite-strings -Wc++-compat -Wstrict-prototypes -Wshadow=local -pedantic  -D_GNU_SOURCE -fcf-protection  -fpic  /work/build.CoreELEC-Amlogic-no.aarch64-22/build/binutils-2.47/libiberty/dwarfnames.c -o noasan/dwarfnames.o; \
else true; fi
/work/build.CoreELEC-Amlogic-no.aarch64-22/toolchain/bin/host-gcc -c -DHAVE_CONFIG_H -g -O2    -I. -I/work/build.CoreELEC-Amlogic-no.aarch64-22/build/binutils-2.47/libiberty/../include  -W -Wall -Wwrite-strings -Wc++-compat -Wstrict-prototypes -Wshadow=local -pedantic  -D_GNU_SOURCE -fcf-protection  /work/build.CoreELEC-Amlogic-no.aarch64-22/build/binutils-2.47/libiberty/dwarfnames.c -o dwarfnames.o
if [ x"-fpic" != x ]; then \
  /work/build.CoreELEC-Amlogic-no.aarch64-22/toolchain/bin/host-gcc -c -DHAVE_CONFIG_H -g -O2    -I. -I/work/build.CoreELEC-Amlogic-no.aarch64-22/build/binutils-2.47/libiberty/../include  -W -Wall -Wwrite-strings -Wc++-compat -Wstrict-prototypes -Wshadow=local -pedantic  -D_GNU_SOURCE -fcf-protection  -fpic /work/build.CoreELEC-Amlogic-no.aarch64-22/build/binutils-2.47/libiberty/dyn-string.c -o pic/dyn-string.o; \
else true; fi
if [ x"" != x ]; then \
  /work/build.CoreELEC-Amlogic-no.aarch64-22/toolchain/bin/host-gcc -c -DHAVE_CONFIG_H -g -O2    -I. -I/work/build.CoreELEC-Amlogic-no.aarch64-22/build/binutils-2.47/libiberty/../include  -W -Wall -Wwrite-strings -Wc++-compat -Wstrict-prototypes -Wshadow=local -pedantic  -D_GNU_SOURCE -fcf-protection  -fpic  /work/build.CoreELEC-Amlogic-no.aarch64-22/build/binutils-2.47/libiberty/dyn-string.c -o noasan/dyn-string.o; \
else true; fi
/work/build.CoreELEC-Amlogic-no.aarch64-22/toolchain/bin/host-gcc -c -DHAVE_CONFIG_H -g -O2    -I. -I/work/build.CoreELEC-Amlogic-no.aarch64-22/build/binutils-2.47/libiberty/../include  -W -Wall -Wwrite-strings -Wc++-compat -Wstrict-prototypes -Wshadow=local -pedantic  -D_GNU_SOURCE -fcf-protection  /work/build.CoreELEC-Amlogic-no.aarch64-22/build/binutils-2.47/libiberty/dyn-string.c -o dyn-string.o
if [ x"-fpic" != x ]; then \
  /work/build.CoreELEC-Amlogic-no.aarch64-22/toolchain/bin/host-gcc -c -DHAVE_CONFIG_H -g -O2    -I. -I/work/build.CoreELEC-Amlogic-no.aarch64-22/build/binutils-2.47/libiberty/../include  -W -Wall -Wwrite-strings -Wc++-compat -Wstrict-prototypes -Wshadow=local -pedantic  -D_GNU_SOURCE -fcf-protection  -fpic /work/build.CoreELEC-Amlogic-no.aarch64-22/build/binutils-2.47/libiberty/fdmatch.c -o pic/fdmatch.o; \
else true; fi
if [ x"" != x ]; then \
  /work/build.CoreELEC-Amlogic-no.aarch64-22/toolchain/bin/host-gcc -c -DHAVE_CONFIG_H -g -O2    -I. -I/work/build.CoreELEC-Amlogic-no.aarch64-22/build/binutils-2.47/libiberty/../include  -W -Wall -Wwrite-strings -Wc++-compat -Wstrict-prototypes -Wshadow=local -pedantic  -D_GNU_SOURCE -fcf-protection  -fpic  /work/build.CoreELEC-Amlogic-no.aarch64-22/build/binutils-2.47/libiberty/fdmatch.c -o noasan/fdmatch.o; \
else true; fi
/work/build.CoreELEC-Amlogic-no.aarch64-22/toolchain/bin/host-gcc -c -DHAVE_CONFIG_H -g -O2    -I. -I/work/build.CoreELEC-Amlogic-no.aarch64-22/build/binutils-2.47/libiberty/../include  -W -Wall -Wwrite-strings -Wc++-compat -Wstrict-prototypes -Wshadow=local -pedantic  -D_GNU_SOURCE -fcf-protection  /work/build.CoreELEC-Amlogic-no.aarch64-22/build/binutils-2.47/libiberty/fdmatch.c -o fdmatch.o
if [ x"-fpic" != x ]; then \
  /work/build.CoreELEC-Amlogic-no.aarch64-22/toolchain/bin/host-gcc -c -DHAVE_CONFIG_H -g -O2    -I. -I/work/build.CoreELEC-Amlogic-no.aarch64-22/build/binutils-2.47/libiberty/../include  -W -Wall -Wwrite-strings -Wc++-compat -Wstrict-prototypes -Wshadow=local -pedantic  -D_GNU_SOURCE -fcf-protection  -fpic /work/build.CoreELEC-Amlogic-no.aarch64-22/build/binutils-2.47/libiberty/fibheap.c -o pic/fibheap.o; \
else true; fi
if [ x"" != x ]; then \
  /work/build.CoreELEC-Amlogic-no.aarch64-22/toolchain/bin/host-gcc -c -DHAVE_CONFIG_H -g -O2    -I. -I/work/build.CoreELEC-Amlogic-no.aarch64-22/build/binutils-2.47/libiberty/../include  -W -Wall -Wwrite-strings -Wc++-compat -Wstrict-prototypes -Wshadow=local -pedantic  -D_GNU_SOURCE -fcf-protection  -fpic  /work/build.CoreELEC-Amlogic-no.aarch64-22/build/binutils-2.47/libiberty/fibheap.c -o noasan/fibheap.o; \
else true; fi
/work/build.CoreELEC-Amlogic-no.aarch64-22/toolchain/bin/host-gcc -c -DHAVE_CONFIG_H -g -O2    -I. -I/work/build.CoreELEC-Amlogic-no.aarch64-22/build/binutils-2.47/libiberty/../include  -W -Wall -Wwrite-strings -Wc++-compat -Wstrict-prototypes -Wshadow=local -pedantic  -D_GNU_SOURCE -fcf-protection  /work/build.CoreELEC-Amlogic-no.aarch64-22/build/binutils-2.47/libiberty/fibheap.c -o fibheap.o
if [ x"-fpic" != x ]; then \
  /work/build.CoreELEC-Amlogic-no.aarch64-22/toolchain/bin/host-gcc -c -DHAVE_CONFIG_H -g -O2    -I. -I/work/build.CoreELEC-Amlogic-no.aarch64-22/build/binutils-2.47/libiberty/../include  -W -Wall -Wwrite-strings -Wc++-compat -Wstrict-prototypes -Wshadow=local -pedantic  -D_GNU_SOURCE -fcf-protection  -fpic /work/build.CoreELEC-Amlogic-no.aarch64-22/build/binutils-2.47/libiberty/filedescriptor.c -o pic/filedescriptor.o; \
else true; fi
if [ x"" != x ]; then \
  /work/build.CoreELEC-Amlogic-no.aarch64-22/toolchain/bin/host-gcc -c -DHAVE_CONFIG_H -g -O2    -I. -I/work/build.CoreELEC-Amlogic-no.aarch64-22/build/binutils-2.47/libiberty/../include  -W -Wall -Wwrite-strings -Wc++-compat -Wstrict-prototypes -Wshadow=local -pedantic  -D_GNU_SOURCE -fcf-protection  -fpic  /work/build.CoreELEC-Amlogic-no.aarch64-22/build/binutils-2.47/libiberty/filedescriptor.c -o noasan/filedescriptor.o; \
else true; fi
/work/build.CoreELEC-Amlogic-no.aarch64-22/toolchain/bin/host-gcc -c -DHAVE_CONFIG_H -g -O2    -I. -I/work/build.CoreELEC-Amlogic-no.aarch64-22/build/binutils-2.47/libiberty/../include  -W -Wall -Wwrite-strings -Wc++-compat -Wstrict-prototypes -Wshadow=local -pedantic  -D_GNU_SOURCE -fcf-protection  /work/build.CoreELEC-Amlogic-no.aarch64-22/build/binutils-2.47/libiberty/filedescriptor.c -o filedescriptor.o
if [ x"-fpic" != x ]; then \
  /work/build.CoreELEC-Amlogic-no.aarch64-22/toolchain/bin/host-gcc -c -DHAVE_CONFIG_H -g -O2    -I. -I/work/build.CoreELEC-Amlogic-no.aarch64-22/build/binutils-2.47/libiberty/../include  -W -Wall -Wwrite-strings -Wc++-compat -Wstrict-prototypes -Wshadow=local -pedantic  -D_GNU_SOURCE -fcf-protection  -fpic /work/build.CoreELEC-Amlogic-no.aarch64-22/build/binutils-2.47/libiberty/filename_cmp.c -o pic/filename_cmp.o; \
else true; fi
if [ x"" != x ]; then \
  /work/build.CoreELEC-Amlogic-no.aarch64-22/toolchain/bin/host-gcc -c -DHAVE_CONFIG_H -g -O2    -I. -I/work/build.CoreELEC-Amlogic-no.aarch64-22/build/binutils-2.47/libiberty/../include  -W -Wall -Wwrite-strings -Wc++-compat -Wstrict-prototypes -Wshadow=local -pedantic  -D_GNU_SOURCE -fcf-protection  -fpic  /work/build.CoreELEC-Amlogic-no.aarch64-22/build/binutils-2.47/libiberty/filename_cmp.c -o noasan/filename_cmp.o; \
else true; fi
/work/build.CoreELEC-Amlogic-no.aarch64-22/toolchain/bin/host-gcc -c -DHAVE_CONFIG_H -g -O2    -I. -I/work/build.CoreELEC-Amlogic-no.aarch64-22/build/binutils-2.47/libiberty/../include  -W -Wall -Wwrite-strings -Wc++-compat -Wstrict-prototypes -Wshadow=local -pedantic  -D_GNU_SOURCE -fcf-protection  /work/build.CoreELEC-Amlogic-no.aarch64-22/build/binutils-2.47/libiberty/filename_cmp.c -o filename_cmp.o
if [ x"-fpic" != x ]; then \
  /work/build.CoreELEC-Amlogic-no.aarch64-22/toolchain/bin/host-gcc -c -DHAVE_CONFIG_H -g -O2    -I. -I/work/build.CoreELEC-Amlogic-no.aarch64-22/build/binutils-2.47/libiberty/../include  -W -Wall -Wwrite-strings -Wc++-compat -Wstrict-prototypes -Wshadow=local -pedantic  -D_GNU_SOURCE -fcf-protection  -fpic /work/build.CoreELEC-Amlogic-no.aarch64-22/build/binutils-2.47/libiberty/floatformat.c -o pic/floatformat.o; \
else true; fi
if [ x"" != x ]; then \
  /work/build.CoreELEC-Amlogic-no.aarch64-22/toolchain/bin/host-gcc -c -DHAVE_CONFIG_H -g -O2    -I. -I/work/build.CoreELEC-Amlogic-no.aarch64-22/build/binutils-2.47/libiberty/../include  -W -Wall -Wwrite-strings -Wc++-compat -Wstrict-prototypes -Wshadow=local -pedantic  -D_GNU_SOURCE -fcf-protection  -fpic  /work/build.CoreELEC-Amlogic-no.aarch64-22/build/binutils-2.47/libiberty/floatformat.c -o noasan/floatformat.o; \
else true; fi
/work/build.CoreELEC-Amlogic-no.aarch64-22/toolchain/bin/host-gcc -c -DHAVE_CONFIG_H -g -O2    -I. -I/work/build.CoreELEC-Amlogic-no.aarch64-22/build/binutils-2.47/libiberty/../include  -W -Wall -Wwrite-strings -Wc++-compat -Wstrict-prototypes -Wshadow=local -pedantic  -D_GNU_SOURCE -fcf-protection  /work/build.CoreELEC-Amlogic-no.aarch64-22/build/binutils-2.47/libiberty/floatformat.c -o floatformat.o
if [ x"-fpic" != x ]; then \
  /work/build.CoreELEC-Amlogic-no.aarch64-22/toolchain/bin/host-gcc -c -DHAVE_CONFIG_H -g -O2    -I. -I/work/build.CoreELEC-Amlogic-no.aarch64-22/build/binutils-2.47/libiberty/../include  -W -Wall -Wwrite-strings -Wc++-compat -Wstrict-prototypes -Wshadow=local -pedantic  -D_GNU_SOURCE -fcf-protection  -fpic /work/build.CoreELEC-Amlogic-no.aarch64-22/build/binutils-2.47/libiberty/fnmatch.c -o pic/fnmatch.o; \
else true; fi
if [ x"" != x ]; then \
  /work/build.CoreELEC-Amlogic-no.aarch64-22/toolchain/bin/host-gcc -c -DHAVE_CONFIG_H -g -O2    -I. -I/work/build.CoreELEC-Amlogic-no.aarch64-22/build/binutils-2.47/libiberty/../include  -W -Wall -Wwrite-strings -Wc++-compat -Wstrict-prototypes -Wshadow=local -pedantic  -D_GNU_SOURCE -fcf-protection  -fpic  /work/build.CoreELEC-Amlogic-no.aarch64-22/build/binutils-2.47/libiberty/fnmatch.c -o noasan/fnmatch.o; \
else true; fi
/work/build.CoreELEC-Amlogic-no.aarch64-22/toolchain/bin/host-gcc -c -DHAVE_CONFIG_H -g -O2    -I. -I/work/build.CoreELEC-Amlogic-no.aarch64-22/build/binutils-2.47/libiberty/../include  -W -Wall -Wwrite-strings -Wc++-compat -Wstrict-prototypes -Wshadow=local -pedantic  -D_GNU_SOURCE -fcf-protection  /work/build.CoreELEC-Amlogic-no.aarch64-22/build/binutils-2.47/libiberty/fnmatch.c -o fnmatch.o
if [ x"-fpic" != x ]; then \
  /work/build.CoreELEC-Amlogic-no.aarch64-22/toolchain/bin/host-gcc -c -DHAVE_CONFIG_H -g -O2    -I. -I/work/build.CoreELEC-Amlogic-no.aarch64-22/build/binutils-2.47/libiberty/../include  -W -Wall -Wwrite-strings -Wc++-compat -Wstrict-prototypes -Wshadow=local -pedantic  -D_GNU_SOURCE -fcf-protection  -fpic /work/build.CoreELEC-Amlogic-no.aarch64-22/build/binutils-2.47/libiberty/fopen_unlocked.c -o pic/fopen_unlocked.o; \
else true; fi
if [ x"" != x ]; then \
  /work/build.CoreELEC-Amlogic-no.aarch64-22/toolchain/bin/host-gcc -c -DHAVE_CONFIG_H -g -O2    -I. -I/work/build.CoreELEC-Amlogic-no.aarch64-22/build/binutils-2.47/libiberty/../include  -W -Wall -Wwrite-strings -Wc++-compat -Wstrict-prototypes -Wshadow=local -pedantic  -D_GNU_SOURCE -fcf-protection  -fpic  /work/build.CoreELEC-Amlogic-no.aarch64-22/build/binutils-2.47/libiberty/fopen_unlocked.c -o noasan/fopen_unlocked.o; \
else true; fi
/work/build.CoreELEC-Amlogic-no.aarch64-22/toolchain/bin/host-gcc -c -DHAVE_CONFIG_H -g -O2    -I. -I/work/build.CoreELEC-Amlogic-no.aarch64-22/build/binutils-2.47/libiberty/../include  -W -Wall -Wwrite-strings -Wc++-compat -Wstrict-prototypes -Wshadow=local -pedantic  -D_GNU_SOURCE -fcf-protection  /work/build.CoreELEC-Amlogic-no.aarch64-22/build/binutils-2.47/libiberty/fopen_unlocked.c -o fopen_unlocked.o
if [ x"-fpic" != x ]; then \
  /work/build.CoreELEC-Amlogic-no.aarch64-22/toolchain/bin/host-gcc -c -DHAVE_CONFIG_H -g -O2    -I. -I/work/build.CoreELEC-Amlogic-no.aarch64-22/build/binutils-2.47/libiberty/../include  -W -Wall -Wwrite-strings -Wc++-compat -Wstrict-prototypes -Wshadow=local -pedantic  -D_GNU_SOURCE -fcf-protection  -fpic /work/build.CoreELEC-Amlogic-no.aarch64-22/build/binutils-2.47/libiberty/getopt.c -o pic/getopt.o; \
else true; fi
if [ x"" != x ]; then \
  /work/build.CoreELEC-Amlogic-no.aarch64-22/toolchain/bin/host-gcc -c -DHAVE_CONFIG_H -g -O2    -I. -I/work/build.CoreELEC-Amlogic-no.aarch64-22/build/binutils-2.47/libiberty/../include  -W -Wall -Wwrite-strings -Wc++-compat -Wstrict-prototypes -Wshadow=local -pedantic  -D_GNU_SOURCE -fcf-protection  -fpic  /work/build.CoreELEC-Amlogic-no.aarch64-22/build/binutils-2.47/libiberty/getopt.c -o noasan/getopt.o; \
else true; fi
/work/build.CoreELEC-Amlogic-no.aarch64-22/toolchain/bin/host-gcc -c -DHAVE_CONFIG_H -g -O2    -I. -I/work/build.CoreELEC-Amlogic-no.aarch64-22/build/binutils-2.47/libiberty/../include  -W -Wall -Wwrite-strings -Wc++-compat -Wstrict-prototypes -Wshadow=local -pedantic  -D_GNU_SOURCE -fcf-protection  /work/build.CoreELEC-Amlogic-no.aarch64-22/build/binutils-2.47/libiberty/getopt.c -o getopt.o
if [ x"-fpic" != x ]; then \
  /work/build.CoreELEC-Amlogic-no.aarch64-22/toolchain/bin/host-gcc -c -DHAVE_CONFIG_H -g -O2    -I. -I/work/build.CoreELEC-Amlogic-no.aarch64-22/build/binutils-2.47/libiberty/../include  -W -Wall -Wwrite-strings -Wc++-compat -Wstrict-prototypes -Wshadow=local -pedantic  -D_GNU_SOURCE -fcf-protection  -fpic /work/build.CoreELEC-Amlogic-no.aarch64-22/build/binutils-2.47/libiberty/getopt1.c -o pic/getopt1.o; \
else true; fi
if [ x"" != x ]; then \
  /work/build.CoreELEC-Amlogic-no.aarch64-22/toolchain/bin/host-gcc -c -DHAVE_CONFIG_H -g -O2    -I. -I/work/build.CoreELEC-Amlogic-no.aarch64-22/build/binutils-2.47/libiberty/../include  -W -Wall -Wwrite-strings -Wc++-compat -Wstrict-prototypes -Wshadow=local -pedantic  -D_GNU_SOURCE -fcf-protection  -fpic  /work/build.CoreELEC-Amlogic-no.aarch64-22/build/binutils-2.47/libiberty/getopt1.c -o noasan/getopt1.o; \
else true; fi
/work/build.CoreELEC-Amlogic-no.aarch64-22/toolchain/bin/host-gcc -c -DHAVE_CONFIG_H -g -O2    -I. -I/work/build.CoreELEC-Amlogic-no.aarch64-22/build/binutils-2.47/libiberty/../include  -W -Wall -Wwrite-strings -Wc++-compat -Wstrict-prototypes -Wshadow=local -pedantic  -D_GNU_SOURCE -fcf-protection  /work/build.CoreELEC-Amlogic-no.aarch64-22/build/binutils-2.47/libiberty/getopt1.c -o getopt1.o
if [ x"-fpic" != x ]; then \
  /work/build.CoreELEC-Amlogic-no.aarch64-22/toolchain/bin/host-gcc -c -DHAVE_CONFIG_H -g -O2    -I. -I/work/build.CoreELEC-Amlogic-no.aarch64-22/build/binutils-2.47/libiberty/../include  -W -Wall -Wwrite-strings -Wc++-compat -Wstrict-prototypes -Wshadow=local -pedantic  -D_GNU_SOURCE -fcf-protection  -fpic /work/build.CoreELEC-Amlogic-no.aarch64-22/build/binutils-2.47/libiberty/getpwd.c -o pic/getpwd.o; \
else true; fi
if [ x"" != x ]; then \
  /work/build.CoreELEC-Amlogic-no.aarch64-22/toolchain/bin/host-gcc -c -DHAVE_CONFIG_H -g -O2    -I. -I/work/build.CoreELEC-Amlogic-no.aarch64-22/build/binutils-2.47/libiberty/../include  -W -Wall -Wwrite-strings -Wc++-compat -Wstrict-prototypes -Wshadow=local -pedantic  -D_GNU_SOURCE -fcf-protection  -fpic  /work/build.CoreELEC-Amlogic-no.aarch64-22/build/binutils-2.47/libiberty/getpwd.c -o noasan/getpwd.o; \
else true; fi
/work/build.CoreELEC-Amlogic-no.aarch64-22/toolchain/bin/host-gcc -c -DHAVE_CONFIG_H -g -O2    -I. -I/work/build.CoreELEC-Amlogic-no.aarch64-22/build/binutils-2.47/libiberty/../include  -W -Wall -Wwrite-strings -Wc++-compat -Wstrict-prototypes -Wshadow=local -pedantic  -D_GNU_SOURCE -fcf-protection  /work/build.CoreELEC-Amlogic-no.aarch64-22/build/binutils-2.47/libiberty/getpwd.c -o getpwd.o
if [ x"-fpic" != x ]; then \
  /work/build.CoreELEC-Amlogic-no.aarch64-22/toolchain/bin/host-gcc -c -DHAVE_CONFIG_H -g -O2    -I. -I/work/build.CoreELEC-Amlogic-no.aarch64-22/build/binutils-2.47/libiberty/../include  -W -Wall -Wwrite-strings -Wc++-compat -Wstrict-prototypes -Wshadow=local -pedantic  -D_GNU_SOURCE -fcf-protection  -fpic /work/build.CoreELEC-Amlogic-no.aarch64-22/build/binutils-2.47/libiberty/getruntime.c -o pic/getruntime.o; \
else true; fi
if [ x"" != x ]; then \
  /work/build.CoreELEC-Amlogic-no.aarch64-22/toolchain/bin/host-gcc -c -DHAVE_CONFIG_H -g -O2    -I. -I/work/build.CoreELEC-Amlogic-no.aarch64-22/build/binutils-2.47/libiberty/../include  -W -Wall -Wwrite-strings -Wc++-compat -Wstrict-prototypes -Wshadow=local -pedantic  -D_GNU_SOURCE -fcf-protection  -fpic  /work/build.CoreELEC-Amlogic-no.aarch64-22/build/binutils-2.47/libiberty/getruntime.c -o noasan/getruntime.o; \
else true; fi
/work/build.CoreELEC-Amlogic-no.aarch64-22/toolchain/bin/host-gcc -c -DHAVE_CONFIG_H -g -O2    -I. -I/work/build.CoreELEC-Amlogic-no.aarch64-22/build/binutils-2.47/libiberty/../include  -W -Wall -Wwrite-strings -Wc++-compat -Wstrict-prototypes -Wshadow=local -pedantic  -D_GNU_SOURCE -fcf-protection  /work/build.CoreELEC-Amlogic-no.aarch64-22/build/binutils-2.47/libiberty/getruntime.c -o getruntime.o
if [ x"-fpic" != x ]; then \
  /work/build.CoreELEC-Amlogic-no.aarch64-22/toolchain/bin/host-gcc -c -DHAVE_CONFIG_H -g -O2    -I. -I/work/build.CoreELEC-Amlogic-no.aarch64-22/build/binutils-2.47/libiberty/../include  -W -Wall -Wwrite-strings -Wc++-compat -Wstrict-prototypes -Wshadow=local -pedantic  -D_GNU_SOURCE -fcf-protection  -fpic /work/build.CoreELEC-Amlogic-no.aarch64-22/build/binutils-2.47/libiberty/hashtab.c -o pic/hashtab.o; \
else true; fi
if [ x"" != x ]; then \
  /work/build.CoreELEC-Amlogic-no.aarch64-22/toolchain/bin/host-gcc -c -DHAVE_CONFIG_H -g -O2    -I. -I/work/build.CoreELEC-Amlogic-no.aarch64-22/build/binutils-2.47/libiberty/../include  -W -Wall -Wwrite-strings -Wc++-compat -Wstrict-prototypes -Wshadow=local -pedantic  -D_GNU_SOURCE -fcf-protection  -fpic  /work/build.CoreELEC-Amlogic-no.aarch64-22/build/binutils-2.47/libiberty/hashtab.c -o noasan/hashtab.o; \
else true; fi
/work/build.CoreELEC-Amlogic-no.aarch64-22/toolchain/bin/host-gcc -c -DHAVE_CONFIG_H -g -O2    -I. -I/work/build.CoreELEC-Amlogic-no.aarch64-22/build/binutils-2.47/libiberty/../include  -W -Wall -Wwrite-strings -Wc++-compat -Wstrict-prototypes -Wshadow=local -pedantic  -D_GNU_SOURCE -fcf-protection  /work/build.CoreELEC-Amlogic-no.aarch64-22/build/binutils-2.47/libiberty/hashtab.c -o hashtab.o
if [ x"-fpic" != x ]; then \
  /work/build.CoreELEC-Amlogic-no.aarch64-22/toolchain/bin/host-gcc -c -DHAVE_CONFIG_H -g -O2    -I. -I/work/build.CoreELEC-Amlogic-no.aarch64-22/build/binutils-2.47/libiberty/../include  -W -Wall -Wwrite-strings -Wc++-compat -Wstrict-prototypes -Wshadow=local -pedantic  -D_GNU_SOURCE -fcf-protection  -fpic /work/build.CoreELEC-Amlogic-no.aarch64-22/build/binutils-2.47/libiberty/hex.c -o pic/hex.o; \
else true; fi
if [ x"" != x ]; then \
  /work/build.CoreELEC-Amlogic-no.aarch64-22/toolchain/bin/host-gcc -c -DHAVE_CONFIG_H -g -O2    -I. -I/work/build.CoreELEC-Amlogic-no.aarch64-22/build/binutils-2.47/libiberty/../include  -W -Wall -Wwrite-strings -Wc++-compat -Wstrict-prototypes -Wshadow=local -pedantic  -D_GNU_SOURCE -fcf-protection  -fpic  /work/build.CoreELEC-Amlogic-no.aarch64-22/build/binutils-2.47/libiberty/hex.c -o noasan/hex.o; \
else true; fi
/work/build.CoreELEC-Amlogic-no.aarch64-22/toolchain/bin/host-gcc -c -DHAVE_CONFIG_H -g -O2    -I. -I/work/build.CoreELEC-Amlogic-no.aarch64-22/build/binutils-2.47/libiberty/../include  -W -Wall -Wwrite-strings -Wc++-compat -Wstrict-prototypes -Wshadow=local -pedantic  -D_GNU_SOURCE -fcf-protection  /work/build.CoreELEC-Amlogic-no.aarch64-22/build/binutils-2.47/libiberty/hex.c -o hex.o
if [ x"-fpic" != x ]; then \
  /work/build.CoreELEC-Amlogic-no.aarch64-22/toolchain/bin/host-gcc -c -DHAVE_CONFIG_H -g -O2    -I. -I/work/build.CoreELEC-Amlogic-no.aarch64-22/build/binutils-2.47/libiberty/../include  -W -Wall -Wwrite-strings -Wc++-compat -Wstrict-prototypes -Wshadow=local -pedantic  -D_GNU_SOURCE -fcf-protection  -fpic /work/build.CoreELEC-Amlogic-no.aarch64-22/build/binutils-2.47/libiberty/lbasename.c -o pic/lbasename.o; \
else true; fi
if [ x"" != x ]; then \
  /work/build.CoreELEC-Amlogic-no.aarch64-22/toolchain/bin/host-gcc -c -DHAVE_CONFIG_H -g -O2    -I. -I/work/build.CoreELEC-Amlogic-no.aarch64-22/build/binutils-2.47/libiberty/../include  -W -Wall -Wwrite-strings -Wc++-compat -Wstrict-prototypes -Wshadow=local -pedantic  -D_GNU_SOURCE -fcf-protection  -fpic  /work/build.CoreELEC-Amlogic-no.aarch64-22/build/binutils-2.47/libiberty/lbasename.c -o noasan/lbasename.o; \
else true; fi
/work/build.CoreELEC-Amlogic-no.aarch64-22/toolchain/bin/host-gcc -c -DHAVE_CONFIG_H -g -O2    -I. -I/work/build.CoreELEC-Amlogic-no.aarch64-22/build/binutils-2.47/libiberty/../include  -W -Wall -Wwrite-strings -Wc++-compat -Wstrict-prototypes -Wshadow=local -pedantic  -D_GNU_SOURCE -fcf-protection  /work/build.CoreELEC-Amlogic-no.aarch64-22/build/binutils-2.47/libiberty/lbasename.c -o lbasename.o
if [ x"-fpic" != x ]; then \
  /work/build.CoreELEC-Amlogic-no.aarch64-22/toolchain/bin/host-gcc -c -DHAVE_CONFIG_H -g -O2    -I. -I/work/build.CoreELEC-Amlogic-no.aarch64-22/build/binutils-2.47/libiberty/../include  -W -Wall -Wwrite-strings -Wc++-compat -Wstrict-prototypes -Wshadow=local -pedantic  -D_GNU_SOURCE -fcf-protection  -fpic /work/build.CoreELEC-Amlogic-no.aarch64-22/build/binutils-2.47/libiberty/ldirname.c -o pic/ldirname.o; \
else true; fi
if [ x"" != x ]; then \
  /work/build.CoreELEC-Amlogic-no.aarch64-22/toolchain/bin/host-gcc -c -DHAVE_CONFIG_H -g -O2    -I. -I/work/build.CoreELEC-Amlogic-no.aarch64-22/build/binutils-2.47/libiberty/../include  -W -Wall -Wwrite-strings -Wc++-compat -Wstrict-prototypes -Wshadow=local -pedantic  -D_GNU_SOURCE -fcf-protection  -fpic  /work/build.CoreELEC-Amlogic-no.aarch64-22/build/binutils-2.47/libiberty/ldirname.c -o noasan/ldirname.o; \
else true; fi
/work/build.CoreELEC-Amlogic-no.aarch64-22/toolchain/bin/host-gcc -c -DHAVE_CONFIG_H -g -O2    -I. -I/work/build.CoreELEC-Amlogic-no.aarch64-22/build/binutils-2.47/libiberty/../include  -W -Wall -Wwrite-strings -Wc++-compat -Wstrict-prototypes -Wshadow=local -pedantic  -D_GNU_SOURCE -fcf-protection  /work/build.CoreELEC-Amlogic-no.aarch64-22/build/binutils-2.47/libiberty/ldirname.c -o ldirname.o
if [ x"-fpic" != x ]; then \
  /work/build.CoreELEC-Amlogic-no.aarch64-22/toolchain/bin/host-gcc -c -DHAVE_CONFIG_H -g -O2    -I. -I/work/build.CoreELEC-Amlogic-no.aarch64-22/build/binutils-2.47/libiberty/../include  -W -Wall -Wwrite-strings -Wc++-compat -Wstrict-prototypes -Wshadow=local -pedantic  -D_GNU_SOURCE -fcf-protection  -fpic /work/build.CoreELEC-Amlogic-no.aarch64-22/build/binutils-2.47/libiberty/lrealpath.c -o pic/lrealpath.o; \
else true; fi
if [ x"" != x ]; then \
  /work/build.CoreELEC-Amlogic-no.aarch64-22/toolchain/bin/host-gcc -c -DHAVE_CONFIG_H -g -O2    -I. -I/work/build.CoreELEC-Amlogic-no.aarch64-22/build/binutils-2.47/libiberty/../include  -W -Wall -Wwrite-strings -Wc++-compat -Wstrict-prototypes -Wshadow=local -pedantic  -D_GNU_SOURCE -fcf-protection  -fpic  /work/build.CoreELEC-Amlogic-no.aarch64-22/build/binutils-2.47/libiberty/lrealpath.c -o noasan/lrealpath.o; \
else true; fi
/work/build.CoreELEC-Amlogic-no.aarch64-22/toolchain/bin/host-gcc -c -DHAVE_CONFIG_H -g -O2    -I. -I/work/build.CoreELEC-Amlogic-no.aarch64-22/build/binutils-2.47/libiberty/../include  -W -Wall -Wwrite-strings -Wc++-compat -Wstrict-prototypes -Wshadow=local -pedantic  -D_GNU_SOURCE -fcf-protection  /work/build.CoreELEC-Amlogic-no.aarch64-22/build/binutils-2.47/libiberty/lrealpath.c -o lrealpath.o
if [ x"-fpic" != x ]; then \
  /work/build.CoreELEC-Amlogic-no.aarch64-22/toolchain/bin/host-gcc -c -DHAVE_CONFIG_H -g -O2    -I. -I/work/build.CoreELEC-Amlogic-no.aarch64-22/build/binutils-2.47/libiberty/../include  -W -Wall -Wwrite-strings -Wc++-compat -Wstrict-prototypes -Wshadow=local -pedantic  -D_GNU_SOURCE -fcf-protection  -fpic /work/build.CoreELEC-Amlogic-no.aarch64-22/build/binutils-2.47/libiberty/make-relative-prefix.c -o pic/make-relative-prefix.o; \
else true; fi
if [ x"" != x ]; then \
  /work/build.CoreELEC-Amlogic-no.aarch64-22/toolchain/bin/host-gcc -c -DHAVE_CONFIG_H -g -O2    -I. -I/work/build.CoreELEC-Amlogic-no.aarch64-22/build/binutils-2.47/libiberty/../include  -W -Wall -Wwrite-strings -Wc++-compat -Wstrict-prototypes -Wshadow=local -pedantic  -D_GNU_SOURCE -fcf-protection  -fpic  /work/build.CoreELEC-Amlogic-no.aarch64-22/build/binutils-2.47/libiberty/make-relative-prefix.c -o noasan/make-relative-prefix.o; \
else true; fi
/work/build.CoreELEC-Amlogic-no.aarch64-22/toolchain/bin/host-gcc -c -DHAVE_CONFIG_H -g -O2    -I. -I/work/build.CoreELEC-Amlogic-no.aarch64-22/build/binutils-2.47/libiberty/../include  -W -Wall -Wwrite-strings -Wc++-compat -Wstrict-prototypes -Wshadow=local -pedantic  -D_GNU_SOURCE -fcf-protection  /work/build.CoreELEC-Amlogic-no.aarch64-22/build/binutils-2.47/libiberty/make-relative-prefix.c -o make-relative-prefix.o
if [ x"-fpic" != x ]; then \
  /work/build.CoreELEC-Amlogic-no.aarch64-22/toolchain/bin/host-gcc -c -DHAVE_CONFIG_H -g -O2    -I. -I/work/build.CoreELEC-Amlogic-no.aarch64-22/build/binutils-2.47/libiberty/../include  -W -Wall -Wwrite-strings -Wc++-compat -Wstrict-prototypes -Wshadow=local -pedantic  -D_GNU_SOURCE -fcf-protection  -fpic /work/build.CoreELEC-Amlogic-no.aarch64-22/build/binutils-2.47/libiberty/make-temp-file.c -o pic/make-temp-file.o; \
else true; fi
if [ x"" != x ]; then \
  /work/build.CoreELEC-Amlogic-no.aarch64-22/toolchain/bin/host-gcc -c -DHAVE_CONFIG_H -g -O2    -I. -I/work/build.CoreELEC-Amlogic-no.aarch64-22/build/binutils-2.47/libiberty/../include  -W -Wall -Wwrite-strings -Wc++-compat -Wstrict-prototypes -Wshadow=local -pedantic  -D_GNU_SOURCE -fcf-protection  -fpic  /work/build.CoreELEC-Amlogic-no.aarch64-22/build/binutils-2.47/libiberty/make-temp-file.c -o noasan/make-temp-file.o; \
else true; fi
/work/build.CoreELEC-Amlogic-no.aarch64-22/toolchain/bin/host-gcc -c -DHAVE_CONFIG_H -g -O2    -I. -I/work/build.CoreELEC-Amlogic-no.aarch64-22/build/binutils-2.47/libiberty/../include  -W -Wall -Wwrite-strings -Wc++-compat -Wstrict-prototypes -Wshadow=local -pedantic  -D_GNU_SOURCE -fcf-protection  /work/build.CoreELEC-Amlogic-no.aarch64-22/build/binutils-2.47/libiberty/make-temp-file.c -o make-temp-file.o
if [ x"-fpic" != x ]; then \
  /work/build.CoreELEC-Amlogic-no.aarch64-22/toolchain/bin/host-gcc -c -DHAVE_CONFIG_H -g -O2    -I. -I/work/build.CoreELEC-Amlogic-no.aarch64-22/build/binutils-2.47/libiberty/../include  -W -Wall -Wwrite-strings -Wc++-compat -Wstrict-prototypes -Wshadow=local -pedantic  -D_GNU_SOURCE -fcf-protection  -fpic /work/build.CoreELEC-Amlogic-no.aarch64-22/build/binutils-2.47/libiberty/objalloc.c -o pic/objalloc.o; \
else true; fi
if [ x"" != x ]; then \
  /work/build.CoreELEC-Amlogic-no.aarch64-22/toolchain/bin/host-gcc -c -DHAVE_CONFIG_H -g -O2    -I. -I/work/build.CoreELEC-Amlogic-no.aarch64-22/build/binutils-2.47/libiberty/../include  -W -Wall -Wwrite-strings -Wc++-compat -Wstrict-prototypes -Wshadow=local -pedantic  -D_GNU_SOURCE -fcf-protection  -fpic  /work/build.CoreELEC-Amlogic-no.aarch64-22/build/binutils-2.47/libiberty/objalloc.c -o noasan/objalloc.o; \
else true; fi
/work/build.CoreELEC-Amlogic-no.aarch64-22/toolchain/bin/host-gcc -c -DHAVE_CONFIG_H -g -O2    -I. -I/work/build.CoreELEC-Amlogic-no.aarch64-22/build/binutils-2.47/libiberty/../include  -W -Wall -Wwrite-strings -Wc++-compat -Wstrict-prototypes -Wshadow=local -pedantic  -D_GNU_SOURCE -fcf-protection  /work/build.CoreELEC-Amlogic-no.aarch64-22/build/binutils-2.47/libiberty/objalloc.c -o objalloc.o
if [ x"-fpic" != x ]; then \
  /work/build.CoreELEC-Amlogic-no.aarch64-22/toolchain/bin/host-gcc -c -DHAVE_CONFIG_H -g -O2    -I. -I/work/build.CoreELEC-Amlogic-no.aarch64-22/build/binutils-2.47/libiberty/../include  -W -Wall -Wwrite-strings -Wc++-compat -Wstrict-prototypes -Wshadow=local -pedantic  -D_GNU_SOURCE -fcf-protection  -fpic /work/build.CoreELEC-Amlogic-no.aarch64-22/build/binutils-2.47/libiberty/obstack.c -o pic/obstack.o; \
else true; fi
if [ x"" != x ]; then \
  /work/build.CoreELEC-Amlogic-no.aarch64-22/toolchain/bin/host-gcc -c -DHAVE_CONFIG_H -g -O2    -I. -I/work/build.CoreELEC-Amlogic-no.aarch64-22/build/binutils-2.47/libiberty/../include  -W -Wall -Wwrite-strings -Wc++-compat -Wstrict-prototypes -Wshadow=local -pedantic  -D_GNU_SOURCE -fcf-protection  -fpic  /work/build.CoreELEC-Amlogic-no.aarch64-22/build/binutils-2.47/libiberty/obstack.c -o noasan/obstack.o; \
else true; fi
/work/build.CoreELEC-Amlogic-no.aarch64-22/toolchain/bin/host-gcc -c -DHAVE_CONFIG_H -g -O2    -I. -I/work/build.CoreELEC-Amlogic-no.aarch64-22/build/binutils-2.47/libiberty/../include  -W -Wall -Wwrite-strings -Wc++-compat -Wstrict-prototypes -Wshadow=local -pedantic  -D_GNU_SOURCE -fcf-protection  /work/build.CoreELEC-Amlogic-no.aarch64-22/build/binutils-2.47/libiberty/obstack.c -o obstack.o
if [ x"-fpic" != x ]; then \
  /work/build.CoreELEC-Amlogic-no.aarch64-22/toolchain/bin/host-gcc -c -DHAVE_CONFIG_H -g -O2    -I. -I/work/build.CoreELEC-Amlogic-no.aarch64-22/build/binutils-2.47/libiberty/../include  -W -Wall -Wwrite-strings -Wc++-compat -Wstrict-prototypes -Wshadow=local -pedantic  -D_GNU_SOURCE -fcf-protection  -fpic /work/build.CoreELEC-Amlogic-no.aarch64-22/build/binutils-2.47/libiberty/partition.c -o pic/partition.o; \
else true; fi
if [ x"" != x ]; then \
  /work/build.CoreELEC-Amlogic-no.aarch64-22/toolchain/bin/host-gcc -c -DHAVE_CONFIG_H -g -O2    -I. -I/work/build.CoreELEC-Amlogic-no.aarch64-22/build/binutils-2.47/libiberty/../include  -W -Wall -Wwrite-strings -Wc++-compat -Wstrict-prototypes -Wshadow=local -pedantic  -D_GNU_SOURCE -fcf-protection  -fpic  /work/build.CoreELEC-Amlogic-no.aarch64-22/build/binutils-2.47/libiberty/partition.c -o noasan/partition.o; \
else true; fi
/work/build.CoreELEC-Amlogic-no.aarch64-22/toolchain/bin/host-gcc -c -DHAVE_CONFIG_H -g -O2    -I. -I/work/build.CoreELEC-Amlogic-no.aarch64-22/build/binutils-2.47/libiberty/../include  -W -Wall -Wwrite-strings -Wc++-compat -Wstrict-prototypes -Wshadow=local -pedantic  -D_GNU_SOURCE -fcf-protection  /work/build.CoreELEC-Amlogic-no.aarch64-22/build/binutils-2.47/libiberty/partition.c -o partition.o
if [ x"-fpic" != x ]; then \
  /work/build.CoreELEC-Amlogic-no.aarch64-22/toolchain/bin/host-gcc -c -DHAVE_CONFIG_H -g -O2    -I. -I/work/build.CoreELEC-Amlogic-no.aarch64-22/build/binutils-2.47/libiberty/../include  -W -Wall -Wwrite-strings -Wc++-compat -Wstrict-prototypes -Wshadow=local -pedantic  -D_GNU_SOURCE -fcf-protection  -fpic /work/build.CoreELEC-Amlogic-no.aarch64-22/build/binutils-2.47/libiberty/pexecute.c -o pic/pexecute.o; \
else true; fi
if [ x"" != x ]; then \
  /work/build.CoreELEC-Amlogic-no.aarch64-22/toolchain/bin/host-gcc -c -DHAVE_CONFIG_H -g -O2    -I. -I/work/build.CoreELEC-Amlogic-no.aarch64-22/build/binutils-2.47/libiberty/../include  -W -Wall -Wwrite-strings -Wc++-compat -Wstrict-prototypes -Wshadow=local -pedantic  -D_GNU_SOURCE -fcf-protection  -fpic  /work/build.CoreELEC-Amlogic-no.aarch64-22/build/binutils-2.47/libiberty/pexecute.c -o noasan/pexecute.o; \
else true; fi
/work/build.CoreELEC-Amlogic-no.aarch64-22/toolchain/bin/host-gcc -c -DHAVE_CONFIG_H -g -O2    -I. -I/work/build.CoreELEC-Amlogic-no.aarch64-22/build/binutils-2.47/libiberty/../include  -W -Wall -Wwrite-strings -Wc++-compat -Wstrict-prototypes -Wshadow=local -pedantic  -D_GNU_SOURCE -fcf-protection  /work/build.CoreELEC-Amlogic-no.aarch64-22/build/binutils-2.47/libiberty/pexecute.c -o pexecute.o
if [ x"-fpic" != x ]; then \
  /work/build.CoreELEC-Amlogic-no.aarch64-22/toolchain/bin/host-gcc -c -DHAVE_CONFIG_H -g -O2    -I. -I/work/build.CoreELEC-Amlogic-no.aarch64-22/build/binutils-2.47/libiberty/../include  -W -Wall -Wwrite-strings -Wc++-compat -Wstrict-prototypes -Wshadow=local -pedantic  -D_GNU_SOURCE -fcf-protection  -fpic /work/build.CoreELEC-Amlogic-no.aarch64-22/build/binutils-2.47/libiberty/physmem.c -o pic/physmem.o; \
else true; fi
if [ x"" != x ]; then \
  /work/build.CoreELEC-Amlogic-no.aarch64-22/toolchain/bin/host-gcc -c -DHAVE_CONFIG_H -g -O2    -I. -I/work/build.CoreELEC-Amlogic-no.aarch64-22/build/binutils-2.47/libiberty/../include  -W -Wall -Wwrite-strings -Wc++-compat -Wstrict-prototypes -Wshadow=local -pedantic  -D_GNU_SOURCE -fcf-protection  -fpic  /work/build.CoreELEC-Amlogic-no.aarch64-22/build/binutils-2.47/libiberty/physmem.c -o noasan/physmem.o; \
else true; fi
/work/build.CoreELEC-Amlogic-no.aarch64-22/toolchain/bin/host-gcc -c -DHAVE_CONFIG_H -g -O2    -I. -I/work/build.CoreELEC-Amlogic-no.aarch64-22/build/binutils-2.47/libiberty/../include  -W -Wall -Wwrite-strings -Wc++-compat -Wstrict-prototypes -Wshadow=local -pedantic  -D_GNU_SOURCE -fcf-protection  /work/build.CoreELEC-Amlogic-no.aarch64-22/build/binutils-2.47/libiberty/physmem.c -o physmem.o
if [ x"-fpic" != x ]; then \
  /work/build.CoreELEC-Amlogic-no.aarch64-22/toolchain/bin/host-gcc -c -DHAVE_CONFIG_H -g -O2    -I. -I/work/build.CoreELEC-Amlogic-no.aarch64-22/build/binutils-2.47/libiberty/../include  -W -Wall -Wwrite-strings -Wc++-compat -Wstrict-prototypes -Wshadow=local -pedantic  -D_GNU_SOURCE -fcf-protection  -fpic /work/build.CoreELEC-Amlogic-no.aarch64-22/build/binutils-2.47/libiberty/pex-common.c -o pic/pex-common.o; \
else true; fi
if [ x"" != x ]; then \
  /work/build.CoreELEC-Amlogic-no.aarch64-22/toolchain/bin/host-gcc -c -DHAVE_CONFIG_H -g -O2    -I. -I/work/build.CoreELEC-Amlogic-no.aarch64-22/build/binutils-2.47/libiberty/../include  -W -Wall -Wwrite-strings -Wc++-compat -Wstrict-prototypes -Wshadow=local -pedantic  -D_GNU_SOURCE -fcf-protection  -fpic  /work/build.CoreELEC-Amlogic-no.aarch64-22/build/binutils-2.47/libiberty/pex-common.c -o noasan/pex-common.o; \
else true; fi
/work/build.CoreELEC-Amlogic-no.aarch64-22/toolchain/bin/host-gcc -c -DHAVE_CONFIG_H -g -O2    -I. -I/work/build.CoreELEC-Amlogic-no.aarch64-22/build/binutils-2.47/libiberty/../include  -W -Wall -Wwrite-strings -Wc++-compat -Wstrict-prototypes -Wshadow=local -pedantic  -D_GNU_SOURCE -fcf-protection  /work/build.CoreELEC-Amlogic-no.aarch64-22/build/binutils-2.47/libiberty/pex-common.c -o pex-common.o
if [ x"-fpic" != x ]; then \
  /work/build.CoreELEC-Amlogic-no.aarch64-22/toolchain/bin/host-gcc -c -DHAVE_CONFIG_H -g -O2    -I. -I/work/build.CoreELEC-Amlogic-no.aarch64-22/build/binutils-2.47/libiberty/../include  -W -Wall -Wwrite-strings -Wc++-compat -Wstrict-prototypes -Wshadow=local -pedantic  -D_GNU_SOURCE -fcf-protection  -fpic /work/build.CoreELEC-Amlogic-no.aarch64-22/build/binutils-2.47/libiberty/pex-one.c -o pic/pex-one.o; \
else true; fi
if [ x"" != x ]; then \
  /work/build.CoreELEC-Amlogic-no.aarch64-22/toolchain/bin/host-gcc -c -DHAVE_CONFIG_H -g -O2    -I. -I/work/build.CoreELEC-Amlogic-no.aarch64-22/build/binutils-2.47/libiberty/../include  -W -Wall -Wwrite-strings -Wc++-compat -Wstrict-prototypes -Wshadow=local -pedantic  -D_GNU_SOURCE -fcf-protection  -fpic  /work/build.CoreELEC-Amlogic-no.aarch64-22/build/binutils-2.47/libiberty/pex-one.c -o noasan/pex-one.o; \
else true; fi
/work/build.CoreELEC-Amlogic-no.aarch64-22/toolchain/bin/host-gcc -c -DHAVE_CONFIG_H -g -O2    -I. -I/work/build.CoreELEC-Amlogic-no.aarch64-22/build/binutils-2.47/libiberty/../include  -W -Wall -Wwrite-strings -Wc++-compat -Wstrict-prototypes -Wshadow=local -pedantic  -D_GNU_SOURCE -fcf-protection  /work/build.CoreELEC-Amlogic-no.aarch64-22/build/binutils-2.47/libiberty/pex-one.c -o pex-one.o
if [ x"-fpic" != x ]; then \
  /work/build.CoreELEC-Amlogic-no.aarch64-22/toolchain/bin/host-gcc -c -DHAVE_CONFIG_H -g -O2    -I. -I/work/build.CoreELEC-Amlogic-no.aarch64-22/build/binutils-2.47/libiberty/../include  -W -Wall -Wwrite-strings -Wc++-compat -Wstrict-prototypes -Wshadow=local -pedantic  -D_GNU_SOURCE -fcf-protection  -fpic /work/build.CoreELEC-Amlogic-no.aarch64-22/build/binutils-2.47/libiberty/pex-unix.c -o pic/pex-unix.o; \
else true; fi
if [ x"" != x ]; then \
  /work/build.CoreELEC-Amlogic-no.aarch64-22/toolchain/bin/host-gcc -c -DHAVE_CONFIG_H -g -O2    -I. -I/work/build.CoreELEC-Amlogic-no.aarch64-22/build/binutils-2.47/libiberty/../include  -W -Wall -Wwrite-strings -Wc++-compat -Wstrict-prototypes -Wshadow=local -pedantic  -D_GNU_SOURCE -fcf-protection  -fpic  /work/build.CoreELEC-Amlogic-no.aarch64-22/build/binutils-2.47/libiberty/pex-unix.c -o noasan/pex-unix.o; \
else true; fi
/work/build.CoreELEC-Amlogic-no.aarch64-22/toolchain/bin/host-gcc -c -DHAVE_CONFIG_H -g -O2    -I. -I/work/build.CoreELEC-Amlogic-no.aarch64-22/build/binutils-2.47/libiberty/../include  -W -Wall -Wwrite-strings -Wc++-compat -Wstrict-prototypes -Wshadow=local -pedantic  -D_GNU_SOURCE -fcf-protection  /work/build.CoreELEC-Amlogic-no.aarch64-22/build/binutils-2.47/libiberty/pex-unix.c -o pex-unix.o
if [ x"-fpic" != x ]; then \
  /work/build.CoreELEC-Amlogic-no.aarch64-22/toolchain/bin/host-gcc -c -DHAVE_CONFIG_H -g -O2    -I. -I/work/build.CoreELEC-Amlogic-no.aarch64-22/build/binutils-2.47/libiberty/../include  -W -Wall -Wwrite-strings -Wc++-compat -Wstrict-prototypes -Wshadow=local -pedantic  -D_GNU_SOURCE -fcf-protection  -fpic /work/build.CoreELEC-Amlogic-no.aarch64-22/build/binutils-2.47/libiberty/vprintf-support.c -o pic/vprintf-support.o; \
else true; fi
if [ x"" != x ]; then \
  /work/build.CoreELEC-Amlogic-no.aarch64-22/toolchain/bin/host-gcc -c -DHAVE_CONFIG_H -g -O2    -I. -I/work/build.CoreELEC-Amlogic-no.aarch64-22/build/binutils-2.47/libiberty/../include  -W -Wall -Wwrite-strings -Wc++-compat -Wstrict-prototypes -Wshadow=local -pedantic  -D_GNU_SOURCE -fcf-protection  -fpic  /work/build.CoreELEC-Amlogic-no.aarch64-22/build/binutils-2.47/libiberty/vprintf-support.c -o noasan/vprintf-support.o; \
else true; fi
/work/build.CoreELEC-Amlogic-no.aarch64-22/toolchain/bin/host-gcc -c -DHAVE_CONFIG_H -g -O2    -I. -I/work/build.CoreELEC-Amlogic-no.aarch64-22/build/binutils-2.47/libiberty/../include  -W -Wall -Wwrite-strings -Wc++-compat -Wstrict-prototypes -Wshadow=local -pedantic  -D_GNU_SOURCE -fcf-protection  /work/build.CoreELEC-Amlogic-no.aarch64-22/build/binutils-2.47/libiberty/vprintf-support.c -o vprintf-support.o
if [ x"-fpic" != x ]; then \
  /work/build.CoreELEC-Amlogic-no.aarch64-22/toolchain/bin/host-gcc -c -DHAVE_CONFIG_H -g -O2    -I. -I/work/build.CoreELEC-Amlogic-no.aarch64-22/build/binutils-2.47/libiberty/../include  -W -Wall -Wwrite-strings -Wc++-compat -Wstrict-prototypes -Wshadow=local -pedantic  -D_GNU_SOURCE -fcf-protection  -fpic /work/build.CoreELEC-Amlogic-no.aarch64-22/build/binutils-2.47/libiberty/rust-demangle.c -o pic/rust-demangle.o; \
else true; fi
if [ x"" != x ]; then \
  /work/build.CoreELEC-Amlogic-no.aarch64-22/toolchain/bin/host-gcc -c -DHAVE_CONFIG_H -g -O2    -I. -I/work/build.CoreELEC-Amlogic-no.aarch64-22/build/binutils-2.47/libiberty/../include  -W -Wall -Wwrite-strings -Wc++-compat -Wstrict-prototypes -Wshadow=local -pedantic  -D_GNU_SOURCE -fcf-protection  -fpic  /work/build.CoreELEC-Amlogic-no.aarch64-22/build/binutils-2.47/libiberty/rust-demangle.c -o noasan/rust-demangle.o; \
else true; fi
/work/build.CoreELEC-Amlogic-no.aarch64-22/toolchain/bin/host-gcc -c -DHAVE_CONFIG_H -g -O2    -I. -I/work/build.CoreELEC-Amlogic-no.aarch64-22/build/binutils-2.47/libiberty/../include  -W -Wall -Wwrite-strings -Wc++-compat -Wstrict-prototypes -Wshadow=local -pedantic  -D_GNU_SOURCE -fcf-protection  /work/build.CoreELEC-Amlogic-no.aarch64-22/build/binutils-2.47/libiberty/rust-demangle.c -o rust-demangle.o
if [ x"-fpic" != x ]; then \
  /work/build.CoreELEC-Amlogic-no.aarch64-22/toolchain/bin/host-gcc -c -DHAVE_CONFIG_H -g -O2    -I. -I/work/build.CoreELEC-Amlogic-no.aarch64-22/build/binutils-2.47/libiberty/../include  -W -Wall -Wwrite-strings -Wc++-compat -Wstrict-prototypes -Wshadow=local -pedantic  -D_GNU_SOURCE -fcf-protection  -fpic /work/build.CoreELEC-Amlogic-no.aarch64-22/build/binutils-2.47/libiberty/safe-ctype.c -o pic/safe-ctype.o; \
else true; fi
if [ x"" != x ]; then \
  /work/build.CoreELEC-Amlogic-no.aarch64-22/toolchain/bin/host-gcc -c -DHAVE_CONFIG_H -g -O2    -I. -I/work/build.CoreELEC-Amlogic-no.aarch64-22/build/binutils-2.47/libiberty/../include  -W -Wall -Wwrite-strings -Wc++-compat -Wstrict-prototypes -Wshadow=local -pedantic  -D_GNU_SOURCE -fcf-protection  -fpic  /work/build.CoreELEC-Amlogic-no.aarch64-22/build/binutils-2.47/libiberty/safe-ctype.c -o noasan/safe-ctype.o; \
else true; fi
/work/build.CoreELEC-Amlogic-no.aarch64-22/toolchain/bin/host-gcc -c -DHAVE_CONFIG_H -g -O2    -I. -I/work/build.CoreELEC-Amlogic-no.aarch64-22/build/binutils-2.47/libiberty/../include  -W -Wall -Wwrite-strings -Wc++-compat -Wstrict-prototypes -Wshadow=local -pedantic  -D_GNU_SOURCE -fcf-protection  /work/build.CoreELEC-Amlogic-no.aarch64-22/build/binutils-2.47/libiberty/safe-ctype.c -o safe-ctype.o
if [ x"-fpic" != x ]; then \
  /work/build.CoreELEC-Amlogic-no.aarch64-22/toolchain/bin/host-gcc -c -DHAVE_CONFIG_H -g -O2    -I. -I/work/build.CoreELEC-Amlogic-no.aarch64-22/build/binutils-2.47/libiberty/../include  -W -Wall -Wwrite-strings -Wc++-compat -Wstrict-prototypes -Wshadow=local -pedantic  -D_GNU_SOURCE -fcf-protection  -fpic /work/build.CoreELEC-Amlogic-no.aarch64-22/build/binutils-2.47/libiberty/simple-object.c -o pic/simple-object.o; \
else true; fi
if [ x"" != x ]; then \
  /work/build.CoreELEC-Amlogic-no.aarch64-22/toolchain/bin/host-gcc -c -DHAVE_CONFIG_H -g -O2    -I. -I/work/build.CoreELEC-Amlogic-no.aarch64-22/build/binutils-2.47/libiberty/../include  -W -Wall -Wwrite-strings -Wc++-compat -Wstrict-prototypes -Wshadow=local -pedantic  -D_GNU_SOURCE -fcf-protection  -fpic  /work/build.CoreELEC-Amlogic-no.aarch64-22/build/binutils-2.47/libiberty/simple-object.c -o noasan/simple-object.o; \
else true; fi
/work/build.CoreELEC-Amlogic-no.aarch64-22/toolchain/bin/host-gcc -c -DHAVE_CONFIG_H -g -O2    -I. -I/work/build.CoreELEC-Amlogic-no.aarch64-22/build/binutils-2.47/libiberty/../include  -W -Wall -Wwrite-strings -Wc++-compat -Wstrict-prototypes -Wshadow=local -pedantic  -D_GNU_SOURCE -fcf-protection  /work/build.CoreELEC-Amlogic-no.aarch64-22/build/binutils-2.47/libiberty/simple-object.c -o simple-object.o
if [ x"-fpic" != x ]; then \
  /work/build.CoreELEC-Amlogic-no.aarch64-22/toolchain/bin/host-gcc -c -DHAVE_CONFIG_H -g -O2    -I. -I/work/build.CoreELEC-Amlogic-no.aarch64-22/build/binutils-2.47/libiberty/../include  -W -Wall -Wwrite-strings -Wc++-compat -Wstrict-prototypes -Wshadow=local -pedantic  -D_GNU_SOURCE -fcf-protection  -fpic /work/build.CoreELEC-Amlogic-no.aarch64-22/build/binutils-2.47/libiberty/simple-object-coff.c -o pic/simple-object-coff.o; \
else true; fi
if [ x"" != x ]; then \
  /work/build.CoreELEC-Amlogic-no.aarch64-22/toolchain/bin/host-gcc -c -DHAVE_CONFIG_H -g -O2    -I. -I/work/build.CoreELEC-Amlogic-no.aarch64-22/build/binutils-2.47/libiberty/../include  -W -Wall -Wwrite-strings -Wc++-compat -Wstrict-prototypes -Wshadow=local -pedantic  -D_GNU_SOURCE -fcf-protection  -fpic  /work/build.CoreELEC-Amlogic-no.aarch64-22/build/binutils-2.47/libiberty/simple-object-coff.c -o noasan/simple-object-coff.o; \
else true; fi
/work/build.CoreELEC-Amlogic-no.aarch64-22/toolchain/bin/host-gcc -c -DHAVE_CONFIG_H -g -O2    -I. -I/work/build.CoreELEC-Amlogic-no.aarch64-22/build/binutils-2.47/libiberty/../include  -W -Wall -Wwrite-strings -Wc++-compat -Wstrict-prototypes -Wshadow=local -pedantic  -D_GNU_SOURCE -fcf-protection  /work/build.CoreELEC-Amlogic-no.aarch64-22/build/binutils-2.47/libiberty/simple-object-coff.c -o simple-object-coff.o
if [ x"-fpic" != x ]; then \
  /work/build.CoreELEC-Amlogic-no.aarch64-22/toolchain/bin/host-gcc -c -DHAVE_CONFIG_H -g -O2    -I. -I/work/build.CoreELEC-Amlogic-no.aarch64-22/build/binutils-2.47/libiberty/../include  -W -Wall -Wwrite-strings -Wc++-compat -Wstrict-prototypes -Wshadow=local -pedantic  -D_GNU_SOURCE -fcf-protection  -fpic /work/build.CoreELEC-Amlogic-no.aarch64-22/build/binutils-2.47/libiberty/simple-object-elf.c -o pic/simple-object-elf.o; \
else true; fi
if [ x"" != x ]; then \
  /work/build.CoreELEC-Amlogic-no.aarch64-22/toolchain/bin/host-gcc -c -DHAVE_CONFIG_H -g -O2    -I. -I/work/build.CoreELEC-Amlogic-no.aarch64-22/build/binutils-2.47/libiberty/../include  -W -Wall -Wwrite-strings -Wc++-compat -Wstrict-prototypes -Wshadow=local -pedantic  -D_GNU_SOURCE -fcf-protection  -fpic  /work/build.CoreELEC-Amlogic-no.aarch64-22/build/binutils-2.47/libiberty/simple-object-elf.c -o noasan/simple-object-elf.o; \
else true; fi
/work/build.CoreELEC-Amlogic-no.aarch64-22/toolchain/bin/host-gcc -c -DHAVE_CONFIG_H -g -O2    -I. -I/work/build.CoreELEC-Amlogic-no.aarch64-22/build/binutils-2.47/libiberty/../include  -W -Wall -Wwrite-strings -Wc++-compat -Wstrict-prototypes -Wshadow=local -pedantic  -D_GNU_SOURCE -fcf-protection  /work/build.CoreELEC-Amlogic-no.aarch64-22/build/binutils-2.47/libiberty/simple-object-elf.c -o simple-object-elf.o
if [ x"-fpic" != x ]; then \
  /work/build.CoreELEC-Amlogic-no.aarch64-22/toolchain/bin/host-gcc -c -DHAVE_CONFIG_H -g -O2    -I. -I/work/build.CoreELEC-Amlogic-no.aarch64-22/build/binutils-2.47/libiberty/../include  -W -Wall -Wwrite-strings -Wc++-compat -Wstrict-prototypes -Wshadow=local -pedantic  -D_GNU_SOURCE -fcf-protection  -fpic /work/build.CoreELEC-Amlogic-no.aarch64-22/build/binutils-2.47/libiberty/simple-object-mach-o.c -o pic/simple-object-mach-o.o; \
else true; fi
if [ x"" != x ]; then \
  /work/build.CoreELEC-Amlogic-no.aarch64-22/toolchain/bin/host-gcc -c -DHAVE_CONFIG_H -g -O2    -I. -I/work/build.CoreELEC-Amlogic-no.aarch64-22/build/binutils-2.47/libiberty/../include  -W -Wall -Wwrite-strings -Wc++-compat -Wstrict-prototypes -Wshadow=local -pedantic  -D_GNU_SOURCE -fcf-protection  -fpic  /work/build.CoreELEC-Amlogic-no.aarch64-22/build/binutils-2.47/libiberty/simple-object-mach-o.c -o noasan/simple-object-mach-o.o; \
else true; fi
/work/build.CoreELEC-Amlogic-no.aarch64-22/toolchain/bin/host-gcc -c -DHAVE_CONFIG_H -g -O2    -I. -I/work/build.CoreELEC-Amlogic-no.aarch64-22/build/binutils-2.47/libiberty/../include  -W -Wall -Wwrite-strings -Wc++-compat -Wstrict-prototypes -Wshadow=local -pedantic  -D_GNU_SOURCE -fcf-protection  /work/build.CoreELEC-Amlogic-no.aarch64-22/build/binutils-2.47/libiberty/simple-object-mach-o.c -o simple-object-mach-o.o
if [ x"-fpic" != x ]; then \
  /work/build.CoreELEC-Amlogic-no.aarch64-22/toolchain/bin/host-gcc -c -DHAVE_CONFIG_H -g -O2    -I. -I/work/build.CoreELEC-Amlogic-no.aarch64-22/build/binutils-2.47/libiberty/../include  -W -Wall -Wwrite-strings -Wc++-compat -Wstrict-prototypes -Wshadow=local -pedantic  -D_GNU_SOURCE -fcf-protection  -fpic /work/build.CoreELEC-Amlogic-no.aarch64-22/build/binutils-2.47/libiberty/simple-object-xcoff.c -o pic/simple-object-xcoff.o; \
else true; fi
if [ x"" != x ]; then \
  /work/build.CoreELEC-Amlogic-no.aarch64-22/toolchain/bin/host-gcc -c -DHAVE_CONFIG_H -g -O2    -I. -I/work/build.CoreELEC-Amlogic-no.aarch64-22/build/binutils-2.47/libiberty/../include  -W -Wall -Wwrite-strings -Wc++-compat -Wstrict-prototypes -Wshadow=local -pedantic  -D_GNU_SOURCE -fcf-protection  -fpic  /work/build.CoreELEC-Amlogic-no.aarch64-22/build/binutils-2.47/libiberty/simple-object-xcoff.c -o noasan/simple-object-xcoff.o; \
else true; fi
/work/build.CoreELEC-Amlogic-no.aarch64-22/toolchain/bin/host-gcc -c -DHAVE_CONFIG_H -g -O2    -I. -I/work/build.CoreELEC-Amlogic-no.aarch64-22/build/binutils-2.47/libiberty/../include  -W -Wall -Wwrite-strings -Wc++-compat -Wstrict-prototypes -Wshadow=local -pedantic  -D_GNU_SOURCE -fcf-protection  /work/build.CoreELEC-Amlogic-no.aarch64-22/build/binutils-2.47/libiberty/simple-object-xcoff.c -o simple-object-xcoff.o
if [ x"-fpic" != x ]; then \
  /work/build.CoreELEC-Amlogic-no.aarch64-22/toolchain/bin/host-gcc -c -DHAVE_CONFIG_H -g -O2    -I. -I/work/build.CoreELEC-Amlogic-no.aarch64-22/build/binutils-2.47/libiberty/../include  -W -Wall -Wwrite-strings -Wc++-compat -Wstrict-prototypes -Wshadow=local -pedantic  -D_GNU_SOURCE -fcf-protection  -fpic /work/build.CoreELEC-Amlogic-no.aarch64-22/build/binutils-2.47/libiberty/sort.c -o pic/sort.o; \
else true; fi
if [ x"" != x ]; then \
  /work/build.CoreELEC-Amlogic-no.aarch64-22/toolchain/bin/host-gcc -c -DHAVE_CONFIG_H -g -O2    -I. -I/work/build.CoreELEC-Amlogic-no.aarch64-22/build/binutils-2.47/libiberty/../include  -W -Wall -Wwrite-strings -Wc++-compat -Wstrict-prototypes -Wshadow=local -pedantic  -D_GNU_SOURCE -fcf-protection  -fpic  /work/build.CoreELEC-Amlogic-no.aarch64-22/build/binutils-2.47/libiberty/sort.c -o noasan/sort.o; \
else true; fi
/work/build.CoreELEC-Amlogic-no.aarch64-22/toolchain/bin/host-gcc -c -DHAVE_CONFIG_H -g -O2    -I. -I/work/build.CoreELEC-Amlogic-no.aarch64-22/build/binutils-2.47/libiberty/../include  -W -Wall -Wwrite-strings -Wc++-compat -Wstrict-prototypes -Wshadow=local -pedantic  -D_GNU_SOURCE -fcf-protection  /work/build.CoreELEC-Amlogic-no.aarch64-22/build/binutils-2.47/libiberty/sort.c -o sort.o
if [ x"-fpic" != x ]; then \
  /work/build.CoreELEC-Amlogic-no.aarch64-22/toolchain/bin/host-gcc -c -DHAVE_CONFIG_H -g -O2    -I. -I/work/build.CoreELEC-Amlogic-no.aarch64-22/build/binutils-2.47/libiberty/../include  -W -Wall -Wwrite-strings -Wc++-compat -Wstrict-prototypes -Wshadow=local -pedantic  -D_GNU_SOURCE -fcf-protection  -fpic /work/build.CoreELEC-Amlogic-no.aarch64-22/build/binutils-2.47/libiberty/spaces.c -o pic/spaces.o; \
else true; fi
if [ x"" != x ]; then \
  /work/build.CoreELEC-Amlogic-no.aarch64-22/toolchain/bin/host-gcc -c -DHAVE_CONFIG_H -g -O2    -I. -I/work/build.CoreELEC-Amlogic-no.aarch64-22/build/binutils-2.47/libiberty/../include  -W -Wall -Wwrite-strings -Wc++-compat -Wstrict-prototypes -Wshadow=local -pedantic  -D_GNU_SOURCE -fcf-protection  -fpic  /work/build.CoreELEC-Amlogic-no.aarch64-22/build/binutils-2.47/libiberty/spaces.c -o noasan/spaces.o; \
else true; fi
/work/build.CoreELEC-Amlogic-no.aarch64-22/toolchain/bin/host-gcc -c -DHAVE_CONFIG_H -g -O2    -I. -I/work/build.CoreELEC-Amlogic-no.aarch64-22/build/binutils-2.47/libiberty/../include  -W -Wall -Wwrite-strings -Wc++-compat -Wstrict-prototypes -Wshadow=local -pedantic  -D_GNU_SOURCE -fcf-protection  /work/build.CoreELEC-Amlogic-no.aarch64-22/build/binutils-2.47/libiberty/spaces.c -o spaces.o
if [ x"-fpic" != x ]; then \
  /work/build.CoreELEC-Amlogic-no.aarch64-22/toolchain/bin/host-gcc -c -DHAVE_CONFIG_H -g -O2    -I. -I/work/build.CoreELEC-Amlogic-no.aarch64-22/build/binutils-2.47/libiberty/../include  -W -Wall -Wwrite-strings -Wc++-compat -Wstrict-prototypes -Wshadow=local -pedantic  -D_GNU_SOURCE -fcf-protection  -fpic /work/build.CoreELEC-Amlogic-no.aarch64-22/build/binutils-2.47/libiberty/splay-tree.c -o pic/splay-tree.o; \
else true; fi
if [ x"" != x ]; then \
  /work/build.CoreELEC-Amlogic-no.aarch64-22/toolchain/bin/host-gcc -c -DHAVE_CONFIG_H -g -O2    -I. -I/work/build.CoreELEC-Amlogic-no.aarch64-22/build/binutils-2.47/libiberty/../include  -W -Wall -Wwrite-strings -Wc++-compat -Wstrict-prototypes -Wshadow=local -pedantic  -D_GNU_SOURCE -fcf-protection  -fpic  /work/build.CoreELEC-Amlogic-no.aarch64-22/build/binutils-2.47/libiberty/splay-tree.c -o noasan/splay-tree.o; \
else true; fi
/work/build.CoreELEC-Amlogic-no.aarch64-22/toolchain/bin/host-gcc -c -DHAVE_CONFIG_H -g -O2    -I. -I/work/build.CoreELEC-Amlogic-no.aarch64-22/build/binutils-2.47/libiberty/../include  -W -Wall -Wwrite-strings -Wc++-compat -Wstrict-prototypes -Wshadow=local -pedantic  -D_GNU_SOURCE -fcf-protection  /work/build.CoreELEC-Amlogic-no.aarch64-22/build/binutils-2.47/libiberty/splay-tree.c -o splay-tree.o
if [ x"-fpic" != x ]; then \
  /work/build.CoreELEC-Amlogic-no.aarch64-22/toolchain/bin/host-gcc -c -DHAVE_CONFIG_H -g -O2    -I. -I/work/build.CoreELEC-Amlogic-no.aarch64-22/build/binutils-2.47/libiberty/../include  -W -Wall -Wwrite-strings -Wc++-compat -Wstrict-prototypes -Wshadow=local -pedantic  -D_GNU_SOURCE -fcf-protection  -fpic /work/build.CoreELEC-Amlogic-no.aarch64-22/build/binutils-2.47/libiberty/stack-limit.c -o pic/stack-limit.o; \
else true; fi
if [ x"" != x ]; then \
  /work/build.CoreELEC-Amlogic-no.aarch64-22/toolchain/bin/host-gcc -c -DHAVE_CONFIG_H -g -O2    -I. -I/work/build.CoreELEC-Amlogic-no.aarch64-22/build/binutils-2.47/libiberty/../include  -W -Wall -Wwrite-strings -Wc++-compat -Wstrict-prototypes -Wshadow=local -pedantic  -D_GNU_SOURCE -fcf-protection  -fpic  /work/build.CoreELEC-Amlogic-no.aarch64-22/build/binutils-2.47/libiberty/stack-limit.c -o noasan/stack-limit.o; \
else true; fi
/work/build.CoreELEC-Amlogic-no.aarch64-22/toolchain/bin/host-gcc -c -DHAVE_CONFIG_H -g -O2    -I. -I/work/build.CoreELEC-Amlogic-no.aarch64-22/build/binutils-2.47/libiberty/../include  -W -Wall -Wwrite-strings -Wc++-compat -Wstrict-prototypes -Wshadow=local -pedantic  -D_GNU_SOURCE -fcf-protection  /work/build.CoreELEC-Amlogic-no.aarch64-22/build/binutils-2.47/libiberty/stack-limit.c -o stack-limit.o
if [ x"-fpic" != x ]; then \
  /work/build.CoreELEC-Amlogic-no.aarch64-22/toolchain/bin/host-gcc -c -DHAVE_CONFIG_H -g -O2    -I. -I/work/build.CoreELEC-Amlogic-no.aarch64-22/build/binutils-2.47/libiberty/../include  -W -Wall -Wwrite-strings -Wc++-compat -Wstrict-prototypes -Wshadow=local -pedantic  -D_GNU_SOURCE -fcf-protection  -fpic /work/build.CoreELEC-Amlogic-no.aarch64-22/build/binutils-2.47/libiberty/strerror.c -o pic/strerror.o; \
else true; fi
if [ x"" != x ]; then \
  /work/build.CoreELEC-Amlogic-no.aarch64-22/toolchain/bin/host-gcc -c -DHAVE_CONFIG_H -g -O2    -I. -I/work/build.CoreELEC-Amlogic-no.aarch64-22/build/binutils-2.47/libiberty/../include  -W -Wall -Wwrite-strings -Wc++-compat -Wstrict-prototypes -Wshadow=local -pedantic  -D_GNU_SOURCE -fcf-protection  -fpic  /work/build.CoreELEC-Amlogic-no.aarch64-22/build/binutils-2.47/libiberty/strerror.c -o noasan/strerror.o; \
else true; fi
/work/build.CoreELEC-Amlogic-no.aarch64-22/toolchain/bin/host-gcc -c -DHAVE_CONFIG_H -g -O2    -I. -I/work/build.CoreELEC-Amlogic-no.aarch64-22/build/binutils-2.47/libiberty/../include  -W -Wall -Wwrite-strings -Wc++-compat -Wstrict-prototypes -Wshadow=local -pedantic  -D_GNU_SOURCE -fcf-protection  /work/build.CoreELEC-Amlogic-no.aarch64-22/build/binutils-2.47/libiberty/strerror.c -o strerror.o
if [ x"-fpic" != x ]; then \
  /work/build.CoreELEC-Amlogic-no.aarch64-22/toolchain/bin/host-gcc -c -DHAVE_CONFIG_H -g -O2    -I. -I/work/build.CoreELEC-Amlogic-no.aarch64-22/build/binutils-2.47/libiberty/../include  -W -Wall -Wwrite-strings -Wc++-compat -Wstrict-prototypes -Wshadow=local -pedantic  -D_GNU_SOURCE -fcf-protection  -fpic /work/build.CoreELEC-Amlogic-no.aarch64-22/build/binutils-2.47/libiberty/strsignal.c -o pic/strsignal.o; \
else true; fi
if [ x"" != x ]; then \
  /work/build.CoreELEC-Amlogic-no.aarch64-22/toolchain/bin/host-gcc -c -DHAVE_CONFIG_H -g -O2    -I. -I/work/build.CoreELEC-Amlogic-no.aarch64-22/build/binutils-2.47/libiberty/../include  -W -Wall -Wwrite-strings -Wc++-compat -Wstrict-prototypes -Wshadow=local -pedantic  -D_GNU_SOURCE -fcf-protection  -fpic  /work/build.CoreELEC-Amlogic-no.aarch64-22/build/binutils-2.47/libiberty/strsignal.c -o noasan/strsignal.o; \
else true; fi
/work/build.CoreELEC-Amlogic-no.aarch64-22/toolchain/bin/host-gcc -c -DHAVE_CONFIG_H -g -O2    -I. -I/work/build.CoreELEC-Amlogic-no.aarch64-22/build/binutils-2.47/libiberty/../include  -W -Wall -Wwrite-strings -Wc++-compat -Wstrict-prototypes -Wshadow=local -pedantic  -D_GNU_SOURCE -fcf-protection  /work/build.CoreELEC-Amlogic-no.aarch64-22/build/binutils-2.47/libiberty/strsignal.c -o strsignal.o
if [ x"-fpic" != x ]; then \
  /work/build.CoreELEC-Amlogic-no.aarch64-22/toolchain/bin/host-gcc -c -DHAVE_CONFIG_H -g -O2    -I. -I/work/build.CoreELEC-Amlogic-no.aarch64-22/build/binutils-2.47/libiberty/../include  -W -Wall -Wwrite-strings -Wc++-compat -Wstrict-prototypes -Wshadow=local -pedantic  -D_GNU_SOURCE -fcf-protection  -fpic /work/build.CoreELEC-Amlogic-no.aarch64-22/build/binutils-2.47/libiberty/timeval-utils.c -o pic/timeval-utils.o; \
else true; fi
if [ x"" != x ]; then \
  /work/build.CoreELEC-Amlogic-no.aarch64-22/toolchain/bin/host-gcc -c -DHAVE_CONFIG_H -g -O2    -I. -I/work/build.CoreELEC-Amlogic-no.aarch64-22/build/binutils-2.47/libiberty/../include  -W -Wall -Wwrite-strings -Wc++-compat -Wstrict-prototypes -Wshadow=local -pedantic  -D_GNU_SOURCE -fcf-protection  -fpic  /work/build.CoreELEC-Amlogic-no.aarch64-22/build/binutils-2.47/libiberty/timeval-utils.c -o noasan/timeval-utils.o; \
else true; fi
/work/build.CoreELEC-Amlogic-no.aarch64-22/toolchain/bin/host-gcc -c -DHAVE_CONFIG_H -g -O2    -I. -I/work/build.CoreELEC-Amlogic-no.aarch64-22/build/binutils-2.47/libiberty/../include  -W -Wall -Wwrite-strings -Wc++-compat -Wstrict-prototypes -Wshadow=local -pedantic  -D_GNU_SOURCE -fcf-protection  /work/build.CoreELEC-Amlogic-no.aarch64-22/build/binutils-2.47/libiberty/timeval-utils.c -o timeval-utils.o
if [ x"-fpic" != x ]; then \
  /work/build.CoreELEC-Amlogic-no.aarch64-22/toolchain/bin/host-gcc -c -DHAVE_CONFIG_H -g -O2    -I. -I/work/build.CoreELEC-Amlogic-no.aarch64-22/build/binutils-2.47/libiberty/../include  -W -Wall -Wwrite-strings -Wc++-compat -Wstrict-prototypes -Wshadow=local -pedantic  -D_GNU_SOURCE -fcf-protection  -fpic /work/build.CoreELEC-Amlogic-no.aarch64-22/build/binutils-2.47/libiberty/unlink-if-ordinary.c -o pic/unlink-if-ordinary.o; \
else true; fi
if [ x"" != x ]; then \
  /work/build.CoreELEC-Amlogic-no.aarch64-22/toolchain/bin/host-gcc -c -DHAVE_CONFIG_H -g -O2    -I. -I/work/build.CoreELEC-Amlogic-no.aarch64-22/build/binutils-2.47/libiberty/../include  -W -Wall -Wwrite-strings -Wc++-compat -Wstrict-prototypes -Wshadow=local -pedantic  -D_GNU_SOURCE -fcf-protection  -fpic  /work/build.CoreELEC-Amlogic-no.aarch64-22/build/binutils-2.47/libiberty/unlink-if-ordinary.c -o noasan/unlink-if-ordinary.o; \
else true; fi
/work/build.CoreELEC-Amlogic-no.aarch64-22/toolchain/bin/host-gcc -c -DHAVE_CONFIG_H -g -O2    -I. -I/work/build.CoreELEC-Amlogic-no.aarch64-22/build/binutils-2.47/libiberty/../include  -W -Wall -Wwrite-strings -Wc++-compat -Wstrict-prototypes -Wshadow=local -pedantic  -D_GNU_SOURCE -fcf-protection  /work/build.CoreELEC-Amlogic-no.aarch64-22/build/binutils-2.47/libiberty/unlink-if-ordinary.c -o unlink-if-ordinary.o
if [ x"-fpic" != x ]; then \
  /work/build.CoreELEC-Amlogic-no.aarch64-22/toolchain/bin/host-gcc -c -DHAVE_CONFIG_H -g -O2    -I. -I/work/build.CoreELEC-Amlogic-no.aarch64-22/build/binutils-2.47/libiberty/../include  -W -Wall -Wwrite-strings -Wc++-compat -Wstrict-prototypes -Wshadow=local -pedantic  -D_GNU_SOURCE -fcf-protection  -fpic /work/build.CoreELEC-Amlogic-no.aarch64-22/build/binutils-2.47/libiberty/xasprintf.c -o pic/xasprintf.o; \
else true; fi
if [ x"" != x ]; then \
  /work/build.CoreELEC-Amlogic-no.aarch64-22/toolchain/bin/host-gcc -c -DHAVE_CONFIG_H -g -O2    -I. -I/work/build.CoreELEC-Amlogic-no.aarch64-22/build/binutils-2.47/libiberty/../include  -W -Wall -Wwrite-strings -Wc++-compat -Wstrict-prototypes -Wshadow=local -pedantic  -D_GNU_SOURCE -fcf-protection  -fpic  /work/build.CoreELEC-Amlogic-no.aarch64-22/build/binutils-2.47/libiberty/xasprintf.c -o noasan/xasprintf.o; \
else true; fi
/work/build.CoreELEC-Amlogic-no.aarch64-22/toolchain/bin/host-gcc -c -DHAVE_CONFIG_H -g -O2    -I. -I/work/build.CoreELEC-Amlogic-no.aarch64-22/build/binutils-2.47/libiberty/../include  -W -Wall -Wwrite-strings -Wc++-compat -Wstrict-prototypes -Wshadow=local -pedantic  -D_GNU_SOURCE -fcf-protection  /work/build.CoreELEC-Amlogic-no.aarch64-22/build/binutils-2.47/libiberty/xasprintf.c -o xasprintf.o
if [ x"-fpic" != x ]; then \
  /work/build.CoreELEC-Amlogic-no.aarch64-22/toolchain/bin/host-gcc -c -DHAVE_CONFIG_H -g -O2    -I. -I/work/build.CoreELEC-Amlogic-no.aarch64-22/build/binutils-2.47/libiberty/../include  -W -Wall -Wwrite-strings -Wc++-compat -Wstrict-prototypes -Wshadow=local -pedantic  -D_GNU_SOURCE -fcf-protection  -fpic /work/build.CoreELEC-Amlogic-no.aarch64-22/build/binutils-2.47/libiberty/xatexit.c -o pic/xatexit.o; \
else true; fi
if [ x"" != x ]; then \
  /work/build.CoreELEC-Amlogic-no.aarch64-22/toolchain/bin/host-gcc -c -DHAVE_CONFIG_H -g -O2    -I. -I/work/build.CoreELEC-Amlogic-no.aarch64-22/build/binutils-2.47/libiberty/../include  -W -Wall -Wwrite-strings -Wc++-compat -Wstrict-prototypes -Wshadow=local -pedantic  -D_GNU_SOURCE -fcf-protection  -fpic  /work/build.CoreELEC-Amlogic-no.aarch64-22/build/binutils-2.47/libiberty/xatexit.c -o noasan/xatexit.o; \
else true; fi
/work/build.CoreELEC-Amlogic-no.aarch64-22/toolchain/bin/host-gcc -c -DHAVE_CONFIG_H -g -O2    -I. -I/work/build.CoreELEC-Amlogic-no.aarch64-22/build/binutils-2.47/libiberty/../include  -W -Wall -Wwrite-strings -Wc++-compat -Wstrict-prototypes -Wshadow=local -pedantic  -D_GNU_SOURCE -fcf-protection  /work/build.CoreELEC-Amlogic-no.aarch64-22/build/binutils-2.47/libiberty/xatexit.c -o xatexit.o
if [ x"-fpic" != x ]; then \
  /work/build.CoreELEC-Amlogic-no.aarch64-22/toolchain/bin/host-gcc -c -DHAVE_CONFIG_H -g -O2    -I. -I/work/build.CoreELEC-Amlogic-no.aarch64-22/build/binutils-2.47/libiberty/../include  -W -Wall -Wwrite-strings -Wc++-compat -Wstrict-prototypes -Wshadow=local -pedantic  -D_GNU_SOURCE -fcf-protection  -fpic /work/build.CoreELEC-Amlogic-no.aarch64-22/build/binutils-2.47/libiberty/xexit.c -o pic/xexit.o; \
else true; fi
if [ x"" != x ]; then \
  /work/build.CoreELEC-Amlogic-no.aarch64-22/toolchain/bin/host-gcc -c -DHAVE_CONFIG_H -g -O2    -I. -I/work/build.CoreELEC-Amlogic-no.aarch64-22/build/binutils-2.47/libiberty/../include  -W -Wall -Wwrite-strings -Wc++-compat -Wstrict-prototypes -Wshadow=local -pedantic  -D_GNU_SOURCE -fcf-protection  -fpic  /work/build.CoreELEC-Amlogic-no.aarch64-22/build/binutils-2.47/libiberty/xexit.c -o noasan/xexit.o; \
else true; fi
/work/build.CoreELEC-Amlogic-no.aarch64-22/toolchain/bin/host-gcc -c -DHAVE_CONFIG_H -g -O2    -I. -I/work/build.CoreELEC-Amlogic-no.aarch64-22/build/binutils-2.47/libiberty/../include  -W -Wall -Wwrite-strings -Wc++-compat -Wstrict-prototypes -Wshadow=local -pedantic  -D_GNU_SOURCE -fcf-protection  /work/build.CoreELEC-Amlogic-no.aarch64-22/build/binutils-2.47/libiberty/xexit.c -o xexit.o
if [ x"-fpic" != x ]; then \
  /work/build.CoreELEC-Amlogic-no.aarch64-22/toolchain/bin/host-gcc -c -DHAVE_CONFIG_H -g -O2    -I. -I/work/build.CoreELEC-Amlogic-no.aarch64-22/build/binutils-2.47/libiberty/../include  -W -Wall -Wwrite-strings -Wc++-compat -Wstrict-prototypes -Wshadow=local -pedantic  -D_GNU_SOURCE -fcf-protection  -fpic /work/build.CoreELEC-Amlogic-no.aarch64-22/build/binutils-2.47/libiberty/xmalloc.c -o pic/xmalloc.o; \
else true; fi
if [ x"" != x ]; then \
  /work/build.CoreELEC-Amlogic-no.aarch64-22/toolchain/bin/host-gcc -c -DHAVE_CONFIG_H -g -O2    -I. -I/work/build.CoreELEC-Amlogic-no.aarch64-22/build/binutils-2.47/libiberty/../include  -W -Wall -Wwrite-strings -Wc++-compat -Wstrict-prototypes -Wshadow=local -pedantic  -D_GNU_SOURCE -fcf-protection  -fpic  /work/build.CoreELEC-Amlogic-no.aarch64-22/build/binutils-2.47/libiberty/xmalloc.c -o noasan/xmalloc.o; \
else true; fi
/work/build.CoreELEC-Amlogic-no.aarch64-22/toolchain/bin/host-gcc -c -DHAVE_CONFIG_H -g -O2    -I. -I/work/build.CoreELEC-Amlogic-no.aarch64-22/build/binutils-2.47/libiberty/../include  -W -Wall -Wwrite-strings -Wc++-compat -Wstrict-prototypes -Wshadow=local -pedantic  -D_GNU_SOURCE -fcf-protection  /work/build.CoreELEC-Amlogic-no.aarch64-22/build/binutils-2.47/libiberty/xmalloc.c -o xmalloc.o
if [ x"-fpic" != x ]; then \
  /work/build.CoreELEC-Amlogic-no.aarch64-22/toolchain/bin/host-gcc -c -DHAVE_CONFIG_H -g -O2    -I. -I/work/build.CoreELEC-Amlogic-no.aarch64-22/build/binutils-2.47/libiberty/../include  -W -Wall -Wwrite-strings -Wc++-compat -Wstrict-prototypes -Wshadow=local -pedantic  -D_GNU_SOURCE -fcf-protection  -fpic /work/build.CoreELEC-Amlogic-no.aarch64-22/build/binutils-2.47/libiberty/xmemdup.c -o pic/xmemdup.o; \
else true; fi
if [ x"" != x ]; then \
  /work/build.CoreELEC-Amlogic-no.aarch64-22/toolchain/bin/host-gcc -c -DHAVE_CONFIG_H -g -O2    -I. -I/work/build.CoreELEC-Amlogic-no.aarch64-22/build/binutils-2.47/libiberty/../include  -W -Wall -Wwrite-strings -Wc++-compat -Wstrict-prototypes -Wshadow=local -pedantic  -D_GNU_SOURCE -fcf-protection  -fpic  /work/build.CoreELEC-Amlogic-no.aarch64-22/build/binutils-2.47/libiberty/xmemdup.c -o noasan/xmemdup.o; \
else true; fi
/work/build.CoreELEC-Amlogic-no.aarch64-22/toolchain/bin/host-gcc -c -DHAVE_CONFIG_H -g -O2    -I. -I/work/build.CoreELEC-Amlogic-no.aarch64-22/build/binutils-2.47/libiberty/../include  -W -Wall -Wwrite-strings -Wc++-compat -Wstrict-prototypes -Wshadow=local -pedantic  -D_GNU_SOURCE -fcf-protection  /work/build.CoreELEC-Amlogic-no.aarch64-22/build/binutils-2.47/libiberty/xmemdup.c -o xmemdup.o
if [ x"-fpic" != x ]; then \
  /work/build.CoreELEC-Amlogic-no.aarch64-22/toolchain/bin/host-gcc -c -DHAVE_CONFIG_H -g -O2    -I. -I/work/build.CoreELEC-Amlogic-no.aarch64-22/build/binutils-2.47/libiberty/../include  -W -Wall -Wwrite-strings -Wc++-compat -Wstrict-prototypes -Wshadow=local -pedantic  -D_GNU_SOURCE -fcf-protection  -fpic /work/build.CoreELEC-Amlogic-no.aarch64-22/build/binutils-2.47/libiberty/xstrdup.c -o pic/xstrdup.o; \
else true; fi
if [ x"" != x ]; then \
  /work/build.CoreELEC-Amlogic-no.aarch64-22/toolchain/bin/host-gcc -c -DHAVE_CONFIG_H -g -O2    -I. -I/work/build.CoreELEC-Amlogic-no.aarch64-22/build/binutils-2.47/libiberty/../include  -W -Wall -Wwrite-strings -Wc++-compat -Wstrict-prototypes -Wshadow=local -pedantic  -D_GNU_SOURCE -fcf-protection  -fpic  /work/build.CoreELEC-Amlogic-no.aarch64-22/build/binutils-2.47/libiberty/xstrdup.c -o noasan/xstrdup.o; \
else true; fi
/work/build.CoreELEC-Amlogic-no.aarch64-22/toolchain/bin/host-gcc -c -DHAVE_CONFIG_H -g -O2    -I. -I/work/build.CoreELEC-Amlogic-no.aarch64-22/build/binutils-2.47/libiberty/../include  -W -Wall -Wwrite-strings -Wc++-compat -Wstrict-prototypes -Wshadow=local -pedantic  -D_GNU_SOURCE -fcf-protection  /work/build.CoreELEC-Amlogic-no.aarch64-22/build/binutils-2.47/libiberty/xstrdup.c -o xstrdup.o
if [ x"-fpic" != x ]; then \
  /work/build.CoreELEC-Amlogic-no.aarch64-22/toolchain/bin/host-gcc -c -DHAVE_CONFIG_H -g -O2    -I. -I/work/build.CoreELEC-Amlogic-no.aarch64-22/build/binutils-2.47/libiberty/../include  -W -Wall -Wwrite-strings -Wc++-compat -Wstrict-prototypes -Wshadow=local -pedantic  -D_GNU_SOURCE -fcf-protection  -fpic /work/build.CoreELEC-Amlogic-no.aarch64-22/build/binutils-2.47/libiberty/xstrerror.c -o pic/xstrerror.o; \
else true; fi
if [ x"" != x ]; then \
  /work/build.CoreELEC-Amlogic-no.aarch64-22/toolchain/bin/host-gcc -c -DHAVE_CONFIG_H -g -O2    -I. -I/work/build.CoreELEC-Amlogic-no.aarch64-22/build/binutils-2.47/libiberty/../include  -W -Wall -Wwrite-strings -Wc++-compat -Wstrict-prototypes -Wshadow=local -pedantic  -D_GNU_SOURCE -fcf-protection  -fpic  /work/build.CoreELEC-Amlogic-no.aarch64-22/build/binutils-2.47/libiberty/xstrerror.c -o noasan/xstrerror.o; \
else true; fi
/work/build.CoreELEC-Amlogic-no.aarch64-22/toolchain/bin/host-gcc -c -DHAVE_CONFIG_H -g -O2    -I. -I/work/build.CoreELEC-Amlogic-no.aarch64-22/build/binutils-2.47/libiberty/../include  -W -Wall -Wwrite-strings -Wc++-compat -Wstrict-prototypes -Wshadow=local -pedantic  -D_GNU_SOURCE -fcf-protection  /work/build.CoreELEC-Amlogic-no.aarch64-22/build/binutils-2.47/libiberty/xstrerror.c -o xstrerror.o
if [ x"-fpic" != x ]; then \
  /work/build.CoreELEC-Amlogic-no.aarch64-22/toolchain/bin/host-gcc -c -DHAVE_CONFIG_H -g -O2    -I. -I/work/build.CoreELEC-Amlogic-no.aarch64-22/build/binutils-2.47/libiberty/../include  -W -Wall -Wwrite-strings -Wc++-compat -Wstrict-prototypes -Wshadow=local -pedantic  -D_GNU_SOURCE -fcf-protection  -fpic /work/build.CoreELEC-Amlogic-no.aarch64-22/build/binutils-2.47/libiberty/xstrndup.c -o pic/xstrndup.o; \
else true; fi
if [ x"" != x ]; then \
  /work/build.CoreELEC-Amlogic-no.aarch64-22/toolchain/bin/host-gcc -c -DHAVE_CONFIG_H -g -O2    -I. -I/work/build.CoreELEC-Amlogic-no.aarch64-22/build/binutils-2.47/libiberty/../include  -W -Wall -Wwrite-strings -Wc++-compat -Wstrict-prototypes -Wshadow=local -pedantic  -D_GNU_SOURCE -fcf-protection  -fpic  /work/build.CoreELEC-Amlogic-no.aarch64-22/build/binutils-2.47/libiberty/xstrndup.c -o noasan/xstrndup.o; \
else true; fi
/work/build.CoreELEC-Amlogic-no.aarch64-22/toolchain/bin/host-gcc -c -DHAVE_CONFIG_H -g -O2    -I. -I/work/build.CoreELEC-Amlogic-no.aarch64-22/build/binutils-2.47/libiberty/../include  -W -Wall -Wwrite-strings -Wc++-compat -Wstrict-prototypes -Wshadow=local -pedantic  -D_GNU_SOURCE -fcf-protection  /work/build.CoreELEC-Amlogic-no.aarch64-22/build/binutils-2.47/libiberty/xstrndup.c -o xstrndup.o
if [ x"-fpic" != x ]; then \
  /work/build.CoreELEC-Amlogic-no.aarch64-22/toolchain/bin/host-gcc -c -DHAVE_CONFIG_H -g -O2    -I. -I/work/build.CoreELEC-Amlogic-no.aarch64-22/build/binutils-2.47/libiberty/../include  -W -Wall -Wwrite-strings -Wc++-compat -Wstrict-prototypes -Wshadow=local -pedantic  -D_GNU_SOURCE -fcf-protection  -fpic /work/build.CoreELEC-Amlogic-no.aarch64-22/build/binutils-2.47/libiberty/xvasprintf.c -o pic/xvasprintf.o; \
else true; fi
if [ x"" != x ]; then \
  /work/build.CoreELEC-Amlogic-no.aarch64-22/toolchain/bin/host-gcc -c -DHAVE_CONFIG_H -g -O2    -I. -I/work/build.CoreELEC-Amlogic-no.aarch64-22/build/binutils-2.47/libiberty/../include  -W -Wall -Wwrite-strings -Wc++-compat -Wstrict-prototypes -Wshadow=local -pedantic  -D_GNU_SOURCE -fcf-protection  -fpic  /work/build.CoreELEC-Amlogic-no.aarch64-22/build/binutils-2.47/libiberty/xvasprintf.c -o noasan/xvasprintf.o; \
else true; fi
/work/build.CoreELEC-Amlogic-no.aarch64-22/toolchain/bin/host-gcc -c -DHAVE_CONFIG_H -g -O2    -I. -I/work/build.CoreELEC-Amlogic-no.aarch64-22/build/binutils-2.47/libiberty/../include  -W -Wall -Wwrite-strings -Wc++-compat -Wstrict-prototypes -Wshadow=local -pedantic  -D_GNU_SOURCE -fcf-protection  /work/build.CoreELEC-Amlogic-no.aarch64-22/build/binutils-2.47/libiberty/xvasprintf.c -o xvasprintf.o
if [ x"-fpic" != x ]; then \
  /work/build.CoreELEC-Amlogic-no.aarch64-22/toolchain/bin/host-gcc -c -DHAVE_CONFIG_H -g -O2    -I. -I/work/build.CoreELEC-Amlogic-no.aarch64-22/build/binutils-2.47/libiberty/../include  -W -Wall -Wwrite-strings -Wc++-compat -Wstrict-prototypes -Wshadow=local -pedantic  -D_GNU_SOURCE -fcf-protection  -fpic /work/build.CoreELEC-Amlogic-no.aarch64-22/build/binutils-2.47/libiberty/setproctitle.c -o pic/setproctitle.o; \
else true; fi
if [ x"" != x ]; then \
  /work/build.CoreELEC-Amlogic-no.aarch64-22/toolchain/bin/host-gcc -c -DHAVE_CONFIG_H -g -O2    -I. -I/work/build.CoreELEC-Amlogic-no.aarch64-22/build/binutils-2.47/libiberty/../include  -W -Wall -Wwrite-strings -Wc++-compat -Wstrict-prototypes -Wshadow=local -pedantic  -D_GNU_SOURCE -fcf-protection  -fpic  /work/build.CoreELEC-Amlogic-no.aarch64-22/build/binutils-2.47/libiberty/setproctitle.c -o noasan/setproctitle.o; \
else true; fi
/work/build.CoreELEC-Amlogic-no.aarch64-22/toolchain/bin/host-gcc -c -DHAVE_CONFIG_H -g -O2    -I. -I/work/build.CoreELEC-Amlogic-no.aarch64-22/build/binutils-2.47/libiberty/../include  -W -Wall -Wwrite-strings -Wc++-compat -Wstrict-prototypes -Wshadow=local -pedantic  -D_GNU_SOURCE -fcf-protection  /work/build.CoreELEC-Amlogic-no.aarch64-22/build/binutils-2.47/libiberty/setproctitle.c -o setproctitle.o
rm -f ./libiberty.a pic/./libiberty.a noasan/./libiberty.a
ar --plugin /usr/libexec/gcc/x86_64-linux-gnu/14/liblto_plugin.so rc ./libiberty.a \
  ./regex.o ./cplus-dem.o ./cp-demangle.o ./md5.o ./sha1.o ./alloca.o ./argv.o ./bsearch_r.o ./choose-temp.o ./concat.o ./cp-demint.o ./crc32.o ./d-demangle.o ./dwarfnames.o ./dyn-string.o ./fdmatch.o ./fibheap.o ./filedescriptor.o ./filename_cmp.o ./floatformat.o ./fnmatch.o ./fopen_unlocked.o ./getopt.o ./getopt1.o ./getpwd.o ./getruntime.o ./hashtab.o ./hex.o ./lbasename.o ./ldirname.o ./lrealpath.o ./make-relative-prefix.o ./make-temp-file.o ./objalloc.o ./obstack.o ./partition.o ./pexecute.o ./physmem.o ./pex-common.o ./pex-one.o ./pex-unix.o ./vprintf-support.o ./rust-demangle.o ./safe-ctype.o ./simple-object.o ./simple-object-coff.o ./simple-object-elf.o ./simple-object-mach-o.o ./simple-object-xcoff.o ./sort.o ./spaces.o ./splay-tree.o ./stack-limit.o ./strerror.o ./strsignal.o ./timeval-utils.o ./unlink-if-ordinary.o ./xasprintf.o ./xatexit.o ./xexit.o ./xmalloc.o ./xmemdup.o ./xstrdup.o ./xstrerror.o ./xstrndup.o ./xvasprintf.o  ./setproctitle.o
ranlib --plugin /usr/libexec/gcc/x86_64-linux-gnu/14/liblto_plugin.so ./libiberty.a
if [ x"-fpic" != x ]; then \
  cd pic; \
  ar --plugin /usr/libexec/gcc/x86_64-linux-gnu/14/liblto_plugin.so rc ./libiberty.a \
    ./regex.o ./cplus-dem.o ./cp-demangle.o ./md5.o ./sha1.o ./alloca.o ./argv.o ./bsearch_r.o ./choose-temp.o ./concat.o ./cp-demint.o ./crc32.o ./d-demangle.o ./dwarfnames.o ./dyn-string.o ./fdmatch.o ./fibheap.o ./filedescriptor.o ./filename_cmp.o ./floatformat.o ./fnmatch.o ./fopen_unlocked.o ./getopt.o ./getopt1.o ./getpwd.o ./getruntime.o ./hashtab.o ./hex.o ./lbasename.o ./ldirname.o ./lrealpath.o ./make-relative-prefix.o ./make-temp-file.o ./objalloc.o ./obstack.o ./partition.o ./pexecute.o ./physmem.o ./pex-common.o ./pex-one.o ./pex-unix.o ./vprintf-support.o ./rust-demangle.o ./safe-ctype.o ./simple-object.o ./simple-object-coff.o ./simple-object-elf.o ./simple-object-mach-o.o ./simple-object-xcoff.o ./sort.o ./spaces.o ./splay-tree.o ./stack-limit.o ./strerror.o ./strsignal.o ./timeval-utils.o ./unlink-if-ordinary.o ./xasprintf.o ./xatexit.o ./xexit.o ./xmalloc.o ./xmemdup.o ./xstrdup.o ./xstrerror.o ./xstrndup.o ./xvasprintf.o  ./setproctitle.o; \
  ranlib --plugin /usr/libexec/gcc/x86_64-linux-gnu/14/liblto_plugin.so ./libiberty.a; \
  cd ..; \
else true; fi; \
if [ x"" != x ]; then \
  cd noasan; \
  ar --plugin /usr/libexec/gcc/x86_64-linux-gnu/14/liblto_plugin.so rc ./libiberty.a \
    ./regex.o ./cplus-dem.o ./cp-demangle.o ./md5.o ./sha1.o ./alloca.o ./argv.o ./bsearch_r.o ./choose-temp.o ./concat.o ./cp-demint.o ./crc32.o ./d-demangle.o ./dwarfnames.o ./dyn-string.o ./fdmatch.o ./fibheap.o ./filedescriptor.o ./filename_cmp.o ./floatformat.o ./fnmatch.o ./fopen_unlocked.o ./getopt.o ./getopt1.o ./getpwd.o ./getruntime.o ./hashtab.o ./hex.o ./lbasename.o ./ldirname.o ./lrealpath.o ./make-relative-prefix.o ./make-temp-file.o ./objalloc.o ./obstack.o ./partition.o ./pexecute.o ./physmem.o ./pex-common.o ./pex-one.o ./pex-unix.o ./vprintf-support.o ./rust-demangle.o ./safe-ctype.o ./simple-object.o ./simple-object-coff.o ./simple-object-elf.o ./simple-object-mach-o.o ./simple-object-xcoff.o ./sort.o ./spaces.o ./splay-tree.o ./stack-limit.o ./strerror.o ./strsignal.o ./timeval-utils.o ./unlink-if-ordinary.o ./xasprintf.o ./xatexit.o ./xexit.o ./xmalloc.o ./xmemdup.o ./xstrdup.o ./xstrerror.o ./xstrndup.o ./xvasprintf.o  ./setproctitle.o; \
  ranlib --plugin /usr/libexec/gcc/x86_64-linux-gnu/14/liblto_plugin.so ./libiberty.a; \
  cd ..; \
else true; fi
echo ./regex.o ./cplus-dem.o ./cp-demangle.o ./md5.o ./sha1.o ./alloca.o ./argv.o ./bsearch_r.o ./choose-temp.o ./concat.o ./cp-demint.o ./crc32.o ./d-demangle.o ./dwarfnames.o ./dyn-string.o ./fdmatch.o ./fibheap.o ./filedescriptor.o ./filename_cmp.o ./floatformat.o ./fnmatch.o ./fopen_unlocked.o ./getopt.o ./getopt1.o ./getpwd.o ./getruntime.o ./hashtab.o ./hex.o ./lbasename.o ./ldirname.o ./lrealpath.o ./make-relative-prefix.o ./make-temp-file.o ./objalloc.o ./obstack.o ./partition.o ./pexecute.o ./physmem.o ./pex-common.o ./pex-one.o ./pex-unix.o ./vprintf-support.o ./rust-demangle.o ./safe-ctype.o ./simple-object.o ./simple-object-coff.o ./simple-object-elf.o ./simple-object-mach-o.o ./simple-object-xcoff.o ./sort.o ./spaces.o ./splay-tree.o ./stack-limit.o ./strerror.o ./strsignal.o ./timeval-utils.o ./unlink-if-ordinary.o ./xasprintf.o ./xatexit.o ./xexit.o ./xmalloc.o ./xmemdup.o ./xstrdup.o ./xstrerror.o ./xstrndup.o ./xvasprintf.o > required-list
make[2]: Entering directory '/work/build.CoreELEC-Amlogic-no.aarch64-22/build/binutils-2.47/.x86_64-linux-gnu/libiberty/testsuite'
make[2]: Nothing to be done for 'all'.
make[2]: Leaving directory '/work/build.CoreELEC-Amlogic-no.aarch64-22/build/binutils-2.47/.x86_64-linux-gnu/libiberty/testsuite'
make[1]: Leaving directory '/work/build.CoreELEC-Amlogic-no.aarch64-22/build/binutils-2.47/.x86_64-linux-gnu/libiberty'
mkdir -p -- ./zlib
Configuring in ./zlib
configure: creating cache ./config.cache
checking build system type... x86_64-pc-linux-gnu
checking host system type... x86_64-pc-linux-gnu
checking target system type... aarch64-libreelec-linux-gnu
checking for a BSD-compatible install... /usr/bin/install -c
checking whether build environment is sane... yes
checking for a thread-safe mkdir -p... /usr/bin/mkdir -p
checking for gawk... gawk
checking whether make sets $(MAKE)... yes
checking whether make supports nested variables... yes
checking whether to enable maintainer-specific portions of Makefiles... no
checking for x86_64-linux-gnu-gcc... /work/build.CoreELEC-Amlogic-no.aarch64-22/toolchain/bin/host-gcc
checking whether the C compiler works... yes
checking for C compiler default output file name... a.out
checking for suffix of executables... 
checking whether we are cross compiling... no
checking for suffix of object files... o
checking whether we are using the GNU C compiler... yes
checking whether /work/build.CoreELEC-Amlogic-no.aarch64-22/toolchain/bin/host-gcc accepts -g... yes
checking for /work/build.CoreELEC-Amlogic-no.aarch64-22/toolchain/bin/host-gcc option to accept ISO C89... none needed
checking whether /work/build.CoreELEC-Amlogic-no.aarch64-22/toolchain/bin/host-gcc understands -c and -o together... yes
checking for style of include used by make... GNU
checking dependency style of /work/build.CoreELEC-Amlogic-no.aarch64-22/toolchain/bin/host-gcc... gcc3
checking for CET support... yes
checking how to print strings... printf
checking for a sed that does not truncate output... /work/build.CoreELEC-Amlogic-no.aarch64-22/toolchain/bin/sed
checking for grep that handles long lines and -e... /usr/bin/grep
checking for egrep... /usr/bin/grep -E
checking for fgrep... /usr/bin/grep -F
checking for ld used by /work/build.CoreELEC-Amlogic-no.aarch64-22/toolchain/bin/host-gcc... ld
checking if the linker (ld) is GNU ld... yes
checking for BSD- or MS-compatible name lister (nm)... /usr/bin/nm --plugin /usr/libexec/gcc/x86_64-linux-gnu/14/liblto_plugin.so -B
checking the name lister (/usr/bin/nm --plugin /usr/libexec/gcc/x86_64-linux-gnu/14/liblto_plugin.so -B) interface... BSD nm
checking whether ln -s works... yes
checking the maximum length of command line arguments... 1572864
checking whether the shell understands some XSI constructs... yes
checking whether the shell understands "+="... no
checking for ld option to reload object files... -r
checking for x86_64-linux-gnu-objdump... objdump
checking how to recognize dependent libraries... pass_all
checking how to run the C preprocessor... cpp
checking for clang... no
checking for x86_64-linux-gnu-llvm-config... no
checking for llvm-config... no
checking for x86_64-linux-gnu-ar... ar --plugin /usr/libexec/gcc/x86_64-linux-gnu/14/liblto_plugin.so
checking for -plugin option... --plugin /usr/libexec/gcc/x86_64-linux-gnu/14/liblto_plugin.so
checking for x86_64-linux-gnu-ar... (cached) ar --plugin /usr/libexec/gcc/x86_64-linux-gnu/14/liblto_plugin.so
checking for x86_64-linux-gnu-strip... strip
checking for x86_64-linux-gnu-ranlib... ranlib --plugin /usr/libexec/gcc/x86_64-linux-gnu/14/liblto_plugin.so
checking command to parse /usr/bin/nm --plugin /usr/libexec/gcc/x86_64-linux-gnu/14/liblto_plugin.so -B output from /work/build.CoreELEC-Amlogic-no.aarch64-22/toolchain/bin/host-gcc object... ok
checking for ANSI C header files... yes
checking for sys/types.h... yes
checking for sys/stat.h... yes
checking for stdlib.h... yes
checking for string.h... yes
checking for memory.h... yes
checking for strings.h... yes
checking for inttypes.h... yes
checking for stdint.h... yes
checking for unistd.h... yes
checking for dlfcn.h... yes
checking for objdir... .libs
checking if /work/build.CoreELEC-Amlogic-no.aarch64-22/toolchain/bin/host-gcc supports -fno-rtti -fno-exceptions... no
checking for /work/build.CoreELEC-Amlogic-no.aarch64-22/toolchain/bin/host-gcc option to produce PIC... -fPIC -DPIC
checking if /work/build.CoreELEC-Amlogic-no.aarch64-22/toolchain/bin/host-gcc PIC flag -fPIC -DPIC works... yes
checking if /work/build.CoreELEC-Amlogic-no.aarch64-22/toolchain/bin/host-gcc static flag -static works... yes
checking if /work/build.CoreELEC-Amlogic-no.aarch64-22/toolchain/bin/host-gcc supports -c -o file.o... yes
checking if /work/build.CoreELEC-Amlogic-no.aarch64-22/toolchain/bin/host-gcc supports -c -o file.o... (cached) yes
checking whether the /work/build.CoreELEC-Amlogic-no.aarch64-22/toolchain/bin/host-gcc linker (ld -m elf_x86_64) supports shared libraries... yes
checking whether -lc should be explicitly linked in... no
checking dynamic linker characteristics... GNU/Linux ld.so
checking how to hardcode library paths into programs... immediate
checking whether stripping libraries is possible... yes
checking if libtool supports shared libraries... yes
checking whether to build shared libraries... yes
checking whether to build static libraries... yes
checking how to run the C preprocessor... cpp
checking for stdlib.h... (cached) yes
checking for unistd.h... (cached) yes
checking for sys/param.h... yes
checking for getpagesize... yes
checking for working mmap... yes
checking for memcpy... yes
checking for strerror... yes
checking for unistd.h... (cached) yes
configure: updating cache ./config.cache
checking that generated files are newer than configure... done
configure: creating ./config.status
config.status: creating Makefile
config.status: executing depfiles commands
config.status: executing libtool commands
make[1]: Entering directory '/work/build.CoreELEC-Amlogic-no.aarch64-22/build/binutils-2.47/.x86_64-linux-gnu/zlib'
/work/build.CoreELEC-Amlogic-no.aarch64-22/toolchain/bin/host-gcc -DPACKAGE_NAME=\"zlib\" -DPACKAGE_TARNAME=\"zlib\" -DPACKAGE_VERSION=\"1.3.1\" -DPACKAGE_STRING=\"zlib\ 1.3.1\" -DPACKAGE_BUGREPORT=\"\" -DPACKAGE_URL=\"\" -DPACKAGE=\"zlib\" -DVERSION=\"1.3.1\" -DSTDC_HEADERS=1 -DHAVE_SYS_TYPES_H=1 -DHAVE_SYS_STAT_H=1 -DHAVE_STDLIB_H=1 -DHAVE_STRING_H=1 -DHAVE_MEMORY_H=1 -DHAVE_STRINGS_H=1 -DHAVE_INTTYPES_H=1 -DHAVE_STDINT_H=1 -DHAVE_UNISTD_H=1 -DHAVE_DLFCN_H=1 -DLT_OBJDIR=\".libs/\" -DHAVE_STDLIB_H=1 -DHAVE_UNISTD_H=1 -DHAVE_SYS_PARAM_H=1 -DHAVE_GETPAGESIZE=1 -DHAVE_MMAP=1 -DHAVE_MEMCPY=1 -DHAVE_STRERROR=1 -DHAVE_UNISTD_H=1 -I. -I/work/build.CoreELEC-Amlogic-no.aarch64-22/build/binutils-2.47/zlib    -fcf-protection -mshstk -fPIC -g -O2   -MT libz_a-adler32.o -MD -MP -MF .deps/libz_a-adler32.Tpo -c -o libz_a-adler32.o `test -f 'adler32.c' || echo '/work/build.CoreELEC-Amlogic-no.aarch64-22/build/binutils-2.47/zlib/'`adler32.c
mv -f .deps/libz_a-adler32.Tpo .deps/libz_a-adler32.Po
/work/build.CoreELEC-Amlogic-no.aarch64-22/toolchain/bin/host-gcc -DPACKAGE_NAME=\"zlib\" -DPACKAGE_TARNAME=\"zlib\" -DPACKAGE_VERSION=\"1.3.1\" -DPACKAGE_STRING=\"zlib\ 1.3.1\" -DPACKAGE_BUGREPORT=\"\" -DPACKAGE_URL=\"\" -DPACKAGE=\"zlib\" -DVERSION=\"1.3.1\" -DSTDC_HEADERS=1 -DHAVE_SYS_TYPES_H=1 -DHAVE_SYS_STAT_H=1 -DHAVE_STDLIB_H=1 -DHAVE_STRING_H=1 -DHAVE_MEMORY_H=1 -DHAVE_STRINGS_H=1 -DHAVE_INTTYPES_H=1 -DHAVE_STDINT_H=1 -DHAVE_UNISTD_H=1 -DHAVE_DLFCN_H=1 -DLT_OBJDIR=\".libs/\" -DHAVE_STDLIB_H=1 -DHAVE_UNISTD_H=1 -DHAVE_SYS_PARAM_H=1 -DHAVE_GETPAGESIZE=1 -DHAVE_MMAP=1 -DHAVE_MEMCPY=1 -DHAVE_STRERROR=1 -DHAVE_UNISTD_H=1 -I. -I/work/build.CoreELEC-Amlogic-no.aarch64-22/build/binutils-2.47/zlib    -fcf-protection -mshstk -fPIC -g -O2   -MT libz_a-compress.o -MD -MP -MF .deps/libz_a-compress.Tpo -c -o libz_a-compress.o `test -f 'compress.c' || echo '/work/build.CoreELEC-Amlogic-no.aarch64-22/build/binutils-2.47/zlib/'`compress.c
mv -f .deps/libz_a-compress.Tpo .deps/libz_a-compress.Po
/work/build.CoreELEC-Amlogic-no.aarch64-22/toolchain/bin/host-gcc -DPACKAGE_NAME=\"zlib\" -DPACKAGE_TARNAME=\"zlib\" -DPACKAGE_VERSION=\"1.3.1\" -DPACKAGE_STRING=\"zlib\ 1.3.1\" -DPACKAGE_BUGREPORT=\"\" -DPACKAGE_URL=\"\" -DPACKAGE=\"zlib\" -DVERSION=\"1.3.1\" -DSTDC_HEADERS=1 -DHAVE_SYS_TYPES_H=1 -DHAVE_SYS_STAT_H=1 -DHAVE_STDLIB_H=1 -DHAVE_STRING_H=1 -DHAVE_MEMORY_H=1 -DHAVE_STRINGS_H=1 -DHAVE_INTTYPES_H=1 -DHAVE_STDINT_H=1 -DHAVE_UNISTD_H=1 -DHAVE_DLFCN_H=1 -DLT_OBJDIR=\".libs/\" -DHAVE_STDLIB_H=1 -DHAVE_UNISTD_H=1 -DHAVE_SYS_PARAM_H=1 -DHAVE_GETPAGESIZE=1 -DHAVE_MMAP=1 -DHAVE_MEMCPY=1 -DHAVE_STRERROR=1 -DHAVE_UNISTD_H=1 -I. -I/work/build.CoreELEC-Amlogic-no.aarch64-22/build/binutils-2.47/zlib    -fcf-protection -mshstk -fPIC -g -O2   -MT libz_a-crc32.o -MD -MP -MF .deps/libz_a-crc32.Tpo -c -o libz_a-crc32.o `test -f 'crc32.c' || echo '/work/build.CoreELEC-Amlogic-no.aarch64-22/build/binutils-2.47/zlib/'`crc32.c
mv -f .deps/libz_a-crc32.Tpo .deps/libz_a-crc32.Po
/work/build.CoreELEC-Amlogic-no.aarch64-22/toolchain/bin/host-gcc -DPACKAGE_NAME=\"zlib\" -DPACKAGE_TARNAME=\"zlib\" -DPACKAGE_VERSION=\"1.3.1\" -DPACKAGE_STRING=\"zlib\ 1.3.1\" -DPACKAGE_BUGREPORT=\"\" -DPACKAGE_URL=\"\" -DPACKAGE=\"zlib\" -DVERSION=\"1.3.1\" -DSTDC_HEADERS=1 -DHAVE_SYS_TYPES_H=1 -DHAVE_SYS_STAT_H=1 -DHAVE_STDLIB_H=1 -DHAVE_STRING_H=1 -DHAVE_MEMORY_H=1 -DHAVE_STRINGS_H=1 -DHAVE_INTTYPES_H=1 -DHAVE_STDINT_H=1 -DHAVE_UNISTD_H=1 -DHAVE_DLFCN_H=1 -DLT_OBJDIR=\".libs/\" -DHAVE_STDLIB_H=1 -DHAVE_UNISTD_H=1 -DHAVE_SYS_PARAM_H=1 -DHAVE_GETPAGESIZE=1 -DHAVE_MMAP=1 -DHAVE_MEMCPY=1 -DHAVE_STRERROR=1 -DHAVE_UNISTD_H=1 -I. -I/work/build.CoreELEC-Amlogic-no.aarch64-22/build/binutils-2.47/zlib    -fcf-protection -mshstk -fPIC -g -O2   -MT libz_a-deflate.o -MD -MP -MF .deps/libz_a-deflate.Tpo -c -o libz_a-deflate.o `test -f 'deflate.c' || echo '/work/build.CoreELEC-Amlogic-no.aarch64-22/build/binutils-2.47/zlib/'`deflate.c
mv -f .deps/libz_a-deflate.Tpo .deps/libz_a-deflate.Po
/work/build.CoreELEC-Amlogic-no.aarch64-22/toolchain/bin/host-gcc -DPACKAGE_NAME=\"zlib\" -DPACKAGE_TARNAME=\"zlib\" -DPACKAGE_VERSION=\"1.3.1\" -DPACKAGE_STRING=\"zlib\ 1.3.1\" -DPACKAGE_BUGREPORT=\"\" -DPACKAGE_URL=\"\" -DPACKAGE=\"zlib\" -DVERSION=\"1.3.1\" -DSTDC_HEADERS=1 -DHAVE_SYS_TYPES_H=1 -DHAVE_SYS_STAT_H=1 -DHAVE_STDLIB_H=1 -DHAVE_STRING_H=1 -DHAVE_MEMORY_H=1 -DHAVE_STRINGS_H=1 -DHAVE_INTTYPES_H=1 -DHAVE_STDINT_H=1 -DHAVE_UNISTD_H=1 -DHAVE_DLFCN_H=1 -DLT_OBJDIR=\".libs/\" -DHAVE_STDLIB_H=1 -DHAVE_UNISTD_H=1 -DHAVE_SYS_PARAM_H=1 -DHAVE_GETPAGESIZE=1 -DHAVE_MMAP=1 -DHAVE_MEMCPY=1 -DHAVE_STRERROR=1 -DHAVE_UNISTD_H=1 -I. -I/work/build.CoreELEC-Amlogic-no.aarch64-22/build/binutils-2.47/zlib    -fcf-protection -mshstk -fPIC -g -O2   -MT libz_a-gzread.o -MD -MP -MF .deps/libz_a-gzread.Tpo -c -o libz_a-gzread.o `test -f 'gzread.c' || echo '/work/build.CoreELEC-Amlogic-no.aarch64-22/build/binutils-2.47/zlib/'`gzread.c
mv -f .deps/libz_a-gzread.Tpo .deps/libz_a-gzread.Po
/work/build.CoreELEC-Amlogic-no.aarch64-22/toolchain/bin/host-gcc -DPACKAGE_NAME=\"zlib\" -DPACKAGE_TARNAME=\"zlib\" -DPACKAGE_VERSION=\"1.3.1\" -DPACKAGE_STRING=\"zlib\ 1.3.1\" -DPACKAGE_BUGREPORT=\"\" -DPACKAGE_URL=\"\" -DPACKAGE=\"zlib\" -DVERSION=\"1.3.1\" -DSTDC_HEADERS=1 -DHAVE_SYS_TYPES_H=1 -DHAVE_SYS_STAT_H=1 -DHAVE_STDLIB_H=1 -DHAVE_STRING_H=1 -DHAVE_MEMORY_H=1 -DHAVE_STRINGS_H=1 -DHAVE_INTTYPES_H=1 -DHAVE_STDINT_H=1 -DHAVE_UNISTD_H=1 -DHAVE_DLFCN_H=1 -DLT_OBJDIR=\".libs/\" -DHAVE_STDLIB_H=1 -DHAVE_UNISTD_H=1 -DHAVE_SYS_PARAM_H=1 -DHAVE_GETPAGESIZE=1 -DHAVE_MMAP=1 -DHAVE_MEMCPY=1 -DHAVE_STRERROR=1 -DHAVE_UNISTD_H=1 -I. -I/work/build.CoreELEC-Amlogic-no.aarch64-22/build/binutils-2.47/zlib    -fcf-protection -mshstk -fPIC -g -O2   -MT libz_a-gzclose.o -MD -MP -MF .deps/libz_a-gzclose.Tpo -c -o libz_a-gzclose.o `test -f 'gzclose.c' || echo '/work/build.CoreELEC-Amlogic-no.aarch64-22/build/binutils-2.47/zlib/'`gzclose.c
mv -f .deps/libz_a-gzclose.Tpo .deps/libz_a-gzclose.Po
/work/build.CoreELEC-Amlogic-no.aarch64-22/toolchain/bin/host-gcc -DPACKAGE_NAME=\"zlib\" -DPACKAGE_TARNAME=\"zlib\" -DPACKAGE_VERSION=\"1.3.1\" -DPACKAGE_STRING=\"zlib\ 1.3.1\" -DPACKAGE_BUGREPORT=\"\" -DPACKAGE_URL=\"\" -DPACKAGE=\"zlib\" -DVERSION=\"1.3.1\" -DSTDC_HEADERS=1 -DHAVE_SYS_TYPES_H=1 -DHAVE_SYS_STAT_H=1 -DHAVE_STDLIB_H=1 -DHAVE_STRING_H=1 -DHAVE_MEMORY_H=1 -DHAVE_STRINGS_H=1 -DHAVE_INTTYPES_H=1 -DHAVE_STDINT_H=1 -DHAVE_UNISTD_H=1 -DHAVE_DLFCN_H=1 -DLT_OBJDIR=\".libs/\" -DHAVE_STDLIB_H=1 -DHAVE_UNISTD_H=1 -DHAVE_SYS_PARAM_H=1 -DHAVE_GETPAGESIZE=1 -DHAVE_MMAP=1 -DHAVE_MEMCPY=1 -DHAVE_STRERROR=1 -DHAVE_UNISTD_H=1 -I. -I/work/build.CoreELEC-Amlogic-no.aarch64-22/build/binutils-2.47/zlib    -fcf-protection -mshstk -fPIC -g -O2   -MT libz_a-gzwrite.o -MD -MP -MF .deps/libz_a-gzwrite.Tpo -c -o libz_a-gzwrite.o `test -f 'gzwrite.c' || echo '/work/build.CoreELEC-Amlogic-no.aarch64-22/build/binutils-2.47/zlib/'`gzwrite.c
mv -f .deps/libz_a-gzwrite.Tpo .deps/libz_a-gzwrite.Po
/work/build.CoreELEC-Amlogic-no.aarch64-22/toolchain/bin/host-gcc -DPACKAGE_NAME=\"zlib\" -DPACKAGE_TARNAME=\"zlib\" -DPACKAGE_VERSION=\"1.3.1\" -DPACKAGE_STRING=\"zlib\ 1.3.1\" -DPACKAGE_BUGREPORT=\"\" -DPACKAGE_URL=\"\" -DPACKAGE=\"zlib\" -DVERSION=\"1.3.1\" -DSTDC_HEADERS=1 -DHAVE_SYS_TYPES_H=1 -DHAVE_SYS_STAT_H=1 -DHAVE_STDLIB_H=1 -DHAVE_STRING_H=1 -DHAVE_MEMORY_H=1 -DHAVE_STRINGS_H=1 -DHAVE_INTTYPES_H=1 -DHAVE_STDINT_H=1 -DHAVE_UNISTD_H=1 -DHAVE_DLFCN_H=1 -DLT_OBJDIR=\".libs/\" -DHAVE_STDLIB_H=1 -DHAVE_UNISTD_H=1 -DHAVE_SYS_PARAM_H=1 -DHAVE_GETPAGESIZE=1 -DHAVE_MMAP=1 -DHAVE_MEMCPY=1 -DHAVE_STRERROR=1 -DHAVE_UNISTD_H=1 -I. -I/work/build.CoreELEC-Amlogic-no.aarch64-22/build/binutils-2.47/zlib    -fcf-protection -mshstk -fPIC -g -O2   -MT libz_a-gzlib.o -MD -MP -MF .deps/libz_a-gzlib.Tpo -c -o libz_a-gzlib.o `test -f 'gzlib.c' || echo '/work/build.CoreELEC-Amlogic-no.aarch64-22/build/binutils-2.47/zlib/'`gzlib.c
mv -f .deps/libz_a-gzlib.Tpo .deps/libz_a-gzlib.Po
/work/build.CoreELEC-Amlogic-no.aarch64-22/toolchain/bin/host-gcc -DPACKAGE_NAME=\"zlib\" -DPACKAGE_TARNAME=\"zlib\" -DPACKAGE_VERSION=\"1.3.1\" -DPACKAGE_STRING=\"zlib\ 1.3.1\" -DPACKAGE_BUGREPORT=\"\" -DPACKAGE_URL=\"\" -DPACKAGE=\"zlib\" -DVERSION=\"1.3.1\" -DSTDC_HEADERS=1 -DHAVE_SYS_TYPES_H=1 -DHAVE_SYS_STAT_H=1 -DHAVE_STDLIB_H=1 -DHAVE_STRING_H=1 -DHAVE_MEMORY_H=1 -DHAVE_STRINGS_H=1 -DHAVE_INTTYPES_H=1 -DHAVE_STDINT_H=1 -DHAVE_UNISTD_H=1 -DHAVE_DLFCN_H=1 -DLT_OBJDIR=\".libs/\" -DHAVE_STDLIB_H=1 -DHAVE_UNISTD_H=1 -DHAVE_SYS_PARAM_H=1 -DHAVE_GETPAGESIZE=1 -DHAVE_MMAP=1 -DHAVE_MEMCPY=1 -DHAVE_STRERROR=1 -DHAVE_UNISTD_H=1 -I. -I/work/build.CoreELEC-Amlogic-no.aarch64-22/build/binutils-2.47/zlib    -fcf-protection -mshstk -fPIC -g -O2   -MT libz_a-infback.o -MD -MP -MF .deps/libz_a-infback.Tpo -c -o libz_a-infback.o `test -f 'infback.c' || echo '/work/build.CoreELEC-Amlogic-no.aarch64-22/build/binutils-2.47/zlib/'`infback.c
mv -f .deps/libz_a-infback.Tpo .deps/libz_a-infback.Po
/work/build.CoreELEC-Amlogic-no.aarch64-22/toolchain/bin/host-gcc -DPACKAGE_NAME=\"zlib\" -DPACKAGE_TARNAME=\"zlib\" -DPACKAGE_VERSION=\"1.3.1\" -DPACKAGE_STRING=\"zlib\ 1.3.1\" -DPACKAGE_BUGREPORT=\"\" -DPACKAGE_URL=\"\" -DPACKAGE=\"zlib\" -DVERSION=\"1.3.1\" -DSTDC_HEADERS=1 -DHAVE_SYS_TYPES_H=1 -DHAVE_SYS_STAT_H=1 -DHAVE_STDLIB_H=1 -DHAVE_STRING_H=1 -DHAVE_MEMORY_H=1 -DHAVE_STRINGS_H=1 -DHAVE_INTTYPES_H=1 -DHAVE_STDINT_H=1 -DHAVE_UNISTD_H=1 -DHAVE_DLFCN_H=1 -DLT_OBJDIR=\".libs/\" -DHAVE_STDLIB_H=1 -DHAVE_UNISTD_H=1 -DHAVE_SYS_PARAM_H=1 -DHAVE_GETPAGESIZE=1 -DHAVE_MMAP=1 -DHAVE_MEMCPY=1 -DHAVE_STRERROR=1 -DHAVE_UNISTD_H=1 -I. -I/work/build.CoreELEC-Amlogic-no.aarch64-22/build/binutils-2.47/zlib    -fcf-protection -mshstk -fPIC -g -O2   -MT libz_a-inffast.o -MD -MP -MF .deps/libz_a-inffast.Tpo -c -o libz_a-inffast.o `test -f 'inffast.c' || echo '/work/build.CoreELEC-Amlogic-no.aarch64-22/build/binutils-2.47/zlib/'`inffast.c
mv -f .deps/libz_a-inffast.Tpo .deps/libz_a-inffast.Po
/work/build.CoreELEC-Amlogic-no.aarch64-22/toolchain/bin/host-gcc -DPACKAGE_NAME=\"zlib\" -DPACKAGE_TARNAME=\"zlib\" -DPACKAGE_VERSION=\"1.3.1\" -DPACKAGE_STRING=\"zlib\ 1.3.1\" -DPACKAGE_BUGREPORT=\"\" -DPACKAGE_URL=\"\" -DPACKAGE=\"zlib\" -DVERSION=\"1.3.1\" -DSTDC_HEADERS=1 -DHAVE_SYS_TYPES_H=1 -DHAVE_SYS_STAT_H=1 -DHAVE_STDLIB_H=1 -DHAVE_STRING_H=1 -DHAVE_MEMORY_H=1 -DHAVE_STRINGS_H=1 -DHAVE_INTTYPES_H=1 -DHAVE_STDINT_H=1 -DHAVE_UNISTD_H=1 -DHAVE_DLFCN_H=1 -DLT_OBJDIR=\".libs/\" -DHAVE_STDLIB_H=1 -DHAVE_UNISTD_H=1 -DHAVE_SYS_PARAM_H=1 -DHAVE_GETPAGESIZE=1 -DHAVE_MMAP=1 -DHAVE_MEMCPY=1 -DHAVE_STRERROR=1 -DHAVE_UNISTD_H=1 -I. -I/work/build.CoreELEC-Amlogic-no.aarch64-22/build/binutils-2.47/zlib    -fcf-protection -mshstk -fPIC -g -O2   -MT libz_a-inflate.o -MD -MP -MF .deps/libz_a-inflate.Tpo -c -o libz_a-inflate.o `test -f 'inflate.c' || echo '/work/build.CoreELEC-Amlogic-no.aarch64-22/build/binutils-2.47/zlib/'`inflate.c
mv -f .deps/libz_a-inflate.Tpo .deps/libz_a-inflate.Po
/work/build.CoreELEC-Amlogic-no.aarch64-22/toolchain/bin/host-gcc -DPACKAGE_NAME=\"zlib\" -DPACKAGE_TARNAME=\"zlib\" -DPACKAGE_VERSION=\"1.3.1\" -DPACKAGE_STRING=\"zlib\ 1.3.1\" -DPACKAGE_BUGREPORT=\"\" -DPACKAGE_URL=\"\" -DPACKAGE=\"zlib\" -DVERSION=\"1.3.1\" -DSTDC_HEADERS=1 -DHAVE_SYS_TYPES_H=1 -DHAVE_SYS_STAT_H=1 -DHAVE_STDLIB_H=1 -DHAVE_STRING_H=1 -DHAVE_MEMORY_H=1 -DHAVE_STRINGS_H=1 -DHAVE_INTTYPES_H=1 -DHAVE_STDINT_H=1 -DHAVE_UNISTD_H=1 -DHAVE_DLFCN_H=1 -DLT_OBJDIR=\".libs/\" -DHAVE_STDLIB_H=1 -DHAVE_UNISTD_H=1 -DHAVE_SYS_PARAM_H=1 -DHAVE_GETPAGESIZE=1 -DHAVE_MMAP=1 -DHAVE_MEMCPY=1 -DHAVE_STRERROR=1 -DHAVE_UNISTD_H=1 -I. -I/work/build.CoreELEC-Amlogic-no.aarch64-22/build/binutils-2.47/zlib    -fcf-protection -mshstk -fPIC -g -O2   -MT libz_a-inftrees.o -MD -MP -MF .deps/libz_a-inftrees.Tpo -c -o libz_a-inftrees.o `test -f 'inftrees.c' || echo '/work/build.CoreELEC-Amlogic-no.aarch64-22/build/binutils-2.47/zlib/'`inftrees.c
mv -f .deps/libz_a-inftrees.Tpo .deps/libz_a-inftrees.Po
/work/build.CoreELEC-Amlogic-no.aarch64-22/toolchain/bin/host-gcc -DPACKAGE_NAME=\"zlib\" -DPACKAGE_TARNAME=\"zlib\" -DPACKAGE_VERSION=\"1.3.1\" -DPACKAGE_STRING=\"zlib\ 1.3.1\" -DPACKAGE_BUGREPORT=\"\" -DPACKAGE_URL=\"\" -DPACKAGE=\"zlib\" -DVERSION=\"1.3.1\" -DSTDC_HEADERS=1 -DHAVE_SYS_TYPES_H=1 -DHAVE_SYS_STAT_H=1 -DHAVE_STDLIB_H=1 -DHAVE_STRING_H=1 -DHAVE_MEMORY_H=1 -DHAVE_STRINGS_H=1 -DHAVE_INTTYPES_H=1 -DHAVE_STDINT_H=1 -DHAVE_UNISTD_H=1 -DHAVE_DLFCN_H=1 -DLT_OBJDIR=\".libs/\" -DHAVE_STDLIB_H=1 -DHAVE_UNISTD_H=1 -DHAVE_SYS_PARAM_H=1 -DHAVE_GETPAGESIZE=1 -DHAVE_MMAP=1 -DHAVE_MEMCPY=1 -DHAVE_STRERROR=1 -DHAVE_UNISTD_H=1 -I. -I/work/build.CoreELEC-Amlogic-no.aarch64-22/build/binutils-2.47/zlib    -fcf-protection -mshstk -fPIC -g -O2   -MT libz_a-trees.o -MD -MP -MF .deps/libz_a-trees.Tpo -c -o libz_a-trees.o `test -f 'trees.c' || echo '/work/build.CoreELEC-Amlogic-no.aarch64-22/build/binutils-2.47/zlib/'`trees.c
mv -f .deps/libz_a-trees.Tpo .deps/libz_a-trees.Po
/work/build.CoreELEC-Amlogic-no.aarch64-22/toolchain/bin/host-gcc -DPACKAGE_NAME=\"zlib\" -DPACKAGE_TARNAME=\"zlib\" -DPACKAGE_VERSION=\"1.3.1\" -DPACKAGE_STRING=\"zlib\ 1.3.1\" -DPACKAGE_BUGREPORT=\"\" -DPACKAGE_URL=\"\" -DPACKAGE=\"zlib\" -DVERSION=\"1.3.1\" -DSTDC_HEADERS=1 -DHAVE_SYS_TYPES_H=1 -DHAVE_SYS_STAT_H=1 -DHAVE_STDLIB_H=1 -DHAVE_STRING_H=1 -DHAVE_MEMORY_H=1 -DHAVE_STRINGS_H=1 -DHAVE_INTTYPES_H=1 -DHAVE_STDINT_H=1 -DHAVE_UNISTD_H=1 -DHAVE_DLFCN_H=1 -DLT_OBJDIR=\".libs/\" -DHAVE_STDLIB_H=1 -DHAVE_UNISTD_H=1 -DHAVE_SYS_PARAM_H=1 -DHAVE_GETPAGESIZE=1 -DHAVE_MMAP=1 -DHAVE_MEMCPY=1 -DHAVE_STRERROR=1 -DHAVE_UNISTD_H=1 -I. -I/work/build.CoreELEC-Amlogic-no.aarch64-22/build/binutils-2.47/zlib    -fcf-protection -mshstk -fPIC -g -O2   -MT libz_a-uncompr.o -MD -MP -MF .deps/libz_a-uncompr.Tpo -c -o libz_a-uncompr.o `test -f 'uncompr.c' || echo '/work/build.CoreELEC-Amlogic-no.aarch64-22/build/binutils-2.47/zlib/'`uncompr.c
mv -f .deps/libz_a-uncompr.Tpo .deps/libz_a-uncompr.Po
/work/build.CoreELEC-Amlogic-no.aarch64-22/toolchain/bin/host-gcc -DPACKAGE_NAME=\"zlib\" -DPACKAGE_TARNAME=\"zlib\" -DPACKAGE_VERSION=\"1.3.1\" -DPACKAGE_STRING=\"zlib\ 1.3.1\" -DPACKAGE_BUGREPORT=\"\" -DPACKAGE_URL=\"\" -DPACKAGE=\"zlib\" -DVERSION=\"1.3.1\" -DSTDC_HEADERS=1 -DHAVE_SYS_TYPES_H=1 -DHAVE_SYS_STAT_H=1 -DHAVE_STDLIB_H=1 -DHAVE_STRING_H=1 -DHAVE_MEMORY_H=1 -DHAVE_STRINGS_H=1 -DHAVE_INTTYPES_H=1 -DHAVE_STDINT_H=1 -DHAVE_UNISTD_H=1 -DHAVE_DLFCN_H=1 -DLT_OBJDIR=\".libs/\" -DHAVE_STDLIB_H=1 -DHAVE_UNISTD_H=1 -DHAVE_SYS_PARAM_H=1 -DHAVE_GETPAGESIZE=1 -DHAVE_MMAP=1 -DHAVE_MEMCPY=1 -DHAVE_STRERROR=1 -DHAVE_UNISTD_H=1 -I. -I/work/build.CoreELEC-Amlogic-no.aarch64-22/build/binutils-2.47/zlib    -fcf-protection -mshstk -fPIC -g -O2   -MT libz_a-zutil.o -MD -MP -MF .deps/libz_a-zutil.Tpo -c -o libz_a-zutil.o `test -f 'zutil.c' || echo '/work/build.CoreELEC-Amlogic-no.aarch64-22/build/binutils-2.47/zlib/'`zutil.c
mv -f .deps/libz_a-zutil.Tpo .deps/libz_a-zutil.Po
rm -f libz.a
ar --plugin /usr/libexec/gcc/x86_64-linux-gnu/14/liblto_plugin.so cru libz.a libz_a-adler32.o libz_a-compress.o libz_a-crc32.o libz_a-deflate.o libz_a-gzread.o libz_a-gzclose.o libz_a-gzwrite.o libz_a-gzlib.o libz_a-infback.o libz_a-inffast.o libz_a-inflate.o libz_a-inftrees.o libz_a-trees.o libz_a-uncompr.o libz_a-zutil.o 
ar: `u' modifier ignored since `D' is the default (see `U')
ranlib --plugin /usr/libexec/gcc/x86_64-linux-gnu/14/liblto_plugin.so libz.a
true "AR_FLAGS=rc" "CC_FOR_BUILD=/work/build.CoreELEC-Amlogic-no.aarch64-22/toolchain/bin/host-gcc" "CFLAGS=-g -O2  " "CXXFLAGS=-g -O2  " "CFLAGS_FOR_BUILD=-g -O2" "CFLAGS_FOR_TARGET=-g -O2" "INSTALL=/usr/bin/install -c" "INSTALL_DATA=/usr/bin/install -c -m 644" "INSTALL_PROGRAM=/usr/bin/install -c" "INSTALL_SCRIPT=/usr/bin/install -c" "LDFLAGS=" "LIBCFLAGS=-g -O2  " "LIBCFLAGS_FOR_TARGET=-g -O2" "MAKE=make" "MAKEINFO=makeinfo --split-size=5000000 " "PICFLAG=-fPIC" "PICFLAG_FOR_TARGET=" "SHELL=/bin/dash" "EXPECT=expect" "RUNTEST=runtest" "RUNTESTFLAGS=" "exec_prefix=/work/build.CoreELEC-Amlogic-no.aarch64-22/toolchain" "infodir=/work/build.CoreELEC-Amlogic-no.aarch64-22/toolchain/share/info" "libdir=/work/build.CoreELEC-Amlogic-no.aarch64-22/toolchain/lib" "prefix=/work/build.CoreELEC-Amlogic-no.aarch64-22/toolchain" "tooldir=/work/build.CoreELEC-Amlogic-no.aarch64-22/toolchain/aarch64-libreelec-linux-gnu" "AR=ar --plugin /usr/libexec/gcc/x86_64-linux-gnu/14/liblto_plugin.so" "AS=as" "CC=/work/build.CoreELEC-Amlogic-no.aarch64-22/toolchain/bin/host-gcc" "CXX=/work/build.CoreELEC-Amlogic-no.aarch64-22/toolchain/bin/host-g++" "LD=ld" "LIBCFLAGS=-g -O2  " "NM=nm --plugin /usr/libexec/gcc/x86_64-linux-gnu/14/liblto_plugin.so" "PICFLAG=-fPIC" "RANLIB=ranlib --plugin /usr/libexec/gcc/x86_64-linux-gnu/14/liblto_plugin.so" "DESTDIR=" DO=all multi-do # make
make[1]: Leaving directory '/work/build.CoreELEC-Amlogic-no.aarch64-22/build/binutils-2.47/.x86_64-linux-gnu/zlib'
mkdir -p -- ./libsframe
Configuring in ./libsframe
configure: creating cache ./config.cache
checking build system type... x86_64-pc-linux-gnu
checking host system type... x86_64-pc-linux-gnu
checking target system type... aarch64-libreelec-linux-gnu
checking for x86_64-linux-gnu-gcc... /work/build.CoreELEC-Amlogic-no.aarch64-22/toolchain/bin/host-gcc
checking whether the C compiler works... yes
checking for C compiler default output file name... a.out
checking for suffix of executables... 
checking whether we are cross compiling... no
checking for suffix of object files... o
checking whether we are using the GNU C compiler... yes
checking whether /work/build.CoreELEC-Amlogic-no.aarch64-22/toolchain/bin/host-gcc accepts -g... yes
checking for /work/build.CoreELEC-Amlogic-no.aarch64-22/toolchain/bin/host-gcc option to accept ISO C89... none needed
checking whether /work/build.CoreELEC-Amlogic-no.aarch64-22/toolchain/bin/host-gcc understands -c and -o together... yes
checking how to run the C preprocessor... cpp
checking for grep that handles long lines and -e... /usr/bin/grep
checking for egrep... /usr/bin/grep -E
checking for ANSI C header files... yes
checking for sys/types.h... yes
checking for sys/stat.h... yes
checking for stdlib.h... yes
checking for string.h... yes
checking for memory.h... yes
checking for strings.h... yes
checking for inttypes.h... yes
checking for stdint.h... yes
checking for unistd.h... yes
checking minix/config.h usability... no
checking minix/config.h presence... no
checking for minix/config.h... no
checking whether it is safe to define __EXTENSIONS__... yes
checking for a BSD-compatible install... /usr/bin/install -c
checking whether build environment is sane... yes
checking for a thread-safe mkdir -p... /usr/bin/mkdir -p
checking for gawk... gawk
checking whether make sets $(MAKE)... yes
checking for style of include used by make... GNU
checking whether make supports nested variables... yes
checking dependency style of /work/build.CoreELEC-Amlogic-no.aarch64-22/toolchain/bin/host-gcc... gcc3
checking whether make supports nested variables... (cached) yes
checking whether make sets $(MAKE)... (cached) yes
checking for x86_64-linux-gnu-gcc... (cached) /work/build.CoreELEC-Amlogic-no.aarch64-22/toolchain/bin/host-gcc
checking whether we are using the GNU C compiler... (cached) yes
checking whether /work/build.CoreELEC-Amlogic-no.aarch64-22/toolchain/bin/host-gcc accepts -g... (cached) yes
checking for /work/build.CoreELEC-Amlogic-no.aarch64-22/toolchain/bin/host-gcc option to accept ISO C89... (cached) none needed
checking whether /work/build.CoreELEC-Amlogic-no.aarch64-22/toolchain/bin/host-gcc understands -c and -o together... (cached) yes
checking for x86_64-linux-gnu-ranlib... ranlib --plugin /usr/libexec/gcc/x86_64-linux-gnu/14/liblto_plugin.so
checking for x86_64-linux-gnu-ar... ar --plugin /usr/libexec/gcc/x86_64-linux-gnu/14/liblto_plugin.so
checking the archiver (ar --plugin /usr/libexec/gcc/x86_64-linux-gnu/14/liblto_plugin.so) interface... ar
checking how to print strings... printf
checking for a sed that does not truncate output... /work/build.CoreELEC-Amlogic-no.aarch64-22/toolchain/bin/sed
checking for fgrep... /usr/bin/grep -F
checking for ld used by /work/build.CoreELEC-Amlogic-no.aarch64-22/toolchain/bin/host-gcc... ld
checking if the linker (ld) is GNU ld... yes
checking for BSD- or MS-compatible name lister (nm)... /usr/bin/nm --plugin /usr/libexec/gcc/x86_64-linux-gnu/14/liblto_plugin.so -B
checking the name lister (/usr/bin/nm --plugin /usr/libexec/gcc/x86_64-linux-gnu/14/liblto_plugin.so -B) interface... BSD nm
checking whether ln -s works... yes
checking the maximum length of command line arguments... 1572864
checking whether the shell understands some XSI constructs... yes
checking whether the shell understands "+="... no
checking for ld option to reload object files... -r
checking for x86_64-linux-gnu-objdump... objdump
checking how to recognize dependent libraries... pass_all
checking for clang... no
checking for x86_64-linux-gnu-llvm-config... no
checking for llvm-config... no
checking for x86_64-linux-gnu-ar... (cached) ar --plugin /usr/libexec/gcc/x86_64-linux-gnu/14/liblto_plugin.so
checking for -plugin option... --plugin /usr/libexec/gcc/x86_64-linux-gnu/14/liblto_plugin.so
checking for x86_64-linux-gnu-ar... (cached) ar --plugin /usr/libexec/gcc/x86_64-linux-gnu/14/liblto_plugin.so
checking for x86_64-linux-gnu-strip... strip
checking for x86_64-linux-gnu-ranlib... (cached) ranlib --plugin /usr/libexec/gcc/x86_64-linux-gnu/14/liblto_plugin.so
checking command to parse /usr/bin/nm --plugin /usr/libexec/gcc/x86_64-linux-gnu/14/liblto_plugin.so -B output from /work/build.CoreELEC-Amlogic-no.aarch64-22/toolchain/bin/host-gcc object... ok
checking for dlfcn.h... yes
checking for objdir... .libs
checking if /work/build.CoreELEC-Amlogic-no.aarch64-22/toolchain/bin/host-gcc supports -fno-rtti -fno-exceptions... no
checking for /work/build.CoreELEC-Amlogic-no.aarch64-22/toolchain/bin/host-gcc option to produce PIC... -fPIC -DPIC
checking if /work/build.CoreELEC-Amlogic-no.aarch64-22/toolchain/bin/host-gcc PIC flag -fPIC -DPIC works... yes
checking if /work/build.CoreELEC-Amlogic-no.aarch64-22/toolchain/bin/host-gcc static flag -static works... yes
checking if /work/build.CoreELEC-Amlogic-no.aarch64-22/toolchain/bin/host-gcc supports -c -o file.o... yes
checking if /work/build.CoreELEC-Amlogic-no.aarch64-22/toolchain/bin/host-gcc supports -c -o file.o... (cached) yes
checking whether the /work/build.CoreELEC-Amlogic-no.aarch64-22/toolchain/bin/host-gcc linker (ld -m elf_x86_64) supports shared libraries... yes
checking whether -lc should be explicitly linked in... no
checking dynamic linker characteristics... GNU/Linux ld.so
checking how to hardcode library paths into programs... immediate
checking whether stripping libraries is possible... yes
checking if libtool supports shared libraries... yes
checking whether to build shared libraries... yes
checking whether to build static libraries... yes
checking for special C compiler options needed for large files... no
checking for _FILE_OFFSET_BITS value needed for large files... no
checking for aclocal... ${SHELL} /work/build.CoreELEC-Amlogic-no.aarch64-22/build/binutils-2.47/missing aclocal-1.15
checking for autoconf... ${SHELL} /work/build.CoreELEC-Amlogic-no.aarch64-22/build/binutils-2.47/missing autoconf
checking for autoheader... ${SHELL} /work/build.CoreELEC-Amlogic-no.aarch64-22/build/binutils-2.47/missing autoheader
checking whether /work/build.CoreELEC-Amlogic-no.aarch64-22/toolchain/bin/host-gcc supports -Wall... yes
checking whether /work/build.CoreELEC-Amlogic-no.aarch64-22/toolchain/bin/host-gcc supports -Wextra... yes
checking whether /work/build.CoreELEC-Amlogic-no.aarch64-22/toolchain/bin/host-gcc supports -Wwrite-strings... yes
checking whether /work/build.CoreELEC-Amlogic-no.aarch64-22/toolchain/bin/host-gcc supports -Wmissing-format-attribute... yes
checking whether /work/build.CoreELEC-Amlogic-no.aarch64-22/toolchain/bin/host-gcc supports -Wstrict-prototypes... yes
checking whether /work/build.CoreELEC-Amlogic-no.aarch64-22/toolchain/bin/host-gcc supports -Wmissing-prototypes... yes
checking for incompatibility between DejaGnu and GCC... 
no
checking for makeinfo... makeinfo
checking if using Solaris linker... no
yes
checking whether to enable maintainer-specific portions of Makefiles... no
checking whether to install libbfd... yes
checking for stdlib.h... (cached) yes
checking for unistd.h... (cached) yes
checking for sys/param.h... yes
checking for getpagesize... yes
checking for working mmap... yes
checking byteswap.h usability... yes
checking byteswap.h presence... yes
checking for byteswap.h... yes
checking endian.h usability... yes
checking endian.h presence... yes
checking for endian.h... yes
checking whether bswap_16 is declared... yes
checking whether bswap_32 is declared... yes
checking whether bswap_64 is declared... yes
configure: updating cache ./config.cache
checking that generated files are newer than configure... done
configure: creating ./config.status
config.status: creating Makefile
config.status: creating config.h
config.status: executing depfiles commands
config.status: executing libtool commands
make[1]: Entering directory '/work/build.CoreELEC-Amlogic-no.aarch64-22/build/binutils-2.47/.x86_64-linux-gnu/libsframe'
make  all-am
make[2]: Entering directory '/work/build.CoreELEC-Amlogic-no.aarch64-22/build/binutils-2.47/.x86_64-linux-gnu/libsframe'
  CC       libsframe_la-sframe.lo
  CC       libsframe_la-sframe-dump.lo
  CC       libsframe_la-sframe-error.lo
  CCLD     libsframe.la
ar: `u' modifier ignored since `D' is the default (see `U')
make[2]: Leaving directory '/work/build.CoreELEC-Amlogic-no.aarch64-22/build/binutils-2.47/.x86_64-linux-gnu/libsframe'
make[1]: Leaving directory '/work/build.CoreELEC-Amlogic-no.aarch64-22/build/binutils-2.47/.x86_64-linux-gnu/libsframe'
make[1]: Entering directory '/work/build.CoreELEC-Amlogic-no.aarch64-22/build/binutils-2.47/.x86_64-linux-gnu/bfd'
  GEN      bfdver.h
  GEN      elf32-target.h
  GEN      elf64-target.h
  GEN      targmatch.h
Making info in po
make[2]: Entering directory '/work/build.CoreELEC-Amlogic-no.aarch64-22/build/binutils-2.47/.x86_64-linux-gnu/bfd/po'
( if test 'x/work/build.CoreELEC-Amlogic-no.aarch64-22/build/binutils-2.47/bfd/po' != 'x.'; then \
    posrcprefix='/work/build.CoreELEC-Amlogic-no.aarch64-22/build/binutils-2.47/bfd/'; \
  else \
    posrcprefix="../"; \
  fi; \
  rm -f SRC-POTFILES-t SRC-POTFILES \
    && (sed -e '/^#/d' \
            -e '/^[ 	]*$/d' \
	    -e "s@.*@	$posrcprefix& \\\\@" < /work/build.CoreELEC-Amlogic-no.aarch64-22/build/binutils-2.47/bfd/po/SRC-POTFILES.in \
	| sed -e '$s/\\$//') > SRC-POTFILES-t \
    && chmod a-w SRC-POTFILES-t \
    && mv SRC-POTFILES-t SRC-POTFILES )
( rm -f BLD-POTFILES-t BLD-POTFILES \
    && (sed -e '/^#/d' \
            -e '/^[ 	]*$/d' \
	    -e "s@.*@	../& \\\\@" < /work/build.CoreELEC-Amlogic-no.aarch64-22/build/binutils-2.47/bfd/po/BLD-POTFILES.in \
	| sed -e '$s/\\$//') > BLD-POTFILES-t \
    && chmod a-w BLD-POTFILES-t \
    && mv BLD-POTFILES-t BLD-POTFILES )
cd .. \
  && CONFIG_FILES=po/Makefile.in:po/Make-in \
     CONFIG_HEADERS= /bin/dash ./config.status
config.status: creating po/Makefile.in
config.status: executing depfiles commands
config.status: executing libtool commands
config.status: executing default-1 commands
config.status: executing default commands
make[2]: Nothing to be done for 'info'.
make[2]: Leaving directory '/work/build.CoreELEC-Amlogic-no.aarch64-22/build/binutils-2.47/.x86_64-linux-gnu/bfd/po'
make[2]: Entering directory '/work/build.CoreELEC-Amlogic-no.aarch64-22/build/binutils-2.47/.x86_64-linux-gnu/bfd'
make[2]: Nothing to be done for 'info-am'.
make[2]: Leaving directory '/work/build.CoreELEC-Amlogic-no.aarch64-22/build/binutils-2.47/.x86_64-linux-gnu/bfd'
make  all-recursive
make[2]: Entering directory '/work/build.CoreELEC-Amlogic-no.aarch64-22/build/binutils-2.47/.x86_64-linux-gnu/bfd'
Making all in po
make[3]: Entering directory '/work/build.CoreELEC-Amlogic-no.aarch64-22/build/binutils-2.47/.x86_64-linux-gnu/bfd/po'
make[3]: Nothing to be done for 'all'.
make[3]: Leaving directory '/work/build.CoreELEC-Amlogic-no.aarch64-22/build/binutils-2.47/.x86_64-linux-gnu/bfd/po'
make[3]: Entering directory '/work/build.CoreELEC-Amlogic-no.aarch64-22/build/binutils-2.47/.x86_64-linux-gnu/bfd'
rm -f bfd-tmp.h
cp bfd-in3.h bfd-tmp.h
/bin/dash /work/build.CoreELEC-Amlogic-no.aarch64-22/build/binutils-2.47/bfd/../move-if-change bfd-tmp.h bfd.h
rm -f bfd-tmp.h
touch stmp-bfd-h
  CC       archive.lo
  CC       archures.lo
  CC       bfd.lo
  CC       bfdio.lo
  CC       cache.lo
  CC       coff-bfd.lo
  CC       compress.lo
  CC       corefile.lo
  CC       format.lo
  CC       hash.lo
  CC       libbfd.lo
  CC       linker.lo
  CC       merge.lo
  CC       opncls.lo
  CC       reloc.lo
  CC       section.lo
  CC       simple.lo
  CC       stab-syms.lo
  CC       stabs.lo
  CC       syms.lo
  CC       targets.lo
  CC       binary.lo
  CC       ihex.lo
  CC       srec.lo
  CC       tekhex.lo
  CC       verilog.lo
  GEN      elf64-aarch64.c
  CC       elf64-aarch64.lo
  CC       elfxx-aarch64.lo
  CC       elf-ifunc.lo
  CC       elf64.lo
  CC       elf-attrs.lo
  CC       elf-sframe.lo
  CC       elf.lo
  CC       elflink.lo
  CC       elf-strtab.lo
  CC       elf-eh-frame.lo
  CC       elf-properties.lo
  CC       dwarf1.lo
  CC       dwarf2.lo
  GEN      elf32-aarch64.c
  CC       elf32-aarch64.lo
  CC       elf32.lo
  CC       elf32-arm.lo
  CC       pei-aarch64.lo
  GEN      pe-aarch64igen.c
  CC       pe-aarch64igen.lo
  CC       cofflink.lo
  CC       coffgen.lo
  CC       pe-aarch64.lo
  CC       elf64-gen.lo
  CC       elf32-gen.lo
  CC       plugin.lo
  CC       cpu-aarch64.lo
  CC       cpu-arm.lo
  CC       archive64.lo
rm -f tofiles
f=""; \
for i in elf64-aarch64.lo elfxx-aarch64.lo elf-ifunc.lo elf64.lo elf-attrs.lo elf-sframe.lo elf.lo elflink.lo elf-strtab.lo elf-eh-frame.lo elf-properties.lo dwarf1.lo dwarf2.lo elf32-aarch64.lo elf32.lo elf32-arm.lo pei-aarch64.lo pe-aarch64igen.lo cofflink.lo coffgen.lo pe-aarch64.lo elf64-gen.lo elf32-gen.lo plugin.lo cpu-aarch64.lo cpu-arm.lo  archive64.lo ; do \
  case " $f " in \
    *" $i "*) ;; \
    *) f="$f $i" ;; \
  esac ; \
done ; \
echo $f > tofiles
/bin/dash /work/build.CoreELEC-Amlogic-no.aarch64-22/build/binutils-2.47/bfd/../move-if-change tofiles ofiles
touch stamp-ofiles
  CCLD     libbfd.la
ar: `u' modifier ignored since `D' is the default (see `U')
make[3]: Leaving directory '/work/build.CoreELEC-Amlogic-no.aarch64-22/build/binutils-2.47/.x86_64-linux-gnu/bfd'
make[2]: Leaving directory '/work/build.CoreELEC-Amlogic-no.aarch64-22/build/binutils-2.47/.x86_64-linux-gnu/bfd'
make[1]: Leaving directory '/work/build.CoreELEC-Amlogic-no.aarch64-22/build/binutils-2.47/.x86_64-linux-gnu/bfd'
mkdir -p -- ./opcodes
Configuring in ./opcodes
configure: creating cache ./config.cache
checking build system type... x86_64-pc-linux-gnu
checking host system type... x86_64-pc-linux-gnu
checking target system type... aarch64-libreelec-linux-gnu
checking for a BSD-compatible install... /usr/bin/install -c
checking whether build environment is sane... yes
checking for a thread-safe mkdir -p... /usr/bin/mkdir -p
checking for gawk... gawk
checking whether make sets $(MAKE)... yes
checking whether make supports nested variables... yes
checking whether make supports nested variables... (cached) yes
checking for x86_64-linux-gnu-gcc... /work/build.CoreELEC-Amlogic-no.aarch64-22/toolchain/bin/host-gcc
checking whether the C compiler works... yes
checking for C compiler default output file name... a.out
checking for suffix of executables... 
checking whether we are cross compiling... no
checking for suffix of object files... o
checking whether we are using the GNU C compiler... yes
checking whether /work/build.CoreELEC-Amlogic-no.aarch64-22/toolchain/bin/host-gcc accepts -g... yes
checking for /work/build.CoreELEC-Amlogic-no.aarch64-22/toolchain/bin/host-gcc option to accept ISO C89... none needed
checking whether /work/build.CoreELEC-Amlogic-no.aarch64-22/toolchain/bin/host-gcc understands -c and -o together... yes
checking for style of include used by make... GNU
checking dependency style of /work/build.CoreELEC-Amlogic-no.aarch64-22/toolchain/bin/host-gcc... gcc3
checking how to run the C preprocessor... cpp
checking for grep that handles long lines and -e... /usr/bin/grep
checking for egrep... /usr/bin/grep -E
checking for ANSI C header files... yes
checking for sys/types.h... yes
checking for sys/stat.h... yes
checking for stdlib.h... yes
checking for string.h... yes
checking for memory.h... yes
checking for strings.h... yes
checking for inttypes.h... yes
checking for stdint.h... yes
checking for unistd.h... yes
checking minix/config.h usability... no
checking minix/config.h presence... no
checking for minix/config.h... no
checking whether it is safe to define __EXTENSIONS__... yes
checking for x86_64-linux-gnu-ar... ar --plugin /usr/libexec/gcc/x86_64-linux-gnu/14/liblto_plugin.so
checking for x86_64-linux-gnu-ranlib... ranlib --plugin /usr/libexec/gcc/x86_64-linux-gnu/14/liblto_plugin.so
checking how to print strings... printf
checking for a sed that does not truncate output... /work/build.CoreELEC-Amlogic-no.aarch64-22/toolchain/bin/sed
checking for fgrep... /usr/bin/grep -F
checking for ld used by /work/build.CoreELEC-Amlogic-no.aarch64-22/toolchain/bin/host-gcc... ld
checking if the linker (ld) is GNU ld... yes
checking for BSD- or MS-compatible name lister (nm)... /usr/bin/nm --plugin /usr/libexec/gcc/x86_64-linux-gnu/14/liblto_plugin.so -B
checking the name lister (/usr/bin/nm --plugin /usr/libexec/gcc/x86_64-linux-gnu/14/liblto_plugin.so -B) interface... BSD nm
checking whether ln -s works... yes
checking the maximum length of command line arguments... 1572864
checking whether the shell understands some XSI constructs... yes
checking whether the shell understands "+="... no
checking for ld option to reload object files... -r
checking for x86_64-linux-gnu-objdump... objdump
checking how to recognize dependent libraries... pass_all
checking for clang... no
checking for x86_64-linux-gnu-llvm-config... no
checking for llvm-config... no
checking for x86_64-linux-gnu-ar... (cached) ar --plugin /usr/libexec/gcc/x86_64-linux-gnu/14/liblto_plugin.so
checking for -plugin option... --plugin /usr/libexec/gcc/x86_64-linux-gnu/14/liblto_plugin.so
checking for x86_64-linux-gnu-ar... (cached) ar --plugin /usr/libexec/gcc/x86_64-linux-gnu/14/liblto_plugin.so
checking for x86_64-linux-gnu-strip... strip
checking for x86_64-linux-gnu-ranlib... (cached) ranlib --plugin /usr/libexec/gcc/x86_64-linux-gnu/14/liblto_plugin.so
checking command to parse /usr/bin/nm --plugin /usr/libexec/gcc/x86_64-linux-gnu/14/liblto_plugin.so -B output from /work/build.CoreELEC-Amlogic-no.aarch64-22/toolchain/bin/host-gcc object... ok
checking for dlfcn.h... yes
checking for objdir... .libs
checking if /work/build.CoreELEC-Amlogic-no.aarch64-22/toolchain/bin/host-gcc supports -fno-rtti -fno-exceptions... no
checking for /work/build.CoreELEC-Amlogic-no.aarch64-22/toolchain/bin/host-gcc option to produce PIC... -fPIC -DPIC
checking if /work/build.CoreELEC-Amlogic-no.aarch64-22/toolchain/bin/host-gcc PIC flag -fPIC -DPIC works... yes
checking if /work/build.CoreELEC-Amlogic-no.aarch64-22/toolchain/bin/host-gcc static flag -static works... yes
checking if /work/build.CoreELEC-Amlogic-no.aarch64-22/toolchain/bin/host-gcc supports -c -o file.o... yes
checking if /work/build.CoreELEC-Amlogic-no.aarch64-22/toolchain/bin/host-gcc supports -c -o file.o... (cached) yes
checking whether the /work/build.CoreELEC-Amlogic-no.aarch64-22/toolchain/bin/host-gcc linker (ld -m elf_x86_64) supports shared libraries... yes
checking whether -lc should be explicitly linked in... no
checking dynamic linker characteristics... GNU/Linux ld.so
checking how to hardcode library paths into programs... immediate
checking whether stripping libraries is possible... yes
checking if libtool supports shared libraries... yes
checking whether to build shared libraries... yes
checking whether to build static libraries... yes
Setting warning flags = -W -Wall -Wstrict-prototypes -Wmissing-prototypes -Wshadow -Wstack-usage=262144
checking whether to enable maintainer-specific portions of Makefiles... no
checking whether to install libbfd... yes
checking whether NLS is requested... no
checking for msgfmt... /work/build.CoreELEC-Amlogic-no.aarch64-22/toolchain/bin/msgfmt
checking for gmsgfmt... /work/build.CoreELEC-Amlogic-no.aarch64-22/toolchain/bin/msgfmt
checking for xgettext... /work/build.CoreELEC-Amlogic-no.aarch64-22/toolchain/bin/xgettext
checking for msgmerge... /work/build.CoreELEC-Amlogic-no.aarch64-22/toolchain/bin/msgmerge
checking for ld used by GCC... ld -m elf_x86_64
checking if the linker (ld -m elf_x86_64) is GNU ld... yes
checking for shared library run path origin... done
checking for CFPreferencesCopyAppValue... no
checking for CFLocaleCopyPreferredLanguages... no
checking whether to use NLS... no
checking whether NLS is requested... no
checking whether BFD is 64-bit... yes
checking whether basename is declared... yes
checking whether stpcpy is declared... yes
checking for sigsetjmp... 
checking linker --as-needed support... yes
checking for cos in -lm... yes
configure: updating cache ./config.cache
checking that generated files are newer than configure... done
configure: creating ./config.status
config.status: creating Makefile
config.status: creating po/Makefile.in
config.status: creating config.h
config.status: executing depfiles commands
config.status: executing libtool commands
config.status: executing default-1 commands
config.status: creating po/POTFILES
config.status: creating po/Makefile
mkdir -p -- ./binutils
Configuring in ./binutils
configure: creating cache ./config.cache
checking build system type... x86_64-pc-linux-gnu
checking host system type... x86_64-pc-linux-gnu
checking target system type... aarch64-libreelec-linux-gnu
checking for a BSD-compatible install... /usr/bin/install -c
checking whether build environment is sane... yes
checking for a thread-safe mkdir -p... /usr/bin/mkdir -p
checking for gawk... gawk
checking whether make sets $(MAKE)... yes
checking whether make supports nested variables... yes
checking whether make supports nested variables... (cached) yes
checking for x86_64-linux-gnu-gcc... /work/build.CoreELEC-Amlogic-no.aarch64-22/toolchain/bin/host-gcc
checking whether the C compiler works... yes
checking for C compiler default output file name... a.out
checking for suffix of executables... 
checking whether we are cross compiling... no
checking for suffix of object files... o
checking whether we are using the GNU C compiler... yes
checking whether /work/build.CoreELEC-Amlogic-no.aarch64-22/toolchain/bin/host-gcc accepts -g... yes
checking for /work/build.CoreELEC-Amlogic-no.aarch64-22/toolchain/bin/host-gcc option to accept ISO C89... none needed
checking whether /work/build.CoreELEC-Amlogic-no.aarch64-22/toolchain/bin/host-gcc understands -c and -o together... yes
checking for style of include used by make... GNU
checking dependency style of /work/build.CoreELEC-Amlogic-no.aarch64-22/toolchain/bin/host-gcc... gcc3
checking how to run the C preprocessor... cpp
checking for grep that handles long lines and -e... /usr/bin/grep
checking for egrep... /usr/bin/grep -E
checking for ANSI C header files... yes
checking for sys/types.h... yes
checking for sys/stat.h... yes
checking for stdlib.h... yes
checking for string.h... yes
checking for memory.h... yes
checking for strings.h... yes
checking for inttypes.h... yes
checking for stdint.h... yes
checking for unistd.h... yes
checking minix/config.h usability... no
checking minix/config.h presence... no
checking for minix/config.h... no
checking whether it is safe to define __EXTENSIONS__... yes
checking whether byte ordering is bigendian... no
checking how to print strings... printf
checking for a sed that does not truncate output... /work/build.CoreELEC-Amlogic-no.aarch64-22/toolchain/bin/sed
checking for fgrep... /usr/bin/grep -F
checking for ld used by /work/build.CoreELEC-Amlogic-no.aarch64-22/toolchain/bin/host-gcc... ld
checking if the linker (ld) is GNU ld... yes
checking for BSD- or MS-compatible name lister (nm)... /usr/bin/nm --plugin /usr/libexec/gcc/x86_64-linux-gnu/14/liblto_plugin.so -B
checking the name lister (/usr/bin/nm --plugin /usr/libexec/gcc/x86_64-linux-gnu/14/liblto_plugin.so -B) interface... BSD nm
checking whether ln -s works... yes
checking the maximum length of command line arguments... 1572864
checking whether the shell understands some XSI constructs... yes
checking whether the shell understands "+="... no
checking for ld option to reload object files... -r
checking for x86_64-linux-gnu-objdump... objdump
checking how to recognize dependent libraries... pass_all
checking for clang... no
checking for x86_64-linux-gnu-llvm-config... no
checking for llvm-config... no
checking for x86_64-linux-gnu-ar... ar --plugin /usr/libexec/gcc/x86_64-linux-gnu/14/liblto_plugin.so
checking for -plugin option... --plugin /usr/libexec/gcc/x86_64-linux-gnu/14/liblto_plugin.so
checking for x86_64-linux-gnu-ar... (cached) ar --plugin /usr/libexec/gcc/x86_64-linux-gnu/14/liblto_plugin.so
checking for x86_64-linux-gnu-strip... strip
checking for x86_64-linux-gnu-ranlib... ranlib --plugin /usr/libexec/gcc/x86_64-linux-gnu/14/liblto_plugin.so
checking command to parse /usr/bin/nm --plugin /usr/libexec/gcc/x86_64-linux-gnu/14/liblto_plugin.so -B output from /work/build.CoreELEC-Amlogic-no.aarch64-22/toolchain/bin/host-gcc object... ok
checking for dlfcn.h... yes
checking for objdir... .libs
checking if /work/build.CoreELEC-Amlogic-no.aarch64-22/toolchain/bin/host-gcc supports -fno-rtti -fno-exceptions... no
checking for /work/build.CoreELEC-Amlogic-no.aarch64-22/toolchain/bin/host-gcc option to produce PIC... -fPIC -DPIC
checking if /work/build.CoreELEC-Amlogic-no.aarch64-22/toolchain/bin/host-gcc PIC flag -fPIC -DPIC works... yes
checking if /work/build.CoreELEC-Amlogic-no.aarch64-22/toolchain/bin/host-gcc static flag -static works... yes
checking if /work/build.CoreELEC-Amlogic-no.aarch64-22/toolchain/bin/host-gcc supports -c -o file.o... yes
checking if /work/build.CoreELEC-Amlogic-no.aarch64-22/toolchain/bin/host-gcc supports -c -o file.o... (cached) yes
checking whether the /work/build.CoreELEC-Amlogic-no.aarch64-22/toolchain/bin/host-gcc linker (ld -m elf_x86_64) supports shared libraries... yes
checking whether -lc should be explicitly linked in... no
checking dynamic linker characteristics... GNU/Linux ld.so
checking how to hardcode library paths into programs... immediate
checking whether stripping libraries is possible... yes
checking if libtool supports shared libraries... yes
checking whether to build shared libraries... yes
checking whether to build static libraries... yes
checking for dlfcn.h... (cached) yes
checking for windows.h... no
checking for library containing dlsym... none required
checking for special C compiler options needed for large files... no
checking for _FILE_OFFSET_BITS value needed for large files... no
checking pkg-config is at least version 0.9.0... yes
checking whether to use debuginfod... auto
checking for libdebuginfod >= 0.188... no
checking for libdebuginfod >= 0.179... configure: WARNING: libdebuginfod is missing or some features may be unavailable.
no
configure: WARNING: libdebuginfod is missing or unusable; some features may be unavailable.
Setting warning flags = -W -Wall -Wstrict-prototypes -Wmissing-prototypes -Wshadow -Wstack-usage=262144
checking for bison... bison -y
checking for flex... flex
checking lex output file root... lex.yy
checking lex library... none needed
checking whether yytext is a pointer... no
checking whether NLS is requested... no
checking for msgfmt... /work/build.CoreELEC-Amlogic-no.aarch64-22/toolchain/bin/msgfmt
checking for gmsgfmt... /work/build.CoreELEC-Amlogic-no.aarch64-22/toolchain/bin/msgfmt
checking for xgettext... /work/build.CoreELEC-Amlogic-no.aarch64-22/toolchain/bin/xgettext
checking for msgmerge... /work/build.CoreELEC-Amlogic-no.aarch64-22/toolchain/bin/msgmerge
checking for ld used by GCC... ld -m elf_x86_64
checking if the linker (ld -m elf_x86_64) is GNU ld... yes
checking for shared library run path origin... done
checking for CFPreferencesCopyAppValue... no
checking for CFLocaleCopyPreferredLanguages... no
checking whether to use NLS... no
checking whether NLS is requested... no
checking whether to enable maintainer-specific portions of Makefiles... no
checking for x86_64-linux-gnu-ranlib... (cached) ranlib --plugin /usr/libexec/gcc/x86_64-linux-gnu/14/liblto_plugin.so
checking fcntl.h usability... yes
checking fcntl.h presence... yes
checking for fcntl.h... yes
checking for inttypes.h... (cached) yes
checking for stdint.h... (cached) yes
checking sys/file.h usability... yes
checking sys/file.h presence... yes
checking for sys/file.h... yes
checking for sys/stat.h... (cached) yes
checking sys/time.h usability... yes
checking sys/time.h presence... yes
checking for sys/time.h... yes
checking for sys/types.h... (cached) yes
checking for unistd.h... (cached) yes
checking for sys/wait.h that is POSIX.1 compatible... yes
checking for stdlib.h... (cached) yes
checking for unistd.h... (cached) yes
checking for sys/param.h... yes
checking for getpagesize... yes
checking for working mmap... yes
checking for fseeko... yes
checking for fseeko64... yes
checking for getc_unlocked... yes
checking for mkdtemp... yes
checking for mkstemp... yes
checking for utimensat... yes
checking for utimes... yes
checking for mbstate_t... yes
checking for struct stat.st_atim.tv_nsec... yes
checking whether struct stat.st_atim is of type struct timespec... yes
checking for library containing frexp... none required
checking for LC_MESSAGES... yes
checking for a known getopt prototype in unistd.h... yes
checking for utime.h... yes
checking whether environ is declared... yes
checking whether getc_unlocked is declared... yes
checking whether stpcpy is declared... yes
checking whether strnlen is declared... yes
checking for libzstd >= 1.4.0... yes
checking for msgpack-c... no
checking for msgpack... no
checking iconv.h usability... yes
checking iconv.h presence... yes
checking for iconv.h... yes
checking for iconv... yes
checking for working iconv... yes
checking whether iconv is compatible with its POSIX signature... yes
configure: updating cache ./config.cache
checking that generated files are newer than configure... done
configure: creating ./config.status
config.status: creating Makefile
config.status: creating po/Makefile.in
config.status: creating config.h
config.status: executing depfiles commands
config.status: executing libtool commands
config.status: executing default-1 commands
config.status: creating po/POTFILES
config.status: creating po/Makefile
mkdir -p -- ./etc
Configuring in ./etc
configure: creating cache ./config.cache
checking whether to enable maintainer-specific portions of Makefiles... no
checking for a BSD-compatible install... /usr/bin/install -c
checking whether build environment is sane... yes
checking for a thread-safe mkdir -p... /usr/bin/mkdir -p
checking for gawk... gawk
checking whether make sets $(MAKE)... yes
checking whether make supports nested variables... yes
checking whether make supports nested variables... (cached) yes
configure: updating cache ./config.cache
checking that generated files are newer than configure... done
configure: creating ./config.status
config.status: creating Makefile
mkdir -p -- ./gas
Configuring in ./gas
configure: creating cache ./config.cache
checking build system type... x86_64-pc-linux-gnu
checking host system type... x86_64-pc-linux-gnu
checking target system type... aarch64-libreelec-linux-gnu
checking for a BSD-compatible install... /usr/bin/install -c
checking whether build environment is sane... yes
checking for a thread-safe mkdir -p... /usr/bin/mkdir -p
checking for gawk... gawk
checking whether make sets $(MAKE)... yes
checking whether make supports nested variables... yes
checking whether make supports nested variables... (cached) yes
checking for x86_64-linux-gnu-gcc... /work/build.CoreELEC-Amlogic-no.aarch64-22/toolchain/bin/host-gcc
checking whether the C compiler works... yes
checking for C compiler default output file name... a.out
checking for suffix of executables... 
checking whether we are cross compiling... no
checking for suffix of object files... o
checking whether we are using the GNU C compiler... yes
checking whether /work/build.CoreELEC-Amlogic-no.aarch64-22/toolchain/bin/host-gcc accepts -g... yes
checking for /work/build.CoreELEC-Amlogic-no.aarch64-22/toolchain/bin/host-gcc option to accept ISO C89... none needed
checking whether /work/build.CoreELEC-Amlogic-no.aarch64-22/toolchain/bin/host-gcc understands -c and -o together... yes
checking for style of include used by make... GNU
checking dependency style of /work/build.CoreELEC-Amlogic-no.aarch64-22/toolchain/bin/host-gcc... gcc3
checking how to run the C preprocessor... cpp
checking for grep that handles long lines and -e... /usr/bin/grep
checking for egrep... /usr/bin/grep -E
checking for ANSI C header files... yes
checking for sys/types.h... yes
checking for sys/stat.h... yes
checking for stdlib.h... yes
checking for string.h... yes
checking for memory.h... yes
checking for strings.h... yes
checking for inttypes.h... yes
checking for stdint.h... yes
checking for unistd.h... yes
checking minix/config.h usability... no
checking minix/config.h presence... no
checking for minix/config.h... no
checking whether it is safe to define __EXTENSIONS__... yes
checking how to print strings... printf
checking for a sed that does not truncate output... /work/build.CoreELEC-Amlogic-no.aarch64-22/toolchain/bin/sed
checking for fgrep... /usr/bin/grep -F
checking for ld used by /work/build.CoreELEC-Amlogic-no.aarch64-22/toolchain/bin/host-gcc... ld
checking if the linker (ld) is GNU ld... yes
checking for BSD- or MS-compatible name lister (nm)... /usr/bin/nm --plugin /usr/libexec/gcc/x86_64-linux-gnu/14/liblto_plugin.so -B
checking the name lister (/usr/bin/nm --plugin /usr/libexec/gcc/x86_64-linux-gnu/14/liblto_plugin.so -B) interface... BSD nm
checking whether ln -s works... yes
checking the maximum length of command line arguments... 1572864
checking whether the shell understands some XSI constructs... yes
checking whether the shell understands "+="... no
checking for ld option to reload object files... -r
checking for x86_64-linux-gnu-objdump... objdump
checking how to recognize dependent libraries... pass_all
checking for clang... no
checking for x86_64-linux-gnu-llvm-config... no
checking for llvm-config... no
checking for x86_64-linux-gnu-ar... ar --plugin /usr/libexec/gcc/x86_64-linux-gnu/14/liblto_plugin.so
checking for -plugin option... --plugin /usr/libexec/gcc/x86_64-linux-gnu/14/liblto_plugin.so
checking for x86_64-linux-gnu-ar... (cached) ar --plugin /usr/libexec/gcc/x86_64-linux-gnu/14/liblto_plugin.so
checking for x86_64-linux-gnu-strip... strip
checking for x86_64-linux-gnu-ranlib... ranlib --plugin /usr/libexec/gcc/x86_64-linux-gnu/14/liblto_plugin.so
checking command to parse /usr/bin/nm --plugin /usr/libexec/gcc/x86_64-linux-gnu/14/liblto_plugin.so -B output from /work/build.CoreELEC-Amlogic-no.aarch64-22/toolchain/bin/host-gcc object... ok
checking for dlfcn.h... yes
checking for objdir... .libs
checking if /work/build.CoreELEC-Amlogic-no.aarch64-22/toolchain/bin/host-gcc supports -fno-rtti -fno-exceptions... no
checking for /work/build.CoreELEC-Amlogic-no.aarch64-22/toolchain/bin/host-gcc option to produce PIC... -fPIC -DPIC
checking if /work/build.CoreELEC-Amlogic-no.aarch64-22/toolchain/bin/host-gcc PIC flag -fPIC -DPIC works... yes
checking if /work/build.CoreELEC-Amlogic-no.aarch64-22/toolchain/bin/host-gcc static flag -static works... yes
checking if /work/build.CoreELEC-Amlogic-no.aarch64-22/toolchain/bin/host-gcc supports -c -o file.o... yes
checking if /work/build.CoreELEC-Amlogic-no.aarch64-22/toolchain/bin/host-gcc supports -c -o file.o... (cached) yes
checking whether the /work/build.CoreELEC-Amlogic-no.aarch64-22/toolchain/bin/host-gcc linker (ld -m elf_x86_64) supports shared libraries... yes
checking whether -lc should be explicitly linked in... no
checking dynamic linker characteristics... GNU/Linux ld.so
checking how to hardcode library paths into programs... immediate
checking whether stripping libraries is possible... yes
checking if libtool supports shared libraries... yes
checking whether to build shared libraries... yes
checking whether to build static libraries... yes
checking for dlfcn.h... (cached) yes
checking for windows.h... no
checking for library containing dlsym... none required
checking for special C compiler options needed for large files... no
checking for _FILE_OFFSET_BITS value needed for large files... no
checking how to compare bootstrapped objects... cmp --ignore-initial=16 $$f1 $$f2
Setting warning flags = -W -Wall -Wstrict-prototypes -Wmissing-prototypes -Wshadow -Wstack-usage=262144
checking whether byte ordering is bigendian... no
checking for bison... bison -y
checking for flex... flex
checking lex output file root... lex.yy
checking lex library... none needed
checking whether yytext is a pointer... no
checking whether NLS is requested... no
checking for msgfmt... /work/build.CoreELEC-Amlogic-no.aarch64-22/toolchain/bin/msgfmt
checking for gmsgfmt... /work/build.CoreELEC-Amlogic-no.aarch64-22/toolchain/bin/msgfmt
checking for xgettext... /work/build.CoreELEC-Amlogic-no.aarch64-22/toolchain/bin/xgettext
checking for msgmerge... /work/build.CoreELEC-Amlogic-no.aarch64-22/toolchain/bin/msgmerge
checking for ld used by GCC... ld -m elf_x86_64
checking if the linker (ld -m elf_x86_64) is GNU ld... yes
checking for shared library run path origin... done
checking for CFPreferencesCopyAppValue... no
checking for CFLocaleCopyPreferredLanguages... no
checking whether to use NLS... no
checking whether NLS is requested... no
checking whether to enable maintainer-specific portions of Makefiles... no
checking for memory.h... (cached) yes
checking for sys/stat.h... (cached) yes
checking for sys/types.h... (cached) yes
checking for unistd.h... (cached) yes
checking whether compiling a cross-assembler... yes
checking for strsignal... yes
checking for LC_MESSAGES... yes
checking for working assert macro... yes
checking for a known getopt prototype in unistd.h... yes
checking whether declaration is required for environ... no
checking whether declaration is required for ffs... no
checking whether mempcpy is declared... yes
checking whether stpcpy is declared... yes
checking pkg-config is at least version 0.9.0... yes
checking for libzstd >= 1.4.0... yes
checking for struct stat.st_mtim.tv_sec in sys/stat.h... yes
checking for struct stat.st_mtim.tv_nsec in sys/stat.h... yes
configure: updating cache ./config.cache
checking that generated files are newer than configure... done
configure: creating ./config.status
config.status: creating .gdbinit
config.status: creating Makefile
config.status: creating po/Makefile.in
config.status: creating config.h
config.status: executing depfiles commands
config.status: executing libtool commands
config.status: executing default-1 commands
config.status: creating po/POTFILES
config.status: creating po/Makefile
config.status: executing default commands
mkdir -p -- ./gold
Configuring in ./gold
configure: creating cache ./config.cache
checking build system type... x86_64-pc-linux-gnu
checking host system type... x86_64-pc-linux-gnu
checking target system type... aarch64-libreelec-linux-gnu
checking for a BSD-compatible install... /usr/bin/install -c
checking whether build environment is sane... yes
checking for a thread-safe mkdir -p... /usr/bin/mkdir -p
checking for gawk... gawk
checking whether make sets $(MAKE)... yes
checking whether make supports nested variables... yes
checking whether make supports nested variables... (cached) yes
checking for style of include used by make... GNU
checking for x86_64-linux-gnu-gcc... /work/build.CoreELEC-Amlogic-no.aarch64-22/toolchain/bin/host-gcc
checking whether the C compiler works... yes
checking for C compiler default output file name... a.out
checking for suffix of executables... 
checking whether we are cross compiling... no
checking for suffix of object files... o
checking whether we are using the GNU C compiler... yes
checking whether /work/build.CoreELEC-Amlogic-no.aarch64-22/toolchain/bin/host-gcc accepts -g... yes
checking for /work/build.CoreELEC-Amlogic-no.aarch64-22/toolchain/bin/host-gcc option to accept ISO C89... none needed
checking whether /work/build.CoreELEC-Amlogic-no.aarch64-22/toolchain/bin/host-gcc understands -c and -o together... yes
checking dependency style of /work/build.CoreELEC-Amlogic-no.aarch64-22/toolchain/bin/host-gcc... gcc3
checking how to run the C preprocessor... cpp
checking for grep that handles long lines and -e... /usr/bin/grep
checking for egrep... /usr/bin/grep -E
checking for ANSI C header files... yes
checking for sys/types.h... yes
checking for sys/stat.h... yes
checking for stdlib.h... yes
checking for string.h... yes
checking for memory.h... yes
checking for strings.h... yes
checking for inttypes.h... yes
checking for stdint.h... yes
checking for unistd.h... yes
checking minix/config.h usability... no
checking minix/config.h presence... no
checking for minix/config.h... no
checking whether it is safe to define __EXTENSIONS__... yes
checking for dlfcn.h... yes
checking for windows.h... no
checking for library containing dlsym... none required
checking for x86_64-linux-gnu-nm... nm --plugin /usr/libexec/gcc/x86_64-linux-gnu/14/liblto_plugin.so
checking for x86_64-linux-gnu-gcc... (cached) /work/build.CoreELEC-Amlogic-no.aarch64-22/toolchain/bin/host-gcc
checking whether we are using the GNU C compiler... (cached) yes
checking whether /work/build.CoreELEC-Amlogic-no.aarch64-22/toolchain/bin/host-gcc accepts -g... (cached) yes
checking for /work/build.CoreELEC-Amlogic-no.aarch64-22/toolchain/bin/host-gcc option to accept ISO C89... (cached) none needed
checking whether /work/build.CoreELEC-Amlogic-no.aarch64-22/toolchain/bin/host-gcc understands -c and -o together... (cached) yes
checking dependency style of /work/build.CoreELEC-Amlogic-no.aarch64-22/toolchain/bin/host-gcc... (cached) gcc3
checking whether we are using the GNU C++ compiler... yes
checking whether /work/build.CoreELEC-Amlogic-no.aarch64-22/toolchain/bin/host-g++ accepts -g... yes
checking dependency style of /work/build.CoreELEC-Amlogic-no.aarch64-22/toolchain/bin/host-g++... gcc3
checking for bison... bison -y
checking for x86_64-linux-gnu-ranlib... ranlib --plugin /usr/libexec/gcc/x86_64-linux-gnu/14/liblto_plugin.so
checking whether ln -s works... yes
checking whether NLS is requested... no
checking for msgfmt... /work/build.CoreELEC-Amlogic-no.aarch64-22/toolchain/bin/msgfmt
checking for gmsgfmt... /work/build.CoreELEC-Amlogic-no.aarch64-22/toolchain/bin/msgfmt
checking for xgettext... /work/build.CoreELEC-Amlogic-no.aarch64-22/toolchain/bin/xgettext
checking for msgmerge... /work/build.CoreELEC-Amlogic-no.aarch64-22/toolchain/bin/msgmerge
checking for ld used by GCC... ld
checking if the linker (ld) is GNU ld... yes
checking for shared library run path origin... done
checking for CFPreferencesCopyAppValue... no
checking for CFLocaleCopyPreferredLanguages... no
checking whether to use NLS... no
checking whether NLS is requested... no
checking whether byte ordering is bigendian... no
checking whether static linking works... yes
checking for gcc >= 4.1... yes
checking for gcc >= 9... yes
checking for -fcf-protection... no
checking whether /work/build.CoreELEC-Amlogic-no.aarch64-22/toolchain/bin/host-gcc supports -fmerge-constants... yes
checking for thread support... yes
checking for glibc >= 2.4... yes
checking for omp support... yes
checking for glibc >= 2.9... yes
checking for -frandom-seed support... yes
checking for glibc ifunc support... both
Setting warning flags = -W -Wall -Wstrict-prototypes -Wmissing-prototypes -Wshadow -Wstack-usage=262144
checking sys/mman.h usability... yes
checking sys/mman.h presence... yes
checking for sys/mman.h... yes
checking for chsize... no
checking for mmap... yes
checking for link... yes
checking for pread... yes
checking for ftruncate... yes
checking for ffsll... yes
checking mremap with MREMAP_MAYMOVE... yes
checking pkg-config is at least version 0.9.0... yes
checking for libzstd >= 1.4.0... yes
checking whether /work/build.CoreELEC-Amlogic-no.aarch64-22/toolchain/bin/host-gcc is Clang... no
checking whether pthreads work with -pthread... yes
checking for joinable pthread attribute... PTHREAD_CREATE_JOINABLE
checking whether more special flags are required for pthreads... no
checking for PTHREAD_PRIO_INHERIT... yes
checking whether basename is declared... yes
checking whether ffs is declared... yes
checking whether asprintf is declared... yes
checking whether vasprintf is declared... yes
checking whether snprintf is declared... yes
checking whether vsnprintf is declared... yes
checking whether strverscmp is declared... yes
checking how to run the C++ preprocessor... /work/build.CoreELEC-Amlogic-no.aarch64-22/toolchain/bin/host-g++ -E
checking unordered_set usability... yes
checking unordered_set presence... yes
checking for unordered_set... yes
checking unordered_map usability... yes
checking unordered_map presence... yes
checking for unordered_map... yes
checking tr1/unordered_set usability... yes
checking tr1/unordered_set presence... yes
checking for tr1/unordered_set... yes
checking tr1/unordered_map usability... yes
checking tr1/unordered_map presence... yes
checking for tr1/unordered_map... yes
checking ext/hash_map usability... yes
checking ext/hash_map presence... yes
checking for ext/hash_map... yes
checking ext/hash_set usability... yes
checking ext/hash_set presence... yes
checking for ext/hash_set... yes
checking byteswap.h usability... yes
checking byteswap.h presence... yes
checking for byteswap.h... yes
checking whether bswap_16 is declared... yes
checking whether bswap_32 is declared... yes
checking whether bswap_64 is declared... yes
checking for windows.h... (cached) no
checking for dlfcn.h... (cached) yes
checking for library containing dlopen... none required
checking for mallinfo... yes
checking for mallinfo2... yes
checking for posix_fallocate... yes
checking for fallocate... yes
checking for readv... yes
checking for sysconf... yes
checking for times... yes
checking for mkdtemp... yes
checking whether basename is declared... (cached) yes
checking whether ffs is declared... (cached) yes
checking whether asprintf is declared... (cached) yes
checking whether vasprintf is declared... (cached) yes
checking whether snprintf is declared... (cached) yes
checking whether vsnprintf is declared... (cached) yes
checking whether strverscmp is declared... (cached) yes
checking whether strndup is declared... yes
checking whether memmem is declared... yes
checking whether ::std::tr1::unordered_map::rehash is usable.... yes
checking whether /work/build.CoreELEC-Amlogic-no.aarch64-22/toolchain/bin/host-g++ supports C++11 features by default... yes
checking whether std::tr1::hash<off_t> is defined... yes
checking whether we can use attributes with template functions... yes
checking for struct stat::st_mtim.... yes
checking locale.h usability... yes
checking locale.h presence... yes
checking for locale.h... yes
checking for setlocale... yes
checking for LC_MESSAGES... yes
checking whether to enable maintainer-specific portions of Makefiles... no
configure: updating cache ./config.cache
checking that generated files are newer than configure... done
configure: creating ./config.status
config.status: creating Makefile
config.status: creating testsuite/Makefile
config.status: creating po/Makefile.in
config.status: creating config.h
config.status: executing depfiles commands
config.status: executing default-1 commands
config.status: creating po/POTFILES
config.status: creating po/Makefile
mkdir -p -- ./gprof
Configuring in ./gprof
configure: creating cache ./config.cache
checking build system type... x86_64-pc-linux-gnu
checking host system type... x86_64-pc-linux-gnu
checking target system type... aarch64-libreelec-linux-gnu
checking for a BSD-compatible install... /usr/bin/install -c
checking whether build environment is sane... yes
checking for a thread-safe mkdir -p... /usr/bin/mkdir -p
checking for gawk... gawk
checking whether make sets $(MAKE)... yes
checking whether make supports nested variables... yes
checking whether make supports nested variables... (cached) yes
checking for x86_64-linux-gnu-gcc... /work/build.CoreELEC-Amlogic-no.aarch64-22/toolchain/bin/host-gcc
checking whether the C compiler works... yes
checking for C compiler default output file name... a.out
checking for suffix of executables... 
checking whether we are cross compiling... no
checking for suffix of object files... o
checking whether we are using the GNU C compiler... yes
checking whether /work/build.CoreELEC-Amlogic-no.aarch64-22/toolchain/bin/host-gcc accepts -g... yes
checking for /work/build.CoreELEC-Amlogic-no.aarch64-22/toolchain/bin/host-gcc option to accept ISO C89... none needed
checking whether /work/build.CoreELEC-Amlogic-no.aarch64-22/toolchain/bin/host-gcc understands -c and -o together... yes
checking for style of include used by make... GNU
checking dependency style of /work/build.CoreELEC-Amlogic-no.aarch64-22/toolchain/bin/host-gcc... gcc3
checking how to run the C preprocessor... cpp
checking for grep that handles long lines and -e... /usr/bin/grep
checking for egrep... /usr/bin/grep -E
checking for ANSI C header files... yes
checking for sys/types.h... yes
checking for sys/stat.h... yes
checking for stdlib.h... yes
checking for string.h... yes
checking for memory.h... yes
checking for strings.h... yes
checking for inttypes.h... yes
checking for stdint.h... yes
checking for unistd.h... yes
checking minix/config.h usability... no
checking minix/config.h presence... no
checking for minix/config.h... no
checking whether it is safe to define __EXTENSIONS__... yes
checking how to print strings... printf
checking for a sed that does not truncate output... /work/build.CoreELEC-Amlogic-no.aarch64-22/toolchain/bin/sed
checking for fgrep... /usr/bin/grep -F
checking for ld used by /work/build.CoreELEC-Amlogic-no.aarch64-22/toolchain/bin/host-gcc... ld
checking if the linker (ld) is GNU ld... yes
checking for BSD- or MS-compatible name lister (nm)... /usr/bin/nm --plugin /usr/libexec/gcc/x86_64-linux-gnu/14/liblto_plugin.so -B
checking the name lister (/usr/bin/nm --plugin /usr/libexec/gcc/x86_64-linux-gnu/14/liblto_plugin.so -B) interface... BSD nm
checking whether ln -s works... yes
checking the maximum length of command line arguments... 1572864
checking whether the shell understands some XSI constructs... yes
checking whether the shell understands "+="... no
checking for ld option to reload object files... -r
checking for x86_64-linux-gnu-objdump... objdump
checking how to recognize dependent libraries... pass_all
checking for clang... no
checking for x86_64-linux-gnu-llvm-config... no
checking for llvm-config... no
checking for x86_64-linux-gnu-ar... ar --plugin /usr/libexec/gcc/x86_64-linux-gnu/14/liblto_plugin.so
checking for -plugin option... --plugin /usr/libexec/gcc/x86_64-linux-gnu/14/liblto_plugin.so
checking for x86_64-linux-gnu-ar... (cached) ar --plugin /usr/libexec/gcc/x86_64-linux-gnu/14/liblto_plugin.so
checking for x86_64-linux-gnu-strip... strip
checking for x86_64-linux-gnu-ranlib... ranlib --plugin /usr/libexec/gcc/x86_64-linux-gnu/14/liblto_plugin.so
checking command to parse /usr/bin/nm --plugin /usr/libexec/gcc/x86_64-linux-gnu/14/liblto_plugin.so -B output from /work/build.CoreELEC-Amlogic-no.aarch64-22/toolchain/bin/host-gcc object... ok
checking for dlfcn.h... yes
checking for objdir... .libs
checking if /work/build.CoreELEC-Amlogic-no.aarch64-22/toolchain/bin/host-gcc supports -fno-rtti -fno-exceptions... no
checking for /work/build.CoreELEC-Amlogic-no.aarch64-22/toolchain/bin/host-gcc option to produce PIC... -fPIC -DPIC
checking if /work/build.CoreELEC-Amlogic-no.aarch64-22/toolchain/bin/host-gcc PIC flag -fPIC -DPIC works... yes
checking if /work/build.CoreELEC-Amlogic-no.aarch64-22/toolchain/bin/host-gcc static flag -static works... yes
checking if /work/build.CoreELEC-Amlogic-no.aarch64-22/toolchain/bin/host-gcc supports -c -o file.o... yes
checking if /work/build.CoreELEC-Amlogic-no.aarch64-22/toolchain/bin/host-gcc supports -c -o file.o... (cached) yes
checking whether the /work/build.CoreELEC-Amlogic-no.aarch64-22/toolchain/bin/host-gcc linker (ld -m elf_x86_64) supports shared libraries... yes
checking whether -lc should be explicitly linked in... no
checking dynamic linker characteristics... GNU/Linux ld.so
checking how to hardcode library paths into programs... immediate
checking whether stripping libraries is possible... yes
checking if libtool supports shared libraries... yes
checking whether to build shared libraries... yes
checking whether to build static libraries... yes
checking for dlfcn.h... (cached) yes
checking for windows.h... no
checking for library containing dlsym... none required
checking for special C compiler options needed for large files... no
checking for _FILE_OFFSET_BITS value needed for large files... no
checking sys/time.h usability... yes
checking sys/time.h presence... yes
checking for sys/time.h... yes
checking for setitimer... yes
checking whether NLS is requested... no
checking for msgfmt... /work/build.CoreELEC-Amlogic-no.aarch64-22/toolchain/bin/msgfmt
checking for gmsgfmt... /work/build.CoreELEC-Amlogic-no.aarch64-22/toolchain/bin/msgfmt
checking for xgettext... /work/build.CoreELEC-Amlogic-no.aarch64-22/toolchain/bin/xgettext
checking for msgmerge... /work/build.CoreELEC-Amlogic-no.aarch64-22/toolchain/bin/msgmerge
checking for ld used by GCC... ld -m elf_x86_64
checking if the linker (ld -m elf_x86_64) is GNU ld... yes
checking for shared library run path origin... done
checking for CFPreferencesCopyAppValue... no
checking for CFLocaleCopyPreferredLanguages... no
checking whether to use NLS... no
checking whether NLS is requested... no
checking whether to enable maintainer-specific portions of Makefiles... no
checking sys/gmon_out.h usability... yes
checking sys/gmon_out.h presence... yes
checking for sys/gmon_out.h... yes
checking for a known getopt prototype in unistd.h... yes
checking for library containing fabs... -lm
Setting warning flags = -W -Wall -Wstrict-prototypes -Wmissing-prototypes -Wshadow -Wstack-usage=262144
checking whether gprof tests can run... no
configure: updating cache ./config.cache
checking that generated files are newer than configure... done
configure: creating ./config.status
config.status: creating Makefile
config.status: creating testsuite/Makefile
config.status: creating po/Makefile.in
config.status: creating gconfig.h
config.status: executing depfiles commands
config.status: executing libtool commands
config.status: executing default-1 commands
config.status: creating po/POTFILES
config.status: creating po/Makefile
mkdir -p -- ./gprofng
Configuring in ./gprofng
configure: creating cache ./config.cache
checking build system type... x86_64-pc-linux-gnu
checking host system type... x86_64-pc-linux-gnu
checking target system type... aarch64-libreelec-linux-gnu
checking for a BSD-compatible install... /usr/bin/install -c
checking whether build environment is sane... yes
checking for a thread-safe mkdir -p... /usr/bin/mkdir -p
checking for gawk... gawk
checking whether make sets $(MAKE)... yes
checking whether make supports nested variables... yes
checking whether to enable maintainer-specific portions of Makefiles... no
checking for style of include used by make... GNU
checking for x86_64-linux-gnu-gcc... /work/build.CoreELEC-Amlogic-no.aarch64-22/toolchain/bin/host-gcc
checking whether the C compiler works... yes
checking for C compiler default output file name... a.out
checking for suffix of executables... 
checking whether we are cross compiling... no
checking for suffix of object files... o
checking whether we are using the GNU C compiler... yes
checking whether /work/build.CoreELEC-Amlogic-no.aarch64-22/toolchain/bin/host-gcc accepts -g... yes
checking for /work/build.CoreELEC-Amlogic-no.aarch64-22/toolchain/bin/host-gcc option to accept ISO C89... none needed
checking whether /work/build.CoreELEC-Amlogic-no.aarch64-22/toolchain/bin/host-gcc understands -c and -o together... yes
checking dependency style of /work/build.CoreELEC-Amlogic-no.aarch64-22/toolchain/bin/host-gcc... gcc3
checking how to run the C preprocessor... cpp
checking for grep that handles long lines and -e... /usr/bin/grep
checking for egrep... /usr/bin/grep -E
checking for ANSI C header files... yes
checking for sys/types.h... yes
checking for sys/stat.h... yes
checking for stdlib.h... yes
checking for string.h... yes
checking for memory.h... yes
checking for strings.h... yes
checking for inttypes.h... yes
checking for stdint.h... yes
checking for unistd.h... yes
checking minix/config.h usability... no
checking minix/config.h presence... no
checking for minix/config.h... no
checking whether it is safe to define __EXTENSIONS__... yes
checking for x86_64-linux-gnu-gcc... (cached) /work/build.CoreELEC-Amlogic-no.aarch64-22/toolchain/bin/host-gcc
checking whether we are using the GNU C compiler... (cached) yes
checking whether /work/build.CoreELEC-Amlogic-no.aarch64-22/toolchain/bin/host-gcc accepts -g... (cached) yes
checking for /work/build.CoreELEC-Amlogic-no.aarch64-22/toolchain/bin/host-gcc option to accept ISO C89... (cached) none needed
checking whether /work/build.CoreELEC-Amlogic-no.aarch64-22/toolchain/bin/host-gcc understands -c and -o together... (cached) yes
checking dependency style of /work/build.CoreELEC-Amlogic-no.aarch64-22/toolchain/bin/host-gcc... (cached) gcc3
checking whether we are using the GNU C++ compiler... yes
checking whether /work/build.CoreELEC-Amlogic-no.aarch64-22/toolchain/bin/host-g++ accepts -g... yes
checking dependency style of /work/build.CoreELEC-Amlogic-no.aarch64-22/toolchain/bin/host-g++... gcc3
checking for x86_64-linux-gnu-ranlib... ranlib --plugin /usr/libexec/gcc/x86_64-linux-gnu/14/liblto_plugin.so
checking for x86_64-linux-gnu-ar... ar --plugin /usr/libexec/gcc/x86_64-linux-gnu/14/liblto_plugin.so
checking the archiver (ar --plugin /usr/libexec/gcc/x86_64-linux-gnu/14/liblto_plugin.so) interface... ar
checking for bison... bison
checking for bison 3.0.4 or newer... 3.8.2, ok
checking how to print strings... printf
checking for a sed that does not truncate output... /work/build.CoreELEC-Amlogic-no.aarch64-22/toolchain/bin/sed
checking for fgrep... /usr/bin/grep -F
checking for ld used by /work/build.CoreELEC-Amlogic-no.aarch64-22/toolchain/bin/host-gcc... ld
checking if the linker (ld) is GNU ld... yes
checking for BSD- or MS-compatible name lister (nm)... /usr/bin/nm --plugin /usr/libexec/gcc/x86_64-linux-gnu/14/liblto_plugin.so -B
checking the name lister (/usr/bin/nm --plugin /usr/libexec/gcc/x86_64-linux-gnu/14/liblto_plugin.so -B) interface... BSD nm
checking whether ln -s works... yes
checking the maximum length of command line arguments... 1572864
checking whether the shell understands some XSI constructs... yes
checking whether the shell understands "+="... no
checking for ld option to reload object files... -r
checking for x86_64-linux-gnu-objdump... objdump
checking how to recognize dependent libraries... pass_all
checking for clang... no
checking for x86_64-linux-gnu-llvm-config... no
checking for llvm-config... no
checking for x86_64-linux-gnu-ar... (cached) ar --plugin /usr/libexec/gcc/x86_64-linux-gnu/14/liblto_plugin.so
checking for -plugin option... --plugin /usr/libexec/gcc/x86_64-linux-gnu/14/liblto_plugin.so
checking for x86_64-linux-gnu-ar... (cached) ar --plugin /usr/libexec/gcc/x86_64-linux-gnu/14/liblto_plugin.so
checking for x86_64-linux-gnu-strip... strip
checking for x86_64-linux-gnu-ranlib... (cached) ranlib --plugin /usr/libexec/gcc/x86_64-linux-gnu/14/liblto_plugin.so
checking command to parse /usr/bin/nm --plugin /usr/libexec/gcc/x86_64-linux-gnu/14/liblto_plugin.so -B output from /work/build.CoreELEC-Amlogic-no.aarch64-22/toolchain/bin/host-gcc object... ok
checking for dlfcn.h... yes
checking for objdir... .libs
checking if /work/build.CoreELEC-Amlogic-no.aarch64-22/toolchain/bin/host-gcc supports -fno-rtti -fno-exceptions... no
checking for /work/build.CoreELEC-Amlogic-no.aarch64-22/toolchain/bin/host-gcc option to produce PIC... -fPIC -DPIC
checking if /work/build.CoreELEC-Amlogic-no.aarch64-22/toolchain/bin/host-gcc PIC flag -fPIC -DPIC works... yes
checking if /work/build.CoreELEC-Amlogic-no.aarch64-22/toolchain/bin/host-gcc static flag -static works... yes
checking if /work/build.CoreELEC-Amlogic-no.aarch64-22/toolchain/bin/host-gcc supports -c -o file.o... yes
checking if /work/build.CoreELEC-Amlogic-no.aarch64-22/toolchain/bin/host-gcc supports -c -o file.o... (cached) yes
checking whether the /work/build.CoreELEC-Amlogic-no.aarch64-22/toolchain/bin/host-gcc linker (ld -m elf_x86_64) supports shared libraries... yes
checking whether -lc should be explicitly linked in... no
checking dynamic linker characteristics... GNU/Linux ld.so
checking how to hardcode library paths into programs... immediate
checking whether stripping libraries is possible... yes
checking if libtool supports shared libraries... yes
checking whether to build shared libraries... yes
checking whether to build static libraries... yes
checking how to run the C++ preprocessor... /work/build.CoreELEC-Amlogic-no.aarch64-22/toolchain/bin/host-g++ -E
checking for ld used by /work/build.CoreELEC-Amlogic-no.aarch64-22/toolchain/bin/host-g++... ld -m elf_x86_64
checking if the linker (ld -m elf_x86_64) is GNU ld... yes
checking whether the /work/build.CoreELEC-Amlogic-no.aarch64-22/toolchain/bin/host-g++ linker (ld -m elf_x86_64) supports shared libraries... yes
checking for /work/build.CoreELEC-Amlogic-no.aarch64-22/toolchain/bin/host-g++ option to produce PIC... -fPIC -DPIC
checking if /work/build.CoreELEC-Amlogic-no.aarch64-22/toolchain/bin/host-g++ PIC flag -fPIC -DPIC works... yes
checking if /work/build.CoreELEC-Amlogic-no.aarch64-22/toolchain/bin/host-g++ static flag -static works... yes
checking if /work/build.CoreELEC-Amlogic-no.aarch64-22/toolchain/bin/host-g++ supports -c -o file.o... yes
checking if /work/build.CoreELEC-Amlogic-no.aarch64-22/toolchain/bin/host-g++ supports -c -o file.o... (cached) yes
checking whether the /work/build.CoreELEC-Amlogic-no.aarch64-22/toolchain/bin/host-g++ linker (ld -m elf_x86_64) supports shared libraries... yes
checking dynamic linker characteristics... (cached) GNU/Linux ld.so
checking how to hardcode library paths into programs... immediate
checking whether byte ordering is bigendian... no
checking whether /work/build.CoreELEC-Amlogic-no.aarch64-22/toolchain/bin/host-gcc supports -Wall... yes
checking whether /work/build.CoreELEC-Amlogic-no.aarch64-22/toolchain/bin/host-gcc supports -fno-lto... yes
checking whether /work/build.CoreELEC-Amlogic-no.aarch64-22/toolchain/bin/host-gcc supports -Wswitch... yes
checking whether /work/build.CoreELEC-Amlogic-no.aarch64-22/toolchain/bin/host-gcc is Clang... no
checking whether pthreads work with -pthread... yes
checking for joinable pthread attribute... PTHREAD_CREATE_JOINABLE
checking whether more special flags are required for pthreads... no
checking for PTHREAD_PRIO_INHERIT... yes
checking for javac... javac
checking for java... /usr/bin/java
checking for jni.h... no
configure: WARNING:  Cannot find the JDK include directory.
      gprofng will be build without support for profiling Java applications.
      Use --with-jdk=PATH to specify directory for the installed JDK
checking linker --as-needed support... yes
checking for expect... no
checking for Tcl supporting try/catch... no
checking for makeinfo... makeinfo
checking for bash... /usr/bin/bash
checking whether basename is declared... yes
checking for clock_gettime... yes
checking for strsignal... yes
checking asm/hwprobe.h usability... no
checking asm/hwprobe.h presence... no
checking for asm/hwprobe.h... no
configure: updating cache ./config.cache
checking that generated files are newer than configure... done
configure: creating ./config.status
config.status: creating Makefile
config.status: creating src/Makefile
config.status: creating gp-display-html/Makefile
config.status: creating doc/Makefile
config.status: creating config.h
config.status: executing depfiles commands
config.status: executing libtool commands
=== configuring in libcollector (/work/build.CoreELEC-Amlogic-no.aarch64-22/build/binutils-2.47/.x86_64-linux-gnu/gprofng/libcollector)
configure: running /bin/dash /work/build.CoreELEC-Amlogic-no.aarch64-22/build/binutils-2.47/gprofng/libcollector/configure --disable-option-checking '--prefix=/work/build.CoreELEC-Amlogic-no.aarch64-22/toolchain'  '--with-gnu-as' '--with-gnu-ld' '--bindir=/work/build.CoreELEC-Amlogic-no.aarch64-22/toolchain/bin' '--sbindir=/work/build.CoreELEC-Amlogic-no.aarch64-22/toolchain/sbin' '--sysconfdir=/work/build.CoreELEC-Amlogic-no.aarch64-22/toolchain/etc' '--libexecdir=/work/build.CoreELEC-Amlogic-no.aarch64-22/toolchain/lib' '--localstatedir=/work/build.CoreELEC-Amlogic-no.aarch64-22/toolchain/var' '--disable-static' '--enable-shared' '--with-sysroot=/work/build.CoreELEC-Amlogic-no.aarch64-22/toolchain/aarch64-libreelec-linux-gnu/sysroot' '--with-lib-path=/work/build.CoreELEC-Amlogic-no.aarch64-22/toolchain/aarch64-libreelec-linux-gnu/sysroot/lib:/work/build.CoreELEC-Amlogic-no.aarch64-22/toolchain/aarch64-libreelec-linux-gnu/sysroot/usr/lib' '--without-ppl' '--enable-static' '--without-cloog' '--disable-werror' '--disable-multilib' '--disable-libada' '--disable-libssp' '--enable-version-specific-runtime-libs' '--enable-plugins' '--enable-gold' '--enable-ld=default' '--enable-lto' '--disable-nls' '--program-transform-name=s&^&aarch64-libreelec-linux-gnu-&' '--disable-year2038' '--build=x86_64-linux-gnu' '--host=x86_64-linux-gnu' '--target=aarch64-libreelec-linux-gnu' 'build_alias=x86_64-linux-gnu' 'host_alias=x86_64-linux-gnu' 'target_alias=aarch64-libreelec-linux-gnu' 'CC=/work/build.CoreELEC-Amlogic-no.aarch64-22/toolchain/bin/host-gcc' 'CFLAGS=-g -O2  ' 'LDFLAGS= ' 'CPP=cpp' 'CXX=/work/build.CoreELEC-Amlogic-no.aarch64-22/toolchain/bin/host-g++' 'CXXFLAGS=-g -O2  ' --cache-file=.././config.cache --srcdir=/work/build.CoreELEC-Amlogic-no.aarch64-22/build/binutils-2.47/gprofng/libcollector
configure: loading cache .././config.cache
checking build system type... (cached) x86_64-pc-linux-gnu
checking host system type... (cached) x86_64-pc-linux-gnu
checking target system type... (cached) aarch64-libreelec-linux-gnu
checking for a BSD-compatible install... (cached) /usr/bin/install -c
checking whether build environment is sane... yes
checking for a thread-safe mkdir -p... (cached) /usr/bin/mkdir -p
checking for gawk... (cached) gawk
checking whether make sets $(MAKE)... (cached) yes
checking whether make supports nested variables... (cached) yes
checking whether to enable maintainer-specific portions of Makefiles... no
checking for style of include used by make... GNU
checking for x86_64-linux-gnu-gcc... (cached) /work/build.CoreELEC-Amlogic-no.aarch64-22/toolchain/bin/host-gcc
checking whether the C compiler works... yes
checking for C compiler default output file name... a.out
checking for suffix of executables... 
checking whether we are cross compiling... no
checking for suffix of object files... (cached) o
checking whether we are using the GNU C compiler... (cached) yes
checking whether /work/build.CoreELEC-Amlogic-no.aarch64-22/toolchain/bin/host-gcc accepts -g... (cached) yes
checking for /work/build.CoreELEC-Amlogic-no.aarch64-22/toolchain/bin/host-gcc option to accept ISO C89... (cached) none needed
checking whether /work/build.CoreELEC-Amlogic-no.aarch64-22/toolchain/bin/host-gcc understands -c and -o together... (cached) yes
checking dependency style of /work/build.CoreELEC-Amlogic-no.aarch64-22/toolchain/bin/host-gcc... (cached) gcc3
checking how to run the C preprocessor... cpp
checking for grep that handles long lines and -e... (cached) /usr/bin/grep
checking for egrep... (cached) /usr/bin/grep -E
checking for ANSI C header files... (cached) yes
checking for sys/types.h... (cached) yes
checking for sys/stat.h... (cached) yes
checking for stdlib.h... (cached) yes
checking for string.h... (cached) yes
checking for memory.h... (cached) yes
checking for strings.h... (cached) yes
checking for inttypes.h... (cached) yes
checking for stdint.h... (cached) yes
checking for unistd.h... (cached) yes
checking for minix/config.h... (cached) no
checking whether it is safe to define __EXTENSIONS__... (cached) yes
checking for x86_64-linux-gnu-gcc... (cached) /work/build.CoreELEC-Amlogic-no.aarch64-22/toolchain/bin/host-gcc
checking whether we are using the GNU C compiler... (cached) yes
checking whether /work/build.CoreELEC-Amlogic-no.aarch64-22/toolchain/bin/host-gcc accepts -g... (cached) yes
checking for /work/build.CoreELEC-Amlogic-no.aarch64-22/toolchain/bin/host-gcc option to accept ISO C89... (cached) none needed
checking whether /work/build.CoreELEC-Amlogic-no.aarch64-22/toolchain/bin/host-gcc understands -c and -o together... (cached) yes
checking dependency style of /work/build.CoreELEC-Amlogic-no.aarch64-22/toolchain/bin/host-gcc... (cached) gcc3
checking whether we are using the GNU C++ compiler... (cached) yes
checking whether /work/build.CoreELEC-Amlogic-no.aarch64-22/toolchain/bin/host-g++ accepts -g... (cached) yes
checking dependency style of /work/build.CoreELEC-Amlogic-no.aarch64-22/toolchain/bin/host-g++... (cached) gcc3
checking for x86_64-linux-gnu-ranlib... (cached) ranlib --plugin /usr/libexec/gcc/x86_64-linux-gnu/14/liblto_plugin.so
checking for x86_64-linux-gnu-ar... (cached) ar --plugin /usr/libexec/gcc/x86_64-linux-gnu/14/liblto_plugin.so
checking the archiver (ar --plugin /usr/libexec/gcc/x86_64-linux-gnu/14/liblto_plugin.so) interface... (cached) ar
checking how to print strings... printf
checking for a sed that does not truncate output... (cached) /work/build.CoreELEC-Amlogic-no.aarch64-22/toolchain/bin/sed
checking for fgrep... (cached) /usr/bin/grep -F
checking for ld used by /work/build.CoreELEC-Amlogic-no.aarch64-22/toolchain/bin/host-gcc... (cached) ld
checking if the linker (ld) is GNU ld... (cached) yes
checking for BSD- or MS-compatible name lister (nm)... (cached) /usr/bin/nm --plugin /usr/libexec/gcc/x86_64-linux-gnu/14/liblto_plugin.so -B
checking the name lister (/usr/bin/nm --plugin /usr/libexec/gcc/x86_64-linux-gnu/14/liblto_plugin.so -B) interface... (cached) BSD nm
checking whether ln -s works... yes
checking the maximum length of command line arguments... (cached) 1572864
checking whether the shell understands some XSI constructs... yes
checking whether the shell understands "+="... no
checking for ld option to reload object files... (cached) -r
checking for x86_64-linux-gnu-objdump... (cached) objdump
checking how to recognize dependent libraries... (cached) pass_all
checking for clang... (cached) no
checking for x86_64-linux-gnu-llvm-config... no
checking for llvm-config... no
checking for x86_64-linux-gnu-ar... (cached) ar --plugin /usr/libexec/gcc/x86_64-linux-gnu/14/liblto_plugin.so
checking for -plugin option... --plugin /usr/libexec/gcc/x86_64-linux-gnu/14/liblto_plugin.so
checking for x86_64-linux-gnu-ar... (cached) ar --plugin /usr/libexec/gcc/x86_64-linux-gnu/14/liblto_plugin.so
checking for x86_64-linux-gnu-strip... (cached) strip
checking for x86_64-linux-gnu-ranlib... (cached) ranlib --plugin /usr/libexec/gcc/x86_64-linux-gnu/14/liblto_plugin.so
checking command to parse /usr/bin/nm --plugin /usr/libexec/gcc/x86_64-linux-gnu/14/liblto_plugin.so -B output from /work/build.CoreELEC-Amlogic-no.aarch64-22/toolchain/bin/host-gcc object... (cached) ok
checking for dlfcn.h... (cached) yes
checking for objdir... (cached) .libs
checking if /work/build.CoreELEC-Amlogic-no.aarch64-22/toolchain/bin/host-gcc supports -fno-rtti -fno-exceptions... (cached) no
checking for /work/build.CoreELEC-Amlogic-no.aarch64-22/toolchain/bin/host-gcc option to produce PIC... -fPIC -DPIC
checking if /work/build.CoreELEC-Amlogic-no.aarch64-22/toolchain/bin/host-gcc PIC flag -fPIC -DPIC works... (cached) yes
checking if /work/build.CoreELEC-Amlogic-no.aarch64-22/toolchain/bin/host-gcc static flag -static works... (cached) yes
checking if /work/build.CoreELEC-Amlogic-no.aarch64-22/toolchain/bin/host-gcc supports -c -o file.o... (cached) yes
checking if /work/build.CoreELEC-Amlogic-no.aarch64-22/toolchain/bin/host-gcc supports -c -o file.o... (cached) yes
checking whether the /work/build.CoreELEC-Amlogic-no.aarch64-22/toolchain/bin/host-gcc linker (ld -m elf_x86_64) supports shared libraries... yes
checking whether -lc should be explicitly linked in... (cached) no
checking dynamic linker characteristics... (cached) GNU/Linux ld.so
checking how to hardcode library paths into programs... immediate
checking whether stripping libraries is possible... yes
checking if libtool supports shared libraries... yes
checking whether to build shared libraries... yes
checking whether to build static libraries... yes
checking how to run the C++ preprocessor... (cached) /work/build.CoreELEC-Amlogic-no.aarch64-22/toolchain/bin/host-g++ -E
checking for ld used by /work/build.CoreELEC-Amlogic-no.aarch64-22/toolchain/bin/host-g++... (cached) ld -m elf_x86_64
checking if the linker (ld -m elf_x86_64) is GNU ld... (cached) yes
checking whether the /work/build.CoreELEC-Amlogic-no.aarch64-22/toolchain/bin/host-g++ linker (ld -m elf_x86_64) supports shared libraries... yes
checking for /work/build.CoreELEC-Amlogic-no.aarch64-22/toolchain/bin/host-g++ option to produce PIC... -fPIC -DPIC
checking if /work/build.CoreELEC-Amlogic-no.aarch64-22/toolchain/bin/host-g++ PIC flag -fPIC -DPIC works... (cached) yes
checking if /work/build.CoreELEC-Amlogic-no.aarch64-22/toolchain/bin/host-g++ static flag -static works... (cached) yes
checking if /work/build.CoreELEC-Amlogic-no.aarch64-22/toolchain/bin/host-g++ supports -c -o file.o... (cached) yes
checking if /work/build.CoreELEC-Amlogic-no.aarch64-22/toolchain/bin/host-g++ supports -c -o file.o... (cached) yes
checking whether the /work/build.CoreELEC-Amlogic-no.aarch64-22/toolchain/bin/host-g++ linker (ld -m elf_x86_64) supports shared libraries... yes
checking dynamic linker characteristics... (cached) GNU/Linux ld.so
checking how to hardcode library paths into programs... immediate
checking whether /work/build.CoreELEC-Amlogic-no.aarch64-22/toolchain/bin/host-gcc supports -Wnonnull-compare... yes
configure: updating cache .././config.cache
checking that generated files are newer than configure... done
configure: creating ./config.status
config.status: creating Makefile
config.status: creating lib-config.h
config.status: executing depfiles commands
config.status: executing libtool commands
mkdir -p -- ./ld
Configuring in ./ld
configure: creating cache ./config.cache
checking build system type... x86_64-pc-linux-gnu
checking host system type... x86_64-pc-linux-gnu
checking target system type... aarch64-libreelec-linux-gnu
checking for a BSD-compatible install... /usr/bin/install -c
checking whether build environment is sane... yes
checking for a thread-safe mkdir -p... /usr/bin/mkdir -p
checking for gawk... gawk
checking whether make sets $(MAKE)... yes
checking whether make supports nested variables... yes
checking whether make supports nested variables... (cached) yes
checking whether to enable maintainer-specific portions of Makefiles... no
checking for x86_64-linux-gnu-gcc... /work/build.CoreELEC-Amlogic-no.aarch64-22/toolchain/bin/host-gcc
checking whether the C compiler works... yes
checking for C compiler default output file name... a.out
checking for suffix of executables... 
checking whether we are cross compiling... no
checking for suffix of object files... o
checking whether we are using the GNU C compiler... yes
checking whether /work/build.CoreELEC-Amlogic-no.aarch64-22/toolchain/bin/host-gcc accepts -g... yes
checking for /work/build.CoreELEC-Amlogic-no.aarch64-22/toolchain/bin/host-gcc option to accept ISO C89... none needed
checking whether /work/build.CoreELEC-Amlogic-no.aarch64-22/toolchain/bin/host-gcc understands -c and -o together... yes
checking for style of include used by make... GNU
checking dependency style of /work/build.CoreELEC-Amlogic-no.aarch64-22/toolchain/bin/host-gcc... gcc3
checking whether we are using the GNU C++ compiler... yes
checking whether /work/build.CoreELEC-Amlogic-no.aarch64-22/toolchain/bin/host-g++ accepts -g... yes
checking dependency style of /work/build.CoreELEC-Amlogic-no.aarch64-22/toolchain/bin/host-g++... gcc3
checking for grep that handles long lines and -e... /usr/bin/grep
checking how to run the C preprocessor... cpp
checking for egrep... /usr/bin/grep -E
checking for ANSI C header files... yes
checking for sys/types.h... yes
checking for sys/stat.h... yes
checking for stdlib.h... yes
checking for string.h... yes
checking for memory.h... yes
checking for strings.h... yes
checking for inttypes.h... yes
checking for stdint.h... yes
checking for unistd.h... yes
checking minix/config.h usability... no
checking minix/config.h presence... no
checking for minix/config.h... no
checking whether it is safe to define __EXTENSIONS__... yes
checking pkg-config is at least version 0.9.0... yes
checking how to print strings... printf
checking for a sed that does not truncate output... /work/build.CoreELEC-Amlogic-no.aarch64-22/toolchain/bin/sed
checking for fgrep... /usr/bin/grep -F
checking for ld used by /work/build.CoreELEC-Amlogic-no.aarch64-22/toolchain/bin/host-gcc... ld
checking if the linker (ld) is GNU ld... yes
checking for BSD- or MS-compatible name lister (nm)... /usr/bin/nm --plugin /usr/libexec/gcc/x86_64-linux-gnu/14/liblto_plugin.so -B
checking the name lister (/usr/bin/nm --plugin /usr/libexec/gcc/x86_64-linux-gnu/14/liblto_plugin.so -B) interface... BSD nm
checking whether ln -s works... yes
checking the maximum length of command line arguments... 1572864
checking whether the shell understands some XSI constructs... yes
checking whether the shell understands "+="... no
checking for ld option to reload object files... -r
checking for x86_64-linux-gnu-objdump... objdump
checking how to recognize dependent libraries... pass_all
checking for clang... no
checking for x86_64-linux-gnu-llvm-config... no
checking for llvm-config... no
checking for x86_64-linux-gnu-ar... ar --plugin /usr/libexec/gcc/x86_64-linux-gnu/14/liblto_plugin.so
checking for -plugin option... --plugin /usr/libexec/gcc/x86_64-linux-gnu/14/liblto_plugin.so
checking for x86_64-linux-gnu-ar... (cached) ar --plugin /usr/libexec/gcc/x86_64-linux-gnu/14/liblto_plugin.so
checking for x86_64-linux-gnu-strip... strip
checking for x86_64-linux-gnu-ranlib... ranlib --plugin /usr/libexec/gcc/x86_64-linux-gnu/14/liblto_plugin.so
checking command to parse /usr/bin/nm --plugin /usr/libexec/gcc/x86_64-linux-gnu/14/liblto_plugin.so -B output from /work/build.CoreELEC-Amlogic-no.aarch64-22/toolchain/bin/host-gcc object... ok
checking for dlfcn.h... yes
checking for objdir... .libs
checking if /work/build.CoreELEC-Amlogic-no.aarch64-22/toolchain/bin/host-gcc supports -fno-rtti -fno-exceptions... no
checking for /work/build.CoreELEC-Amlogic-no.aarch64-22/toolchain/bin/host-gcc option to produce PIC... -fPIC -DPIC
checking if /work/build.CoreELEC-Amlogic-no.aarch64-22/toolchain/bin/host-gcc PIC flag -fPIC -DPIC works... yes
checking if /work/build.CoreELEC-Amlogic-no.aarch64-22/toolchain/bin/host-gcc static flag -static works... yes
checking if /work/build.CoreELEC-Amlogic-no.aarch64-22/toolchain/bin/host-gcc supports -c -o file.o... yes
checking if /work/build.CoreELEC-Amlogic-no.aarch64-22/toolchain/bin/host-gcc supports -c -o file.o... (cached) yes
checking whether the /work/build.CoreELEC-Amlogic-no.aarch64-22/toolchain/bin/host-gcc linker (ld -m elf_x86_64) supports shared libraries... yes
checking whether -lc should be explicitly linked in... no
checking dynamic linker characteristics... GNU/Linux ld.so
checking how to hardcode library paths into programs... immediate
checking whether stripping libraries is possible... yes
checking if libtool supports shared libraries... yes
checking whether to build shared libraries... yes
checking whether to build static libraries... yes
checking how to run the C++ preprocessor... /work/build.CoreELEC-Amlogic-no.aarch64-22/toolchain/bin/host-g++ -E
checking for ld used by /work/build.CoreELEC-Amlogic-no.aarch64-22/toolchain/bin/host-g++... ld -m elf_x86_64
checking if the linker (ld -m elf_x86_64) is GNU ld... yes
checking whether the /work/build.CoreELEC-Amlogic-no.aarch64-22/toolchain/bin/host-g++ linker (ld -m elf_x86_64) supports shared libraries... yes
checking for /work/build.CoreELEC-Amlogic-no.aarch64-22/toolchain/bin/host-g++ option to produce PIC... -fPIC -DPIC
checking if /work/build.CoreELEC-Amlogic-no.aarch64-22/toolchain/bin/host-g++ PIC flag -fPIC -DPIC works... yes
checking if /work/build.CoreELEC-Amlogic-no.aarch64-22/toolchain/bin/host-g++ static flag -static works... yes
checking if /work/build.CoreELEC-Amlogic-no.aarch64-22/toolchain/bin/host-g++ supports -c -o file.o... yes
checking if /work/build.CoreELEC-Amlogic-no.aarch64-22/toolchain/bin/host-g++ supports -c -o file.o... (cached) yes
checking whether the /work/build.CoreELEC-Amlogic-no.aarch64-22/toolchain/bin/host-g++ linker (ld -m elf_x86_64) supports shared libraries... yes
checking dynamic linker characteristics... (cached) GNU/Linux ld.so
checking how to hardcode library paths into programs... immediate
checking for dlfcn.h... (cached) yes
checking for windows.h... no
checking for library containing dlsym... none required
checking for special C compiler options needed for large files... no
checking for _FILE_OFFSET_BITS value needed for large files... no
checking whether BFD is 64-bit... yes
Setting warning flags = -W -Wall -Wstrict-prototypes -Wmissing-prototypes -Wshadow -Wstack-usage=262144
checking for LC_MESSAGES... yes
checking whether NLS is requested... no
checking for msgfmt... /work/build.CoreELEC-Amlogic-no.aarch64-22/toolchain/bin/msgfmt
checking for gmsgfmt... /work/build.CoreELEC-Amlogic-no.aarch64-22/toolchain/bin/msgfmt
checking for xgettext... /work/build.CoreELEC-Amlogic-no.aarch64-22/toolchain/bin/xgettext
checking for msgmerge... /work/build.CoreELEC-Amlogic-no.aarch64-22/toolchain/bin/msgmerge
checking for ld used by GCC... ld -m elf_x86_64
checking if the linker (ld -m elf_x86_64) is GNU ld... yes
checking for shared library run path origin... done
checking for CFPreferencesCopyAppValue... no
checking for CFLocaleCopyPreferredLanguages... no
checking whether to use NLS... no
checking whether NLS is requested... no
checking for bison... bison -y
checking for flex... flex
checking lex output file root... lex.yy
checking lex library... none needed
checking whether yytext is a pointer... no
checking whether to enable maintainer-specific portions of Makefiles... no
checking how to compare bootstrapped objects... cmp --ignore-initial=16 $$f1 $$f2
checking fcntl.h usability... yes
checking fcntl.h presence... yes
checking for fcntl.h... yes
checking elf-hints.h usability... no
checking elf-hints.h presence... no
checking for elf-hints.h... no
checking limits.h usability... yes
checking limits.h presence... yes
checking for limits.h... yes
checking for inttypes.h... (cached) yes
checking for stdint.h... (cached) yes
checking sys/file.h usability... yes
checking sys/file.h presence... yes
checking for sys/file.h... yes
checking sys/mman.h usability... yes
checking sys/mman.h presence... yes
checking for sys/mman.h... yes
checking sys/param.h usability... yes
checking sys/param.h presence... yes
checking for sys/param.h... yes
checking for sys/stat.h... (cached) yes
checking sys/time.h usability... yes
checking sys/time.h presence... yes
checking for sys/time.h... yes
checking for sys/types.h... (cached) yes
checking for unistd.h... (cached) yes
checking for close... yes
checking for getrusage... yes
checking for glob... yes
checking for lseek... yes
checking for mkstemp... yes
checking for open... yes
checking for realpath... yes
checking for waitpid... yes
checking for mallinfo... yes
checking for mallinfo2... yes
checking whether environ is declared... yes
checking whether stpcpy is declared... yes
checking whether strtoull is declared... yes
checking for stdlib.h... (cached) yes
checking for unistd.h... (cached) yes
checking for sys/param.h... (cached) yes
checking for getpagesize... yes
checking for working mmap... yes
checking for library containing dlopen... none required
checking for a known getopt prototype in unistd.h... yes
checking whether to use xxhash... no
checking for libzstd >= 1.4.0... yes
configure: updating cache ./config.cache
checking that generated files are newer than configure... done
configure: creating ./config.status
config.status: creating Makefile
config.status: creating po/Makefile.in
config.status: creating config.h
config.status: executing depfiles commands
config.status: executing libtool commands
config.status: executing default-1 commands
config.status: executing default commands
mkdir -p -- ./libctf
Configuring in ./libctf
configure: creating cache ./config.cache
checking build system type... x86_64-pc-linux-gnu
checking host system type... x86_64-pc-linux-gnu
checking target system type... aarch64-libreelec-linux-gnu
checking for x86_64-linux-gnu-gcc... /work/build.CoreELEC-Amlogic-no.aarch64-22/toolchain/bin/host-gcc
checking whether the C compiler works... yes
checking for C compiler default output file name... a.out
checking for suffix of executables... 
checking whether we are cross compiling... no
checking for suffix of object files... o
checking whether we are using the GNU C compiler... yes
checking whether /work/build.CoreELEC-Amlogic-no.aarch64-22/toolchain/bin/host-gcc accepts -g... yes
checking for /work/build.CoreELEC-Amlogic-no.aarch64-22/toolchain/bin/host-gcc option to accept ISO C89... none needed
checking whether /work/build.CoreELEC-Amlogic-no.aarch64-22/toolchain/bin/host-gcc understands -c and -o together... yes
checking how to run the C preprocessor... cpp
checking for grep that handles long lines and -e... /usr/bin/grep
checking for egrep... /usr/bin/grep -E
checking for ANSI C header files... yes
checking for sys/types.h... yes
checking for sys/stat.h... yes
checking for stdlib.h... yes
checking for string.h... yes
checking for memory.h... yes
checking for strings.h... yes
checking for inttypes.h... yes
checking for stdint.h... yes
checking for unistd.h... yes
checking minix/config.h usability... no
checking minix/config.h presence... no
checking for minix/config.h... no
checking whether it is safe to define __EXTENSIONS__... yes
checking for a BSD-compatible install... /usr/bin/install -c
checking whether build environment is sane... yes
checking for a thread-safe mkdir -p... /usr/bin/mkdir -p
checking for gawk... gawk
checking whether make sets $(MAKE)... yes
checking for style of include used by make... GNU
checking whether make supports nested variables... yes
checking dependency style of /work/build.CoreELEC-Amlogic-no.aarch64-22/toolchain/bin/host-gcc... gcc3
checking whether make supports nested variables... (cached) yes
checking whether make sets $(MAKE)... (cached) yes
checking for x86_64-linux-gnu-gcc... (cached) /work/build.CoreELEC-Amlogic-no.aarch64-22/toolchain/bin/host-gcc
checking whether we are using the GNU C compiler... (cached) yes
checking whether /work/build.CoreELEC-Amlogic-no.aarch64-22/toolchain/bin/host-gcc accepts -g... (cached) yes
checking for /work/build.CoreELEC-Amlogic-no.aarch64-22/toolchain/bin/host-gcc option to accept ISO C89... (cached) none needed
checking whether /work/build.CoreELEC-Amlogic-no.aarch64-22/toolchain/bin/host-gcc understands -c and -o together... (cached) yes
checking for x86_64-linux-gnu-ranlib... ranlib --plugin /usr/libexec/gcc/x86_64-linux-gnu/14/liblto_plugin.so
checking for x86_64-linux-gnu-ar... ar --plugin /usr/libexec/gcc/x86_64-linux-gnu/14/liblto_plugin.so
checking the archiver (ar --plugin /usr/libexec/gcc/x86_64-linux-gnu/14/liblto_plugin.so) interface... ar
checking whether NLS is requested... no
checking for msgfmt... /work/build.CoreELEC-Amlogic-no.aarch64-22/toolchain/bin/msgfmt
checking for gmsgfmt... /work/build.CoreELEC-Amlogic-no.aarch64-22/toolchain/bin/msgfmt
checking for xgettext... /work/build.CoreELEC-Amlogic-no.aarch64-22/toolchain/bin/xgettext
checking for msgmerge... /work/build.CoreELEC-Amlogic-no.aarch64-22/toolchain/bin/msgmerge
checking for ld used by GCC... ld
checking if the linker (ld) is GNU ld... yes
checking for shared library run path origin... done
checking for CFPreferencesCopyAppValue... no
checking for CFLocaleCopyPreferredLanguages... no
checking whether to use NLS... no
checking whether NLS is requested... no
checking how to print strings... printf
checking for a sed that does not truncate output... /work/build.CoreELEC-Amlogic-no.aarch64-22/toolchain/bin/sed
checking for fgrep... /usr/bin/grep -F
checking for ld used by /work/build.CoreELEC-Amlogic-no.aarch64-22/toolchain/bin/host-gcc... ld
checking if the linker (ld) is GNU ld... yes
checking for BSD- or MS-compatible name lister (nm)... /usr/bin/nm --plugin /usr/libexec/gcc/x86_64-linux-gnu/14/liblto_plugin.so -B
checking the name lister (/usr/bin/nm --plugin /usr/libexec/gcc/x86_64-linux-gnu/14/liblto_plugin.so -B) interface... BSD nm
checking whether ln -s works... yes
checking the maximum length of command line arguments... 1572864
checking whether the shell understands some XSI constructs... yes
checking whether the shell understands "+="... no
checking for ld option to reload object files... -r
checking for x86_64-linux-gnu-objdump... objdump
checking how to recognize dependent libraries... pass_all
checking for clang... no
checking for x86_64-linux-gnu-llvm-config... no
checking for llvm-config... no
checking for x86_64-linux-gnu-ar... (cached) ar --plugin /usr/libexec/gcc/x86_64-linux-gnu/14/liblto_plugin.so
checking for -plugin option... --plugin /usr/libexec/gcc/x86_64-linux-gnu/14/liblto_plugin.so
checking for x86_64-linux-gnu-ar... (cached) ar --plugin /usr/libexec/gcc/x86_64-linux-gnu/14/liblto_plugin.so
checking for x86_64-linux-gnu-strip... strip
checking for x86_64-linux-gnu-ranlib... (cached) ranlib --plugin /usr/libexec/gcc/x86_64-linux-gnu/14/liblto_plugin.so
checking command to parse /usr/bin/nm --plugin /usr/libexec/gcc/x86_64-linux-gnu/14/liblto_plugin.so -B output from /work/build.CoreELEC-Amlogic-no.aarch64-22/toolchain/bin/host-gcc object... ok
checking for dlfcn.h... yes
checking for objdir... .libs
checking if /work/build.CoreELEC-Amlogic-no.aarch64-22/toolchain/bin/host-gcc supports -fno-rtti -fno-exceptions... no
checking for /work/build.CoreELEC-Amlogic-no.aarch64-22/toolchain/bin/host-gcc option to produce PIC... -fPIC -DPIC
checking if /work/build.CoreELEC-Amlogic-no.aarch64-22/toolchain/bin/host-gcc PIC flag -fPIC -DPIC works... yes
checking if /work/build.CoreELEC-Amlogic-no.aarch64-22/toolchain/bin/host-gcc static flag -static works... yes
checking if /work/build.CoreELEC-Amlogic-no.aarch64-22/toolchain/bin/host-gcc supports -c -o file.o... yes
checking if /work/build.CoreELEC-Amlogic-no.aarch64-22/toolchain/bin/host-gcc supports -c -o file.o... (cached) yes
checking whether the /work/build.CoreELEC-Amlogic-no.aarch64-22/toolchain/bin/host-gcc linker (ld -m elf_x86_64) supports shared libraries... yes
checking whether -lc should be explicitly linked in... no
checking dynamic linker characteristics... GNU/Linux ld.so
checking how to hardcode library paths into programs... immediate
checking whether stripping libraries is possible... yes
checking if libtool supports shared libraries... yes
checking whether to build shared libraries... yes
checking whether to build static libraries... yes
checking for special C compiler options needed for large files... no
checking for _FILE_OFFSET_BITS value needed for large files... no
configure: creating ./config.lt
config.lt: creating libtool
checking for aclocal... ${SHELL} /work/build.CoreELEC-Amlogic-no.aarch64-22/build/binutils-2.47/missing aclocal-1.15
checking for autoconf... ${SHELL} /work/build.CoreELEC-Amlogic-no.aarch64-22/build/binutils-2.47/missing autoconf
checking for autoheader... ${SHELL} /work/build.CoreELEC-Amlogic-no.aarch64-22/build/binutils-2.47/missing autoheader
checking whether /work/build.CoreELEC-Amlogic-no.aarch64-22/toolchain/bin/host-gcc supports -W... yes
checking whether /work/build.CoreELEC-Amlogic-no.aarch64-22/toolchain/bin/host-gcc supports -Wall... yes
checking whether /work/build.CoreELEC-Amlogic-no.aarch64-22/toolchain/bin/host-gcc supports -Wnarrowing... yes
checking whether /work/build.CoreELEC-Amlogic-no.aarch64-22/toolchain/bin/host-gcc supports -Wwrite-strings... yes
checking whether /work/build.CoreELEC-Amlogic-no.aarch64-22/toolchain/bin/host-gcc supports -Wmissing-format-attribute... yes
checking whether /work/build.CoreELEC-Amlogic-no.aarch64-22/toolchain/bin/host-gcc supports -Wstrict-prototypes... yes
checking whether /work/build.CoreELEC-Amlogic-no.aarch64-22/toolchain/bin/host-gcc supports -Wmissing-prototypes... yes
checking whether /work/build.CoreELEC-Amlogic-no.aarch64-22/toolchain/bin/host-gcc supports -Wold-style-definition... yes
checking whether /work/build.CoreELEC-Amlogic-no.aarch64-22/toolchain/bin/host-gcc supports -pedantic -Wlong-long... yes
checking whether to enable maintainer-specific portions of Makefiles... no
checking whether to install libbfd... yes
checking whether /work/build.CoreELEC-Amlogic-no.aarch64-22/toolchain/bin/host-gcc supports -Wall... (cached) yes
checking for stdlib.h... (cached) yes
checking for unistd.h... (cached) yes
checking for sys/param.h... yes
checking for getpagesize... yes
checking for working mmap... yes
checking for library containing dlsym... none required
checking for ELF support in BFD... yes
checking whether byte ordering is bigendian... no
checking byteswap.h usability... yes
checking byteswap.h presence... yes
checking for byteswap.h... yes
checking endian.h usability... yes
checking endian.h presence... yes
checking for endian.h... yes
checking valgrind/valgrind.h usability... no
checking valgrind/valgrind.h presence... no
checking for valgrind/valgrind.h... no
checking for pread... yes
checking whether bswap_16 is declared... yes
checking whether bswap_32 is declared... yes
checking whether bswap_64 is declared... yes
checking whether asprintf is declared... yes
checking whether vasprintf is declared... yes
checking whether stpcpy is declared... yes
checking for qsort_r... yes
checking for qsort_r signature... GNU
checking for O_CLOEXEC... yes
checking for makeinfo... makeinfo
checking for expect... no
checking for Tcl supporting try/catch... no
checking for linker versioning flags... -Wl,--version-script
configure: updating cache ./config.cache
checking that generated files are newer than configure... done
configure: creating ./config.status
config.status: creating Makefile
config.status: creating config.h
config.status: executing depfiles commands
config.status: executing default-1 commands
config.status: executing libtool commands
make[1]: Entering directory '/work/build.CoreELEC-Amlogic-no.aarch64-22/build/binutils-2.47/.x86_64-linux-gnu'
make[2]: Entering directory '/work/build.CoreELEC-Amlogic-no.aarch64-22/build/binutils-2.47/.x86_64-linux-gnu/libiberty'
make[3]: Entering directory '/work/build.CoreELEC-Amlogic-no.aarch64-22/build/binutils-2.47/.x86_64-linux-gnu/libiberty/testsuite'
make[3]: Nothing to be done for 'all'.
make[3]: Leaving directory '/work/build.CoreELEC-Amlogic-no.aarch64-22/build/binutils-2.47/.x86_64-linux-gnu/libiberty/testsuite'
make[2]: Leaving directory '/work/build.CoreELEC-Amlogic-no.aarch64-22/build/binutils-2.47/.x86_64-linux-gnu/libiberty'
make[2]: Entering directory '/work/build.CoreELEC-Amlogic-no.aarch64-22/build/binutils-2.47/.x86_64-linux-gnu/zlib'
true "AR_FLAGS=rc" "CC_FOR_BUILD=/work/build.CoreELEC-Amlogic-no.aarch64-22/toolchain/bin/host-gcc" "CFLAGS=-g -O2    " "CXXFLAGS=-g -O2    " "CFLAGS_FOR_BUILD=-g -O2" "CFLAGS_FOR_TARGET=-g -O2" "INSTALL=/usr/bin/install -c" "INSTALL_DATA=/usr/bin/install -c -m 644" "INSTALL_PROGRAM=/usr/bin/install -c" "INSTALL_SCRIPT=/usr/bin/install -c" "LDFLAGS=" "LIBCFLAGS=-g -O2  " "LIBCFLAGS_FOR_TARGET=-g -O2" "MAKE=make" "MAKEINFO=true --split-size=5000000 --split-size=5000000 " "PICFLAG=-fPIC" "PICFLAG_FOR_TARGET=" "SHELL=/bin/dash" "EXPECT=expect" "RUNTEST=runtest" "RUNTESTFLAGS=" "exec_prefix=/work/build.CoreELEC-Amlogic-no.aarch64-22/toolchain" "infodir=/work/build.CoreELEC-Amlogic-no.aarch64-22/toolchain/share/info" "libdir=/work/build.CoreELEC-Amlogic-no.aarch64-22/toolchain/lib" "prefix=/work/build.CoreELEC-Amlogic-no.aarch64-22/toolchain" "tooldir=/work/build.CoreELEC-Amlogic-no.aarch64-22/toolchain/aarch64-libreelec-linux-gnu" "AR=ar --plugin /usr/libexec/gcc/x86_64-linux-gnu/14/liblto_plugin.so" "AS=as" "CC=/work/build.CoreELEC-Amlogic-no.aarch64-22/toolchain/bin/host-gcc" "CXX=/work/build.CoreELEC-Amlogic-no.aarch64-22/toolchain/bin/host-g++" "LD=ld" "LIBCFLAGS=-g -O2  " "NM=nm --plugin /usr/libexec/gcc/x86_64-linux-gnu/14/liblto_plugin.so" "PICFLAG=-fPIC" "RANLIB=ranlib --plugin /usr/libexec/gcc/x86_64-linux-gnu/14/liblto_plugin.so" "DESTDIR=" DO=all multi-do # make
make[2]: Leaving directory '/work/build.CoreELEC-Amlogic-no.aarch64-22/build/binutils-2.47/.x86_64-linux-gnu/zlib'
make[2]: Entering directory '/work/build.CoreELEC-Amlogic-no.aarch64-22/build/binutils-2.47/.x86_64-linux-gnu/libsframe'
make  all-am
make[3]: Entering directory '/work/build.CoreELEC-Amlogic-no.aarch64-22/build/binutils-2.47/.x86_64-linux-gnu/libsframe'
make[3]: Leaving directory '/work/build.CoreELEC-Amlogic-no.aarch64-22/build/binutils-2.47/.x86_64-linux-gnu/libsframe'
make[2]: Leaving directory '/work/build.CoreELEC-Amlogic-no.aarch64-22/build/binutils-2.47/.x86_64-linux-gnu/libsframe'
make[2]: Entering directory '/work/build.CoreELEC-Amlogic-no.aarch64-22/build/binutils-2.47/.x86_64-linux-gnu/bfd'
Making info in po
make[3]: Entering directory '/work/build.CoreELEC-Amlogic-no.aarch64-22/build/binutils-2.47/.x86_64-linux-gnu/bfd/po'
make[3]: Nothing to be done for 'info'.
make[3]: Leaving directory '/work/build.CoreELEC-Amlogic-no.aarch64-22/build/binutils-2.47/.x86_64-linux-gnu/bfd/po'
make[3]: Entering directory '/work/build.CoreELEC-Amlogic-no.aarch64-22/build/binutils-2.47/.x86_64-linux-gnu/bfd'
make[3]: Nothing to be done for 'info-am'.
make[3]: Leaving directory '/work/build.CoreELEC-Amlogic-no.aarch64-22/build/binutils-2.47/.x86_64-linux-gnu/bfd'
make  all-recursive
make[3]: Entering directory '/work/build.CoreELEC-Amlogic-no.aarch64-22/build/binutils-2.47/.x86_64-linux-gnu/bfd'
Making all in po
make[4]: Entering directory '/work/build.CoreELEC-Amlogic-no.aarch64-22/build/binutils-2.47/.x86_64-linux-gnu/bfd/po'
make[4]: Nothing to be done for 'all'.
make[4]: Leaving directory '/work/build.CoreELEC-Amlogic-no.aarch64-22/build/binutils-2.47/.x86_64-linux-gnu/bfd/po'
make[4]: Entering directory '/work/build.CoreELEC-Amlogic-no.aarch64-22/build/binutils-2.47/.x86_64-linux-gnu/bfd'
make[4]: Leaving directory '/work/build.CoreELEC-Amlogic-no.aarch64-22/build/binutils-2.47/.x86_64-linux-gnu/bfd'
make[3]: Leaving directory '/work/build.CoreELEC-Amlogic-no.aarch64-22/build/binutils-2.47/.x86_64-linux-gnu/bfd'
make[2]: Leaving directory '/work/build.CoreELEC-Amlogic-no.aarch64-22/build/binutils-2.47/.x86_64-linux-gnu/bfd'
make[2]: Entering directory '/work/build.CoreELEC-Amlogic-no.aarch64-22/build/binutils-2.47/.x86_64-linux-gnu/opcodes'
make  all-recursive
make[3]: Entering directory '/work/build.CoreELEC-Amlogic-no.aarch64-22/build/binutils-2.47/.x86_64-linux-gnu/opcodes'
Making all in .
make[4]: Entering directory '/work/build.CoreELEC-Amlogic-no.aarch64-22/build/binutils-2.47/.x86_64-linux-gnu/opcodes'
  CC       dis-buf.lo
  CC       disassemble.lo
  CC       dis-init.lo
  CC       aarch64-asm.lo
  CC       aarch64-dis.lo
  CC       aarch64-opc.lo
  CC       aarch64-asm-2.lo
  CC       aarch64-dis-2.lo
  CC       aarch64-opc-2.lo
  CC       arm-dis.lo
  CCLD     libopcodes.la
ar: `u' modifier ignored since `D' is the default (see `U')
libtooldir=`/bin/dash ./libtool --config | sed -n -e 's/^objdir=//p'`; \
if [ -f $libtooldir/libopcodes.a ]; then \
  cp $libtooldir/libopcodes.a libopcodes.tmp; \
  ranlib --plugin /usr/libexec/gcc/x86_64-linux-gnu/14/liblto_plugin.so libopcodes.tmp; \
  /bin/dash /work/build.CoreELEC-Amlogic-no.aarch64-22/build/binutils-2.47/opcodes/../move-if-change libopcodes.tmp libopcodes.a; \
else true; fi
touch stamp-lib
make[4]: Leaving directory '/work/build.CoreELEC-Amlogic-no.aarch64-22/build/binutils-2.47/.x86_64-linux-gnu/opcodes'
Making all in po
make[4]: Entering directory '/work/build.CoreELEC-Amlogic-no.aarch64-22/build/binutils-2.47/.x86_64-linux-gnu/opcodes/po'
make[4]: Nothing to be done for 'all'.
make[4]: Leaving directory '/work/build.CoreELEC-Amlogic-no.aarch64-22/build/binutils-2.47/.x86_64-linux-gnu/opcodes/po'
make[3]: Leaving directory '/work/build.CoreELEC-Amlogic-no.aarch64-22/build/binutils-2.47/.x86_64-linux-gnu/opcodes'
make[2]: Leaving directory '/work/build.CoreELEC-Amlogic-no.aarch64-22/build/binutils-2.47/.x86_64-linux-gnu/opcodes'
make[2]: Entering directory '/work/build.CoreELEC-Amlogic-no.aarch64-22/build/binutils-2.47/.x86_64-linux-gnu/gas'
make  all-recursive
make[3]: Entering directory '/work/build.CoreELEC-Amlogic-no.aarch64-22/build/binutils-2.47/.x86_64-linux-gnu/gas'
Making all in po
make[4]: Entering directory '/work/build.CoreELEC-Amlogic-no.aarch64-22/build/binutils-2.47/.x86_64-linux-gnu/gas/po'
make[4]: Nothing to be done for 'all'.
make[4]: Leaving directory '/work/build.CoreELEC-Amlogic-no.aarch64-22/build/binutils-2.47/.x86_64-linux-gnu/gas/po'
make[4]: Entering directory '/work/build.CoreELEC-Amlogic-no.aarch64-22/build/binutils-2.47/.x86_64-linux-gnu/gas'
  GEN      doc/asconfig.texi
  CC       app.o
  CC       as.o
  CC       atof-generic.o
  CC       codeview.o
  CC       compress-debug.o
  CC       cond.o
  CC       depend.o
  CC       dwarf2dbg.o
  CC       dw2gencfi.o
  CC       ecoff.o
  CC       ehopt.o
  CC       expr.o
  CC       flonum-copy.o
  CC       flonum-konst.o
  CC       flonum-mult.o
  CC       frags.o
  CC       gen-sframe.o
  CC       ginsn.o
  CC       hash.o
  CC       input-file.o
  CC       input-scrub.o
  CC       listing.o
  CC       literal.o
  CC       macro.o
  CC       messages.o
  CC       output-file.o
  CC       read.o
  CC       remap.o
  CC       sb.o
  CC       scfidw2gen.o
  CC       scfi.o
  CC       sframe-opt.o
  CC       stabs.o
  CC       subsegs.o
  CC       symbols.o
  CC       write.o
  CC       config/tc-aarch64.o
  CC       config/obj-elf.o
  CC       config/atof-ieee.o
  CC       config/obj-elf-attr.o
  CCLD     as-new
  GEN      doc/as.1
make[4]: Leaving directory '/work/build.CoreELEC-Amlogic-no.aarch64-22/build/binutils-2.47/.x86_64-linux-gnu/gas'
make[3]: Leaving directory '/work/build.CoreELEC-Amlogic-no.aarch64-22/build/binutils-2.47/.x86_64-linux-gnu/gas'
make[2]: Leaving directory '/work/build.CoreELEC-Amlogic-no.aarch64-22/build/binutils-2.47/.x86_64-linux-gnu/gas'
make[2]: Entering directory '/work/build.CoreELEC-Amlogic-no.aarch64-22/build/binutils-2.47/.x86_64-linux-gnu/libctf'
make  all-recursive
make[3]: Entering directory '/work/build.CoreELEC-Amlogic-no.aarch64-22/build/binutils-2.47/.x86_64-linux-gnu/libctf'
make[4]: Entering directory '/work/build.CoreELEC-Amlogic-no.aarch64-22/build/binutils-2.47/.x86_64-linux-gnu/libctf'
  CC       libctf_la-ctf-archive.lo
  CC       libctf_la-ctf-dump.lo
  CC       libctf_la-ctf-create.lo
  CC       libctf_la-ctf-decl.lo
  CC       libctf_la-ctf-error.lo
  CC       libctf_la-ctf-hash.lo
  CC       libctf_la-ctf-labels.lo
  CC       libctf_la-ctf-dedup.lo
  CC       libctf_la-ctf-link.lo
  CC       libctf_la-ctf-lookup.lo
  CC       libctf_la-ctf-open.lo
  CC       libctf_la-ctf-serialize.lo
  CC       libctf_la-ctf-sha1.lo
  CC       libctf_la-ctf-string.lo
  CC       libctf_la-ctf-subr.lo
  CC       libctf_la-ctf-types.lo
  CC       libctf_la-ctf-util.lo
  CC       libctf_la-ctf-open-bfd.lo
  CCLD     libctf.la
ar: `u' modifier ignored since `D' is the default (see `U')
  CC       libctf_nobfd_la-ctf-archive.lo
  CC       libctf_nobfd_la-ctf-dump.lo
  CC       libctf_nobfd_la-ctf-create.lo
  CC       libctf_nobfd_la-ctf-decl.lo
  CC       libctf_nobfd_la-ctf-error.lo
  CC       libctf_nobfd_la-ctf-hash.lo
  CC       libctf_nobfd_la-ctf-labels.lo
  CC       libctf_nobfd_la-ctf-dedup.lo
  CC       libctf_nobfd_la-ctf-link.lo
  CC       libctf_nobfd_la-ctf-lookup.lo
  CC       libctf_nobfd_la-ctf-open.lo
  CC       libctf_nobfd_la-ctf-serialize.lo
  CC       libctf_nobfd_la-ctf-sha1.lo
  CC       libctf_nobfd_la-ctf-string.lo
  CC       libctf_nobfd_la-ctf-subr.lo
  CC       libctf_nobfd_la-ctf-types.lo
  CC       libctf_nobfd_la-ctf-util.lo
  CCLD     libctf-nobfd.la
ar: `u' modifier ignored since `D' is the default (see `U')
make[4]: Leaving directory '/work/build.CoreELEC-Amlogic-no.aarch64-22/build/binutils-2.47/.x86_64-linux-gnu/libctf'
make[3]: Leaving directory '/work/build.CoreELEC-Amlogic-no.aarch64-22/build/binutils-2.47/.x86_64-linux-gnu/libctf'
make[2]: Leaving directory '/work/build.CoreELEC-Amlogic-no.aarch64-22/build/binutils-2.47/.x86_64-linux-gnu/libctf'
make[2]: Entering directory '/work/build.CoreELEC-Amlogic-no.aarch64-22/build/binutils-2.47/.x86_64-linux-gnu/binutils'
  CC       sysinfo.o
  CC       syslex_wrap.o
  CCLD     sysinfo
  GEN      sysroff.h
Making info in po
make[3]: Entering directory '/work/build.CoreELEC-Amlogic-no.aarch64-22/build/binutils-2.47/.x86_64-linux-gnu/binutils/po'
make[3]: Nothing to be done for 'info'.
make[3]: Leaving directory '/work/build.CoreELEC-Amlogic-no.aarch64-22/build/binutils-2.47/.x86_64-linux-gnu/binutils/po'
make[3]: Entering directory '/work/build.CoreELEC-Amlogic-no.aarch64-22/build/binutils-2.47/.x86_64-linux-gnu/binutils'
  GEN      doc/addr2line.1
  GEN      doc/ar.1
  GEN      doc/dlltool.1
  GEN      doc/nm.1
  GEN      doc/objcopy.1
  GEN      doc/objdump.1
  GEN      doc/ranlib.1
  GEN      doc/readelf.1
  GEN      doc/size.1
  GEN      doc/strings.1
  GEN      doc/strip.1
  GEN      doc/elfedit.1
  GEN      doc/windres.1
  GEN      doc/windmc.1
  GEN      doc/cxxfilt.man
  GEN      doc/c++filt.1
make[3]: Leaving directory '/work/build.CoreELEC-Amlogic-no.aarch64-22/build/binutils-2.47/.x86_64-linux-gnu/binutils'
make  all-recursive
make[3]: Entering directory '/work/build.CoreELEC-Amlogic-no.aarch64-22/build/binutils-2.47/.x86_64-linux-gnu/binutils'
Making all in po
make[4]: Entering directory '/work/build.CoreELEC-Amlogic-no.aarch64-22/build/binutils-2.47/.x86_64-linux-gnu/binutils/po'
make[4]: Nothing to be done for 'all'.
make[4]: Leaving directory '/work/build.CoreELEC-Amlogic-no.aarch64-22/build/binutils-2.47/.x86_64-linux-gnu/binutils/po'
make[4]: Entering directory '/work/build.CoreELEC-Amlogic-no.aarch64-22/build/binutils-2.47/.x86_64-linux-gnu/binutils'
  CC       size.o
  CC       bucomm.o
  CC       version.o
  CC       filemode.o
  CCLD     size
  CC       objdump.o
  CC       dwarf.o
  CC       prdbg.o
  CC       demanguse.o
  CC       rddbg.o
  CC       debug.o
  CC       stabs.o
  CC       rdcoff.o
  CC       elfcomm.o
  CCLD     objdump
  CC       arparse.o
  CC       arlex.o
  CC       not-ranlib.o
  CC       arsup.o
  CC       rename.o
  CC       binemul.o
  CC       emul_vanilla.o
  CCLD     ar
  CC       strings.o
  CCLD     strings
  CC       is-ranlib.o
  CCLD     ranlib
  CC       not-strip.o
  CC       wrstabs.o
  CCLD     objcopy
  CC       addr2line.o
  CCLD     addr2line
  CC       readelf.o
  CC       unwind-ia64.o
  CCLD     readelf
  CC       elfedit.o
  CCLD     elfedit
  CC       nm.o
  CCLD     nm-new
  CC       is-strip.o
  CCLD     strip-new
  CC       cxxfilt.o
  CCLD     cxxfilt
  CC       bfdtest1.o
  CCLD     bfdtest1
  CC       bfdtest2.o
  CCLD     bfdtest2
  CC       testsuite/gentestdlls.o
  CCLD     testsuite/gentestdlls
make[4]: Leaving directory '/work/build.CoreELEC-Amlogic-no.aarch64-22/build/binutils-2.47/.x86_64-linux-gnu/binutils'
make[3]: Leaving directory '/work/build.CoreELEC-Amlogic-no.aarch64-22/build/binutils-2.47/.x86_64-linux-gnu/binutils'
make[2]: Leaving directory '/work/build.CoreELEC-Amlogic-no.aarch64-22/build/binutils-2.47/.x86_64-linux-gnu/binutils'
make[2]: Entering directory '/work/build.CoreELEC-Amlogic-no.aarch64-22/build/binutils-2.47/.x86_64-linux-gnu/etc'
make[2]: Nothing to be done for 'all'.
make[2]: Leaving directory '/work/build.CoreELEC-Amlogic-no.aarch64-22/build/binutils-2.47/.x86_64-linux-gnu/etc'
make[2]: Entering directory '/work/build.CoreELEC-Amlogic-no.aarch64-22/build/binutils-2.47/.x86_64-linux-gnu/gold'
make  all-recursive
make[3]: Entering directory '/work/build.CoreELEC-Amlogic-no.aarch64-22/build/binutils-2.47/.x86_64-linux-gnu/gold'
Making all in po
make[4]: Entering directory '/work/build.CoreELEC-Amlogic-no.aarch64-22/build/binutils-2.47/.x86_64-linux-gnu/gold/po'
make[4]: Nothing to be done for 'all'.
make[4]: Leaving directory '/work/build.CoreELEC-Amlogic-no.aarch64-22/build/binutils-2.47/.x86_64-linux-gnu/gold/po'
Making all in testsuite
make[4]: Entering directory '/work/build.CoreELEC-Amlogic-no.aarch64-22/build/binutils-2.47/.x86_64-linux-gnu/gold/testsuite'
Makefile:4047: warning: overriding recipe for target 'incremental_comdat_test_1'
Makefile:4039: warning: ignoring old recipe for target 'incremental_comdat_test_1'
Makefile:4059: warning: overriding recipe for target 'incremental_common_test_1'
Makefile:4051: warning: ignoring old recipe for target 'incremental_common_test_1'
Makefile:4071: warning: overriding recipe for target 'incremental_copy_test'
Makefile:4063: warning: ignoring old recipe for target 'incremental_copy_test'
Makefile:4083: warning: overriding recipe for target 'incremental_test_2'
Makefile:4075: warning: ignoring old recipe for target 'incremental_test_2'
Makefile:4095: warning: overriding recipe for target 'incremental_test_3'
Makefile:4087: warning: ignoring old recipe for target 'incremental_test_3'
Makefile:4107: warning: overriding recipe for target 'incremental_test_4'
Makefile:4099: warning: ignoring old recipe for target 'incremental_test_4'
Makefile:4119: warning: overriding recipe for target 'incremental_test_5'
Makefile:4111: warning: ignoring old recipe for target 'incremental_test_5'
Makefile:4131: warning: overriding recipe for target 'incremental_test_6'
Makefile:4123: warning: ignoring old recipe for target 'incremental_test_6'
Makefile:4399: warning: overriding recipe for target 'pr17704a_test'
Makefile:4391: warning: ignoring old recipe for target 'pr17704a_test'
make  all-am
make[5]: Entering directory '/work/build.CoreELEC-Amlogic-no.aarch64-22/build/binutils-2.47/.x86_64-linux-gnu/gold/testsuite'
Makefile:4047: warning: overriding recipe for target 'incremental_comdat_test_1'
Makefile:4039: warning: ignoring old recipe for target 'incremental_comdat_test_1'
Makefile:4059: warning: overriding recipe for target 'incremental_common_test_1'
Makefile:4051: warning: ignoring old recipe for target 'incremental_common_test_1'
Makefile:4071: warning: overriding recipe for target 'incremental_copy_test'
Makefile:4063: warning: ignoring old recipe for target 'incremental_copy_test'
Makefile:4083: warning: overriding recipe for target 'incremental_test_2'
Makefile:4075: warning: ignoring old recipe for target 'incremental_test_2'
Makefile:4095: warning: overriding recipe for target 'incremental_test_3'
Makefile:4087: warning: ignoring old recipe for target 'incremental_test_3'
Makefile:4107: warning: overriding recipe for target 'incremental_test_4'
Makefile:4099: warning: ignoring old recipe for target 'incremental_test_4'
Makefile:4119: warning: overriding recipe for target 'incremental_test_5'
Makefile:4111: warning: ignoring old recipe for target 'incremental_test_5'
Makefile:4131: warning: overriding recipe for target 'incremental_test_6'
Makefile:4123: warning: ignoring old recipe for target 'incremental_test_6'
Makefile:4399: warning: overriding recipe for target 'pr17704a_test'
Makefile:4391: warning: ignoring old recipe for target 'pr17704a_test'
make[5]: Nothing to be done for 'all-am'.
make[5]: Leaving directory '/work/build.CoreELEC-Amlogic-no.aarch64-22/build/binutils-2.47/.x86_64-linux-gnu/gold/testsuite'
make[4]: Leaving directory '/work/build.CoreELEC-Amlogic-no.aarch64-22/build/binutils-2.47/.x86_64-linux-gnu/gold/testsuite'
make[4]: Entering directory '/work/build.CoreELEC-Amlogic-no.aarch64-22/build/binutils-2.47/.x86_64-linux-gnu/gold'
  CXX      archive.o
  CXX      attributes.o
  CXX      binary.o
  CXX      common.o
  CXX      compressed_output.o
  CXX      copy-relocs.o
  CXX      cref.o
  CXX      defstd.o
  CXX      descriptors.o
  CXX      dirsearch.o
  CXX      dynobj.o
  CXX      dwarf_reader.o
  CXX      ehframe.o
  CXX      errors.o
  CXX      expression.o
  CXX      fileread.o
  CXX      gc.o
  CXX      gdb-index.o
  CXX      gold.o
  CXX      gold-threads.o
  CXX      icf.o
  CXX      incremental.o
  CXX      int_encoding.o
  CXX      layout.o
  CXX      mapfile.o
  CXX      merge.o
  CXX      object.o
  CXX      options.o
  CXX      output.o
  CXX      parameters.o
  CXX      plugin.o
  CXX      readsyms.o
  CXX      reduced_debug_output.o
  CXX      reloc.o
  CXX      resolve.o
  CXX      script-sections.o
  CXX      script.o
  CXX      stringpool.o
  CXX      symtab.o
  CXX      target.o
  CXX      target-select.o
  CXX      timer.o
  CXX      version.o
  CXX      workqueue.o
  CXX      workqueue-threads.o
  CC       yyscript.o
  AR       libgold.a
ar: `u' modifier ignored since `D' is the default (see `U')
  CXX      dwp.o
  CXXLD    dwp
  CXX      main.o
  CXX      i386.o
  CXX      x86_64.o
  CXX      sparc.o
  CXX      powerpc.o
  CXX      arm.o
  CXX      arm-reloc-property.o
  CXX      tilegx.o
  CXX      mips.o
  CXX      aarch64.o
  CXX      aarch64-reloc-property.o
  CXX      s390.o
  CXXLD    ld-new
  CXX      incremental-dump.o
  CXXLD    incremental-dump
make[4]: Leaving directory '/work/build.CoreELEC-Amlogic-no.aarch64-22/build/binutils-2.47/.x86_64-linux-gnu/gold'
make[3]: Leaving directory '/work/build.CoreELEC-Amlogic-no.aarch64-22/build/binutils-2.47/.x86_64-linux-gnu/gold'
make[2]: Leaving directory '/work/build.CoreELEC-Amlogic-no.aarch64-22/build/binutils-2.47/.x86_64-linux-gnu/gold'
make[2]: Entering directory '/work/build.CoreELEC-Amlogic-no.aarch64-22/build/binutils-2.47/.x86_64-linux-gnu/gprof'
make  all-recursive
make[3]: Entering directory '/work/build.CoreELEC-Amlogic-no.aarch64-22/build/binutils-2.47/.x86_64-linux-gnu/gprof'
Making all in po
make[4]: Entering directory '/work/build.CoreELEC-Amlogic-no.aarch64-22/build/binutils-2.47/.x86_64-linux-gnu/gprof/po'
make[4]: Nothing to be done for 'all'.
make[4]: Leaving directory '/work/build.CoreELEC-Amlogic-no.aarch64-22/build/binutils-2.47/.x86_64-linux-gnu/gprof/po'
Making all in testsuite
make[4]: Entering directory '/work/build.CoreELEC-Amlogic-no.aarch64-22/build/binutils-2.47/.x86_64-linux-gnu/gprof/testsuite'
make[4]: Nothing to be done for 'all'.
make[4]: Leaving directory '/work/build.CoreELEC-Amlogic-no.aarch64-22/build/binutils-2.47/.x86_64-linux-gnu/gprof/testsuite'
make[4]: Entering directory '/work/build.CoreELEC-Amlogic-no.aarch64-22/build/binutils-2.47/.x86_64-linux-gnu/gprof'
  CC       basic_blocks.o
  CC       call_graph.o
  CC       cg_arcs.o
  CC       cg_dfn.o
  CC       cg_print.o
  CC       corefile.o
  CC       gmon_io.o
  CC       gprof.o
  CC       hertz.o
  CC       hist.o
  CC       source.o
  CC       search_list.o
  CC       symtab.o
  CC       sym_ids.o
  CC       utils.o
  CC       i386.o
  CC       alpha.o
  CC       vax.o
  CC       sparc.o
  CC       mips.o
  CC       aarch64.o
  CC       flat_bl.o
  CC       bsd_callg_bl.o
  CC       fsf_callg_bl.o
  CCLD     gprof
make[4]: Leaving directory '/work/build.CoreELEC-Amlogic-no.aarch64-22/build/binutils-2.47/.x86_64-linux-gnu/gprof'
make[3]: Leaving directory '/work/build.CoreELEC-Amlogic-no.aarch64-22/build/binutils-2.47/.x86_64-linux-gnu/gprof'
make[2]: Leaving directory '/work/build.CoreELEC-Amlogic-no.aarch64-22/build/binutils-2.47/.x86_64-linux-gnu/gprof'
make[2]: Entering directory '/work/build.CoreELEC-Amlogic-no.aarch64-22/build/binutils-2.47/.x86_64-linux-gnu/gprofng'
make jdk_inc="" LD_NO_AS_NEEDED="-Wl,--no-as-needed" GPROFNG_CFLAGS="-Wall" GPROFNG_CPPFLAGS="-U_ASM" NOLTO_CFLAGS="-fno-lto" all-recursive
make[3]: Entering directory '/work/build.CoreELEC-Amlogic-no.aarch64-22/build/binutils-2.47/.x86_64-linux-gnu/gprofng'
Making all in libcollector
make[4]: Entering directory '/work/build.CoreELEC-Amlogic-no.aarch64-22/build/binutils-2.47/.x86_64-linux-gnu/gprofng/libcollector'
make  all-am
make[5]: Entering directory '/work/build.CoreELEC-Amlogic-no.aarch64-22/build/binutils-2.47/.x86_64-linux-gnu/gprofng/libcollector'
/bin/dash ./libtool  --tag=CC   --mode=compile /work/build.CoreELEC-Amlogic-no.aarch64-22/toolchain/bin/host-gcc -DHAVE_CONFIG_H -I. -I/work/build.CoreELEC-Amlogic-no.aarch64-22/build/binutils-2.47/gprofng/libcollector  -U_ASM -I.. -I/work/build.CoreELEC-Amlogic-no.aarch64-22/build/binutils-2.47/gprofng/libcollector -I/work/build.CoreELEC-Amlogic-no.aarch64-22/build/binutils-2.47/gprofng/libcollector/../common -I/work/build.CoreELEC-Amlogic-no.aarch64-22/build/binutils-2.47/gprofng/libcollector/../src -I/work/build.CoreELEC-Amlogic-no.aarch64-22/build/binutils-2.47/gprofng/libcollector/../../include  -I../../bfd -I/work/build.CoreELEC-Amlogic-no.aarch64-22/build/binutils-2.47/gprofng/libcollector/../..  -Wall -Wno-nonnull-compare -fno-lto -fno-lto -g -O2     -MT libgp_collector_la-gethrtime.lo -MD -MP -MF .deps/libgp_collector_la-gethrtime.Tpo -c -o libgp_collector_la-gethrtime.lo `test -f 'gethrtime.c' || echo '/work/build.CoreELEC-Amlogic-no.aarch64-22/build/binutils-2.47/gprofng/libcollector/'`gethrtime.c
libtool: compile:  /work/build.CoreELEC-Amlogic-no.aarch64-22/toolchain/bin/host-gcc -DHAVE_CONFIG_H -I. -I/work/build.CoreELEC-Amlogic-no.aarch64-22/build/binutils-2.47/gprofng/libcollector -U_ASM -I.. -I/work/build.CoreELEC-Amlogic-no.aarch64-22/build/binutils-2.47/gprofng/libcollector -I/work/build.CoreELEC-Amlogic-no.aarch64-22/build/binutils-2.47/gprofng/libcollector/../common -I/work/build.CoreELEC-Amlogic-no.aarch64-22/build/binutils-2.47/gprofng/libcollector/../src -I/work/build.CoreELEC-Amlogic-no.aarch64-22/build/binutils-2.47/gprofng/libcollector/../../include -I../../bfd -I/work/build.CoreELEC-Amlogic-no.aarch64-22/build/binutils-2.47/gprofng/libcollector/../.. -Wall -Wno-nonnull-compare -fno-lto -fno-lto -g -O2 -MT libgp_collector_la-gethrtime.lo -MD -MP -MF .deps/libgp_collector_la-gethrtime.Tpo -c /work/build.CoreELEC-Amlogic-no.aarch64-22/build/binutils-2.47/gprofng/libcollector/gethrtime.c  -fPIC -DPIC -o .libs/libgp_collector_la-gethrtime.o
libtool: compile:  /work/build.CoreELEC-Amlogic-no.aarch64-22/toolchain/bin/host-gcc -DHAVE_CONFIG_H -I. -I/work/build.CoreELEC-Amlogic-no.aarch64-22/build/binutils-2.47/gprofng/libcollector -U_ASM -I.. -I/work/build.CoreELEC-Amlogic-no.aarch64-22/build/binutils-2.47/gprofng/libcollector -I/work/build.CoreELEC-Amlogic-no.aarch64-22/build/binutils-2.47/gprofng/libcollector/../common -I/work/build.CoreELEC-Amlogic-no.aarch64-22/build/binutils-2.47/gprofng/libcollector/../src -I/work/build.CoreELEC-Amlogic-no.aarch64-22/build/binutils-2.47/gprofng/libcollector/../../include -I../../bfd -I/work/build.CoreELEC-Amlogic-no.aarch64-22/build/binutils-2.47/gprofng/libcollector/../.. -Wall -Wno-nonnull-compare -fno-lto -fno-lto -g -O2 -MT libgp_collector_la-gethrtime.lo -MD -MP -MF .deps/libgp_collector_la-gethrtime.Tpo -c /work/build.CoreELEC-Amlogic-no.aarch64-22/build/binutils-2.47/gprofng/libcollector/gethrtime.c -o libgp_collector_la-gethrtime.o >/dev/null 2>&1
mv -f .deps/libgp_collector_la-gethrtime.Tpo .deps/libgp_collector_la-gethrtime.Plo
/bin/dash ./libtool  --tag=CC   --mode=compile /work/build.CoreELEC-Amlogic-no.aarch64-22/toolchain/bin/host-gcc -DHAVE_CONFIG_H -I. -I/work/build.CoreELEC-Amlogic-no.aarch64-22/build/binutils-2.47/gprofng/libcollector  -U_ASM -I.. -I/work/build.CoreELEC-Amlogic-no.aarch64-22/build/binutils-2.47/gprofng/libcollector -I/work/build.CoreELEC-Amlogic-no.aarch64-22/build/binutils-2.47/gprofng/libcollector/../common -I/work/build.CoreELEC-Amlogic-no.aarch64-22/build/binutils-2.47/gprofng/libcollector/../src -I/work/build.CoreELEC-Amlogic-no.aarch64-22/build/binutils-2.47/gprofng/libcollector/../../include  -I../../bfd -I/work/build.CoreELEC-Amlogic-no.aarch64-22/build/binutils-2.47/gprofng/libcollector/../..  -Wall -Wno-nonnull-compare -fno-lto -fno-lto -g -O2     -MT libgp_collector_la-dispatcher.lo -MD -MP -MF .deps/libgp_collector_la-dispatcher.Tpo -c -o libgp_collector_la-dispatcher.lo `test -f 'dispatcher.c' || echo '/work/build.CoreELEC-Amlogic-no.aarch64-22/build/binutils-2.47/gprofng/libcollector/'`dispatcher.c
libtool: compile:  /work/build.CoreELEC-Amlogic-no.aarch64-22/toolchain/bin/host-gcc -DHAVE_CONFIG_H -I. -I/work/build.CoreELEC-Amlogic-no.aarch64-22/build/binutils-2.47/gprofng/libcollector -U_ASM -I.. -I/work/build.CoreELEC-Amlogic-no.aarch64-22/build/binutils-2.47/gprofng/libcollector -I/work/build.CoreELEC-Amlogic-no.aarch64-22/build/binutils-2.47/gprofng/libcollector/../common -I/work/build.CoreELEC-Amlogic-no.aarch64-22/build/binutils-2.47/gprofng/libcollector/../src -I/work/build.CoreELEC-Amlogic-no.aarch64-22/build/binutils-2.47/gprofng/libcollector/../../include -I../../bfd -I/work/build.CoreELEC-Amlogic-no.aarch64-22/build/binutils-2.47/gprofng/libcollector/../.. -Wall -Wno-nonnull-compare -fno-lto -fno-lto -g -O2 -MT libgp_collector_la-dispatcher.lo -MD -MP -MF .deps/libgp_collector_la-dispatcher.Tpo -c /work/build.CoreELEC-Amlogic-no.aarch64-22/build/binutils-2.47/gprofng/libcollector/dispatcher.c  -fPIC -DPIC -o .libs/libgp_collector_la-dispatcher.o
libtool: compile:  /work/build.CoreELEC-Amlogic-no.aarch64-22/toolchain/bin/host-gcc -DHAVE_CONFIG_H -I. -I/work/build.CoreELEC-Amlogic-no.aarch64-22/build/binutils-2.47/gprofng/libcollector -U_ASM -I.. -I/work/build.CoreELEC-Amlogic-no.aarch64-22/build/binutils-2.47/gprofng/libcollector -I/work/build.CoreELEC-Amlogic-no.aarch64-22/build/binutils-2.47/gprofng/libcollector/../common -I/work/build.CoreELEC-Amlogic-no.aarch64-22/build/binutils-2.47/gprofng/libcollector/../src -I/work/build.CoreELEC-Amlogic-no.aarch64-22/build/binutils-2.47/gprofng/libcollector/../../include -I../../bfd -I/work/build.CoreELEC-Amlogic-no.aarch64-22/build/binutils-2.47/gprofng/libcollector/../.. -Wall -Wno-nonnull-compare -fno-lto -fno-lto -g -O2 -MT libgp_collector_la-dispatcher.lo -MD -MP -MF .deps/libgp_collector_la-dispatcher.Tpo -c /work/build.CoreELEC-Amlogic-no.aarch64-22/build/binutils-2.47/gprofng/libcollector/dispatcher.c -o libgp_collector_la-dispatcher.o >/dev/null 2>&1
mv -f .deps/libgp_collector_la-dispatcher.Tpo .deps/libgp_collector_la-dispatcher.Plo
/bin/dash ./libtool  --tag=CC   --mode=compile /work/build.CoreELEC-Amlogic-no.aarch64-22/toolchain/bin/host-gcc -DHAVE_CONFIG_H -I. -I/work/build.CoreELEC-Amlogic-no.aarch64-22/build/binutils-2.47/gprofng/libcollector  -U_ASM -I.. -I/work/build.CoreELEC-Amlogic-no.aarch64-22/build/binutils-2.47/gprofng/libcollector -I/work/build.CoreELEC-Amlogic-no.aarch64-22/build/binutils-2.47/gprofng/libcollector/../common -I/work/build.CoreELEC-Amlogic-no.aarch64-22/build/binutils-2.47/gprofng/libcollector/../src -I/work/build.CoreELEC-Amlogic-no.aarch64-22/build/binutils-2.47/gprofng/libcollector/../../include  -I../../bfd -I/work/build.CoreELEC-Amlogic-no.aarch64-22/build/binutils-2.47/gprofng/libcollector/../..  -Wall -Wno-nonnull-compare -fno-lto -fno-lto -g -O2     -MT libgp_collector_la-iolib.lo -MD -MP -MF .deps/libgp_collector_la-iolib.Tpo -c -o libgp_collector_la-iolib.lo `test -f 'iolib.c' || echo '/work/build.CoreELEC-Amlogic-no.aarch64-22/build/binutils-2.47/gprofng/libcollector/'`iolib.c
libtool: compile:  /work/build.CoreELEC-Amlogic-no.aarch64-22/toolchain/bin/host-gcc -DHAVE_CONFIG_H -I. -I/work/build.CoreELEC-Amlogic-no.aarch64-22/build/binutils-2.47/gprofng/libcollector -U_ASM -I.. -I/work/build.CoreELEC-Amlogic-no.aarch64-22/build/binutils-2.47/gprofng/libcollector -I/work/build.CoreELEC-Amlogic-no.aarch64-22/build/binutils-2.47/gprofng/libcollector/../common -I/work/build.CoreELEC-Amlogic-no.aarch64-22/build/binutils-2.47/gprofng/libcollector/../src -I/work/build.CoreELEC-Amlogic-no.aarch64-22/build/binutils-2.47/gprofng/libcollector/../../include -I../../bfd -I/work/build.CoreELEC-Amlogic-no.aarch64-22/build/binutils-2.47/gprofng/libcollector/../.. -Wall -Wno-nonnull-compare -fno-lto -fno-lto -g -O2 -MT libgp_collector_la-iolib.lo -MD -MP -MF .deps/libgp_collector_la-iolib.Tpo -c /work/build.CoreELEC-Amlogic-no.aarch64-22/build/binutils-2.47/gprofng/libcollector/iolib.c  -fPIC -DPIC -o .libs/libgp_collector_la-iolib.o
libtool: compile:  /work/build.CoreELEC-Amlogic-no.aarch64-22/toolchain/bin/host-gcc -DHAVE_CONFIG_H -I. -I/work/build.CoreELEC-Amlogic-no.aarch64-22/build/binutils-2.47/gprofng/libcollector -U_ASM -I.. -I/work/build.CoreELEC-Amlogic-no.aarch64-22/build/binutils-2.47/gprofng/libcollector -I/work/build.CoreELEC-Amlogic-no.aarch64-22/build/binutils-2.47/gprofng/libcollector/../common -I/work/build.CoreELEC-Amlogic-no.aarch64-22/build/binutils-2.47/gprofng/libcollector/../src -I/work/build.CoreELEC-Amlogic-no.aarch64-22/build/binutils-2.47/gprofng/libcollector/../../include -I../../bfd -I/work/build.CoreELEC-Amlogic-no.aarch64-22/build/binutils-2.47/gprofng/libcollector/../.. -Wall -Wno-nonnull-compare -fno-lto -fno-lto -g -O2 -MT libgp_collector_la-iolib.lo -MD -MP -MF .deps/libgp_collector_la-iolib.Tpo -c /work/build.CoreELEC-Amlogic-no.aarch64-22/build/binutils-2.47/gprofng/libcollector/iolib.c -o libgp_collector_la-iolib.o >/dev/null 2>&1
mv -f .deps/libgp_collector_la-iolib.Tpo .deps/libgp_collector_la-iolib.Plo
/bin/dash ./libtool  --tag=CC   --mode=compile /work/build.CoreELEC-Amlogic-no.aarch64-22/toolchain/bin/host-gcc -DHAVE_CONFIG_H -I. -I/work/build.CoreELEC-Amlogic-no.aarch64-22/build/binutils-2.47/gprofng/libcollector  -U_ASM -I.. -I/work/build.CoreELEC-Amlogic-no.aarch64-22/build/binutils-2.47/gprofng/libcollector -I/work/build.CoreELEC-Amlogic-no.aarch64-22/build/binutils-2.47/gprofng/libcollector/../common -I/work/build.CoreELEC-Amlogic-no.aarch64-22/build/binutils-2.47/gprofng/libcollector/../src -I/work/build.CoreELEC-Amlogic-no.aarch64-22/build/binutils-2.47/gprofng/libcollector/../../include  -I../../bfd -I/work/build.CoreELEC-Amlogic-no.aarch64-22/build/binutils-2.47/gprofng/libcollector/../..  -Wall -Wno-nonnull-compare -fno-lto -fno-lto -g -O2     -MT libgp_collector_la-mmaptrace.lo -MD -MP -MF .deps/libgp_collector_la-mmaptrace.Tpo -c -o libgp_collector_la-mmaptrace.lo `test -f 'mmaptrace.c' || echo '/work/build.CoreELEC-Amlogic-no.aarch64-22/build/binutils-2.47/gprofng/libcollector/'`mmaptrace.c
libtool: compile:  /work/build.CoreELEC-Amlogic-no.aarch64-22/toolchain/bin/host-gcc -DHAVE_CONFIG_H -I. -I/work/build.CoreELEC-Amlogic-no.aarch64-22/build/binutils-2.47/gprofng/libcollector -U_ASM -I.. -I/work/build.CoreELEC-Amlogic-no.aarch64-22/build/binutils-2.47/gprofng/libcollector -I/work/build.CoreELEC-Amlogic-no.aarch64-22/build/binutils-2.47/gprofng/libcollector/../common -I/work/build.CoreELEC-Amlogic-no.aarch64-22/build/binutils-2.47/gprofng/libcollector/../src -I/work/build.CoreELEC-Amlogic-no.aarch64-22/build/binutils-2.47/gprofng/libcollector/../../include -I../../bfd -I/work/build.CoreELEC-Amlogic-no.aarch64-22/build/binutils-2.47/gprofng/libcollector/../.. -Wall -Wno-nonnull-compare -fno-lto -fno-lto -g -O2 -MT libgp_collector_la-mmaptrace.lo -MD -MP -MF .deps/libgp_collector_la-mmaptrace.Tpo -c /work/build.CoreELEC-Amlogic-no.aarch64-22/build/binutils-2.47/gprofng/libcollector/mmaptrace.c  -fPIC -DPIC -o .libs/libgp_collector_la-mmaptrace.o
libtool: compile:  /work/build.CoreELEC-Amlogic-no.aarch64-22/toolchain/bin/host-gcc -DHAVE_CONFIG_H -I. -I/work/build.CoreELEC-Amlogic-no.aarch64-22/build/binutils-2.47/gprofng/libcollector -U_ASM -I.. -I/work/build.CoreELEC-Amlogic-no.aarch64-22/build/binutils-2.47/gprofng/libcollector -I/work/build.CoreELEC-Amlogic-no.aarch64-22/build/binutils-2.47/gprofng/libcollector/../common -I/work/build.CoreELEC-Amlogic-no.aarch64-22/build/binutils-2.47/gprofng/libcollector/../src -I/work/build.CoreELEC-Amlogic-no.aarch64-22/build/binutils-2.47/gprofng/libcollector/../../include -I../../bfd -I/work/build.CoreELEC-Amlogic-no.aarch64-22/build/binutils-2.47/gprofng/libcollector/../.. -Wall -Wno-nonnull-compare -fno-lto -fno-lto -g -O2 -MT libgp_collector_la-mmaptrace.lo -MD -MP -MF .deps/libgp_collector_la-mmaptrace.Tpo -c /work/build.CoreELEC-Amlogic-no.aarch64-22/build/binutils-2.47/gprofng/libcollector/mmaptrace.c -o libgp_collector_la-mmaptrace.o >/dev/null 2>&1
mv -f .deps/libgp_collector_la-mmaptrace.Tpo .deps/libgp_collector_la-mmaptrace.Plo
/bin/dash ./libtool  --tag=CC   --mode=compile /work/build.CoreELEC-Amlogic-no.aarch64-22/toolchain/bin/host-gcc -DHAVE_CONFIG_H -I. -I/work/build.CoreELEC-Amlogic-no.aarch64-22/build/binutils-2.47/gprofng/libcollector  -U_ASM -I.. -I/work/build.CoreELEC-Amlogic-no.aarch64-22/build/binutils-2.47/gprofng/libcollector -I/work/build.CoreELEC-Amlogic-no.aarch64-22/build/binutils-2.47/gprofng/libcollector/../common -I/work/build.CoreELEC-Amlogic-no.aarch64-22/build/binutils-2.47/gprofng/libcollector/../src -I/work/build.CoreELEC-Amlogic-no.aarch64-22/build/binutils-2.47/gprofng/libcollector/../../include  -I../../bfd -I/work/build.CoreELEC-Amlogic-no.aarch64-22/build/binutils-2.47/gprofng/libcollector/../..  -Wall -Wno-nonnull-compare -fno-lto -fno-lto -g -O2     -MT libgp_collector_la-memmgr.lo -MD -MP -MF .deps/libgp_collector_la-memmgr.Tpo -c -o libgp_collector_la-memmgr.lo `test -f 'memmgr.c' || echo '/work/build.CoreELEC-Amlogic-no.aarch64-22/build/binutils-2.47/gprofng/libcollector/'`memmgr.c
libtool: compile:  /work/build.CoreELEC-Amlogic-no.aarch64-22/toolchain/bin/host-gcc -DHAVE_CONFIG_H -I. -I/work/build.CoreELEC-Amlogic-no.aarch64-22/build/binutils-2.47/gprofng/libcollector -U_ASM -I.. -I/work/build.CoreELEC-Amlogic-no.aarch64-22/build/binutils-2.47/gprofng/libcollector -I/work/build.CoreELEC-Amlogic-no.aarch64-22/build/binutils-2.47/gprofng/libcollector/../common -I/work/build.CoreELEC-Amlogic-no.aarch64-22/build/binutils-2.47/gprofng/libcollector/../src -I/work/build.CoreELEC-Amlogic-no.aarch64-22/build/binutils-2.47/gprofng/libcollector/../../include -I../../bfd -I/work/build.CoreELEC-Amlogic-no.aarch64-22/build/binutils-2.47/gprofng/libcollector/../.. -Wall -Wno-nonnull-compare -fno-lto -fno-lto -g -O2 -MT libgp_collector_la-memmgr.lo -MD -MP -MF .deps/libgp_collector_la-memmgr.Tpo -c /work/build.CoreELEC-Amlogic-no.aarch64-22/build/binutils-2.47/gprofng/libcollector/memmgr.c  -fPIC -DPIC -o .libs/libgp_collector_la-memmgr.o
libtool: compile:  /work/build.CoreELEC-Amlogic-no.aarch64-22/toolchain/bin/host-gcc -DHAVE_CONFIG_H -I. -I/work/build.CoreELEC-Amlogic-no.aarch64-22/build/binutils-2.47/gprofng/libcollector -U_ASM -I.. -I/work/build.CoreELEC-Amlogic-no.aarch64-22/build/binutils-2.47/gprofng/libcollector -I/work/build.CoreELEC-Amlogic-no.aarch64-22/build/binutils-2.47/gprofng/libcollector/../common -I/work/build.CoreELEC-Amlogic-no.aarch64-22/build/binutils-2.47/gprofng/libcollector/../src -I/work/build.CoreELEC-Amlogic-no.aarch64-22/build/binutils-2.47/gprofng/libcollector/../../include -I../../bfd -I/work/build.CoreELEC-Amlogic-no.aarch64-22/build/binutils-2.47/gprofng/libcollector/../.. -Wall -Wno-nonnull-compare -fno-lto -fno-lto -g -O2 -MT libgp_collector_la-memmgr.lo -MD -MP -MF .deps/libgp_collector_la-memmgr.Tpo -c /work/build.CoreELEC-Amlogic-no.aarch64-22/build/binutils-2.47/gprofng/libcollector/memmgr.c -o libgp_collector_la-memmgr.o >/dev/null 2>&1
mv -f .deps/libgp_collector_la-memmgr.Tpo .deps/libgp_collector_la-memmgr.Plo
/bin/dash ./libtool  --tag=CC   --mode=compile /work/build.CoreELEC-Amlogic-no.aarch64-22/toolchain/bin/host-gcc -DHAVE_CONFIG_H -I. -I/work/build.CoreELEC-Amlogic-no.aarch64-22/build/binutils-2.47/gprofng/libcollector  -U_ASM -I.. -I/work/build.CoreELEC-Amlogic-no.aarch64-22/build/binutils-2.47/gprofng/libcollector -I/work/build.CoreELEC-Amlogic-no.aarch64-22/build/binutils-2.47/gprofng/libcollector/../common -I/work/build.CoreELEC-Amlogic-no.aarch64-22/build/binutils-2.47/gprofng/libcollector/../src -I/work/build.CoreELEC-Amlogic-no.aarch64-22/build/binutils-2.47/gprofng/libcollector/../../include  -I../../bfd -I/work/build.CoreELEC-Amlogic-no.aarch64-22/build/binutils-2.47/gprofng/libcollector/../..  -Wall -Wno-nonnull-compare -fno-lto -fno-lto -g -O2     -MT libgp_collector_la-tsd.lo -MD -MP -MF .deps/libgp_collector_la-tsd.Tpo -c -o libgp_collector_la-tsd.lo `test -f 'tsd.c' || echo '/work/build.CoreELEC-Amlogic-no.aarch64-22/build/binutils-2.47/gprofng/libcollector/'`tsd.c
libtool: compile:  /work/build.CoreELEC-Amlogic-no.aarch64-22/toolchain/bin/host-gcc -DHAVE_CONFIG_H -I. -I/work/build.CoreELEC-Amlogic-no.aarch64-22/build/binutils-2.47/gprofng/libcollector -U_ASM -I.. -I/work/build.CoreELEC-Amlogic-no.aarch64-22/build/binutils-2.47/gprofng/libcollector -I/work/build.CoreELEC-Amlogic-no.aarch64-22/build/binutils-2.47/gprofng/libcollector/../common -I/work/build.CoreELEC-Amlogic-no.aarch64-22/build/binutils-2.47/gprofng/libcollector/../src -I/work/build.CoreELEC-Amlogic-no.aarch64-22/build/binutils-2.47/gprofng/libcollector/../../include -I../../bfd -I/work/build.CoreELEC-Amlogic-no.aarch64-22/build/binutils-2.47/gprofng/libcollector/../.. -Wall -Wno-nonnull-compare -fno-lto -fno-lto -g -O2 -MT libgp_collector_la-tsd.lo -MD -MP -MF .deps/libgp_collector_la-tsd.Tpo -c /work/build.CoreELEC-Amlogic-no.aarch64-22/build/binutils-2.47/gprofng/libcollector/tsd.c  -fPIC -DPIC -o .libs/libgp_collector_la-tsd.o
libtool: compile:  /work/build.CoreELEC-Amlogic-no.aarch64-22/toolchain/bin/host-gcc -DHAVE_CONFIG_H -I. -I/work/build.CoreELEC-Amlogic-no.aarch64-22/build/binutils-2.47/gprofng/libcollector -U_ASM -I.. -I/work/build.CoreELEC-Amlogic-no.aarch64-22/build/binutils-2.47/gprofng/libcollector -I/work/build.CoreELEC-Amlogic-no.aarch64-22/build/binutils-2.47/gprofng/libcollector/../common -I/work/build.CoreELEC-Amlogic-no.aarch64-22/build/binutils-2.47/gprofng/libcollector/../src -I/work/build.CoreELEC-Amlogic-no.aarch64-22/build/binutils-2.47/gprofng/libcollector/../../include -I../../bfd -I/work/build.CoreELEC-Amlogic-no.aarch64-22/build/binutils-2.47/gprofng/libcollector/../.. -Wall -Wno-nonnull-compare -fno-lto -fno-lto -g -O2 -MT libgp_collector_la-tsd.lo -MD -MP -MF .deps/libgp_collector_la-tsd.Tpo -c /work/build.CoreELEC-Amlogic-no.aarch64-22/build/binutils-2.47/gprofng/libcollector/tsd.c -o libgp_collector_la-tsd.o >/dev/null 2>&1
mv -f .deps/libgp_collector_la-tsd.Tpo .deps/libgp_collector_la-tsd.Plo
/bin/dash ./libtool  --tag=CC   --mode=compile /work/build.CoreELEC-Amlogic-no.aarch64-22/toolchain/bin/host-gcc -DHAVE_CONFIG_H -I. -I/work/build.CoreELEC-Amlogic-no.aarch64-22/build/binutils-2.47/gprofng/libcollector  -U_ASM -I.. -I/work/build.CoreELEC-Amlogic-no.aarch64-22/build/binutils-2.47/gprofng/libcollector -I/work/build.CoreELEC-Amlogic-no.aarch64-22/build/binutils-2.47/gprofng/libcollector/../common -I/work/build.CoreELEC-Amlogic-no.aarch64-22/build/binutils-2.47/gprofng/libcollector/../src -I/work/build.CoreELEC-Amlogic-no.aarch64-22/build/binutils-2.47/gprofng/libcollector/../../include  -I../../bfd -I/work/build.CoreELEC-Amlogic-no.aarch64-22/build/binutils-2.47/gprofng/libcollector/../..  -Wall -Wno-nonnull-compare -fno-lto -fno-lto -g -O2     -MT libgp_collector_la-profile.lo -MD -MP -MF .deps/libgp_collector_la-profile.Tpo -c -o libgp_collector_la-profile.lo `test -f 'profile.c' || echo '/work/build.CoreELEC-Amlogic-no.aarch64-22/build/binutils-2.47/gprofng/libcollector/'`profile.c
libtool: compile:  /work/build.CoreELEC-Amlogic-no.aarch64-22/toolchain/bin/host-gcc -DHAVE_CONFIG_H -I. -I/work/build.CoreELEC-Amlogic-no.aarch64-22/build/binutils-2.47/gprofng/libcollector -U_ASM -I.. -I/work/build.CoreELEC-Amlogic-no.aarch64-22/build/binutils-2.47/gprofng/libcollector -I/work/build.CoreELEC-Amlogic-no.aarch64-22/build/binutils-2.47/gprofng/libcollector/../common -I/work/build.CoreELEC-Amlogic-no.aarch64-22/build/binutils-2.47/gprofng/libcollector/../src -I/work/build.CoreELEC-Amlogic-no.aarch64-22/build/binutils-2.47/gprofng/libcollector/../../include -I../../bfd -I/work/build.CoreELEC-Amlogic-no.aarch64-22/build/binutils-2.47/gprofng/libcollector/../.. -Wall -Wno-nonnull-compare -fno-lto -fno-lto -g -O2 -MT libgp_collector_la-profile.lo -MD -MP -MF .deps/libgp_collector_la-profile.Tpo -c /work/build.CoreELEC-Amlogic-no.aarch64-22/build/binutils-2.47/gprofng/libcollector/profile.c  -fPIC -DPIC -o .libs/libgp_collector_la-profile.o
libtool: compile:  /work/build.CoreELEC-Amlogic-no.aarch64-22/toolchain/bin/host-gcc -DHAVE_CONFIG_H -I. -I/work/build.CoreELEC-Amlogic-no.aarch64-22/build/binutils-2.47/gprofng/libcollector -U_ASM -I.. -I/work/build.CoreELEC-Amlogic-no.aarch64-22/build/binutils-2.47/gprofng/libcollector -I/work/build.CoreELEC-Amlogic-no.aarch64-22/build/binutils-2.47/gprofng/libcollector/../common -I/work/build.CoreELEC-Amlogic-no.aarch64-22/build/binutils-2.47/gprofng/libcollector/../src -I/work/build.CoreELEC-Amlogic-no.aarch64-22/build/binutils-2.47/gprofng/libcollector/../../include -I../../bfd -I/work/build.CoreELEC-Amlogic-no.aarch64-22/build/binutils-2.47/gprofng/libcollector/../.. -Wall -Wno-nonnull-compare -fno-lto -fno-lto -g -O2 -MT libgp_collector_la-profile.lo -MD -MP -MF .deps/libgp_collector_la-profile.Tpo -c /work/build.CoreELEC-Amlogic-no.aarch64-22/build/binutils-2.47/gprofng/libcollector/profile.c -o libgp_collector_la-profile.o >/dev/null 2>&1
mv -f .deps/libgp_collector_la-profile.Tpo .deps/libgp_collector_la-profile.Plo
/bin/dash ./libtool  --tag=CC   --mode=compile /work/build.CoreELEC-Amlogic-no.aarch64-22/toolchain/bin/host-gcc -DHAVE_CONFIG_H -I. -I/work/build.CoreELEC-Amlogic-no.aarch64-22/build/binutils-2.47/gprofng/libcollector  -U_ASM -I.. -I/work/build.CoreELEC-Amlogic-no.aarch64-22/build/binutils-2.47/gprofng/libcollector -I/work/build.CoreELEC-Amlogic-no.aarch64-22/build/binutils-2.47/gprofng/libcollector/../common -I/work/build.CoreELEC-Amlogic-no.aarch64-22/build/binutils-2.47/gprofng/libcollector/../src -I/work/build.CoreELEC-Amlogic-no.aarch64-22/build/binutils-2.47/gprofng/libcollector/../../include  -I../../bfd -I/work/build.CoreELEC-Amlogic-no.aarch64-22/build/binutils-2.47/gprofng/libcollector/../..  -Wall -Wno-nonnull-compare -fno-lto -fno-lto -g -O2     -MT libgp_collector_la-envmgmt.lo -MD -MP -MF .deps/libgp_collector_la-envmgmt.Tpo -c -o libgp_collector_la-envmgmt.lo `test -f 'envmgmt.c' || echo '/work/build.CoreELEC-Amlogic-no.aarch64-22/build/binutils-2.47/gprofng/libcollector/'`envmgmt.c
libtool: compile:  /work/build.CoreELEC-Amlogic-no.aarch64-22/toolchain/bin/host-gcc -DHAVE_CONFIG_H -I. -I/work/build.CoreELEC-Amlogic-no.aarch64-22/build/binutils-2.47/gprofng/libcollector -U_ASM -I.. -I/work/build.CoreELEC-Amlogic-no.aarch64-22/build/binutils-2.47/gprofng/libcollector -I/work/build.CoreELEC-Amlogic-no.aarch64-22/build/binutils-2.47/gprofng/libcollector/../common -I/work/build.CoreELEC-Amlogic-no.aarch64-22/build/binutils-2.47/gprofng/libcollector/../src -I/work/build.CoreELEC-Amlogic-no.aarch64-22/build/binutils-2.47/gprofng/libcollector/../../include -I../../bfd -I/work/build.CoreELEC-Amlogic-no.aarch64-22/build/binutils-2.47/gprofng/libcollector/../.. -Wall -Wno-nonnull-compare -fno-lto -fno-lto -g -O2 -MT libgp_collector_la-envmgmt.lo -MD -MP -MF .deps/libgp_collector_la-envmgmt.Tpo -c /work/build.CoreELEC-Amlogic-no.aarch64-22/build/binutils-2.47/gprofng/libcollector/envmgmt.c  -fPIC -DPIC -o .libs/libgp_collector_la-envmgmt.o
libtool: compile:  /work/build.CoreELEC-Amlogic-no.aarch64-22/toolchain/bin/host-gcc -DHAVE_CONFIG_H -I. -I/work/build.CoreELEC-Amlogic-no.aarch64-22/build/binutils-2.47/gprofng/libcollector -U_ASM -I.. -I/work/build.CoreELEC-Amlogic-no.aarch64-22/build/binutils-2.47/gprofng/libcollector -I/work/build.CoreELEC-Amlogic-no.aarch64-22/build/binutils-2.47/gprofng/libcollector/../common -I/work/build.CoreELEC-Amlogic-no.aarch64-22/build/binutils-2.47/gprofng/libcollector/../src -I/work/build.CoreELEC-Amlogic-no.aarch64-22/build/binutils-2.47/gprofng/libcollector/../../include -I../../bfd -I/work/build.CoreELEC-Amlogic-no.aarch64-22/build/binutils-2.47/gprofng/libcollector/../.. -Wall -Wno-nonnull-compare -fno-lto -fno-lto -g -O2 -MT libgp_collector_la-envmgmt.lo -MD -MP -MF .deps/libgp_collector_la-envmgmt.Tpo -c /work/build.CoreELEC-Amlogic-no.aarch64-22/build/binutils-2.47/gprofng/libcollector/envmgmt.c -o libgp_collector_la-envmgmt.o >/dev/null 2>&1
mv -f .deps/libgp_collector_la-envmgmt.Tpo .deps/libgp_collector_la-envmgmt.Plo
/bin/dash ./libtool  --tag=CC   --mode=compile /work/build.CoreELEC-Amlogic-no.aarch64-22/toolchain/bin/host-gcc -DHAVE_CONFIG_H -I. -I/work/build.CoreELEC-Amlogic-no.aarch64-22/build/binutils-2.47/gprofng/libcollector  -U_ASM -I.. -I/work/build.CoreELEC-Amlogic-no.aarch64-22/build/binutils-2.47/gprofng/libcollector -I/work/build.CoreELEC-Amlogic-no.aarch64-22/build/binutils-2.47/gprofng/libcollector/../common -I/work/build.CoreELEC-Amlogic-no.aarch64-22/build/binutils-2.47/gprofng/libcollector/../src -I/work/build.CoreELEC-Amlogic-no.aarch64-22/build/binutils-2.47/gprofng/libcollector/../../include  -I../../bfd -I/work/build.CoreELEC-Amlogic-no.aarch64-22/build/binutils-2.47/gprofng/libcollector/../..  -Wall -Wno-nonnull-compare -fno-lto -fno-lto -g -O2     -MT libgp_collector_la-linetrace.lo -MD -MP -MF .deps/libgp_collector_la-linetrace.Tpo -c -o libgp_collector_la-linetrace.lo `test -f 'linetrace.c' || echo '/work/build.CoreELEC-Amlogic-no.aarch64-22/build/binutils-2.47/gprofng/libcollector/'`linetrace.c
libtool: compile:  /work/build.CoreELEC-Amlogic-no.aarch64-22/toolchain/bin/host-gcc -DHAVE_CONFIG_H -I. -I/work/build.CoreELEC-Amlogic-no.aarch64-22/build/binutils-2.47/gprofng/libcollector -U_ASM -I.. -I/work/build.CoreELEC-Amlogic-no.aarch64-22/build/binutils-2.47/gprofng/libcollector -I/work/build.CoreELEC-Amlogic-no.aarch64-22/build/binutils-2.47/gprofng/libcollector/../common -I/work/build.CoreELEC-Amlogic-no.aarch64-22/build/binutils-2.47/gprofng/libcollector/../src -I/work/build.CoreELEC-Amlogic-no.aarch64-22/build/binutils-2.47/gprofng/libcollector/../../include -I../../bfd -I/work/build.CoreELEC-Amlogic-no.aarch64-22/build/binutils-2.47/gprofng/libcollector/../.. -Wall -Wno-nonnull-compare -fno-lto -fno-lto -g -O2 -MT libgp_collector_la-linetrace.lo -MD -MP -MF .deps/libgp_collector_la-linetrace.Tpo -c /work/build.CoreELEC-Amlogic-no.aarch64-22/build/binutils-2.47/gprofng/libcollector/linetrace.c  -fPIC -DPIC -o .libs/libgp_collector_la-linetrace.o
libtool: compile:  /work/build.CoreELEC-Amlogic-no.aarch64-22/toolchain/bin/host-gcc -DHAVE_CONFIG_H -I. -I/work/build.CoreELEC-Amlogic-no.aarch64-22/build/binutils-2.47/gprofng/libcollector -U_ASM -I.. -I/work/build.CoreELEC-Amlogic-no.aarch64-22/build/binutils-2.47/gprofng/libcollector -I/work/build.CoreELEC-Amlogic-no.aarch64-22/build/binutils-2.47/gprofng/libcollector/../common -I/work/build.CoreELEC-Amlogic-no.aarch64-22/build/binutils-2.47/gprofng/libcollector/../src -I/work/build.CoreELEC-Amlogic-no.aarch64-22/build/binutils-2.47/gprofng/libcollector/../../include -I../../bfd -I/work/build.CoreELEC-Amlogic-no.aarch64-22/build/binutils-2.47/gprofng/libcollector/../.. -Wall -Wno-nonnull-compare -fno-lto -fno-lto -g -O2 -MT libgp_collector_la-linetrace.lo -MD -MP -MF .deps/libgp_collector_la-linetrace.Tpo -c /work/build.CoreELEC-Amlogic-no.aarch64-22/build/binutils-2.47/gprofng/libcollector/linetrace.c -o libgp_collector_la-linetrace.o >/dev/null 2>&1
mv -f .deps/libgp_collector_la-linetrace.Tpo .deps/libgp_collector_la-linetrace.Plo
/bin/dash ./libtool  --tag=CC   --mode=compile /work/build.CoreELEC-Amlogic-no.aarch64-22/toolchain/bin/host-gcc -DHAVE_CONFIG_H -I. -I/work/build.CoreELEC-Amlogic-no.aarch64-22/build/binutils-2.47/gprofng/libcollector  -U_ASM -I.. -I/work/build.CoreELEC-Amlogic-no.aarch64-22/build/binutils-2.47/gprofng/libcollector -I/work/build.CoreELEC-Amlogic-no.aarch64-22/build/binutils-2.47/gprofng/libcollector/../common -I/work/build.CoreELEC-Amlogic-no.aarch64-22/build/binutils-2.47/gprofng/libcollector/../src -I/work/build.CoreELEC-Amlogic-no.aarch64-22/build/binutils-2.47/gprofng/libcollector/../../include  -I../../bfd -I/work/build.CoreELEC-Amlogic-no.aarch64-22/build/binutils-2.47/gprofng/libcollector/../..  -Wall -Wno-nonnull-compare -fno-lto -fno-lto -g -O2     -MT libgp_collector_la-libcol_hwcdrv.lo -MD -MP -MF .deps/libgp_collector_la-libcol_hwcdrv.Tpo -c -o libgp_collector_la-libcol_hwcdrv.lo `test -f 'libcol_hwcdrv.c' || echo '/work/build.CoreELEC-Amlogic-no.aarch64-22/build/binutils-2.47/gprofng/libcollector/'`libcol_hwcdrv.c
libtool: compile:  /work/build.CoreELEC-Amlogic-no.aarch64-22/toolchain/bin/host-gcc -DHAVE_CONFIG_H -I. -I/work/build.CoreELEC-Amlogic-no.aarch64-22/build/binutils-2.47/gprofng/libcollector -U_ASM -I.. -I/work/build.CoreELEC-Amlogic-no.aarch64-22/build/binutils-2.47/gprofng/libcollector -I/work/build.CoreELEC-Amlogic-no.aarch64-22/build/binutils-2.47/gprofng/libcollector/../common -I/work/build.CoreELEC-Amlogic-no.aarch64-22/build/binutils-2.47/gprofng/libcollector/../src -I/work/build.CoreELEC-Amlogic-no.aarch64-22/build/binutils-2.47/gprofng/libcollector/../../include -I../../bfd -I/work/build.CoreELEC-Amlogic-no.aarch64-22/build/binutils-2.47/gprofng/libcollector/../.. -Wall -Wno-nonnull-compare -fno-lto -fno-lto -g -O2 -MT libgp_collector_la-libcol_hwcdrv.lo -MD -MP -MF .deps/libgp_collector_la-libcol_hwcdrv.Tpo -c /work/build.CoreELEC-Amlogic-no.aarch64-22/build/binutils-2.47/gprofng/libcollector/libcol_hwcdrv.c  -fPIC -DPIC -o .libs/libgp_collector_la-libcol_hwcdrv.o
libtool: compile:  /work/build.CoreELEC-Amlogic-no.aarch64-22/toolchain/bin/host-gcc -DHAVE_CONFIG_H -I. -I/work/build.CoreELEC-Amlogic-no.aarch64-22/build/binutils-2.47/gprofng/libcollector -U_ASM -I.. -I/work/build.CoreELEC-Amlogic-no.aarch64-22/build/binutils-2.47/gprofng/libcollector -I/work/build.CoreELEC-Amlogic-no.aarch64-22/build/binutils-2.47/gprofng/libcollector/../common -I/work/build.CoreELEC-Amlogic-no.aarch64-22/build/binutils-2.47/gprofng/libcollector/../src -I/work/build.CoreELEC-Amlogic-no.aarch64-22/build/binutils-2.47/gprofng/libcollector/../../include -I../../bfd -I/work/build.CoreELEC-Amlogic-no.aarch64-22/build/binutils-2.47/gprofng/libcollector/../.. -Wall -Wno-nonnull-compare -fno-lto -fno-lto -g -O2 -MT libgp_collector_la-libcol_hwcdrv.lo -MD -MP -MF .deps/libgp_collector_la-libcol_hwcdrv.Tpo -c /work/build.CoreELEC-Amlogic-no.aarch64-22/build/binutils-2.47/gprofng/libcollector/libcol_hwcdrv.c -o libgp_collector_la-libcol_hwcdrv.o >/dev/null 2>&1
mv -f .deps/libgp_collector_la-libcol_hwcdrv.Tpo .deps/libgp_collector_la-libcol_hwcdrv.Plo
/bin/dash ./libtool  --tag=CC   --mode=compile /work/build.CoreELEC-Amlogic-no.aarch64-22/toolchain/bin/host-gcc -DHAVE_CONFIG_H -I. -I/work/build.CoreELEC-Amlogic-no.aarch64-22/build/binutils-2.47/gprofng/libcollector  -U_ASM -I.. -I/work/build.CoreELEC-Amlogic-no.aarch64-22/build/binutils-2.47/gprofng/libcollector -I/work/build.CoreELEC-Amlogic-no.aarch64-22/build/binutils-2.47/gprofng/libcollector/../common -I/work/build.CoreELEC-Amlogic-no.aarch64-22/build/binutils-2.47/gprofng/libcollector/../src -I/work/build.CoreELEC-Amlogic-no.aarch64-22/build/binutils-2.47/gprofng/libcollector/../../include  -I../../bfd -I/work/build.CoreELEC-Amlogic-no.aarch64-22/build/binutils-2.47/gprofng/libcollector/../..  -Wall -Wno-nonnull-compare -fno-lto -fno-lto -g -O2     -MT libgp_collector_la-libcol_hwcfuncs.lo -MD -MP -MF .deps/libgp_collector_la-libcol_hwcfuncs.Tpo -c -o libgp_collector_la-libcol_hwcfuncs.lo `test -f 'libcol_hwcfuncs.c' || echo '/work/build.CoreELEC-Amlogic-no.aarch64-22/build/binutils-2.47/gprofng/libcollector/'`libcol_hwcfuncs.c
libtool: compile:  /work/build.CoreELEC-Amlogic-no.aarch64-22/toolchain/bin/host-gcc -DHAVE_CONFIG_H -I. -I/work/build.CoreELEC-Amlogic-no.aarch64-22/build/binutils-2.47/gprofng/libcollector -U_ASM -I.. -I/work/build.CoreELEC-Amlogic-no.aarch64-22/build/binutils-2.47/gprofng/libcollector -I/work/build.CoreELEC-Amlogic-no.aarch64-22/build/binutils-2.47/gprofng/libcollector/../common -I/work/build.CoreELEC-Amlogic-no.aarch64-22/build/binutils-2.47/gprofng/libcollector/../src -I/work/build.CoreELEC-Amlogic-no.aarch64-22/build/binutils-2.47/gprofng/libcollector/../../include -I../../bfd -I/work/build.CoreELEC-Amlogic-no.aarch64-22/build/binutils-2.47/gprofng/libcollector/../.. -Wall -Wno-nonnull-compare -fno-lto -fno-lto -g -O2 -MT libgp_collector_la-libcol_hwcfuncs.lo -MD -MP -MF .deps/libgp_collector_la-libcol_hwcfuncs.Tpo -c /work/build.CoreELEC-Amlogic-no.aarch64-22/build/binutils-2.47/gprofng/libcollector/libcol_hwcfuncs.c  -fPIC -DPIC -o .libs/libgp_collector_la-libcol_hwcfuncs.o
libtool: compile:  /work/build.CoreELEC-Amlogic-no.aarch64-22/toolchain/bin/host-gcc -DHAVE_CONFIG_H -I. -I/work/build.CoreELEC-Amlogic-no.aarch64-22/build/binutils-2.47/gprofng/libcollector -U_ASM -I.. -I/work/build.CoreELEC-Amlogic-no.aarch64-22/build/binutils-2.47/gprofng/libcollector -I/work/build.CoreELEC-Amlogic-no.aarch64-22/build/binutils-2.47/gprofng/libcollector/../common -I/work/build.CoreELEC-Amlogic-no.aarch64-22/build/binutils-2.47/gprofng/libcollector/../src -I/work/build.CoreELEC-Amlogic-no.aarch64-22/build/binutils-2.47/gprofng/libcollector/../../include -I../../bfd -I/work/build.CoreELEC-Amlogic-no.aarch64-22/build/binutils-2.47/gprofng/libcollector/../.. -Wall -Wno-nonnull-compare -fno-lto -fno-lto -g -O2 -MT libgp_collector_la-libcol_hwcfuncs.lo -MD -MP -MF .deps/libgp_collector_la-libcol_hwcfuncs.Tpo -c /work/build.CoreELEC-Amlogic-no.aarch64-22/build/binutils-2.47/gprofng/libcollector/libcol_hwcfuncs.c -o libgp_collector_la-libcol_hwcfuncs.o >/dev/null 2>&1
mv -f .deps/libgp_collector_la-libcol_hwcfuncs.Tpo .deps/libgp_collector_la-libcol_hwcfuncs.Plo
/bin/dash ./libtool  --tag=CC   --mode=compile /work/build.CoreELEC-Amlogic-no.aarch64-22/toolchain/bin/host-gcc -DHAVE_CONFIG_H -I. -I/work/build.CoreELEC-Amlogic-no.aarch64-22/build/binutils-2.47/gprofng/libcollector  -U_ASM -I.. -I/work/build.CoreELEC-Amlogic-no.aarch64-22/build/binutils-2.47/gprofng/libcollector -I/work/build.CoreELEC-Amlogic-no.aarch64-22/build/binutils-2.47/gprofng/libcollector/../common -I/work/build.CoreELEC-Amlogic-no.aarch64-22/build/binutils-2.47/gprofng/libcollector/../src -I/work/build.CoreELEC-Amlogic-no.aarch64-22/build/binutils-2.47/gprofng/libcollector/../../include  -I../../bfd -I/work/build.CoreELEC-Amlogic-no.aarch64-22/build/binutils-2.47/gprofng/libcollector/../..  -Wall -Wno-nonnull-compare -fno-lto -fno-lto -g -O2     -MT libgp_collector_la-libcol-i386-dis.lo -MD -MP -MF .deps/libgp_collector_la-libcol-i386-dis.Tpo -c -o libgp_collector_la-libcol-i386-dis.lo `test -f 'libcol-i386-dis.c' || echo '/work/build.CoreELEC-Amlogic-no.aarch64-22/build/binutils-2.47/gprofng/libcollector/'`libcol-i386-dis.c
libtool: compile:  /work/build.CoreELEC-Amlogic-no.aarch64-22/toolchain/bin/host-gcc -DHAVE_CONFIG_H -I. -I/work/build.CoreELEC-Amlogic-no.aarch64-22/build/binutils-2.47/gprofng/libcollector -U_ASM -I.. -I/work/build.CoreELEC-Amlogic-no.aarch64-22/build/binutils-2.47/gprofng/libcollector -I/work/build.CoreELEC-Amlogic-no.aarch64-22/build/binutils-2.47/gprofng/libcollector/../common -I/work/build.CoreELEC-Amlogic-no.aarch64-22/build/binutils-2.47/gprofng/libcollector/../src -I/work/build.CoreELEC-Amlogic-no.aarch64-22/build/binutils-2.47/gprofng/libcollector/../../include -I../../bfd -I/work/build.CoreELEC-Amlogic-no.aarch64-22/build/binutils-2.47/gprofng/libcollector/../.. -Wall -Wno-nonnull-compare -fno-lto -fno-lto -g -O2 -MT libgp_collector_la-libcol-i386-dis.lo -MD -MP -MF .deps/libgp_collector_la-libcol-i386-dis.Tpo -c /work/build.CoreELEC-Amlogic-no.aarch64-22/build/binutils-2.47/gprofng/libcollector/libcol-i386-dis.c  -fPIC -DPIC -o .libs/libgp_collector_la-libcol-i386-dis.o
libtool: compile:  /work/build.CoreELEC-Amlogic-no.aarch64-22/toolchain/bin/host-gcc -DHAVE_CONFIG_H -I. -I/work/build.CoreELEC-Amlogic-no.aarch64-22/build/binutils-2.47/gprofng/libcollector -U_ASM -I.. -I/work/build.CoreELEC-Amlogic-no.aarch64-22/build/binutils-2.47/gprofng/libcollector -I/work/build.CoreELEC-Amlogic-no.aarch64-22/build/binutils-2.47/gprofng/libcollector/../common -I/work/build.CoreELEC-Amlogic-no.aarch64-22/build/binutils-2.47/gprofng/libcollector/../src -I/work/build.CoreELEC-Amlogic-no.aarch64-22/build/binutils-2.47/gprofng/libcollector/../../include -I../../bfd -I/work/build.CoreELEC-Amlogic-no.aarch64-22/build/binutils-2.47/gprofng/libcollector/../.. -Wall -Wno-nonnull-compare -fno-lto -fno-lto -g -O2 -MT libgp_collector_la-libcol-i386-dis.lo -MD -MP -MF .deps/libgp_collector_la-libcol-i386-dis.Tpo -c /work/build.CoreELEC-Amlogic-no.aarch64-22/build/binutils-2.47/gprofng/libcollector/libcol-i386-dis.c -o libgp_collector_la-libcol-i386-dis.o >/dev/null 2>&1
mv -f .deps/libgp_collector_la-libcol-i386-dis.Tpo .deps/libgp_collector_la-libcol-i386-dis.Plo
/bin/dash ./libtool  --tag=CC   --mode=compile /work/build.CoreELEC-Amlogic-no.aarch64-22/toolchain/bin/host-gcc -DHAVE_CONFIG_H -I. -I/work/build.CoreELEC-Amlogic-no.aarch64-22/build/binutils-2.47/gprofng/libcollector  -U_ASM -I.. -I/work/build.CoreELEC-Amlogic-no.aarch64-22/build/binutils-2.47/gprofng/libcollector -I/work/build.CoreELEC-Amlogic-no.aarch64-22/build/binutils-2.47/gprofng/libcollector/../common -I/work/build.CoreELEC-Amlogic-no.aarch64-22/build/binutils-2.47/gprofng/libcollector/../src -I/work/build.CoreELEC-Amlogic-no.aarch64-22/build/binutils-2.47/gprofng/libcollector/../../include  -I../../bfd -I/work/build.CoreELEC-Amlogic-no.aarch64-22/build/binutils-2.47/gprofng/libcollector/../..  -Wall -Wno-nonnull-compare -fno-lto -fno-lto -g -O2     -MT libgp_collector_la-hwprofile.lo -MD -MP -MF .deps/libgp_collector_la-hwprofile.Tpo -c -o libgp_collector_la-hwprofile.lo `test -f 'hwprofile.c' || echo '/work/build.CoreELEC-Amlogic-no.aarch64-22/build/binutils-2.47/gprofng/libcollector/'`hwprofile.c
libtool: compile:  /work/build.CoreELEC-Amlogic-no.aarch64-22/toolchain/bin/host-gcc -DHAVE_CONFIG_H -I. -I/work/build.CoreELEC-Amlogic-no.aarch64-22/build/binutils-2.47/gprofng/libcollector -U_ASM -I.. -I/work/build.CoreELEC-Amlogic-no.aarch64-22/build/binutils-2.47/gprofng/libcollector -I/work/build.CoreELEC-Amlogic-no.aarch64-22/build/binutils-2.47/gprofng/libcollector/../common -I/work/build.CoreELEC-Amlogic-no.aarch64-22/build/binutils-2.47/gprofng/libcollector/../src -I/work/build.CoreELEC-Amlogic-no.aarch64-22/build/binutils-2.47/gprofng/libcollector/../../include -I../../bfd -I/work/build.CoreELEC-Amlogic-no.aarch64-22/build/binutils-2.47/gprofng/libcollector/../.. -Wall -Wno-nonnull-compare -fno-lto -fno-lto -g -O2 -MT libgp_collector_la-hwprofile.lo -MD -MP -MF .deps/libgp_collector_la-hwprofile.Tpo -c /work/build.CoreELEC-Amlogic-no.aarch64-22/build/binutils-2.47/gprofng/libcollector/hwprofile.c  -fPIC -DPIC -o .libs/libgp_collector_la-hwprofile.o
libtool: compile:  /work/build.CoreELEC-Amlogic-no.aarch64-22/toolchain/bin/host-gcc -DHAVE_CONFIG_H -I. -I/work/build.CoreELEC-Amlogic-no.aarch64-22/build/binutils-2.47/gprofng/libcollector -U_ASM -I.. -I/work/build.CoreELEC-Amlogic-no.aarch64-22/build/binutils-2.47/gprofng/libcollector -I/work/build.CoreELEC-Amlogic-no.aarch64-22/build/binutils-2.47/gprofng/libcollector/../common -I/work/build.CoreELEC-Amlogic-no.aarch64-22/build/binutils-2.47/gprofng/libcollector/../src -I/work/build.CoreELEC-Amlogic-no.aarch64-22/build/binutils-2.47/gprofng/libcollector/../../include -I../../bfd -I/work/build.CoreELEC-Amlogic-no.aarch64-22/build/binutils-2.47/gprofng/libcollector/../.. -Wall -Wno-nonnull-compare -fno-lto -fno-lto -g -O2 -MT libgp_collector_la-hwprofile.lo -MD -MP -MF .deps/libgp_collector_la-hwprofile.Tpo -c /work/build.CoreELEC-Amlogic-no.aarch64-22/build/binutils-2.47/gprofng/libcollector/hwprofile.c -o libgp_collector_la-hwprofile.o >/dev/null 2>&1
mv -f .deps/libgp_collector_la-hwprofile.Tpo .deps/libgp_collector_la-hwprofile.Plo
/bin/dash ./libtool  --tag=CC   --mode=compile /work/build.CoreELEC-Amlogic-no.aarch64-22/toolchain/bin/host-gcc -DHAVE_CONFIG_H -I. -I/work/build.CoreELEC-Amlogic-no.aarch64-22/build/binutils-2.47/gprofng/libcollector  -U_ASM -I.. -I/work/build.CoreELEC-Amlogic-no.aarch64-22/build/binutils-2.47/gprofng/libcollector -I/work/build.CoreELEC-Amlogic-no.aarch64-22/build/binutils-2.47/gprofng/libcollector/../common -I/work/build.CoreELEC-Amlogic-no.aarch64-22/build/binutils-2.47/gprofng/libcollector/../src -I/work/build.CoreELEC-Amlogic-no.aarch64-22/build/binutils-2.47/gprofng/libcollector/../../include  -I../../bfd -I/work/build.CoreELEC-Amlogic-no.aarch64-22/build/binutils-2.47/gprofng/libcollector/../..  -Wall -Wno-nonnull-compare -fno-lto -fno-lto -g -O2     -MT libgp_collector_la-jprofile.lo -MD -MP -MF .deps/libgp_collector_la-jprofile.Tpo -c -o libgp_collector_la-jprofile.lo `test -f 'jprofile.c' || echo '/work/build.CoreELEC-Amlogic-no.aarch64-22/build/binutils-2.47/gprofng/libcollector/'`jprofile.c
libtool: compile:  /work/build.CoreELEC-Amlogic-no.aarch64-22/toolchain/bin/host-gcc -DHAVE_CONFIG_H -I. -I/work/build.CoreELEC-Amlogic-no.aarch64-22/build/binutils-2.47/gprofng/libcollector -U_ASM -I.. -I/work/build.CoreELEC-Amlogic-no.aarch64-22/build/binutils-2.47/gprofng/libcollector -I/work/build.CoreELEC-Amlogic-no.aarch64-22/build/binutils-2.47/gprofng/libcollector/../common -I/work/build.CoreELEC-Amlogic-no.aarch64-22/build/binutils-2.47/gprofng/libcollector/../src -I/work/build.CoreELEC-Amlogic-no.aarch64-22/build/binutils-2.47/gprofng/libcollector/../../include -I../../bfd -I/work/build.CoreELEC-Amlogic-no.aarch64-22/build/binutils-2.47/gprofng/libcollector/../.. -Wall -Wno-nonnull-compare -fno-lto -fno-lto -g -O2 -MT libgp_collector_la-jprofile.lo -MD -MP -MF .deps/libgp_collector_la-jprofile.Tpo -c /work/build.CoreELEC-Amlogic-no.aarch64-22/build/binutils-2.47/gprofng/libcollector/jprofile.c  -fPIC -DPIC -o .libs/libgp_collector_la-jprofile.o
libtool: compile:  /work/build.CoreELEC-Amlogic-no.aarch64-22/toolchain/bin/host-gcc -DHAVE_CONFIG_H -I. -I/work/build.CoreELEC-Amlogic-no.aarch64-22/build/binutils-2.47/gprofng/libcollector -U_ASM -I.. -I/work/build.CoreELEC-Amlogic-no.aarch64-22/build/binutils-2.47/gprofng/libcollector -I/work/build.CoreELEC-Amlogic-no.aarch64-22/build/binutils-2.47/gprofng/libcollector/../common -I/work/build.CoreELEC-Amlogic-no.aarch64-22/build/binutils-2.47/gprofng/libcollector/../src -I/work/build.CoreELEC-Amlogic-no.aarch64-22/build/binutils-2.47/gprofng/libcollector/../../include -I../../bfd -I/work/build.CoreELEC-Amlogic-no.aarch64-22/build/binutils-2.47/gprofng/libcollector/../.. -Wall -Wno-nonnull-compare -fno-lto -fno-lto -g -O2 -MT libgp_collector_la-jprofile.lo -MD -MP -MF .deps/libgp_collector_la-jprofile.Tpo -c /work/build.CoreELEC-Amlogic-no.aarch64-22/build/binutils-2.47/gprofng/libcollector/jprofile.c -o libgp_collector_la-jprofile.o >/dev/null 2>&1
mv -f .deps/libgp_collector_la-jprofile.Tpo .deps/libgp_collector_la-jprofile.Plo
/bin/dash ./libtool  --tag=CC   --mode=compile /work/build.CoreELEC-Amlogic-no.aarch64-22/toolchain/bin/host-gcc -DHAVE_CONFIG_H -I. -I/work/build.CoreELEC-Amlogic-no.aarch64-22/build/binutils-2.47/gprofng/libcollector  -U_ASM -I.. -I/work/build.CoreELEC-Amlogic-no.aarch64-22/build/binutils-2.47/gprofng/libcollector -I/work/build.CoreELEC-Amlogic-no.aarch64-22/build/binutils-2.47/gprofng/libcollector/../common -I/work/build.CoreELEC-Amlogic-no.aarch64-22/build/binutils-2.47/gprofng/libcollector/../src -I/work/build.CoreELEC-Amlogic-no.aarch64-22/build/binutils-2.47/gprofng/libcollector/../../include  -I../../bfd -I/work/build.CoreELEC-Amlogic-no.aarch64-22/build/binutils-2.47/gprofng/libcollector/../..  -Wall -Wno-nonnull-compare -fno-lto -fno-lto -g -O2     -MT libgp_collector_la-unwind.lo -MD -MP -MF .deps/libgp_collector_la-unwind.Tpo -c -o libgp_collector_la-unwind.lo `test -f 'unwind.c' || echo '/work/build.CoreELEC-Amlogic-no.aarch64-22/build/binutils-2.47/gprofng/libcollector/'`unwind.c
libtool: compile:  /work/build.CoreELEC-Amlogic-no.aarch64-22/toolchain/bin/host-gcc -DHAVE_CONFIG_H -I. -I/work/build.CoreELEC-Amlogic-no.aarch64-22/build/binutils-2.47/gprofng/libcollector -U_ASM -I.. -I/work/build.CoreELEC-Amlogic-no.aarch64-22/build/binutils-2.47/gprofng/libcollector -I/work/build.CoreELEC-Amlogic-no.aarch64-22/build/binutils-2.47/gprofng/libcollector/../common -I/work/build.CoreELEC-Amlogic-no.aarch64-22/build/binutils-2.47/gprofng/libcollector/../src -I/work/build.CoreELEC-Amlogic-no.aarch64-22/build/binutils-2.47/gprofng/libcollector/../../include -I../../bfd -I/work/build.CoreELEC-Amlogic-no.aarch64-22/build/binutils-2.47/gprofng/libcollector/../.. -Wall -Wno-nonnull-compare -fno-lto -fno-lto -g -O2 -MT libgp_collector_la-unwind.lo -MD -MP -MF .deps/libgp_collector_la-unwind.Tpo -c /work/build.CoreELEC-Amlogic-no.aarch64-22/build/binutils-2.47/gprofng/libcollector/unwind.c  -fPIC -DPIC -o .libs/libgp_collector_la-unwind.o
libtool: compile:  /work/build.CoreELEC-Amlogic-no.aarch64-22/toolchain/bin/host-gcc -DHAVE_CONFIG_H -I. -I/work/build.CoreELEC-Amlogic-no.aarch64-22/build/binutils-2.47/gprofng/libcollector -U_ASM -I.. -I/work/build.CoreELEC-Amlogic-no.aarch64-22/build/binutils-2.47/gprofng/libcollector -I/work/build.CoreELEC-Amlogic-no.aarch64-22/build/binutils-2.47/gprofng/libcollector/../common -I/work/build.CoreELEC-Amlogic-no.aarch64-22/build/binutils-2.47/gprofng/libcollector/../src -I/work/build.CoreELEC-Amlogic-no.aarch64-22/build/binutils-2.47/gprofng/libcollector/../../include -I../../bfd -I/work/build.CoreELEC-Amlogic-no.aarch64-22/build/binutils-2.47/gprofng/libcollector/../.. -Wall -Wno-nonnull-compare -fno-lto -fno-lto -g -O2 -MT libgp_collector_la-unwind.lo -MD -MP -MF .deps/libgp_collector_la-unwind.Tpo -c /work/build.CoreELEC-Amlogic-no.aarch64-22/build/binutils-2.47/gprofng/libcollector/unwind.c -o libgp_collector_la-unwind.o >/dev/null 2>&1
mv -f .deps/libgp_collector_la-unwind.Tpo .deps/libgp_collector_la-unwind.Plo
/bin/dash ./libtool  --tag=CC   --mode=compile /work/build.CoreELEC-Amlogic-no.aarch64-22/toolchain/bin/host-gcc -DHAVE_CONFIG_H -I. -I/work/build.CoreELEC-Amlogic-no.aarch64-22/build/binutils-2.47/gprofng/libcollector  -U_ASM -I.. -I/work/build.CoreELEC-Amlogic-no.aarch64-22/build/binutils-2.47/gprofng/libcollector -I/work/build.CoreELEC-Amlogic-no.aarch64-22/build/binutils-2.47/gprofng/libcollector/../common -I/work/build.CoreELEC-Amlogic-no.aarch64-22/build/binutils-2.47/gprofng/libcollector/../src -I/work/build.CoreELEC-Amlogic-no.aarch64-22/build/binutils-2.47/gprofng/libcollector/../../include  -I../../bfd -I/work/build.CoreELEC-Amlogic-no.aarch64-22/build/binutils-2.47/gprofng/libcollector/../..  -Wall -Wno-nonnull-compare -fno-lto -fno-lto -g -O2     -MT libgp_collector_la-libcol_util.lo -MD -MP -MF .deps/libgp_collector_la-libcol_util.Tpo -c -o libgp_collector_la-libcol_util.lo `test -f 'libcol_util.c' || echo '/work/build.CoreELEC-Amlogic-no.aarch64-22/build/binutils-2.47/gprofng/libcollector/'`libcol_util.c
libtool: compile:  /work/build.CoreELEC-Amlogic-no.aarch64-22/toolchain/bin/host-gcc -DHAVE_CONFIG_H -I. -I/work/build.CoreELEC-Amlogic-no.aarch64-22/build/binutils-2.47/gprofng/libcollector -U_ASM -I.. -I/work/build.CoreELEC-Amlogic-no.aarch64-22/build/binutils-2.47/gprofng/libcollector -I/work/build.CoreELEC-Amlogic-no.aarch64-22/build/binutils-2.47/gprofng/libcollector/../common -I/work/build.CoreELEC-Amlogic-no.aarch64-22/build/binutils-2.47/gprofng/libcollector/../src -I/work/build.CoreELEC-Amlogic-no.aarch64-22/build/binutils-2.47/gprofng/libcollector/../../include -I../../bfd -I/work/build.CoreELEC-Amlogic-no.aarch64-22/build/binutils-2.47/gprofng/libcollector/../.. -Wall -Wno-nonnull-compare -fno-lto -fno-lto -g -O2 -MT libgp_collector_la-libcol_util.lo -MD -MP -MF .deps/libgp_collector_la-libcol_util.Tpo -c /work/build.CoreELEC-Amlogic-no.aarch64-22/build/binutils-2.47/gprofng/libcollector/libcol_util.c  -fPIC -DPIC -o .libs/libgp_collector_la-libcol_util.o
libtool: compile:  /work/build.CoreELEC-Amlogic-no.aarch64-22/toolchain/bin/host-gcc -DHAVE_CONFIG_H -I. -I/work/build.CoreELEC-Amlogic-no.aarch64-22/build/binutils-2.47/gprofng/libcollector -U_ASM -I.. -I/work/build.CoreELEC-Amlogic-no.aarch64-22/build/binutils-2.47/gprofng/libcollector -I/work/build.CoreELEC-Amlogic-no.aarch64-22/build/binutils-2.47/gprofng/libcollector/../common -I/work/build.CoreELEC-Amlogic-no.aarch64-22/build/binutils-2.47/gprofng/libcollector/../src -I/work/build.CoreELEC-Amlogic-no.aarch64-22/build/binutils-2.47/gprofng/libcollector/../../include -I../../bfd -I/work/build.CoreELEC-Amlogic-no.aarch64-22/build/binutils-2.47/gprofng/libcollector/../.. -Wall -Wno-nonnull-compare -fno-lto -fno-lto -g -O2 -MT libgp_collector_la-libcol_util.lo -MD -MP -MF .deps/libgp_collector_la-libcol_util.Tpo -c /work/build.CoreELEC-Amlogic-no.aarch64-22/build/binutils-2.47/gprofng/libcollector/libcol_util.c -o libgp_collector_la-libcol_util.o >/dev/null 2>&1
mv -f .deps/libgp_collector_la-libcol_util.Tpo .deps/libgp_collector_la-libcol_util.Plo
/bin/dash ./libtool  --tag=CC   --mode=compile /work/build.CoreELEC-Amlogic-no.aarch64-22/toolchain/bin/host-gcc -DHAVE_CONFIG_H -I. -I/work/build.CoreELEC-Amlogic-no.aarch64-22/build/binutils-2.47/gprofng/libcollector  -U_ASM -I.. -I/work/build.CoreELEC-Amlogic-no.aarch64-22/build/binutils-2.47/gprofng/libcollector -I/work/build.CoreELEC-Amlogic-no.aarch64-22/build/binutils-2.47/gprofng/libcollector/../common -I/work/build.CoreELEC-Amlogic-no.aarch64-22/build/binutils-2.47/gprofng/libcollector/../src -I/work/build.CoreELEC-Amlogic-no.aarch64-22/build/binutils-2.47/gprofng/libcollector/../../include  -I../../bfd -I/work/build.CoreELEC-Amlogic-no.aarch64-22/build/binutils-2.47/gprofng/libcollector/../..  -Wall -Wno-nonnull-compare -fno-lto -fno-lto -g -O2     -MT libgp_collector_la-collector.lo -MD -MP -MF .deps/libgp_collector_la-collector.Tpo -c -o libgp_collector_la-collector.lo `test -f 'collector.c' || echo '/work/build.CoreELEC-Amlogic-no.aarch64-22/build/binutils-2.47/gprofng/libcollector/'`collector.c
libtool: compile:  /work/build.CoreELEC-Amlogic-no.aarch64-22/toolchain/bin/host-gcc -DHAVE_CONFIG_H -I. -I/work/build.CoreELEC-Amlogic-no.aarch64-22/build/binutils-2.47/gprofng/libcollector -U_ASM -I.. -I/work/build.CoreELEC-Amlogic-no.aarch64-22/build/binutils-2.47/gprofng/libcollector -I/work/build.CoreELEC-Amlogic-no.aarch64-22/build/binutils-2.47/gprofng/libcollector/../common -I/work/build.CoreELEC-Amlogic-no.aarch64-22/build/binutils-2.47/gprofng/libcollector/../src -I/work/build.CoreELEC-Amlogic-no.aarch64-22/build/binutils-2.47/gprofng/libcollector/../../include -I../../bfd -I/work/build.CoreELEC-Amlogic-no.aarch64-22/build/binutils-2.47/gprofng/libcollector/../.. -Wall -Wno-nonnull-compare -fno-lto -fno-lto -g -O2 -MT libgp_collector_la-collector.lo -MD -MP -MF .deps/libgp_collector_la-collector.Tpo -c /work/build.CoreELEC-Amlogic-no.aarch64-22/build/binutils-2.47/gprofng/libcollector/collector.c  -fPIC -DPIC -o .libs/libgp_collector_la-collector.o
libtool: compile:  /work/build.CoreELEC-Amlogic-no.aarch64-22/toolchain/bin/host-gcc -DHAVE_CONFIG_H -I. -I/work/build.CoreELEC-Amlogic-no.aarch64-22/build/binutils-2.47/gprofng/libcollector -U_ASM -I.. -I/work/build.CoreELEC-Amlogic-no.aarch64-22/build/binutils-2.47/gprofng/libcollector -I/work/build.CoreELEC-Amlogic-no.aarch64-22/build/binutils-2.47/gprofng/libcollector/../common -I/work/build.CoreELEC-Amlogic-no.aarch64-22/build/binutils-2.47/gprofng/libcollector/../src -I/work/build.CoreELEC-Amlogic-no.aarch64-22/build/binutils-2.47/gprofng/libcollector/../../include -I../../bfd -I/work/build.CoreELEC-Amlogic-no.aarch64-22/build/binutils-2.47/gprofng/libcollector/../.. -Wall -Wno-nonnull-compare -fno-lto -fno-lto -g -O2 -MT libgp_collector_la-collector.lo -MD -MP -MF .deps/libgp_collector_la-collector.Tpo -c /work/build.CoreELEC-Amlogic-no.aarch64-22/build/binutils-2.47/gprofng/libcollector/collector.c -o libgp_collector_la-collector.o >/dev/null 2>&1
mv -f .deps/libgp_collector_la-collector.Tpo .deps/libgp_collector_la-collector.Plo
/bin/dash ./libtool  --tag=CC   --mode=link /work/build.CoreELEC-Amlogic-no.aarch64-22/toolchain/bin/host-gcc -Wall -Wno-nonnull-compare -fno-lto -fno-lto -g -O2     -module -avoid-version -Wl,--version-script,/work/build.CoreELEC-Amlogic-no.aarch64-22/build/binutils-2.47/gprofng/libcollector/libgprofng.ver -Wl,--no-as-needed -Wl,-lrt -Wl,-ldl  -o libgp-collector.la -rpath /work/build.CoreELEC-Amlogic-no.aarch64-22/toolchain/lib/gprofng libgp_collector_la-gethrtime.lo libgp_collector_la-dispatcher.lo libgp_collector_la-iolib.lo libgp_collector_la-mmaptrace.lo libgp_collector_la-memmgr.lo libgp_collector_la-tsd.lo libgp_collector_la-profile.lo libgp_collector_la-envmgmt.lo libgp_collector_la-linetrace.lo libgp_collector_la-libcol_hwcdrv.lo libgp_collector_la-libcol_hwcfuncs.lo libgp_collector_la-libcol-i386-dis.lo libgp_collector_la-hwprofile.lo libgp_collector_la-jprofile.lo libgp_collector_la-unwind.lo libgp_collector_la-libcol_util.lo libgp_collector_la-collector.lo  
libtool: link: /work/build.CoreELEC-Amlogic-no.aarch64-22/toolchain/bin/host-gcc -shared  -fPIC -DPIC  .libs/libgp_collector_la-gethrtime.o .libs/libgp_collector_la-dispatcher.o .libs/libgp_collector_la-iolib.o .libs/libgp_collector_la-mmaptrace.o .libs/libgp_collector_la-memmgr.o .libs/libgp_collector_la-tsd.o .libs/libgp_collector_la-profile.o .libs/libgp_collector_la-envmgmt.o .libs/libgp_collector_la-linetrace.o .libs/libgp_collector_la-libcol_hwcdrv.o .libs/libgp_collector_la-libcol_hwcfuncs.o .libs/libgp_collector_la-libcol-i386-dis.o .libs/libgp_collector_la-hwprofile.o .libs/libgp_collector_la-jprofile.o .libs/libgp_collector_la-unwind.o .libs/libgp_collector_la-libcol_util.o .libs/libgp_collector_la-collector.o    -g -O2 -Wl,--version-script -Wl,/work/build.CoreELEC-Amlogic-no.aarch64-22/build/binutils-2.47/gprofng/libcollector/libgprofng.ver -Wl,--no-as-needed -Wl,-lrt -Wl,-ldl   -Wl,-soname -Wl,libgp-collector.so -o .libs/libgp-collector.so
libtool: link: ar --plugin /usr/libexec/gcc/x86_64-linux-gnu/14/liblto_plugin.so cru .libs/libgp-collector.a  libgp_collector_la-gethrtime.o libgp_collector_la-dispatcher.o libgp_collector_la-iolib.o libgp_collector_la-mmaptrace.o libgp_collector_la-memmgr.o libgp_collector_la-tsd.o libgp_collector_la-profile.o libgp_collector_la-envmgmt.o libgp_collector_la-linetrace.o libgp_collector_la-libcol_hwcdrv.o libgp_collector_la-libcol_hwcfuncs.o libgp_collector_la-libcol-i386-dis.o libgp_collector_la-hwprofile.o libgp_collector_la-jprofile.o libgp_collector_la-unwind.o libgp_collector_la-libcol_util.o libgp_collector_la-collector.o
ar: `u' modifier ignored since `D' is the default (see `U')
libtool: link: ranlib --plugin /usr/libexec/gcc/x86_64-linux-gnu/14/liblto_plugin.so .libs/libgp-collector.a
libtool: link: ( cd ".libs" && rm -f "libgp-collector.la" && ln -s "../libgp-collector.la" "libgp-collector.la" )
/bin/dash ./libtool  --tag=CC   --mode=compile /work/build.CoreELEC-Amlogic-no.aarch64-22/toolchain/bin/host-gcc -DHAVE_CONFIG_H -I. -I/work/build.CoreELEC-Amlogic-no.aarch64-22/build/binutils-2.47/gprofng/libcollector  -U_ASM -I.. -I/work/build.CoreELEC-Amlogic-no.aarch64-22/build/binutils-2.47/gprofng/libcollector -I/work/build.CoreELEC-Amlogic-no.aarch64-22/build/binutils-2.47/gprofng/libcollector/../common -I/work/build.CoreELEC-Amlogic-no.aarch64-22/build/binutils-2.47/gprofng/libcollector/../src -I/work/build.CoreELEC-Amlogic-no.aarch64-22/build/binutils-2.47/gprofng/libcollector/../../include  -Wall -Wno-nonnull-compare -fno-lto -fno-lto -g -O2     -MT libgp_collectorAPI_la-collectorAPI.lo -MD -MP -MF .deps/libgp_collectorAPI_la-collectorAPI.Tpo -c -o libgp_collectorAPI_la-collectorAPI.lo `test -f 'collectorAPI.c' || echo '/work/build.CoreELEC-Amlogic-no.aarch64-22/build/binutils-2.47/gprofng/libcollector/'`collectorAPI.c
libtool: compile:  /work/build.CoreELEC-Amlogic-no.aarch64-22/toolchain/bin/host-gcc -DHAVE_CONFIG_H -I. -I/work/build.CoreELEC-Amlogic-no.aarch64-22/build/binutils-2.47/gprofng/libcollector -U_ASM -I.. -I/work/build.CoreELEC-Amlogic-no.aarch64-22/build/binutils-2.47/gprofng/libcollector -I/work/build.CoreELEC-Amlogic-no.aarch64-22/build/binutils-2.47/gprofng/libcollector/../common -I/work/build.CoreELEC-Amlogic-no.aarch64-22/build/binutils-2.47/gprofng/libcollector/../src -I/work/build.CoreELEC-Amlogic-no.aarch64-22/build/binutils-2.47/gprofng/libcollector/../../include -Wall -Wno-nonnull-compare -fno-lto -fno-lto -g -O2 -MT libgp_collectorAPI_la-collectorAPI.lo -MD -MP -MF .deps/libgp_collectorAPI_la-collectorAPI.Tpo -c /work/build.CoreELEC-Amlogic-no.aarch64-22/build/binutils-2.47/gprofng/libcollector/collectorAPI.c  -fPIC -DPIC -o .libs/libgp_collectorAPI_la-collectorAPI.o
libtool: compile:  /work/build.CoreELEC-Amlogic-no.aarch64-22/toolchain/bin/host-gcc -DHAVE_CONFIG_H -I. -I/work/build.CoreELEC-Amlogic-no.aarch64-22/build/binutils-2.47/gprofng/libcollector -U_ASM -I.. -I/work/build.CoreELEC-Amlogic-no.aarch64-22/build/binutils-2.47/gprofng/libcollector -I/work/build.CoreELEC-Amlogic-no.aarch64-22/build/binutils-2.47/gprofng/libcollector/../common -I/work/build.CoreELEC-Amlogic-no.aarch64-22/build/binutils-2.47/gprofng/libcollector/../src -I/work/build.CoreELEC-Amlogic-no.aarch64-22/build/binutils-2.47/gprofng/libcollector/../../include -Wall -Wno-nonnull-compare -fno-lto -fno-lto -g -O2 -MT libgp_collectorAPI_la-collectorAPI.lo -MD -MP -MF .deps/libgp_collectorAPI_la-collectorAPI.Tpo -c /work/build.CoreELEC-Amlogic-no.aarch64-22/build/binutils-2.47/gprofng/libcollector/collectorAPI.c -o libgp_collectorAPI_la-collectorAPI.o >/dev/null 2>&1
mv -f .deps/libgp_collectorAPI_la-collectorAPI.Tpo .deps/libgp_collectorAPI_la-collectorAPI.Plo
/bin/dash ./libtool  --tag=CC   --mode=link /work/build.CoreELEC-Amlogic-no.aarch64-22/toolchain/bin/host-gcc -Wall -Wno-nonnull-compare -fno-lto -fno-lto -g -O2     -module -avoid-version -Wl,--version-script,/work/build.CoreELEC-Amlogic-no.aarch64-22/build/binutils-2.47/gprofng/libcollector/libgprofng.ver -Wl,--no-as-needed -Wl,-lrt -Wl,-ldl  -o libgp-collectorAPI.la -rpath /work/build.CoreELEC-Amlogic-no.aarch64-22/toolchain/lib/gprofng libgp_collectorAPI_la-collectorAPI.lo -lc -ldl 
libtool: link: /work/build.CoreELEC-Amlogic-no.aarch64-22/toolchain/bin/host-gcc -shared  -fPIC -DPIC  .libs/libgp_collectorAPI_la-collectorAPI.o   -ldl  -g -O2 -Wl,--version-script -Wl,/work/build.CoreELEC-Amlogic-no.aarch64-22/build/binutils-2.47/gprofng/libcollector/libgprofng.ver -Wl,--no-as-needed -Wl,-lrt -Wl,-ldl   -Wl,-soname -Wl,libgp-collectorAPI.so -o .libs/libgp-collectorAPI.so
libtool: link: ar --plugin /usr/libexec/gcc/x86_64-linux-gnu/14/liblto_plugin.so cru .libs/libgp-collectorAPI.a  libgp_collectorAPI_la-collectorAPI.o
ar: `u' modifier ignored since `D' is the default (see `U')
libtool: link: ranlib --plugin /usr/libexec/gcc/x86_64-linux-gnu/14/liblto_plugin.so .libs/libgp-collectorAPI.a
libtool: link: ( cd ".libs" && rm -f "libgp-collectorAPI.la" && ln -s "../libgp-collectorAPI.la" "libgp-collectorAPI.la" )
/bin/dash ./libtool  --tag=CC   --mode=compile /work/build.CoreELEC-Amlogic-no.aarch64-22/toolchain/bin/host-gcc -DHAVE_CONFIG_H -I. -I/work/build.CoreELEC-Amlogic-no.aarch64-22/build/binutils-2.47/gprofng/libcollector  -U_ASM -I.. -I/work/build.CoreELEC-Amlogic-no.aarch64-22/build/binutils-2.47/gprofng/libcollector -I/work/build.CoreELEC-Amlogic-no.aarch64-22/build/binutils-2.47/gprofng/libcollector/../common -I/work/build.CoreELEC-Amlogic-no.aarch64-22/build/binutils-2.47/gprofng/libcollector/../src -I/work/build.CoreELEC-Amlogic-no.aarch64-22/build/binutils-2.47/gprofng/libcollector/../../include  -Wall -Wno-nonnull-compare -fno-lto -fno-lto -g -O2     -MT libgp_heap_la-heaptrace.lo -MD -MP -MF .deps/libgp_heap_la-heaptrace.Tpo -c -o libgp_heap_la-heaptrace.lo `test -f 'heaptrace.c' || echo '/work/build.CoreELEC-Amlogic-no.aarch64-22/build/binutils-2.47/gprofng/libcollector/'`heaptrace.c
libtool: compile:  /work/build.CoreELEC-Amlogic-no.aarch64-22/toolchain/bin/host-gcc -DHAVE_CONFIG_H -I. -I/work/build.CoreELEC-Amlogic-no.aarch64-22/build/binutils-2.47/gprofng/libcollector -U_ASM -I.. -I/work/build.CoreELEC-Amlogic-no.aarch64-22/build/binutils-2.47/gprofng/libcollector -I/work/build.CoreELEC-Amlogic-no.aarch64-22/build/binutils-2.47/gprofng/libcollector/../common -I/work/build.CoreELEC-Amlogic-no.aarch64-22/build/binutils-2.47/gprofng/libcollector/../src -I/work/build.CoreELEC-Amlogic-no.aarch64-22/build/binutils-2.47/gprofng/libcollector/../../include -Wall -Wno-nonnull-compare -fno-lto -fno-lto -g -O2 -MT libgp_heap_la-heaptrace.lo -MD -MP -MF .deps/libgp_heap_la-heaptrace.Tpo -c /work/build.CoreELEC-Amlogic-no.aarch64-22/build/binutils-2.47/gprofng/libcollector/heaptrace.c  -fPIC -DPIC -o .libs/libgp_heap_la-heaptrace.o
libtool: compile:  /work/build.CoreELEC-Amlogic-no.aarch64-22/toolchain/bin/host-gcc -DHAVE_CONFIG_H -I. -I/work/build.CoreELEC-Amlogic-no.aarch64-22/build/binutils-2.47/gprofng/libcollector -U_ASM -I.. -I/work/build.CoreELEC-Amlogic-no.aarch64-22/build/binutils-2.47/gprofng/libcollector -I/work/build.CoreELEC-Amlogic-no.aarch64-22/build/binutils-2.47/gprofng/libcollector/../common -I/work/build.CoreELEC-Amlogic-no.aarch64-22/build/binutils-2.47/gprofng/libcollector/../src -I/work/build.CoreELEC-Amlogic-no.aarch64-22/build/binutils-2.47/gprofng/libcollector/../../include -Wall -Wno-nonnull-compare -fno-lto -fno-lto -g -O2 -MT libgp_heap_la-heaptrace.lo -MD -MP -MF .deps/libgp_heap_la-heaptrace.Tpo -c /work/build.CoreELEC-Amlogic-no.aarch64-22/build/binutils-2.47/gprofng/libcollector/heaptrace.c -o libgp_heap_la-heaptrace.o >/dev/null 2>&1
mv -f .deps/libgp_heap_la-heaptrace.Tpo .deps/libgp_heap_la-heaptrace.Plo
/bin/dash ./libtool  --tag=CC   --mode=link /work/build.CoreELEC-Amlogic-no.aarch64-22/toolchain/bin/host-gcc -Wall -Wno-nonnull-compare -fno-lto -fno-lto -g -O2     -module -avoid-version -Wl,--version-script,/work/build.CoreELEC-Amlogic-no.aarch64-22/build/binutils-2.47/gprofng/libcollector/libgprofng.ver -Wl,--no-as-needed -Wl,-lrt -Wl,-ldl  -o libgp-heap.la -rpath /work/build.CoreELEC-Amlogic-no.aarch64-22/toolchain/lib/gprofng libgp_heap_la-heaptrace.lo  
libtool: link: /work/build.CoreELEC-Amlogic-no.aarch64-22/toolchain/bin/host-gcc -shared  -fPIC -DPIC  .libs/libgp_heap_la-heaptrace.o    -g -O2 -Wl,--version-script -Wl,/work/build.CoreELEC-Amlogic-no.aarch64-22/build/binutils-2.47/gprofng/libcollector/libgprofng.ver -Wl,--no-as-needed -Wl,-lrt -Wl,-ldl   -Wl,-soname -Wl,libgp-heap.so -o .libs/libgp-heap.so
libtool: link: ar --plugin /usr/libexec/gcc/x86_64-linux-gnu/14/liblto_plugin.so cru .libs/libgp-heap.a  libgp_heap_la-heaptrace.o
ar: `u' modifier ignored since `D' is the default (see `U')
libtool: link: ranlib --plugin /usr/libexec/gcc/x86_64-linux-gnu/14/liblto_plugin.so .libs/libgp-heap.a
libtool: link: ( cd ".libs" && rm -f "libgp-heap.la" && ln -s "../libgp-heap.la" "libgp-heap.la" )
/bin/dash ./libtool  --tag=CC   --mode=compile /work/build.CoreELEC-Amlogic-no.aarch64-22/toolchain/bin/host-gcc -DHAVE_CONFIG_H -I. -I/work/build.CoreELEC-Amlogic-no.aarch64-22/build/binutils-2.47/gprofng/libcollector  -U_ASM -I.. -I/work/build.CoreELEC-Amlogic-no.aarch64-22/build/binutils-2.47/gprofng/libcollector -I/work/build.CoreELEC-Amlogic-no.aarch64-22/build/binutils-2.47/gprofng/libcollector/../common -I/work/build.CoreELEC-Amlogic-no.aarch64-22/build/binutils-2.47/gprofng/libcollector/../src -I/work/build.CoreELEC-Amlogic-no.aarch64-22/build/binutils-2.47/gprofng/libcollector/../../include  -Wall -Wno-nonnull-compare -fno-lto -fno-lto -g -O2     -MT libgp_sync_la-synctrace.lo -MD -MP -MF .deps/libgp_sync_la-synctrace.Tpo -c -o libgp_sync_la-synctrace.lo `test -f 'synctrace.c' || echo '/work/build.CoreELEC-Amlogic-no.aarch64-22/build/binutils-2.47/gprofng/libcollector/'`synctrace.c
libtool: compile:  /work/build.CoreELEC-Amlogic-no.aarch64-22/toolchain/bin/host-gcc -DHAVE_CONFIG_H -I. -I/work/build.CoreELEC-Amlogic-no.aarch64-22/build/binutils-2.47/gprofng/libcollector -U_ASM -I.. -I/work/build.CoreELEC-Amlogic-no.aarch64-22/build/binutils-2.47/gprofng/libcollector -I/work/build.CoreELEC-Amlogic-no.aarch64-22/build/binutils-2.47/gprofng/libcollector/../common -I/work/build.CoreELEC-Amlogic-no.aarch64-22/build/binutils-2.47/gprofng/libcollector/../src -I/work/build.CoreELEC-Amlogic-no.aarch64-22/build/binutils-2.47/gprofng/libcollector/../../include -Wall -Wno-nonnull-compare -fno-lto -fno-lto -g -O2 -MT libgp_sync_la-synctrace.lo -MD -MP -MF .deps/libgp_sync_la-synctrace.Tpo -c /work/build.CoreELEC-Amlogic-no.aarch64-22/build/binutils-2.47/gprofng/libcollector/synctrace.c  -fPIC -DPIC -o .libs/libgp_sync_la-synctrace.o
libtool: compile:  /work/build.CoreELEC-Amlogic-no.aarch64-22/toolchain/bin/host-gcc -DHAVE_CONFIG_H -I. -I/work/build.CoreELEC-Amlogic-no.aarch64-22/build/binutils-2.47/gprofng/libcollector -U_ASM -I.. -I/work/build.CoreELEC-Amlogic-no.aarch64-22/build/binutils-2.47/gprofng/libcollector -I/work/build.CoreELEC-Amlogic-no.aarch64-22/build/binutils-2.47/gprofng/libcollector/../common -I/work/build.CoreELEC-Amlogic-no.aarch64-22/build/binutils-2.47/gprofng/libcollector/../src -I/work/build.CoreELEC-Amlogic-no.aarch64-22/build/binutils-2.47/gprofng/libcollector/../../include -Wall -Wno-nonnull-compare -fno-lto -fno-lto -g -O2 -MT libgp_sync_la-synctrace.lo -MD -MP -MF .deps/libgp_sync_la-synctrace.Tpo -c /work/build.CoreELEC-Amlogic-no.aarch64-22/build/binutils-2.47/gprofng/libcollector/synctrace.c -o libgp_sync_la-synctrace.o >/dev/null 2>&1
mv -f .deps/libgp_sync_la-synctrace.Tpo .deps/libgp_sync_la-synctrace.Plo
/bin/dash ./libtool  --tag=CC   --mode=link /work/build.CoreELEC-Amlogic-no.aarch64-22/toolchain/bin/host-gcc -Wall -Wno-nonnull-compare -fno-lto -fno-lto -g -O2     -module -avoid-version -Wl,--version-script,/work/build.CoreELEC-Amlogic-no.aarch64-22/build/binutils-2.47/gprofng/libcollector/libgprofng.ver -Wl,--no-as-needed -Wl,-lrt -Wl,-ldl  -o libgp-sync.la -rpath /work/build.CoreELEC-Amlogic-no.aarch64-22/toolchain/lib/gprofng libgp_sync_la-synctrace.lo  
libtool: link: /work/build.CoreELEC-Amlogic-no.aarch64-22/toolchain/bin/host-gcc -shared  -fPIC -DPIC  .libs/libgp_sync_la-synctrace.o    -g -O2 -Wl,--version-script -Wl,/work/build.CoreELEC-Amlogic-no.aarch64-22/build/binutils-2.47/gprofng/libcollector/libgprofng.ver -Wl,--no-as-needed -Wl,-lrt -Wl,-ldl   -Wl,-soname -Wl,libgp-sync.so -o .libs/libgp-sync.so
libtool: link: ar --plugin /usr/libexec/gcc/x86_64-linux-gnu/14/liblto_plugin.so cru .libs/libgp-sync.a  libgp_sync_la-synctrace.o
ar: `u' modifier ignored since `D' is the default (see `U')
libtool: link: ranlib --plugin /usr/libexec/gcc/x86_64-linux-gnu/14/liblto_plugin.so .libs/libgp-sync.a
libtool: link: ( cd ".libs" && rm -f "libgp-sync.la" && ln -s "../libgp-sync.la" "libgp-sync.la" )
/bin/dash ./libtool  --tag=CC   --mode=compile /work/build.CoreELEC-Amlogic-no.aarch64-22/toolchain/bin/host-gcc -DHAVE_CONFIG_H -I. -I/work/build.CoreELEC-Amlogic-no.aarch64-22/build/binutils-2.47/gprofng/libcollector  -U_ASM -I.. -I/work/build.CoreELEC-Amlogic-no.aarch64-22/build/binutils-2.47/gprofng/libcollector -I/work/build.CoreELEC-Amlogic-no.aarch64-22/build/binutils-2.47/gprofng/libcollector/../common -I/work/build.CoreELEC-Amlogic-no.aarch64-22/build/binutils-2.47/gprofng/libcollector/../src -I/work/build.CoreELEC-Amlogic-no.aarch64-22/build/binutils-2.47/gprofng/libcollector/../../include  -Wall -Wno-nonnull-compare -fno-lto -fno-lto -g -O2     -MT libgp_iotrace_la-iotrace.lo -MD -MP -MF .deps/libgp_iotrace_la-iotrace.Tpo -c -o libgp_iotrace_la-iotrace.lo `test -f 'iotrace.c' || echo '/work/build.CoreELEC-Amlogic-no.aarch64-22/build/binutils-2.47/gprofng/libcollector/'`iotrace.c
libtool: compile:  /work/build.CoreELEC-Amlogic-no.aarch64-22/toolchain/bin/host-gcc -DHAVE_CONFIG_H -I. -I/work/build.CoreELEC-Amlogic-no.aarch64-22/build/binutils-2.47/gprofng/libcollector -U_ASM -I.. -I/work/build.CoreELEC-Amlogic-no.aarch64-22/build/binutils-2.47/gprofng/libcollector -I/work/build.CoreELEC-Amlogic-no.aarch64-22/build/binutils-2.47/gprofng/libcollector/../common -I/work/build.CoreELEC-Amlogic-no.aarch64-22/build/binutils-2.47/gprofng/libcollector/../src -I/work/build.CoreELEC-Amlogic-no.aarch64-22/build/binutils-2.47/gprofng/libcollector/../../include -Wall -Wno-nonnull-compare -fno-lto -fno-lto -g -O2 -MT libgp_iotrace_la-iotrace.lo -MD -MP -MF .deps/libgp_iotrace_la-iotrace.Tpo -c /work/build.CoreELEC-Amlogic-no.aarch64-22/build/binutils-2.47/gprofng/libcollector/iotrace.c  -fPIC -DPIC -o .libs/libgp_iotrace_la-iotrace.o
libtool: compile:  /work/build.CoreELEC-Amlogic-no.aarch64-22/toolchain/bin/host-gcc -DHAVE_CONFIG_H -I. -I/work/build.CoreELEC-Amlogic-no.aarch64-22/build/binutils-2.47/gprofng/libcollector -U_ASM -I.. -I/work/build.CoreELEC-Amlogic-no.aarch64-22/build/binutils-2.47/gprofng/libcollector -I/work/build.CoreELEC-Amlogic-no.aarch64-22/build/binutils-2.47/gprofng/libcollector/../common -I/work/build.CoreELEC-Amlogic-no.aarch64-22/build/binutils-2.47/gprofng/libcollector/../src -I/work/build.CoreELEC-Amlogic-no.aarch64-22/build/binutils-2.47/gprofng/libcollector/../../include -Wall -Wno-nonnull-compare -fno-lto -fno-lto -g -O2 -MT libgp_iotrace_la-iotrace.lo -MD -MP -MF .deps/libgp_iotrace_la-iotrace.Tpo -c /work/build.CoreELEC-Amlogic-no.aarch64-22/build/binutils-2.47/gprofng/libcollector/iotrace.c -o libgp_iotrace_la-iotrace.o >/dev/null 2>&1
mv -f .deps/libgp_iotrace_la-iotrace.Tpo .deps/libgp_iotrace_la-iotrace.Plo
/bin/dash ./libtool  --tag=CC   --mode=link /work/build.CoreELEC-Amlogic-no.aarch64-22/toolchain/bin/host-gcc -Wall -Wno-nonnull-compare -fno-lto -fno-lto -g -O2     -module -avoid-version -Wl,--version-script,/work/build.CoreELEC-Amlogic-no.aarch64-22/build/binutils-2.47/gprofng/libcollector/libgprofng.ver -Wl,--no-as-needed -Wl,-lrt -Wl,-ldl  -o libgp-iotrace.la -rpath /work/build.CoreELEC-Amlogic-no.aarch64-22/toolchain/lib/gprofng libgp_iotrace_la-iotrace.lo  
libtool: link: /work/build.CoreELEC-Amlogic-no.aarch64-22/toolchain/bin/host-gcc -shared  -fPIC -DPIC  .libs/libgp_iotrace_la-iotrace.o    -g -O2 -Wl,--version-script -Wl,/work/build.CoreELEC-Amlogic-no.aarch64-22/build/binutils-2.47/gprofng/libcollector/libgprofng.ver -Wl,--no-as-needed -Wl,-lrt -Wl,-ldl   -Wl,-soname -Wl,libgp-iotrace.so -o .libs/libgp-iotrace.so
libtool: link: ar --plugin /usr/libexec/gcc/x86_64-linux-gnu/14/liblto_plugin.so cru .libs/libgp-iotrace.a  libgp_iotrace_la-iotrace.o
ar: `u' modifier ignored since `D' is the default (see `U')
libtool: link: ranlib --plugin /usr/libexec/gcc/x86_64-linux-gnu/14/liblto_plugin.so .libs/libgp-iotrace.a
libtool: link: ( cd ".libs" && rm -f "libgp-iotrace.la" && ln -s "../libgp-iotrace.la" "libgp-iotrace.la" )
make[5]: Leaving directory '/work/build.CoreELEC-Amlogic-no.aarch64-22/build/binutils-2.47/.x86_64-linux-gnu/gprofng/libcollector'
make[4]: Leaving directory '/work/build.CoreELEC-Amlogic-no.aarch64-22/build/binutils-2.47/.x86_64-linux-gnu/gprofng/libcollector'
Making all in src
make[4]: Entering directory '/work/build.CoreELEC-Amlogic-no.aarch64-22/build/binutils-2.47/.x86_64-linux-gnu/gprofng/src'
make  all-am
make[5]: Entering directory '/work/build.CoreELEC-Amlogic-no.aarch64-22/build/binutils-2.47/.x86_64-linux-gnu/gprofng/src'
depbase=`echo Application.lo | sed 's|[^/]*$|.deps/&|;s|\.lo$||'`;\
/bin/dash ../libtool  --tag=CXX   --mode=compile /work/build.CoreELEC-Amlogic-no.aarch64-22/toolchain/bin/host-g++ -DHAVE_CONFIG_H -I. -I/work/build.CoreELEC-Amlogic-no.aarch64-22/build/binutils-2.47/gprofng/src -I..  -U_ASM -DLOCALEDIR=\"/work/build.CoreELEC-Amlogic-no.aarch64-22/toolchain/share/locale\" -DSYSCONFDIR=\"/work/build.CoreELEC-Amlogic-no.aarch64-22/toolchain/etc\" -DLIBDIR=\"/work/build.CoreELEC-Amlogic-no.aarch64-22/toolchain/lib\" -I.. -I/work/build.CoreELEC-Amlogic-no.aarch64-22/build/binutils-2.47/gprofng/src -I/work/build.CoreELEC-Amlogic-no.aarch64-22/build/binutils-2.47/gprofng/src/../common -I/work/build.CoreELEC-Amlogic-no.aarch64-22/build/binutils-2.47/gprofng/src/../../include -I/work/build.CoreELEC-Amlogic-no.aarch64-22/build/binutils-2.47/gprofng/src/../../opcodes -I../../bfd -I/work/build.CoreELEC-Amlogic-no.aarch64-22/build/binutils-2.47/gprofng/src/../../bfd -I/work/build.CoreELEC-Amlogic-no.aarch64-22/build/binutils-2.47/gprofng/../zlib  -Wall -pthread -Wno-switch -fno-lto -g -O2     -MT Application.lo -MD -MP -MF $depbase.Tpo -c -o Application.lo /work/build.CoreELEC-Amlogic-no.aarch64-22/build/binutils-2.47/gprofng/src/Application.cc &&\
mv -f $depbase.Tpo $depbase.Plo
libtool: compile:  /work/build.CoreELEC-Amlogic-no.aarch64-22/toolchain/bin/host-g++ -DHAVE_CONFIG_H -I. -I/work/build.CoreELEC-Amlogic-no.aarch64-22/build/binutils-2.47/gprofng/src -I.. -U_ASM -DLOCALEDIR=\"/work/build.CoreELEC-Amlogic-no.aarch64-22/toolchain/share/locale\" -DSYSCONFDIR=\"/work/build.CoreELEC-Amlogic-no.aarch64-22/toolchain/etc\" -DLIBDIR=\"/work/build.CoreELEC-Amlogic-no.aarch64-22/toolchain/lib\" -I.. -I/work/build.CoreELEC-Amlogic-no.aarch64-22/build/binutils-2.47/gprofng/src -I/work/build.CoreELEC-Amlogic-no.aarch64-22/build/binutils-2.47/gprofng/src/../common -I/work/build.CoreELEC-Amlogic-no.aarch64-22/build/binutils-2.47/gprofng/src/../../include -I/work/build.CoreELEC-Amlogic-no.aarch64-22/build/binutils-2.47/gprofng/src/../../opcodes -I../../bfd -I/work/build.CoreELEC-Amlogic-no.aarch64-22/build/binutils-2.47/gprofng/src/../../bfd -I/work/build.CoreELEC-Amlogic-no.aarch64-22/build/binutils-2.47/gprofng/../zlib -Wall -pthread -Wno-switch -fno-lto -g -O2 -MT Application.lo -MD -MP -MF .deps/Application.Tpo -c /work/build.CoreELEC-Amlogic-no.aarch64-22/build/binutils-2.47/gprofng/src/Application.cc  -fPIC -DPIC -o .libs/Application.o
libtool: compile:  /work/build.CoreELEC-Amlogic-no.aarch64-22/toolchain/bin/host-g++ -DHAVE_CONFIG_H -I. -I/work/build.CoreELEC-Amlogic-no.aarch64-22/build/binutils-2.47/gprofng/src -I.. -U_ASM -DLOCALEDIR=\"/work/build.CoreELEC-Amlogic-no.aarch64-22/toolchain/share/locale\" -DSYSCONFDIR=\"/work/build.CoreELEC-Amlogic-no.aarch64-22/toolchain/etc\" -DLIBDIR=\"/work/build.CoreELEC-Amlogic-no.aarch64-22/toolchain/lib\" -I.. -I/work/build.CoreELEC-Amlogic-no.aarch64-22/build/binutils-2.47/gprofng/src -I/work/build.CoreELEC-Amlogic-no.aarch64-22/build/binutils-2.47/gprofng/src/../common -I/work/build.CoreELEC-Amlogic-no.aarch64-22/build/binutils-2.47/gprofng/src/../../include -I/work/build.CoreELEC-Amlogic-no.aarch64-22/build/binutils-2.47/gprofng/src/../../opcodes -I../../bfd -I/work/build.CoreELEC-Amlogic-no.aarch64-22/build/binutils-2.47/gprofng/src/../../bfd -I/work/build.CoreELEC-Amlogic-no.aarch64-22/build/binutils-2.47/gprofng/../zlib -Wall -pthread -Wno-switch -fno-lto -g -O2 -MT Application.lo -MD -MP -MF .deps/Application.Tpo -c /work/build.CoreELEC-Amlogic-no.aarch64-22/build/binutils-2.47/gprofng/src/Application.cc -o Application.o >/dev/null 2>&1
depbase=`echo BaseMetric.lo | sed 's|[^/]*$|.deps/&|;s|\.lo$||'`;\
/bin/dash ../libtool  --tag=CXX   --mode=compile /work/build.CoreELEC-Amlogic-no.aarch64-22/toolchain/bin/host-g++ -DHAVE_CONFIG_H -I. -I/work/build.CoreELEC-Amlogic-no.aarch64-22/build/binutils-2.47/gprofng/src -I..  -U_ASM -DLOCALEDIR=\"/work/build.CoreELEC-Amlogic-no.aarch64-22/toolchain/share/locale\" -DSYSCONFDIR=\"/work/build.CoreELEC-Amlogic-no.aarch64-22/toolchain/etc\" -DLIBDIR=\"/work/build.CoreELEC-Amlogic-no.aarch64-22/toolchain/lib\" -I.. -I/work/build.CoreELEC-Amlogic-no.aarch64-22/build/binutils-2.47/gprofng/src -I/work/build.CoreELEC-Amlogic-no.aarch64-22/build/binutils-2.47/gprofng/src/../common -I/work/build.CoreELEC-Amlogic-no.aarch64-22/build/binutils-2.47/gprofng/src/../../include -I/work/build.CoreELEC-Amlogic-no.aarch64-22/build/binutils-2.47/gprofng/src/../../opcodes -I../../bfd -I/work/build.CoreELEC-Amlogic-no.aarch64-22/build/binutils-2.47/gprofng/src/../../bfd -I/work/build.CoreELEC-Amlogic-no.aarch64-22/build/binutils-2.47/gprofng/../zlib  -Wall -pthread -Wno-switch -fno-lto -g -O2     -MT BaseMetric.lo -MD -MP -MF $depbase.Tpo -c -o BaseMetric.lo /work/build.CoreELEC-Amlogic-no.aarch64-22/build/binutils-2.47/gprofng/src/BaseMetric.cc &&\
mv -f $depbase.Tpo $depbase.Plo
libtool: compile:  /work/build.CoreELEC-Amlogic-no.aarch64-22/toolchain/bin/host-g++ -DHAVE_CONFIG_H -I. -I/work/build.CoreELEC-Amlogic-no.aarch64-22/build/binutils-2.47/gprofng/src -I.. -U_ASM -DLOCALEDIR=\"/work/build.CoreELEC-Amlogic-no.aarch64-22/toolchain/share/locale\" -DSYSCONFDIR=\"/work/build.CoreELEC-Amlogic-no.aarch64-22/toolchain/etc\" -DLIBDIR=\"/work/build.CoreELEC-Amlogic-no.aarch64-22/toolchain/lib\" -I.. -I/work/build.CoreELEC-Amlogic-no.aarch64-22/build/binutils-2.47/gprofng/src -I/work/build.CoreELEC-Amlogic-no.aarch64-22/build/binutils-2.47/gprofng/src/../common -I/work/build.CoreELEC-Amlogic-no.aarch64-22/build/binutils-2.47/gprofng/src/../../include -I/work/build.CoreELEC-Amlogic-no.aarch64-22/build/binutils-2.47/gprofng/src/../../opcodes -I../../bfd -I/work/build.CoreELEC-Amlogic-no.aarch64-22/build/binutils-2.47/gprofng/src/../../bfd -I/work/build.CoreELEC-Amlogic-no.aarch64-22/build/binutils-2.47/gprofng/../zlib -Wall -pthread -Wno-switch -fno-lto -g -O2 -MT BaseMetric.lo -MD -MP -MF .deps/BaseMetric.Tpo -c /work/build.CoreELEC-Amlogic-no.aarch64-22/build/binutils-2.47/gprofng/src/BaseMetric.cc  -fPIC -DPIC -o .libs/BaseMetric.o
libtool: compile:  /work/build.CoreELEC-Amlogic-no.aarch64-22/toolchain/bin/host-g++ -DHAVE_CONFIG_H -I. -I/work/build.CoreELEC-Amlogic-no.aarch64-22/build/binutils-2.47/gprofng/src -I.. -U_ASM -DLOCALEDIR=\"/work/build.CoreELEC-Amlogic-no.aarch64-22/toolchain/share/locale\" -DSYSCONFDIR=\"/work/build.CoreELEC-Amlogic-no.aarch64-22/toolchain/etc\" -DLIBDIR=\"/work/build.CoreELEC-Amlogic-no.aarch64-22/toolchain/lib\" -I.. -I/work/build.CoreELEC-Amlogic-no.aarch64-22/build/binutils-2.47/gprofng/src -I/work/build.CoreELEC-Amlogic-no.aarch64-22/build/binutils-2.47/gprofng/src/../common -I/work/build.CoreELEC-Amlogic-no.aarch64-22/build/binutils-2.47/gprofng/src/../../include -I/work/build.CoreELEC-Amlogic-no.aarch64-22/build/binutils-2.47/gprofng/src/../../opcodes -I../../bfd -I/work/build.CoreELEC-Amlogic-no.aarch64-22/build/binutils-2.47/gprofng/src/../../bfd -I/work/build.CoreELEC-Amlogic-no.aarch64-22/build/binutils-2.47/gprofng/../zlib -Wall -pthread -Wno-switch -fno-lto -g -O2 -MT BaseMetric.lo -MD -MP -MF .deps/BaseMetric.Tpo -c /work/build.CoreELEC-Amlogic-no.aarch64-22/build/binutils-2.47/gprofng/src/BaseMetric.cc -o BaseMetric.o >/dev/null 2>&1
depbase=`echo BaseMetricTreeNode.lo | sed 's|[^/]*$|.deps/&|;s|\.lo$||'`;\
/bin/dash ../libtool  --tag=CXX   --mode=compile /work/build.CoreELEC-Amlogic-no.aarch64-22/toolchain/bin/host-g++ -DHAVE_CONFIG_H -I. -I/work/build.CoreELEC-Amlogic-no.aarch64-22/build/binutils-2.47/gprofng/src -I..  -U_ASM -DLOCALEDIR=\"/work/build.CoreELEC-Amlogic-no.aarch64-22/toolchain/share/locale\" -DSYSCONFDIR=\"/work/build.CoreELEC-Amlogic-no.aarch64-22/toolchain/etc\" -DLIBDIR=\"/work/build.CoreELEC-Amlogic-no.aarch64-22/toolchain/lib\" -I.. -I/work/build.CoreELEC-Amlogic-no.aarch64-22/build/binutils-2.47/gprofng/src -I/work/build.CoreELEC-Amlogic-no.aarch64-22/build/binutils-2.47/gprofng/src/../common -I/work/build.CoreELEC-Amlogic-no.aarch64-22/build/binutils-2.47/gprofng/src/../../include -I/work/build.CoreELEC-Amlogic-no.aarch64-22/build/binutils-2.47/gprofng/src/../../opcodes -I../../bfd -I/work/build.CoreELEC-Amlogic-no.aarch64-22/build/binutils-2.47/gprofng/src/../../bfd -I/work/build.CoreELEC-Amlogic-no.aarch64-22/build/binutils-2.47/gprofng/../zlib  -Wall -pthread -Wno-switch -fno-lto -g -O2     -MT BaseMetricTreeNode.lo -MD -MP -MF $depbase.Tpo -c -o BaseMetricTreeNode.lo /work/build.CoreELEC-Amlogic-no.aarch64-22/build/binutils-2.47/gprofng/src/BaseMetricTreeNode.cc &&\
mv -f $depbase.Tpo $depbase.Plo
libtool: compile:  /work/build.CoreELEC-Amlogic-no.aarch64-22/toolchain/bin/host-g++ -DHAVE_CONFIG_H -I. -I/work/build.CoreELEC-Amlogic-no.aarch64-22/build/binutils-2.47/gprofng/src -I.. -U_ASM -DLOCALEDIR=\"/work/build.CoreELEC-Amlogic-no.aarch64-22/toolchain/share/locale\" -DSYSCONFDIR=\"/work/build.CoreELEC-Amlogic-no.aarch64-22/toolchain/etc\" -DLIBDIR=\"/work/build.CoreELEC-Amlogic-no.aarch64-22/toolchain/lib\" -I.. -I/work/build.CoreELEC-Amlogic-no.aarch64-22/build/binutils-2.47/gprofng/src -I/work/build.CoreELEC-Amlogic-no.aarch64-22/build/binutils-2.47/gprofng/src/../common -I/work/build.CoreELEC-Amlogic-no.aarch64-22/build/binutils-2.47/gprofng/src/../../include -I/work/build.CoreELEC-Amlogic-no.aarch64-22/build/binutils-2.47/gprofng/src/../../opcodes -I../../bfd -I/work/build.CoreELEC-Amlogic-no.aarch64-22/build/binutils-2.47/gprofng/src/../../bfd -I/work/build.CoreELEC-Amlogic-no.aarch64-22/build/binutils-2.47/gprofng/../zlib -Wall -pthread -Wno-switch -fno-lto -g -O2 -MT BaseMetricTreeNode.lo -MD -MP -MF .deps/BaseMetricTreeNode.Tpo -c /work/build.CoreELEC-Amlogic-no.aarch64-22/build/binutils-2.47/gprofng/src/BaseMetricTreeNode.cc  -fPIC -DPIC -o .libs/BaseMetricTreeNode.o
libtool: compile:  /work/build.CoreELEC-Amlogic-no.aarch64-22/toolchain/bin/host-g++ -DHAVE_CONFIG_H -I. -I/work/build.CoreELEC-Amlogic-no.aarch64-22/build/binutils-2.47/gprofng/src -I.. -U_ASM -DLOCALEDIR=\"/work/build.CoreELEC-Amlogic-no.aarch64-22/toolchain/share/locale\" -DSYSCONFDIR=\"/work/build.CoreELEC-Amlogic-no.aarch64-22/toolchain/etc\" -DLIBDIR=\"/work/build.CoreELEC-Amlogic-no.aarch64-22/toolchain/lib\" -I.. -I/work/build.CoreELEC-Amlogic-no.aarch64-22/build/binutils-2.47/gprofng/src -I/work/build.CoreELEC-Amlogic-no.aarch64-22/build/binutils-2.47/gprofng/src/../common -I/work/build.CoreELEC-Amlogic-no.aarch64-22/build/binutils-2.47/gprofng/src/../../include -I/work/build.CoreELEC-Amlogic-no.aarch64-22/build/binutils-2.47/gprofng/src/../../opcodes -I../../bfd -I/work/build.CoreELEC-Amlogic-no.aarch64-22/build/binutils-2.47/gprofng/src/../../bfd -I/work/build.CoreELEC-Amlogic-no.aarch64-22/build/binutils-2.47/gprofng/../zlib -Wall -pthread -Wno-switch -fno-lto -g -O2 -MT BaseMetricTreeNode.lo -MD -MP -MF .deps/BaseMetricTreeNode.Tpo -c /work/build.CoreELEC-Amlogic-no.aarch64-22/build/binutils-2.47/gprofng/src/BaseMetricTreeNode.cc -o BaseMetricTreeNode.o >/dev/null 2>&1
depbase=`echo CallStack.lo | sed 's|[^/]*$|.deps/&|;s|\.lo$||'`;\
/bin/dash ../libtool  --tag=CXX   --mode=compile /work/build.CoreELEC-Amlogic-no.aarch64-22/toolchain/bin/host-g++ -DHAVE_CONFIG_H -I. -I/work/build.CoreELEC-Amlogic-no.aarch64-22/build/binutils-2.47/gprofng/src -I..  -U_ASM -DLOCALEDIR=\"/work/build.CoreELEC-Amlogic-no.aarch64-22/toolchain/share/locale\" -DSYSCONFDIR=\"/work/build.CoreELEC-Amlogic-no.aarch64-22/toolchain/etc\" -DLIBDIR=\"/work/build.CoreELEC-Amlogic-no.aarch64-22/toolchain/lib\" -I.. -I/work/build.CoreELEC-Amlogic-no.aarch64-22/build/binutils-2.47/gprofng/src -I/work/build.CoreELEC-Amlogic-no.aarch64-22/build/binutils-2.47/gprofng/src/../common -I/work/build.CoreELEC-Amlogic-no.aarch64-22/build/binutils-2.47/gprofng/src/../../include -I/work/build.CoreELEC-Amlogic-no.aarch64-22/build/binutils-2.47/gprofng/src/../../opcodes -I../../bfd -I/work/build.CoreELEC-Amlogic-no.aarch64-22/build/binutils-2.47/gprofng/src/../../bfd -I/work/build.CoreELEC-Amlogic-no.aarch64-22/build/binutils-2.47/gprofng/../zlib  -Wall -pthread -Wno-switch -fno-lto -g -O2     -MT CallStack.lo -MD -MP -MF $depbase.Tpo -c -o CallStack.lo /work/build.CoreELEC-Amlogic-no.aarch64-22/build/binutils-2.47/gprofng/src/CallStack.cc &&\
mv -f $depbase.Tpo $depbase.Plo
libtool: compile:  /work/build.CoreELEC-Amlogic-no.aarch64-22/toolchain/bin/host-g++ -DHAVE_CONFIG_H -I. -I/work/build.CoreELEC-Amlogic-no.aarch64-22/build/binutils-2.47/gprofng/src -I.. -U_ASM -DLOCALEDIR=\"/work/build.CoreELEC-Amlogic-no.aarch64-22/toolchain/share/locale\" -DSYSCONFDIR=\"/work/build.CoreELEC-Amlogic-no.aarch64-22/toolchain/etc\" -DLIBDIR=\"/work/build.CoreELEC-Amlogic-no.aarch64-22/toolchain/lib\" -I.. -I/work/build.CoreELEC-Amlogic-no.aarch64-22/build/binutils-2.47/gprofng/src -I/work/build.CoreELEC-Amlogic-no.aarch64-22/build/binutils-2.47/gprofng/src/../common -I/work/build.CoreELEC-Amlogic-no.aarch64-22/build/binutils-2.47/gprofng/src/../../include -I/work/build.CoreELEC-Amlogic-no.aarch64-22/build/binutils-2.47/gprofng/src/../../opcodes -I../../bfd -I/work/build.CoreELEC-Amlogic-no.aarch64-22/build/binutils-2.47/gprofng/src/../../bfd -I/work/build.CoreELEC-Amlogic-no.aarch64-22/build/binutils-2.47/gprofng/../zlib -Wall -pthread -Wno-switch -fno-lto -g -O2 -MT CallStack.lo -MD -MP -MF .deps/CallStack.Tpo -c /work/build.CoreELEC-Amlogic-no.aarch64-22/build/binutils-2.47/gprofng/src/CallStack.cc  -fPIC -DPIC -o .libs/CallStack.o
libtool: compile:  /work/build.CoreELEC-Amlogic-no.aarch64-22/toolchain/bin/host-g++ -DHAVE_CONFIG_H -I. -I/work/build.CoreELEC-Amlogic-no.aarch64-22/build/binutils-2.47/gprofng/src -I.. -U_ASM -DLOCALEDIR=\"/work/build.CoreELEC-Amlogic-no.aarch64-22/toolchain/share/locale\" -DSYSCONFDIR=\"/work/build.CoreELEC-Amlogic-no.aarch64-22/toolchain/etc\" -DLIBDIR=\"/work/build.CoreELEC-Amlogic-no.aarch64-22/toolchain/lib\" -I.. -I/work/build.CoreELEC-Amlogic-no.aarch64-22/build/binutils-2.47/gprofng/src -I/work/build.CoreELEC-Amlogic-no.aarch64-22/build/binutils-2.47/gprofng/src/../common -I/work/build.CoreELEC-Amlogic-no.aarch64-22/build/binutils-2.47/gprofng/src/../../include -I/work/build.CoreELEC-Amlogic-no.aarch64-22/build/binutils-2.47/gprofng/src/../../opcodes -I../../bfd -I/work/build.CoreELEC-Amlogic-no.aarch64-22/build/binutils-2.47/gprofng/src/../../bfd -I/work/build.CoreELEC-Amlogic-no.aarch64-22/build/binutils-2.47/gprofng/../zlib -Wall -pthread -Wno-switch -fno-lto -g -O2 -MT CallStack.lo -MD -MP -MF .deps/CallStack.Tpo -c /work/build.CoreELEC-Amlogic-no.aarch64-22/build/binutils-2.47/gprofng/src/CallStack.cc -o CallStack.o >/dev/null 2>&1
depbase=`echo CatchOutOfMemory.lo | sed 's|[^/]*$|.deps/&|;s|\.lo$||'`;\
/bin/dash ../libtool  --tag=CXX   --mode=compile /work/build.CoreELEC-Amlogic-no.aarch64-22/toolchain/bin/host-g++ -DHAVE_CONFIG_H -I. -I/work/build.CoreELEC-Amlogic-no.aarch64-22/build/binutils-2.47/gprofng/src -I..  -U_ASM -DLOCALEDIR=\"/work/build.CoreELEC-Amlogic-no.aarch64-22/toolchain/share/locale\" -DSYSCONFDIR=\"/work/build.CoreELEC-Amlogic-no.aarch64-22/toolchain/etc\" -DLIBDIR=\"/work/build.CoreELEC-Amlogic-no.aarch64-22/toolchain/lib\" -I.. -I/work/build.CoreELEC-Amlogic-no.aarch64-22/build/binutils-2.47/gprofng/src -I/work/build.CoreELEC-Amlogic-no.aarch64-22/build/binutils-2.47/gprofng/src/../common -I/work/build.CoreELEC-Amlogic-no.aarch64-22/build/binutils-2.47/gprofng/src/../../include -I/work/build.CoreELEC-Amlogic-no.aarch64-22/build/binutils-2.47/gprofng/src/../../opcodes -I../../bfd -I/work/build.CoreELEC-Amlogic-no.aarch64-22/build/binutils-2.47/gprofng/src/../../bfd -I/work/build.CoreELEC-Amlogic-no.aarch64-22/build/binutils-2.47/gprofng/../zlib  -Wall -pthread -Wno-switch -fno-lto -g -O2     -MT CatchOutOfMemory.lo -MD -MP -MF $depbase.Tpo -c -o CatchOutOfMemory.lo /work/build.CoreELEC-Amlogic-no.aarch64-22/build/binutils-2.47/gprofng/src/CatchOutOfMemory.cc &&\
mv -f $depbase.Tpo $depbase.Plo
libtool: compile:  /work/build.CoreELEC-Amlogic-no.aarch64-22/toolchain/bin/host-g++ -DHAVE_CONFIG_H -I. -I/work/build.CoreELEC-Amlogic-no.aarch64-22/build/binutils-2.47/gprofng/src -I.. -U_ASM -DLOCALEDIR=\"/work/build.CoreELEC-Amlogic-no.aarch64-22/toolchain/share/locale\" -DSYSCONFDIR=\"/work/build.CoreELEC-Amlogic-no.aarch64-22/toolchain/etc\" -DLIBDIR=\"/work/build.CoreELEC-Amlogic-no.aarch64-22/toolchain/lib\" -I.. -I/work/build.CoreELEC-Amlogic-no.aarch64-22/build/binutils-2.47/gprofng/src -I/work/build.CoreELEC-Amlogic-no.aarch64-22/build/binutils-2.47/gprofng/src/../common -I/work/build.CoreELEC-Amlogic-no.aarch64-22/build/binutils-2.47/gprofng/src/../../include -I/work/build.CoreELEC-Amlogic-no.aarch64-22/build/binutils-2.47/gprofng/src/../../opcodes -I../../bfd -I/work/build.CoreELEC-Amlogic-no.aarch64-22/build/binutils-2.47/gprofng/src/../../bfd -I/work/build.CoreELEC-Amlogic-no.aarch64-22/build/binutils-2.47/gprofng/../zlib -Wall -pthread -Wno-switch -fno-lto -g -O2 -MT CatchOutOfMemory.lo -MD -MP -MF .deps/CatchOutOfMemory.Tpo -c /work/build.CoreELEC-Amlogic-no.aarch64-22/build/binutils-2.47/gprofng/src/CatchOutOfMemory.cc  -fPIC -DPIC -o .libs/CatchOutOfMemory.o
libtool: compile:  /work/build.CoreELEC-Amlogic-no.aarch64-22/toolchain/bin/host-g++ -DHAVE_CONFIG_H -I. -I/work/build.CoreELEC-Amlogic-no.aarch64-22/build/binutils-2.47/gprofng/src -I.. -U_ASM -DLOCALEDIR=\"/work/build.CoreELEC-Amlogic-no.aarch64-22/toolchain/share/locale\" -DSYSCONFDIR=\"/work/build.CoreELEC-Amlogic-no.aarch64-22/toolchain/etc\" -DLIBDIR=\"/work/build.CoreELEC-Amlogic-no.aarch64-22/toolchain/lib\" -I.. -I/work/build.CoreELEC-Amlogic-no.aarch64-22/build/binutils-2.47/gprofng/src -I/work/build.CoreELEC-Amlogic-no.aarch64-22/build/binutils-2.47/gprofng/src/../common -I/work/build.CoreELEC-Amlogic-no.aarch64-22/build/binutils-2.47/gprofng/src/../../include -I/work/build.CoreELEC-Amlogic-no.aarch64-22/build/binutils-2.47/gprofng/src/../../opcodes -I../../bfd -I/work/build.CoreELEC-Amlogic-no.aarch64-22/build/binutils-2.47/gprofng/src/../../bfd -I/work/build.CoreELEC-Amlogic-no.aarch64-22/build/binutils-2.47/gprofng/../zlib -Wall -pthread -Wno-switch -fno-lto -g -O2 -MT CatchOutOfMemory.lo -MD -MP -MF .deps/CatchOutOfMemory.Tpo -c /work/build.CoreELEC-Amlogic-no.aarch64-22/build/binutils-2.47/gprofng/src/CatchOutOfMemory.cc -o CatchOutOfMemory.o >/dev/null 2>&1
depbase=`echo ClassFile.lo | sed 's|[^/]*$|.deps/&|;s|\.lo$||'`;\
/bin/dash ../libtool  --tag=CXX   --mode=compile /work/build.CoreELEC-Amlogic-no.aarch64-22/toolchain/bin/host-g++ -DHAVE_CONFIG_H -I. -I/work/build.CoreELEC-Amlogic-no.aarch64-22/build/binutils-2.47/gprofng/src -I..  -U_ASM -DLOCALEDIR=\"/work/build.CoreELEC-Amlogic-no.aarch64-22/toolchain/share/locale\" -DSYSCONFDIR=\"/work/build.CoreELEC-Amlogic-no.aarch64-22/toolchain/etc\" -DLIBDIR=\"/work/build.CoreELEC-Amlogic-no.aarch64-22/toolchain/lib\" -I.. -I/work/build.CoreELEC-Amlogic-no.aarch64-22/build/binutils-2.47/gprofng/src -I/work/build.CoreELEC-Amlogic-no.aarch64-22/build/binutils-2.47/gprofng/src/../common -I/work/build.CoreELEC-Amlogic-no.aarch64-22/build/binutils-2.47/gprofng/src/../../include -I/work/build.CoreELEC-Amlogic-no.aarch64-22/build/binutils-2.47/gprofng/src/../../opcodes -I../../bfd -I/work/build.CoreELEC-Amlogic-no.aarch64-22/build/binutils-2.47/gprofng/src/../../bfd -I/work/build.CoreELEC-Amlogic-no.aarch64-22/build/binutils-2.47/gprofng/../zlib  -Wall -pthread -Wno-switch -fno-lto -g -O2     -MT ClassFile.lo -MD -MP -MF $depbase.Tpo -c -o ClassFile.lo /work/build.CoreELEC-Amlogic-no.aarch64-22/build/binutils-2.47/gprofng/src/ClassFile.cc &&\
mv -f $depbase.Tpo $depbase.Plo
libtool: compile:  /work/build.CoreELEC-Amlogic-no.aarch64-22/toolchain/bin/host-g++ -DHAVE_CONFIG_H -I. -I/work/build.CoreELEC-Amlogic-no.aarch64-22/build/binutils-2.47/gprofng/src -I.. -U_ASM -DLOCALEDIR=\"/work/build.CoreELEC-Amlogic-no.aarch64-22/toolchain/share/locale\" -DSYSCONFDIR=\"/work/build.CoreELEC-Amlogic-no.aarch64-22/toolchain/etc\" -DLIBDIR=\"/work/build.CoreELEC-Amlogic-no.aarch64-22/toolchain/lib\" -I.. -I/work/build.CoreELEC-Amlogic-no.aarch64-22/build/binutils-2.47/gprofng/src -I/work/build.CoreELEC-Amlogic-no.aarch64-22/build/binutils-2.47/gprofng/src/../common -I/work/build.CoreELEC-Amlogic-no.aarch64-22/build/binutils-2.47/gprofng/src/../../include -I/work/build.CoreELEC-Amlogic-no.aarch64-22/build/binutils-2.47/gprofng/src/../../opcodes -I../../bfd -I/work/build.CoreELEC-Amlogic-no.aarch64-22/build/binutils-2.47/gprofng/src/../../bfd -I/work/build.CoreELEC-Amlogic-no.aarch64-22/build/binutils-2.47/gprofng/../zlib -Wall -pthread -Wno-switch -fno-lto -g -O2 -MT ClassFile.lo -MD -MP -MF .deps/ClassFile.Tpo -c /work/build.CoreELEC-Amlogic-no.aarch64-22/build/binutils-2.47/gprofng/src/ClassFile.cc  -fPIC -DPIC -o .libs/ClassFile.o
libtool: compile:  /work/build.CoreELEC-Amlogic-no.aarch64-22/toolchain/bin/host-g++ -DHAVE_CONFIG_H -I. -I/work/build.CoreELEC-Amlogic-no.aarch64-22/build/binutils-2.47/gprofng/src -I.. -U_ASM -DLOCALEDIR=\"/work/build.CoreELEC-Amlogic-no.aarch64-22/toolchain/share/locale\" -DSYSCONFDIR=\"/work/build.CoreELEC-Amlogic-no.aarch64-22/toolchain/etc\" -DLIBDIR=\"/work/build.CoreELEC-Amlogic-no.aarch64-22/toolchain/lib\" -I.. -I/work/build.CoreELEC-Amlogic-no.aarch64-22/build/binutils-2.47/gprofng/src -I/work/build.CoreELEC-Amlogic-no.aarch64-22/build/binutils-2.47/gprofng/src/../common -I/work/build.CoreELEC-Amlogic-no.aarch64-22/build/binutils-2.47/gprofng/src/../../include -I/work/build.CoreELEC-Amlogic-no.aarch64-22/build/binutils-2.47/gprofng/src/../../opcodes -I../../bfd -I/work/build.CoreELEC-Amlogic-no.aarch64-22/build/binutils-2.47/gprofng/src/../../bfd -I/work/build.CoreELEC-Amlogic-no.aarch64-22/build/binutils-2.47/gprofng/../zlib -Wall -pthread -Wno-switch -fno-lto -g -O2 -MT ClassFile.lo -MD -MP -MF .deps/ClassFile.Tpo -c /work/build.CoreELEC-Amlogic-no.aarch64-22/build/binutils-2.47/gprofng/src/ClassFile.cc -o ClassFile.o >/dev/null 2>&1
depbase=`echo Command.lo | sed 's|[^/]*$|.deps/&|;s|\.lo$||'`;\
/bin/dash ../libtool  --tag=CXX   --mode=compile /work/build.CoreELEC-Amlogic-no.aarch64-22/toolchain/bin/host-g++ -DHAVE_CONFIG_H -I. -I/work/build.CoreELEC-Amlogic-no.aarch64-22/build/binutils-2.47/gprofng/src -I..  -U_ASM -DLOCALEDIR=\"/work/build.CoreELEC-Amlogic-no.aarch64-22/toolchain/share/locale\" -DSYSCONFDIR=\"/work/build.CoreELEC-Amlogic-no.aarch64-22/toolchain/etc\" -DLIBDIR=\"/work/build.CoreELEC-Amlogic-no.aarch64-22/toolchain/lib\" -I.. -I/work/build.CoreELEC-Amlogic-no.aarch64-22/build/binutils-2.47/gprofng/src -I/work/build.CoreELEC-Amlogic-no.aarch64-22/build/binutils-2.47/gprofng/src/../common -I/work/build.CoreELEC-Amlogic-no.aarch64-22/build/binutils-2.47/gprofng/src/../../include -I/work/build.CoreELEC-Amlogic-no.aarch64-22/build/binutils-2.47/gprofng/src/../../opcodes -I../../bfd -I/work/build.CoreELEC-Amlogic-no.aarch64-22/build/binutils-2.47/gprofng/src/../../bfd -I/work/build.CoreELEC-Amlogic-no.aarch64-22/build/binutils-2.47/gprofng/../zlib  -Wall -pthread -Wno-switch -fno-lto -g -O2     -MT Command.lo -MD -MP -MF $depbase.Tpo -c -o Command.lo /work/build.CoreELEC-Amlogic-no.aarch64-22/build/binutils-2.47/gprofng/src/Command.cc &&\
mv -f $depbase.Tpo $depbase.Plo
libtool: compile:  /work/build.CoreELEC-Amlogic-no.aarch64-22/toolchain/bin/host-g++ -DHAVE_CONFIG_H -I. -I/work/build.CoreELEC-Amlogic-no.aarch64-22/build/binutils-2.47/gprofng/src -I.. -U_ASM -DLOCALEDIR=\"/work/build.CoreELEC-Amlogic-no.aarch64-22/toolchain/share/locale\" -DSYSCONFDIR=\"/work/build.CoreELEC-Amlogic-no.aarch64-22/toolchain/etc\" -DLIBDIR=\"/work/build.CoreELEC-Amlogic-no.aarch64-22/toolchain/lib\" -I.. -I/work/build.CoreELEC-Amlogic-no.aarch64-22/build/binutils-2.47/gprofng/src -I/work/build.CoreELEC-Amlogic-no.aarch64-22/build/binutils-2.47/gprofng/src/../common -I/work/build.CoreELEC-Amlogic-no.aarch64-22/build/binutils-2.47/gprofng/src/../../include -I/work/build.CoreELEC-Amlogic-no.aarch64-22/build/binutils-2.47/gprofng/src/../../opcodes -I../../bfd -I/work/build.CoreELEC-Amlogic-no.aarch64-22/build/binutils-2.47/gprofng/src/../../bfd -I/work/build.CoreELEC-Amlogic-no.aarch64-22/build/binutils-2.47/gprofng/../zlib -Wall -pthread -Wno-switch -fno-lto -g -O2 -MT Command.lo -MD -MP -MF .deps/Command.Tpo -c /work/build.CoreELEC-Amlogic-no.aarch64-22/build/binutils-2.47/gprofng/src/Command.cc  -fPIC -DPIC -o .libs/Command.o
libtool: compile:  /work/build.CoreELEC-Amlogic-no.aarch64-22/toolchain/bin/host-g++ -DHAVE_CONFIG_H -I. -I/work/build.CoreELEC-Amlogic-no.aarch64-22/build/binutils-2.47/gprofng/src -I.. -U_ASM -DLOCALEDIR=\"/work/build.CoreELEC-Amlogic-no.aarch64-22/toolchain/share/locale\" -DSYSCONFDIR=\"/work/build.CoreELEC-Amlogic-no.aarch64-22/toolchain/etc\" -DLIBDIR=\"/work/build.CoreELEC-Amlogic-no.aarch64-22/toolchain/lib\" -I.. -I/work/build.CoreELEC-Amlogic-no.aarch64-22/build/binutils-2.47/gprofng/src -I/work/build.CoreELEC-Amlogic-no.aarch64-22/build/binutils-2.47/gprofng/src/../common -I/work/build.CoreELEC-Amlogic-no.aarch64-22/build/binutils-2.47/gprofng/src/../../include -I/work/build.CoreELEC-Amlogic-no.aarch64-22/build/binutils-2.47/gprofng/src/../../opcodes -I../../bfd -I/work/build.CoreELEC-Amlogic-no.aarch64-22/build/binutils-2.47/gprofng/src/../../bfd -I/work/build.CoreELEC-Amlogic-no.aarch64-22/build/binutils-2.47/gprofng/../zlib -Wall -pthread -Wno-switch -fno-lto -g -O2 -MT Command.lo -MD -MP -MF .deps/Command.Tpo -c /work/build.CoreELEC-Amlogic-no.aarch64-22/build/binutils-2.47/gprofng/src/Command.cc -o Command.o >/dev/null 2>&1
depbase=`echo CompCom.lo | sed 's|[^/]*$|.deps/&|;s|\.lo$||'`;\
/bin/dash ../libtool  --tag=CXX   --mode=compile /work/build.CoreELEC-Amlogic-no.aarch64-22/toolchain/bin/host-g++ -DHAVE_CONFIG_H -I. -I/work/build.CoreELEC-Amlogic-no.aarch64-22/build/binutils-2.47/gprofng/src -I..  -U_ASM -DLOCALEDIR=\"/work/build.CoreELEC-Amlogic-no.aarch64-22/toolchain/share/locale\" -DSYSCONFDIR=\"/work/build.CoreELEC-Amlogic-no.aarch64-22/toolchain/etc\" -DLIBDIR=\"/work/build.CoreELEC-Amlogic-no.aarch64-22/toolchain/lib\" -I.. -I/work/build.CoreELEC-Amlogic-no.aarch64-22/build/binutils-2.47/gprofng/src -I/work/build.CoreELEC-Amlogic-no.aarch64-22/build/binutils-2.47/gprofng/src/../common -I/work/build.CoreELEC-Amlogic-no.aarch64-22/build/binutils-2.47/gprofng/src/../../include -I/work/build.CoreELEC-Amlogic-no.aarch64-22/build/binutils-2.47/gprofng/src/../../opcodes -I../../bfd -I/work/build.CoreELEC-Amlogic-no.aarch64-22/build/binutils-2.47/gprofng/src/../../bfd -I/work/build.CoreELEC-Amlogic-no.aarch64-22/build/binutils-2.47/gprofng/../zlib  -Wall -pthread -Wno-switch -fno-lto -g -O2     -MT CompCom.lo -MD -MP -MF $depbase.Tpo -c -o CompCom.lo /work/build.CoreELEC-Amlogic-no.aarch64-22/build/binutils-2.47/gprofng/src/CompCom.cc &&\
mv -f $depbase.Tpo $depbase.Plo
libtool: compile:  /work/build.CoreELEC-Amlogic-no.aarch64-22/toolchain/bin/host-g++ -DHAVE_CONFIG_H -I. -I/work/build.CoreELEC-Amlogic-no.aarch64-22/build/binutils-2.47/gprofng/src -I.. -U_ASM -DLOCALEDIR=\"/work/build.CoreELEC-Amlogic-no.aarch64-22/toolchain/share/locale\" -DSYSCONFDIR=\"/work/build.CoreELEC-Amlogic-no.aarch64-22/toolchain/etc\" -DLIBDIR=\"/work/build.CoreELEC-Amlogic-no.aarch64-22/toolchain/lib\" -I.. -I/work/build.CoreELEC-Amlogic-no.aarch64-22/build/binutils-2.47/gprofng/src -I/work/build.CoreELEC-Amlogic-no.aarch64-22/build/binutils-2.47/gprofng/src/../common -I/work/build.CoreELEC-Amlogic-no.aarch64-22/build/binutils-2.47/gprofng/src/../../include -I/work/build.CoreELEC-Amlogic-no.aarch64-22/build/binutils-2.47/gprofng/src/../../opcodes -I../../bfd -I/work/build.CoreELEC-Amlogic-no.aarch64-22/build/binutils-2.47/gprofng/src/../../bfd -I/work/build.CoreELEC-Amlogic-no.aarch64-22/build/binutils-2.47/gprofng/../zlib -Wall -pthread -Wno-switch -fno-lto -g -O2 -MT CompCom.lo -MD -MP -MF .deps/CompCom.Tpo -c /work/build.CoreELEC-Amlogic-no.aarch64-22/build/binutils-2.47/gprofng/src/CompCom.cc  -fPIC -DPIC -o .libs/CompCom.o
libtool: compile:  /work/build.CoreELEC-Amlogic-no.aarch64-22/toolchain/bin/host-g++ -DHAVE_CONFIG_H -I. -I/work/build.CoreELEC-Amlogic-no.aarch64-22/build/binutils-2.47/gprofng/src -I.. -U_ASM -DLOCALEDIR=\"/work/build.CoreELEC-Amlogic-no.aarch64-22/toolchain/share/locale\" -DSYSCONFDIR=\"/work/build.CoreELEC-Amlogic-no.aarch64-22/toolchain/etc\" -DLIBDIR=\"/work/build.CoreELEC-Amlogic-no.aarch64-22/toolchain/lib\" -I.. -I/work/build.CoreELEC-Amlogic-no.aarch64-22/build/binutils-2.47/gprofng/src -I/work/build.CoreELEC-Amlogic-no.aarch64-22/build/binutils-2.47/gprofng/src/../common -I/work/build.CoreELEC-Amlogic-no.aarch64-22/build/binutils-2.47/gprofng/src/../../include -I/work/build.CoreELEC-Amlogic-no.aarch64-22/build/binutils-2.47/gprofng/src/../../opcodes -I../../bfd -I/work/build.CoreELEC-Amlogic-no.aarch64-22/build/binutils-2.47/gprofng/src/../../bfd -I/work/build.CoreELEC-Amlogic-no.aarch64-22/build/binutils-2.47/gprofng/../zlib -Wall -pthread -Wno-switch -fno-lto -g -O2 -MT CompCom.lo -MD -MP -MF .deps/CompCom.Tpo -c /work/build.CoreELEC-Amlogic-no.aarch64-22/build/binutils-2.47/gprofng/src/CompCom.cc -o CompCom.o >/dev/null 2>&1
depbase=`echo DataObject.lo | sed 's|[^/]*$|.deps/&|;s|\.lo$||'`;\
/bin/dash ../libtool  --tag=CXX   --mode=compile /work/build.CoreELEC-Amlogic-no.aarch64-22/toolchain/bin/host-g++ -DHAVE_CONFIG_H -I. -I/work/build.CoreELEC-Amlogic-no.aarch64-22/build/binutils-2.47/gprofng/src -I..  -U_ASM -DLOCALEDIR=\"/work/build.CoreELEC-Amlogic-no.aarch64-22/toolchain/share/locale\" -DSYSCONFDIR=\"/work/build.CoreELEC-Amlogic-no.aarch64-22/toolchain/etc\" -DLIBDIR=\"/work/build.CoreELEC-Amlogic-no.aarch64-22/toolchain/lib\" -I.. -I/work/build.CoreELEC-Amlogic-no.aarch64-22/build/binutils-2.47/gprofng/src -I/work/build.CoreELEC-Amlogic-no.aarch64-22/build/binutils-2.47/gprofng/src/../common -I/work/build.CoreELEC-Amlogic-no.aarch64-22/build/binutils-2.47/gprofng/src/../../include -I/work/build.CoreELEC-Amlogic-no.aarch64-22/build/binutils-2.47/gprofng/src/../../opcodes -I../../bfd -I/work/build.CoreELEC-Amlogic-no.aarch64-22/build/binutils-2.47/gprofng/src/../../bfd -I/work/build.CoreELEC-Amlogic-no.aarch64-22/build/binutils-2.47/gprofng/../zlib  -Wall -pthread -Wno-switch -fno-lto -g -O2     -MT DataObject.lo -MD -MP -MF $depbase.Tpo -c -o DataObject.lo /work/build.CoreELEC-Amlogic-no.aarch64-22/build/binutils-2.47/gprofng/src/DataObject.cc &&\
mv -f $depbase.Tpo $depbase.Plo
libtool: compile:  /work/build.CoreELEC-Amlogic-no.aarch64-22/toolchain/bin/host-g++ -DHAVE_CONFIG_H -I. -I/work/build.CoreELEC-Amlogic-no.aarch64-22/build/binutils-2.47/gprofng/src -I.. -U_ASM -DLOCALEDIR=\"/work/build.CoreELEC-Amlogic-no.aarch64-22/toolchain/share/locale\" -DSYSCONFDIR=\"/work/build.CoreELEC-Amlogic-no.aarch64-22/toolchain/etc\" -DLIBDIR=\"/work/build.CoreELEC-Amlogic-no.aarch64-22/toolchain/lib\" -I.. -I/work/build.CoreELEC-Amlogic-no.aarch64-22/build/binutils-2.47/gprofng/src -I/work/build.CoreELEC-Amlogic-no.aarch64-22/build/binutils-2.47/gprofng/src/../common -I/work/build.CoreELEC-Amlogic-no.aarch64-22/build/binutils-2.47/gprofng/src/../../include -I/work/build.CoreELEC-Amlogic-no.aarch64-22/build/binutils-2.47/gprofng/src/../../opcodes -I../../bfd -I/work/build.CoreELEC-Amlogic-no.aarch64-22/build/binutils-2.47/gprofng/src/../../bfd -I/work/build.CoreELEC-Amlogic-no.aarch64-22/build/binutils-2.47/gprofng/../zlib -Wall -pthread -Wno-switch -fno-lto -g -O2 -MT DataObject.lo -MD -MP -MF .deps/DataObject.Tpo -c /work/build.CoreELEC-Amlogic-no.aarch64-22/build/binutils-2.47/gprofng/src/DataObject.cc  -fPIC -DPIC -o .libs/DataObject.o
libtool: compile:  /work/build.CoreELEC-Amlogic-no.aarch64-22/toolchain/bin/host-g++ -DHAVE_CONFIG_H -I. -I/work/build.CoreELEC-Amlogic-no.aarch64-22/build/binutils-2.47/gprofng/src -I.. -U_ASM -DLOCALEDIR=\"/work/build.CoreELEC-Amlogic-no.aarch64-22/toolchain/share/locale\" -DSYSCONFDIR=\"/work/build.CoreELEC-Amlogic-no.aarch64-22/toolchain/etc\" -DLIBDIR=\"/work/build.CoreELEC-Amlogic-no.aarch64-22/toolchain/lib\" -I.. -I/work/build.CoreELEC-Amlogic-no.aarch64-22/build/binutils-2.47/gprofng/src -I/work/build.CoreELEC-Amlogic-no.aarch64-22/build/binutils-2.47/gprofng/src/../common -I/work/build.CoreELEC-Amlogic-no.aarch64-22/build/binutils-2.47/gprofng/src/../../include -I/work/build.CoreELEC-Amlogic-no.aarch64-22/build/binutils-2.47/gprofng/src/../../opcodes -I../../bfd -I/work/build.CoreELEC-Amlogic-no.aarch64-22/build/binutils-2.47/gprofng/src/../../bfd -I/work/build.CoreELEC-Amlogic-no.aarch64-22/build/binutils-2.47/gprofng/../zlib -Wall -pthread -Wno-switch -fno-lto -g -O2 -MT DataObject.lo -MD -MP -MF .deps/DataObject.Tpo -c /work/build.CoreELEC-Amlogic-no.aarch64-22/build/binutils-2.47/gprofng/src/DataObject.cc -o DataObject.o >/dev/null 2>&1
depbase=`echo DataSpace.lo | sed 's|[^/]*$|.deps/&|;s|\.lo$||'`;\
/bin/dash ../libtool  --tag=CXX   --mode=compile /work/build.CoreELEC-Amlogic-no.aarch64-22/toolchain/bin/host-g++ -DHAVE_CONFIG_H -I. -I/work/build.CoreELEC-Amlogic-no.aarch64-22/build/binutils-2.47/gprofng/src -I..  -U_ASM -DLOCALEDIR=\"/work/build.CoreELEC-Amlogic-no.aarch64-22/toolchain/share/locale\" -DSYSCONFDIR=\"/work/build.CoreELEC-Amlogic-no.aarch64-22/toolchain/etc\" -DLIBDIR=\"/work/build.CoreELEC-Amlogic-no.aarch64-22/toolchain/lib\" -I.. -I/work/build.CoreELEC-Amlogic-no.aarch64-22/build/binutils-2.47/gprofng/src -I/work/build.CoreELEC-Amlogic-no.aarch64-22/build/binutils-2.47/gprofng/src/../common -I/work/build.CoreELEC-Amlogic-no.aarch64-22/build/binutils-2.47/gprofng/src/../../include -I/work/build.CoreELEC-Amlogic-no.aarch64-22/build/binutils-2.47/gprofng/src/../../opcodes -I../../bfd -I/work/build.CoreELEC-Amlogic-no.aarch64-22/build/binutils-2.47/gprofng/src/../../bfd -I/work/build.CoreELEC-Amlogic-no.aarch64-22/build/binutils-2.47/gprofng/../zlib  -Wall -pthread -Wno-switch -fno-lto -g -O2     -MT DataSpace.lo -MD -MP -MF $depbase.Tpo -c -o DataSpace.lo /work/build.CoreELEC-Amlogic-no.aarch64-22/build/binutils-2.47/gprofng/src/DataSpace.cc &&\
mv -f $depbase.Tpo $depbase.Plo
libtool: compile:  /work/build.CoreELEC-Amlogic-no.aarch64-22/toolchain/bin/host-g++ -DHAVE_CONFIG_H -I. -I/work/build.CoreELEC-Amlogic-no.aarch64-22/build/binutils-2.47/gprofng/src -I.. -U_ASM -DLOCALEDIR=\"/work/build.CoreELEC-Amlogic-no.aarch64-22/toolchain/share/locale\" -DSYSCONFDIR=\"/work/build.CoreELEC-Amlogic-no.aarch64-22/toolchain/etc\" -DLIBDIR=\"/work/build.CoreELEC-Amlogic-no.aarch64-22/toolchain/lib\" -I.. -I/work/build.CoreELEC-Amlogic-no.aarch64-22/build/binutils-2.47/gprofng/src -I/work/build.CoreELEC-Amlogic-no.aarch64-22/build/binutils-2.47/gprofng/src/../common -I/work/build.CoreELEC-Amlogic-no.aarch64-22/build/binutils-2.47/gprofng/src/../../include -I/work/build.CoreELEC-Amlogic-no.aarch64-22/build/binutils-2.47/gprofng/src/../../opcodes -I../../bfd -I/work/build.CoreELEC-Amlogic-no.aarch64-22/build/binutils-2.47/gprofng/src/../../bfd -I/work/build.CoreELEC-Amlogic-no.aarch64-22/build/binutils-2.47/gprofng/../zlib -Wall -pthread -Wno-switch -fno-lto -g -O2 -MT DataSpace.lo -MD -MP -MF .deps/DataSpace.Tpo -c /work/build.CoreELEC-Amlogic-no.aarch64-22/build/binutils-2.47/gprofng/src/DataSpace.cc  -fPIC -DPIC -o .libs/DataSpace.o
libtool: compile:  /work/build.CoreELEC-Amlogic-no.aarch64-22/toolchain/bin/host-g++ -DHAVE_CONFIG_H -I. -I/work/build.CoreELEC-Amlogic-no.aarch64-22/build/binutils-2.47/gprofng/src -I.. -U_ASM -DLOCALEDIR=\"/work/build.CoreELEC-Amlogic-no.aarch64-22/toolchain/share/locale\" -DSYSCONFDIR=\"/work/build.CoreELEC-Amlogic-no.aarch64-22/toolchain/etc\" -DLIBDIR=\"/work/build.CoreELEC-Amlogic-no.aarch64-22/toolchain/lib\" -I.. -I/work/build.CoreELEC-Amlogic-no.aarch64-22/build/binutils-2.47/gprofng/src -I/work/build.CoreELEC-Amlogic-no.aarch64-22/build/binutils-2.47/gprofng/src/../common -I/work/build.CoreELEC-Amlogic-no.aarch64-22/build/binutils-2.47/gprofng/src/../../include -I/work/build.CoreELEC-Amlogic-no.aarch64-22/build/binutils-2.47/gprofng/src/../../opcodes -I../../bfd -I/work/build.CoreELEC-Amlogic-no.aarch64-22/build/binutils-2.47/gprofng/src/../../bfd -I/work/build.CoreELEC-Amlogic-no.aarch64-22/build/binutils-2.47/gprofng/../zlib -Wall -pthread -Wno-switch -fno-lto -g -O2 -MT DataSpace.lo -MD -MP -MF .deps/DataSpace.Tpo -c /work/build.CoreELEC-Amlogic-no.aarch64-22/build/binutils-2.47/gprofng/src/DataSpace.cc -o DataSpace.o >/dev/null 2>&1
depbase=`echo Data_window.lo | sed 's|[^/]*$|.deps/&|;s|\.lo$||'`;\
/bin/dash ../libtool  --tag=CXX   --mode=compile /work/build.CoreELEC-Amlogic-no.aarch64-22/toolchain/bin/host-g++ -DHAVE_CONFIG_H -I. -I/work/build.CoreELEC-Amlogic-no.aarch64-22/build/binutils-2.47/gprofng/src -I..  -U_ASM -DLOCALEDIR=\"/work/build.CoreELEC-Amlogic-no.aarch64-22/toolchain/share/locale\" -DSYSCONFDIR=\"/work/build.CoreELEC-Amlogic-no.aarch64-22/toolchain/etc\" -DLIBDIR=\"/work/build.CoreELEC-Amlogic-no.aarch64-22/toolchain/lib\" -I.. -I/work/build.CoreELEC-Amlogic-no.aarch64-22/build/binutils-2.47/gprofng/src -I/work/build.CoreELEC-Amlogic-no.aarch64-22/build/binutils-2.47/gprofng/src/../common -I/work/build.CoreELEC-Amlogic-no.aarch64-22/build/binutils-2.47/gprofng/src/../../include -I/work/build.CoreELEC-Amlogic-no.aarch64-22/build/binutils-2.47/gprofng/src/../../opcodes -I../../bfd -I/work/build.CoreELEC-Amlogic-no.aarch64-22/build/binutils-2.47/gprofng/src/../../bfd -I/work/build.CoreELEC-Amlogic-no.aarch64-22/build/binutils-2.47/gprofng/../zlib  -Wall -pthread -Wno-switch -fno-lto -g -O2     -MT Data_window.lo -MD -MP -MF $depbase.Tpo -c -o Data_window.lo /work/build.CoreELEC-Amlogic-no.aarch64-22/build/binutils-2.47/gprofng/src/Data_window.cc &&\
mv -f $depbase.Tpo $depbase.Plo
libtool: compile:  /work/build.CoreELEC-Amlogic-no.aarch64-22/toolchain/bin/host-g++ -DHAVE_CONFIG_H -I. -I/work/build.CoreELEC-Amlogic-no.aarch64-22/build/binutils-2.47/gprofng/src -I.. -U_ASM -DLOCALEDIR=\"/work/build.CoreELEC-Amlogic-no.aarch64-22/toolchain/share/locale\" -DSYSCONFDIR=\"/work/build.CoreELEC-Amlogic-no.aarch64-22/toolchain/etc\" -DLIBDIR=\"/work/build.CoreELEC-Amlogic-no.aarch64-22/toolchain/lib\" -I.. -I/work/build.CoreELEC-Amlogic-no.aarch64-22/build/binutils-2.47/gprofng/src -I/work/build.CoreELEC-Amlogic-no.aarch64-22/build/binutils-2.47/gprofng/src/../common -I/work/build.CoreELEC-Amlogic-no.aarch64-22/build/binutils-2.47/gprofng/src/../../include -I/work/build.CoreELEC-Amlogic-no.aarch64-22/build/binutils-2.47/gprofng/src/../../opcodes -I../../bfd -I/work/build.CoreELEC-Amlogic-no.aarch64-22/build/binutils-2.47/gprofng/src/../../bfd -I/work/build.CoreELEC-Amlogic-no.aarch64-22/build/binutils-2.47/gprofng/../zlib -Wall -pthread -Wno-switch -fno-lto -g -O2 -MT Data_window.lo -MD -MP -MF .deps/Data_window.Tpo -c /work/build.CoreELEC-Amlogic-no.aarch64-22/build/binutils-2.47/gprofng/src/Data_window.cc  -fPIC -DPIC -o .libs/Data_window.o
libtool: compile:  /work/build.CoreELEC-Amlogic-no.aarch64-22/toolchain/bin/host-g++ -DHAVE_CONFIG_H -I. -I/work/build.CoreELEC-Amlogic-no.aarch64-22/build/binutils-2.47/gprofng/src -I.. -U_ASM -DLOCALEDIR=\"/work/build.CoreELEC-Amlogic-no.aarch64-22/toolchain/share/locale\" -DSYSCONFDIR=\"/work/build.CoreELEC-Amlogic-no.aarch64-22/toolchain/etc\" -DLIBDIR=\"/work/build.CoreELEC-Amlogic-no.aarch64-22/toolchain/lib\" -I.. -I/work/build.CoreELEC-Amlogic-no.aarch64-22/build/binutils-2.47/gprofng/src -I/work/build.CoreELEC-Amlogic-no.aarch64-22/build/binutils-2.47/gprofng/src/../common -I/work/build.CoreELEC-Amlogic-no.aarch64-22/build/binutils-2.47/gprofng/src/../../include -I/work/build.CoreELEC-Amlogic-no.aarch64-22/build/binutils-2.47/gprofng/src/../../opcodes -I../../bfd -I/work/build.CoreELEC-Amlogic-no.aarch64-22/build/binutils-2.47/gprofng/src/../../bfd -I/work/build.CoreELEC-Amlogic-no.aarch64-22/build/binutils-2.47/gprofng/../zlib -Wall -pthread -Wno-switch -fno-lto -g -O2 -MT Data_window.lo -MD -MP -MF .deps/Data_window.Tpo -c /work/build.CoreELEC-Amlogic-no.aarch64-22/build/binutils-2.47/gprofng/src/Data_window.cc -o Data_window.o >/dev/null 2>&1
depbase=`echo DataStream.lo | sed 's|[^/]*$|.deps/&|;s|\.lo$||'`;\
/bin/dash ../libtool  --tag=CXX   --mode=compile /work/build.CoreELEC-Amlogic-no.aarch64-22/toolchain/bin/host-g++ -DHAVE_CONFIG_H -I. -I/work/build.CoreELEC-Amlogic-no.aarch64-22/build/binutils-2.47/gprofng/src -I..  -U_ASM -DLOCALEDIR=\"/work/build.CoreELEC-Amlogic-no.aarch64-22/toolchain/share/locale\" -DSYSCONFDIR=\"/work/build.CoreELEC-Amlogic-no.aarch64-22/toolchain/etc\" -DLIBDIR=\"/work/build.CoreELEC-Amlogic-no.aarch64-22/toolchain/lib\" -I.. -I/work/build.CoreELEC-Amlogic-no.aarch64-22/build/binutils-2.47/gprofng/src -I/work/build.CoreELEC-Amlogic-no.aarch64-22/build/binutils-2.47/gprofng/src/../common -I/work/build.CoreELEC-Amlogic-no.aarch64-22/build/binutils-2.47/gprofng/src/../../include -I/work/build.CoreELEC-Amlogic-no.aarch64-22/build/binutils-2.47/gprofng/src/../../opcodes -I../../bfd -I/work/build.CoreELEC-Amlogic-no.aarch64-22/build/binutils-2.47/gprofng/src/../../bfd -I/work/build.CoreELEC-Amlogic-no.aarch64-22/build/binutils-2.47/gprofng/../zlib  -Wall -pthread -Wno-switch -fno-lto -g -O2     -MT DataStream.lo -MD -MP -MF $depbase.Tpo -c -o DataStream.lo /work/build.CoreELEC-Amlogic-no.aarch64-22/build/binutils-2.47/gprofng/src/DataStream.cc &&\
mv -f $depbase.Tpo $depbase.Plo
libtool: compile:  /work/build.CoreELEC-Amlogic-no.aarch64-22/toolchain/bin/host-g++ -DHAVE_CONFIG_H -I. -I/work/build.CoreELEC-Amlogic-no.aarch64-22/build/binutils-2.47/gprofng/src -I.. -U_ASM -DLOCALEDIR=\"/work/build.CoreELEC-Amlogic-no.aarch64-22/toolchain/share/locale\" -DSYSCONFDIR=\"/work/build.CoreELEC-Amlogic-no.aarch64-22/toolchain/etc\" -DLIBDIR=\"/work/build.CoreELEC-Amlogic-no.aarch64-22/toolchain/lib\" -I.. -I/work/build.CoreELEC-Amlogic-no.aarch64-22/build/binutils-2.47/gprofng/src -I/work/build.CoreELEC-Amlogic-no.aarch64-22/build/binutils-2.47/gprofng/src/../common -I/work/build.CoreELEC-Amlogic-no.aarch64-22/build/binutils-2.47/gprofng/src/../../include -I/work/build.CoreELEC-Amlogic-no.aarch64-22/build/binutils-2.47/gprofng/src/../../opcodes -I../../bfd -I/work/build.CoreELEC-Amlogic-no.aarch64-22/build/binutils-2.47/gprofng/src/../../bfd -I/work/build.CoreELEC-Amlogic-no.aarch64-22/build/binutils-2.47/gprofng/../zlib -Wall -pthread -Wno-switch -fno-lto -g -O2 -MT DataStream.lo -MD -MP -MF .deps/DataStream.Tpo -c /work/build.CoreELEC-Amlogic-no.aarch64-22/build/binutils-2.47/gprofng/src/DataStream.cc  -fPIC -DPIC -o .libs/DataStream.o
libtool: compile:  /work/build.CoreELEC-Amlogic-no.aarch64-22/toolchain/bin/host-g++ -DHAVE_CONFIG_H -I. -I/work/build.CoreELEC-Amlogic-no.aarch64-22/build/binutils-2.47/gprofng/src -I.. -U_ASM -DLOCALEDIR=\"/work/build.CoreELEC-Amlogic-no.aarch64-22/toolchain/share/locale\" -DSYSCONFDIR=\"/work/build.CoreELEC-Amlogic-no.aarch64-22/toolchain/etc\" -DLIBDIR=\"/work/build.CoreELEC-Amlogic-no.aarch64-22/toolchain/lib\" -I.. -I/work/build.CoreELEC-Amlogic-no.aarch64-22/build/binutils-2.47/gprofng/src -I/work/build.CoreELEC-Amlogic-no.aarch64-22/build/binutils-2.47/gprofng/src/../common -I/work/build.CoreELEC-Amlogic-no.aarch64-22/build/binutils-2.47/gprofng/src/../../include -I/work/build.CoreELEC-Amlogic-no.aarch64-22/build/binutils-2.47/gprofng/src/../../opcodes -I../../bfd -I/work/build.CoreELEC-Amlogic-no.aarch64-22/build/binutils-2.47/gprofng/src/../../bfd -I/work/build.CoreELEC-Amlogic-no.aarch64-22/build/binutils-2.47/gprofng/../zlib -Wall -pthread -Wno-switch -fno-lto -g -O2 -MT DataStream.lo -MD -MP -MF .deps/DataStream.Tpo -c /work/build.CoreELEC-Amlogic-no.aarch64-22/build/binutils-2.47/gprofng/src/DataStream.cc -o DataStream.o >/dev/null 2>&1
depbase=`echo DbeApplication.lo | sed 's|[^/]*$|.deps/&|;s|\.lo$||'`;\
/bin/dash ../libtool  --tag=CXX   --mode=compile /work/build.CoreELEC-Amlogic-no.aarch64-22/toolchain/bin/host-g++ -DHAVE_CONFIG_H -I. -I/work/build.CoreELEC-Amlogic-no.aarch64-22/build/binutils-2.47/gprofng/src -I..  -U_ASM -DLOCALEDIR=\"/work/build.CoreELEC-Amlogic-no.aarch64-22/toolchain/share/locale\" -DSYSCONFDIR=\"/work/build.CoreELEC-Amlogic-no.aarch64-22/toolchain/etc\" -DLIBDIR=\"/work/build.CoreELEC-Amlogic-no.aarch64-22/toolchain/lib\" -I.. -I/work/build.CoreELEC-Amlogic-no.aarch64-22/build/binutils-2.47/gprofng/src -I/work/build.CoreELEC-Amlogic-no.aarch64-22/build/binutils-2.47/gprofng/src/../common -I/work/build.CoreELEC-Amlogic-no.aarch64-22/build/binutils-2.47/gprofng/src/../../include -I/work/build.CoreELEC-Amlogic-no.aarch64-22/build/binutils-2.47/gprofng/src/../../opcodes -I../../bfd -I/work/build.CoreELEC-Amlogic-no.aarch64-22/build/binutils-2.47/gprofng/src/../../bfd -I/work/build.CoreELEC-Amlogic-no.aarch64-22/build/binutils-2.47/gprofng/../zlib  -Wall -pthread -Wno-switch -fno-lto -g -O2     -MT DbeApplication.lo -MD -MP -MF $depbase.Tpo -c -o DbeApplication.lo /work/build.CoreELEC-Amlogic-no.aarch64-22/build/binutils-2.47/gprofng/src/DbeApplication.cc &&\
mv -f $depbase.Tpo $depbase.Plo
libtool: compile:  /work/build.CoreELEC-Amlogic-no.aarch64-22/toolchain/bin/host-g++ -DHAVE_CONFIG_H -I. -I/work/build.CoreELEC-Amlogic-no.aarch64-22/build/binutils-2.47/gprofng/src -I.. -U_ASM -DLOCALEDIR=\"/work/build.CoreELEC-Amlogic-no.aarch64-22/toolchain/share/locale\" -DSYSCONFDIR=\"/work/build.CoreELEC-Amlogic-no.aarch64-22/toolchain/etc\" -DLIBDIR=\"/work/build.CoreELEC-Amlogic-no.aarch64-22/toolchain/lib\" -I.. -I/work/build.CoreELEC-Amlogic-no.aarch64-22/build/binutils-2.47/gprofng/src -I/work/build.CoreELEC-Amlogic-no.aarch64-22/build/binutils-2.47/gprofng/src/../common -I/work/build.CoreELEC-Amlogic-no.aarch64-22/build/binutils-2.47/gprofng/src/../../include -I/work/build.CoreELEC-Amlogic-no.aarch64-22/build/binutils-2.47/gprofng/src/../../opcodes -I../../bfd -I/work/build.CoreELEC-Amlogic-no.aarch64-22/build/binutils-2.47/gprofng/src/../../bfd -I/work/build.CoreELEC-Amlogic-no.aarch64-22/build/binutils-2.47/gprofng/../zlib -Wall -pthread -Wno-switch -fno-lto -g -O2 -MT DbeApplication.lo -MD -MP -MF .deps/DbeApplication.Tpo -c /work/build.CoreELEC-Amlogic-no.aarch64-22/build/binutils-2.47/gprofng/src/DbeApplication.cc  -fPIC -DPIC -o .libs/DbeApplication.o
libtool: compile:  /work/build.CoreELEC-Amlogic-no.aarch64-22/toolchain/bin/host-g++ -DHAVE_CONFIG_H -I. -I/work/build.CoreELEC-Amlogic-no.aarch64-22/build/binutils-2.47/gprofng/src -I.. -U_ASM -DLOCALEDIR=\"/work/build.CoreELEC-Amlogic-no.aarch64-22/toolchain/share/locale\" -DSYSCONFDIR=\"/work/build.CoreELEC-Amlogic-no.aarch64-22/toolchain/etc\" -DLIBDIR=\"/work/build.CoreELEC-Amlogic-no.aarch64-22/toolchain/lib\" -I.. -I/work/build.CoreELEC-Amlogic-no.aarch64-22/build/binutils-2.47/gprofng/src -I/work/build.CoreELEC-Amlogic-no.aarch64-22/build/binutils-2.47/gprofng/src/../common -I/work/build.CoreELEC-Amlogic-no.aarch64-22/build/binutils-2.47/gprofng/src/../../include -I/work/build.CoreELEC-Amlogic-no.aarch64-22/build/binutils-2.47/gprofng/src/../../opcodes -I../../bfd -I/work/build.CoreELEC-Amlogic-no.aarch64-22/build/binutils-2.47/gprofng/src/../../bfd -I/work/build.CoreELEC-Amlogic-no.aarch64-22/build/binutils-2.47/gprofng/../zlib -Wall -pthread -Wno-switch -fno-lto -g -O2 -MT DbeApplication.lo -MD -MP -MF .deps/DbeApplication.Tpo -c /work/build.CoreELEC-Amlogic-no.aarch64-22/build/binutils-2.47/gprofng/src/DbeApplication.cc -o DbeApplication.o >/dev/null 2>&1
depbase=`echo DbeFile.lo | sed 's|[^/]*$|.deps/&|;s|\.lo$||'`;\
/bin/dash ../libtool  --tag=CXX   --mode=compile /work/build.CoreELEC-Amlogic-no.aarch64-22/toolchain/bin/host-g++ -DHAVE_CONFIG_H -I. -I/work/build.CoreELEC-Amlogic-no.aarch64-22/build/binutils-2.47/gprofng/src -I..  -U_ASM -DLOCALEDIR=\"/work/build.CoreELEC-Amlogic-no.aarch64-22/toolchain/share/locale\" -DSYSCONFDIR=\"/work/build.CoreELEC-Amlogic-no.aarch64-22/toolchain/etc\" -DLIBDIR=\"/work/build.CoreELEC-Amlogic-no.aarch64-22/toolchain/lib\" -I.. -I/work/build.CoreELEC-Amlogic-no.aarch64-22/build/binutils-2.47/gprofng/src -I/work/build.CoreELEC-Amlogic-no.aarch64-22/build/binutils-2.47/gprofng/src/../common -I/work/build.CoreELEC-Amlogic-no.aarch64-22/build/binutils-2.47/gprofng/src/../../include -I/work/build.CoreELEC-Amlogic-no.aarch64-22/build/binutils-2.47/gprofng/src/../../opcodes -I../../bfd -I/work/build.CoreELEC-Amlogic-no.aarch64-22/build/binutils-2.47/gprofng/src/../../bfd -I/work/build.CoreELEC-Amlogic-no.aarch64-22/build/binutils-2.47/gprofng/../zlib  -Wall -pthread -Wno-switch -fno-lto -g -O2     -MT DbeFile.lo -MD -MP -MF $depbase.Tpo -c -o DbeFile.lo /work/build.CoreELEC-Amlogic-no.aarch64-22/build/binutils-2.47/gprofng/src/DbeFile.cc &&\
mv -f $depbase.Tpo $depbase.Plo
libtool: compile:  /work/build.CoreELEC-Amlogic-no.aarch64-22/toolchain/bin/host-g++ -DHAVE_CONFIG_H -I. -I/work/build.CoreELEC-Amlogic-no.aarch64-22/build/binutils-2.47/gprofng/src -I.. -U_ASM -DLOCALEDIR=\"/work/build.CoreELEC-Amlogic-no.aarch64-22/toolchain/share/locale\" -DSYSCONFDIR=\"/work/build.CoreELEC-Amlogic-no.aarch64-22/toolchain/etc\" -DLIBDIR=\"/work/build.CoreELEC-Amlogic-no.aarch64-22/toolchain/lib\" -I.. -I/work/build.CoreELEC-Amlogic-no.aarch64-22/build/binutils-2.47/gprofng/src -I/work/build.CoreELEC-Amlogic-no.aarch64-22/build/binutils-2.47/gprofng/src/../common -I/work/build.CoreELEC-Amlogic-no.aarch64-22/build/binutils-2.47/gprofng/src/../../include -I/work/build.CoreELEC-Amlogic-no.aarch64-22/build/binutils-2.47/gprofng/src/../../opcodes -I../../bfd -I/work/build.CoreELEC-Amlogic-no.aarch64-22/build/binutils-2.47/gprofng/src/../../bfd -I/work/build.CoreELEC-Amlogic-no.aarch64-22/build/binutils-2.47/gprofng/../zlib -Wall -pthread -Wno-switch -fno-lto -g -O2 -MT DbeFile.lo -MD -MP -MF .deps/DbeFile.Tpo -c /work/build.CoreELEC-Amlogic-no.aarch64-22/build/binutils-2.47/gprofng/src/DbeFile.cc  -fPIC -DPIC -o .libs/DbeFile.o
libtool: compile:  /work/build.CoreELEC-Amlogic-no.aarch64-22/toolchain/bin/host-g++ -DHAVE_CONFIG_H -I. -I/work/build.CoreELEC-Amlogic-no.aarch64-22/build/binutils-2.47/gprofng/src -I.. -U_ASM -DLOCALEDIR=\"/work/build.CoreELEC-Amlogic-no.aarch64-22/toolchain/share/locale\" -DSYSCONFDIR=\"/work/build.CoreELEC-Amlogic-no.aarch64-22/toolchain/etc\" -DLIBDIR=\"/work/build.CoreELEC-Amlogic-no.aarch64-22/toolchain/lib\" -I.. -I/work/build.CoreELEC-Amlogic-no.aarch64-22/build/binutils-2.47/gprofng/src -I/work/build.CoreELEC-Amlogic-no.aarch64-22/build/binutils-2.47/gprofng/src/../common -I/work/build.CoreELEC-Amlogic-no.aarch64-22/build/binutils-2.47/gprofng/src/../../include -I/work/build.CoreELEC-Amlogic-no.aarch64-22/build/binutils-2.47/gprofng/src/../../opcodes -I../../bfd -I/work/build.CoreELEC-Amlogic-no.aarch64-22/build/binutils-2.47/gprofng/src/../../bfd -I/work/build.CoreELEC-Amlogic-no.aarch64-22/build/binutils-2.47/gprofng/../zlib -Wall -pthread -Wno-switch -fno-lto -g -O2 -MT DbeFile.lo -MD -MP -MF .deps/DbeFile.Tpo -c /work/build.CoreELEC-Amlogic-no.aarch64-22/build/binutils-2.47/gprofng/src/DbeFile.cc -o DbeFile.o >/dev/null 2>&1
depbase=`echo DbeJarFile.lo | sed 's|[^/]*$|.deps/&|;s|\.lo$||'`;\
/bin/dash ../libtool  --tag=CXX   --mode=compile /work/build.CoreELEC-Amlogic-no.aarch64-22/toolchain/bin/host-g++ -DHAVE_CONFIG_H -I. -I/work/build.CoreELEC-Amlogic-no.aarch64-22/build/binutils-2.47/gprofng/src -I..  -U_ASM -DLOCALEDIR=\"/work/build.CoreELEC-Amlogic-no.aarch64-22/toolchain/share/locale\" -DSYSCONFDIR=\"/work/build.CoreELEC-Amlogic-no.aarch64-22/toolchain/etc\" -DLIBDIR=\"/work/build.CoreELEC-Amlogic-no.aarch64-22/toolchain/lib\" -I.. -I/work/build.CoreELEC-Amlogic-no.aarch64-22/build/binutils-2.47/gprofng/src -I/work/build.CoreELEC-Amlogic-no.aarch64-22/build/binutils-2.47/gprofng/src/../common -I/work/build.CoreELEC-Amlogic-no.aarch64-22/build/binutils-2.47/gprofng/src/../../include -I/work/build.CoreELEC-Amlogic-no.aarch64-22/build/binutils-2.47/gprofng/src/../../opcodes -I../../bfd -I/work/build.CoreELEC-Amlogic-no.aarch64-22/build/binutils-2.47/gprofng/src/../../bfd -I/work/build.CoreELEC-Amlogic-no.aarch64-22/build/binutils-2.47/gprofng/../zlib  -Wall -pthread -Wno-switch -fno-lto -g -O2     -MT DbeJarFile.lo -MD -MP -MF $depbase.Tpo -c -o DbeJarFile.lo /work/build.CoreELEC-Amlogic-no.aarch64-22/build/binutils-2.47/gprofng/src/DbeJarFile.cc &&\
mv -f $depbase.Tpo $depbase.Plo
libtool: compile:  /work/build.CoreELEC-Amlogic-no.aarch64-22/toolchain/bin/host-g++ -DHAVE_CONFIG_H -I. -I/work/build.CoreELEC-Amlogic-no.aarch64-22/build/binutils-2.47/gprofng/src -I.. -U_ASM -DLOCALEDIR=\"/work/build.CoreELEC-Amlogic-no.aarch64-22/toolchain/share/locale\" -DSYSCONFDIR=\"/work/build.CoreELEC-Amlogic-no.aarch64-22/toolchain/etc\" -DLIBDIR=\"/work/build.CoreELEC-Amlogic-no.aarch64-22/toolchain/lib\" -I.. -I/work/build.CoreELEC-Amlogic-no.aarch64-22/build/binutils-2.47/gprofng/src -I/work/build.CoreELEC-Amlogic-no.aarch64-22/build/binutils-2.47/gprofng/src/../common -I/work/build.CoreELEC-Amlogic-no.aarch64-22/build/binutils-2.47/gprofng/src/../../include -I/work/build.CoreELEC-Amlogic-no.aarch64-22/build/binutils-2.47/gprofng/src/../../opcodes -I../../bfd -I/work/build.CoreELEC-Amlogic-no.aarch64-22/build/binutils-2.47/gprofng/src/../../bfd -I/work/build.CoreELEC-Amlogic-no.aarch64-22/build/binutils-2.47/gprofng/../zlib -Wall -pthread -Wno-switch -fno-lto -g -O2 -MT DbeJarFile.lo -MD -MP -MF .deps/DbeJarFile.Tpo -c /work/build.CoreELEC-Amlogic-no.aarch64-22/build/binutils-2.47/gprofng/src/DbeJarFile.cc  -fPIC -DPIC -o .libs/DbeJarFile.o
libtool: compile:  /work/build.CoreELEC-Amlogic-no.aarch64-22/toolchain/bin/host-g++ -DHAVE_CONFIG_H -I. -I/work/build.CoreELEC-Amlogic-no.aarch64-22/build/binutils-2.47/gprofng/src -I.. -U_ASM -DLOCALEDIR=\"/work/build.CoreELEC-Amlogic-no.aarch64-22/toolchain/share/locale\" -DSYSCONFDIR=\"/work/build.CoreELEC-Amlogic-no.aarch64-22/toolchain/etc\" -DLIBDIR=\"/work/build.CoreELEC-Amlogic-no.aarch64-22/toolchain/lib\" -I.. -I/work/build.CoreELEC-Amlogic-no.aarch64-22/build/binutils-2.47/gprofng/src -I/work/build.CoreELEC-Amlogic-no.aarch64-22/build/binutils-2.47/gprofng/src/../common -I/work/build.CoreELEC-Amlogic-no.aarch64-22/build/binutils-2.47/gprofng/src/../../include -I/work/build.CoreELEC-Amlogic-no.aarch64-22/build/binutils-2.47/gprofng/src/../../opcodes -I../../bfd -I/work/build.CoreELEC-Amlogic-no.aarch64-22/build/binutils-2.47/gprofng/src/../../bfd -I/work/build.CoreELEC-Amlogic-no.aarch64-22/build/binutils-2.47/gprofng/../zlib -Wall -pthread -Wno-switch -fno-lto -g -O2 -MT DbeJarFile.lo -MD -MP -MF .deps/DbeJarFile.Tpo -c /work/build.CoreELEC-Amlogic-no.aarch64-22/build/binutils-2.47/gprofng/src/DbeJarFile.cc -o DbeJarFile.o >/dev/null 2>&1
depbase=`echo DbeLock.lo | sed 's|[^/]*$|.deps/&|;s|\.lo$||'`;\
/bin/dash ../libtool  --tag=CXX   --mode=compile /work/build.CoreELEC-Amlogic-no.aarch64-22/toolchain/bin/host-g++ -DHAVE_CONFIG_H -I. -I/work/build.CoreELEC-Amlogic-no.aarch64-22/build/binutils-2.47/gprofng/src -I..  -U_ASM -DLOCALEDIR=\"/work/build.CoreELEC-Amlogic-no.aarch64-22/toolchain/share/locale\" -DSYSCONFDIR=\"/work/build.CoreELEC-Amlogic-no.aarch64-22/toolchain/etc\" -DLIBDIR=\"/work/build.CoreELEC-Amlogic-no.aarch64-22/toolchain/lib\" -I.. -I/work/build.CoreELEC-Amlogic-no.aarch64-22/build/binutils-2.47/gprofng/src -I/work/build.CoreELEC-Amlogic-no.aarch64-22/build/binutils-2.47/gprofng/src/../common -I/work/build.CoreELEC-Amlogic-no.aarch64-22/build/binutils-2.47/gprofng/src/../../include -I/work/build.CoreELEC-Amlogic-no.aarch64-22/build/binutils-2.47/gprofng/src/../../opcodes -I../../bfd -I/work/build.CoreELEC-Amlogic-no.aarch64-22/build/binutils-2.47/gprofng/src/../../bfd -I/work/build.CoreELEC-Amlogic-no.aarch64-22/build/binutils-2.47/gprofng/../zlib  -Wall -pthread -Wno-switch -fno-lto -g -O2     -MT DbeLock.lo -MD -MP -MF $depbase.Tpo -c -o DbeLock.lo /work/build.CoreELEC-Amlogic-no.aarch64-22/build/binutils-2.47/gprofng/src/DbeLock.cc &&\
mv -f $depbase.Tpo $depbase.Plo
libtool: compile:  /work/build.CoreELEC-Amlogic-no.aarch64-22/toolchain/bin/host-g++ -DHAVE_CONFIG_H -I. -I/work/build.CoreELEC-Amlogic-no.aarch64-22/build/binutils-2.47/gprofng/src -I.. -U_ASM -DLOCALEDIR=\"/work/build.CoreELEC-Amlogic-no.aarch64-22/toolchain/share/locale\" -DSYSCONFDIR=\"/work/build.CoreELEC-Amlogic-no.aarch64-22/toolchain/etc\" -DLIBDIR=\"/work/build.CoreELEC-Amlogic-no.aarch64-22/toolchain/lib\" -I.. -I/work/build.CoreELEC-Amlogic-no.aarch64-22/build/binutils-2.47/gprofng/src -I/work/build.CoreELEC-Amlogic-no.aarch64-22/build/binutils-2.47/gprofng/src/../common -I/work/build.CoreELEC-Amlogic-no.aarch64-22/build/binutils-2.47/gprofng/src/../../include -I/work/build.CoreELEC-Amlogic-no.aarch64-22/build/binutils-2.47/gprofng/src/../../opcodes -I../../bfd -I/work/build.CoreELEC-Amlogic-no.aarch64-22/build/binutils-2.47/gprofng/src/../../bfd -I/work/build.CoreELEC-Amlogic-no.aarch64-22/build/binutils-2.47/gprofng/../zlib -Wall -pthread -Wno-switch -fno-lto -g -O2 -MT DbeLock.lo -MD -MP -MF .deps/DbeLock.Tpo -c /work/build.CoreELEC-Amlogic-no.aarch64-22/build/binutils-2.47/gprofng/src/DbeLock.cc  -fPIC -DPIC -o .libs/DbeLock.o
libtool: compile:  /work/build.CoreELEC-Amlogic-no.aarch64-22/toolchain/bin/host-g++ -DHAVE_CONFIG_H -I. -I/work/build.CoreELEC-Amlogic-no.aarch64-22/build/binutils-2.47/gprofng/src -I.. -U_ASM -DLOCALEDIR=\"/work/build.CoreELEC-Amlogic-no.aarch64-22/toolchain/share/locale\" -DSYSCONFDIR=\"/work/build.CoreELEC-Amlogic-no.aarch64-22/toolchain/etc\" -DLIBDIR=\"/work/build.CoreELEC-Amlogic-no.aarch64-22/toolchain/lib\" -I.. -I/work/build.CoreELEC-Amlogic-no.aarch64-22/build/binutils-2.47/gprofng/src -I/work/build.CoreELEC-Amlogic-no.aarch64-22/build/binutils-2.47/gprofng/src/../common -I/work/build.CoreELEC-Amlogic-no.aarch64-22/build/binutils-2.47/gprofng/src/../../include -I/work/build.CoreELEC-Amlogic-no.aarch64-22/build/binutils-2.47/gprofng/src/../../opcodes -I../../bfd -I/work/build.CoreELEC-Amlogic-no.aarch64-22/build/binutils-2.47/gprofng/src/../../bfd -I/work/build.CoreELEC-Amlogic-no.aarch64-22/build/binutils-2.47/gprofng/../zlib -Wall -pthread -Wno-switch -fno-lto -g -O2 -MT DbeLock.lo -MD -MP -MF .deps/DbeLock.Tpo -c /work/build.CoreELEC-Amlogic-no.aarch64-22/build/binutils-2.47/gprofng/src/DbeLock.cc -o DbeLock.o >/dev/null 2>&1
depbase=`echo DbeSession.lo | sed 's|[^/]*$|.deps/&|;s|\.lo$||'`;\
/bin/dash ../libtool  --tag=CXX   --mode=compile /work/build.CoreELEC-Amlogic-no.aarch64-22/toolchain/bin/host-g++ -DHAVE_CONFIG_H -I. -I/work/build.CoreELEC-Amlogic-no.aarch64-22/build/binutils-2.47/gprofng/src -I..  -U_ASM -DLOCALEDIR=\"/work/build.CoreELEC-Amlogic-no.aarch64-22/toolchain/share/locale\" -DSYSCONFDIR=\"/work/build.CoreELEC-Amlogic-no.aarch64-22/toolchain/etc\" -DLIBDIR=\"/work/build.CoreELEC-Amlogic-no.aarch64-22/toolchain/lib\" -I.. -I/work/build.CoreELEC-Amlogic-no.aarch64-22/build/binutils-2.47/gprofng/src -I/work/build.CoreELEC-Amlogic-no.aarch64-22/build/binutils-2.47/gprofng/src/../common -I/work/build.CoreELEC-Amlogic-no.aarch64-22/build/binutils-2.47/gprofng/src/../../include -I/work/build.CoreELEC-Amlogic-no.aarch64-22/build/binutils-2.47/gprofng/src/../../opcodes -I../../bfd -I/work/build.CoreELEC-Amlogic-no.aarch64-22/build/binutils-2.47/gprofng/src/../../bfd -I/work/build.CoreELEC-Amlogic-no.aarch64-22/build/binutils-2.47/gprofng/../zlib  -Wall -pthread -Wno-switch -fno-lto -g -O2     -MT DbeSession.lo -MD -MP -MF $depbase.Tpo -c -o DbeSession.lo /work/build.CoreELEC-Amlogic-no.aarch64-22/build/binutils-2.47/gprofng/src/DbeSession.cc &&\
mv -f $depbase.Tpo $depbase.Plo
libtool: compile:  /work/build.CoreELEC-Amlogic-no.aarch64-22/toolchain/bin/host-g++ -DHAVE_CONFIG_H -I. -I/work/build.CoreELEC-Amlogic-no.aarch64-22/build/binutils-2.47/gprofng/src -I.. -U_ASM -DLOCALEDIR=\"/work/build.CoreELEC-Amlogic-no.aarch64-22/toolchain/share/locale\" -DSYSCONFDIR=\"/work/build.CoreELEC-Amlogic-no.aarch64-22/toolchain/etc\" -DLIBDIR=\"/work/build.CoreELEC-Amlogic-no.aarch64-22/toolchain/lib\" -I.. -I/work/build.CoreELEC-Amlogic-no.aarch64-22/build/binutils-2.47/gprofng/src -I/work/build.CoreELEC-Amlogic-no.aarch64-22/build/binutils-2.47/gprofng/src/../common -I/work/build.CoreELEC-Amlogic-no.aarch64-22/build/binutils-2.47/gprofng/src/../../include -I/work/build.CoreELEC-Amlogic-no.aarch64-22/build/binutils-2.47/gprofng/src/../../opcodes -I../../bfd -I/work/build.CoreELEC-Amlogic-no.aarch64-22/build/binutils-2.47/gprofng/src/../../bfd -I/work/build.CoreELEC-Amlogic-no.aarch64-22/build/binutils-2.47/gprofng/../zlib -Wall -pthread -Wno-switch -fno-lto -g -O2 -MT DbeSession.lo -MD -MP -MF .deps/DbeSession.Tpo -c /work/build.CoreELEC-Amlogic-no.aarch64-22/build/binutils-2.47/gprofng/src/DbeSession.cc  -fPIC -DPIC -o .libs/DbeSession.o
libtool: compile:  /work/build.CoreELEC-Amlogic-no.aarch64-22/toolchain/bin/host-g++ -DHAVE_CONFIG_H -I. -I/work/build.CoreELEC-Amlogic-no.aarch64-22/build/binutils-2.47/gprofng/src -I.. -U_ASM -DLOCALEDIR=\"/work/build.CoreELEC-Amlogic-no.aarch64-22/toolchain/share/locale\" -DSYSCONFDIR=\"/work/build.CoreELEC-Amlogic-no.aarch64-22/toolchain/etc\" -DLIBDIR=\"/work/build.CoreELEC-Amlogic-no.aarch64-22/toolchain/lib\" -I.. -I/work/build.CoreELEC-Amlogic-no.aarch64-22/build/binutils-2.47/gprofng/src -I/work/build.CoreELEC-Amlogic-no.aarch64-22/build/binutils-2.47/gprofng/src/../common -I/work/build.CoreELEC-Amlogic-no.aarch64-22/build/binutils-2.47/gprofng/src/../../include -I/work/build.CoreELEC-Amlogic-no.aarch64-22/build/binutils-2.47/gprofng/src/../../opcodes -I../../bfd -I/work/build.CoreELEC-Amlogic-no.aarch64-22/build/binutils-2.47/gprofng/src/../../bfd -I/work/build.CoreELEC-Amlogic-no.aarch64-22/build/binutils-2.47/gprofng/../zlib -Wall -pthread -Wno-switch -fno-lto -g -O2 -MT DbeSession.lo -MD -MP -MF .deps/DbeSession.Tpo -c /work/build.CoreELEC-Amlogic-no.aarch64-22/build/binutils-2.47/gprofng/src/DbeSession.cc -o DbeSession.o >/dev/null 2>&1
depbase=`echo DbeThread.lo | sed 's|[^/]*$|.deps/&|;s|\.lo$||'`;\
/bin/dash ../libtool  --tag=CXX   --mode=compile /work/build.CoreELEC-Amlogic-no.aarch64-22/toolchain/bin/host-g++ -DHAVE_CONFIG_H -I. -I/work/build.CoreELEC-Amlogic-no.aarch64-22/build/binutils-2.47/gprofng/src -I..  -U_ASM -DLOCALEDIR=\"/work/build.CoreELEC-Amlogic-no.aarch64-22/toolchain/share/locale\" -DSYSCONFDIR=\"/work/build.CoreELEC-Amlogic-no.aarch64-22/toolchain/etc\" -DLIBDIR=\"/work/build.CoreELEC-Amlogic-no.aarch64-22/toolchain/lib\" -I.. -I/work/build.CoreELEC-Amlogic-no.aarch64-22/build/binutils-2.47/gprofng/src -I/work/build.CoreELEC-Amlogic-no.aarch64-22/build/binutils-2.47/gprofng/src/../common -I/work/build.CoreELEC-Amlogic-no.aarch64-22/build/binutils-2.47/gprofng/src/../../include -I/work/build.CoreELEC-Amlogic-no.aarch64-22/build/binutils-2.47/gprofng/src/../../opcodes -I../../bfd -I/work/build.CoreELEC-Amlogic-no.aarch64-22/build/binutils-2.47/gprofng/src/../../bfd -I/work/build.CoreELEC-Amlogic-no.aarch64-22/build/binutils-2.47/gprofng/../zlib  -Wall -pthread -Wno-switch -fno-lto -g -O2     -MT DbeThread.lo -MD -MP -MF $depbase.Tpo -c -o DbeThread.lo /work/build.CoreELEC-Amlogic-no.aarch64-22/build/binutils-2.47/gprofng/src/DbeThread.cc &&\
mv -f $depbase.Tpo $depbase.Plo
libtool: compile:  /work/build.CoreELEC-Amlogic-no.aarch64-22/toolchain/bin/host-g++ -DHAVE_CONFIG_H -I. -I/work/build.CoreELEC-Amlogic-no.aarch64-22/build/binutils-2.47/gprofng/src -I.. -U_ASM -DLOCALEDIR=\"/work/build.CoreELEC-Amlogic-no.aarch64-22/toolchain/share/locale\" -DSYSCONFDIR=\"/work/build.CoreELEC-Amlogic-no.aarch64-22/toolchain/etc\" -DLIBDIR=\"/work/build.CoreELEC-Amlogic-no.aarch64-22/toolchain/lib\" -I.. -I/work/build.CoreELEC-Amlogic-no.aarch64-22/build/binutils-2.47/gprofng/src -I/work/build.CoreELEC-Amlogic-no.aarch64-22/build/binutils-2.47/gprofng/src/../common -I/work/build.CoreELEC-Amlogic-no.aarch64-22/build/binutils-2.47/gprofng/src/../../include -I/work/build.CoreELEC-Amlogic-no.aarch64-22/build/binutils-2.47/gprofng/src/../../opcodes -I../../bfd -I/work/build.CoreELEC-Amlogic-no.aarch64-22/build/binutils-2.47/gprofng/src/../../bfd -I/work/build.CoreELEC-Amlogic-no.aarch64-22/build/binutils-2.47/gprofng/../zlib -Wall -pthread -Wno-switch -fno-lto -g -O2 -MT DbeThread.lo -MD -MP -MF .deps/DbeThread.Tpo -c /work/build.CoreELEC-Amlogic-no.aarch64-22/build/binutils-2.47/gprofng/src/DbeThread.cc  -fPIC -DPIC -o .libs/DbeThread.o
libtool: compile:  /work/build.CoreELEC-Amlogic-no.aarch64-22/toolchain/bin/host-g++ -DHAVE_CONFIG_H -I. -I/work/build.CoreELEC-Amlogic-no.aarch64-22/build/binutils-2.47/gprofng/src -I.. -U_ASM -DLOCALEDIR=\"/work/build.CoreELEC-Amlogic-no.aarch64-22/toolchain/share/locale\" -DSYSCONFDIR=\"/work/build.CoreELEC-Amlogic-no.aarch64-22/toolchain/etc\" -DLIBDIR=\"/work/build.CoreELEC-Amlogic-no.aarch64-22/toolchain/lib\" -I.. -I/work/build.CoreELEC-Amlogic-no.aarch64-22/build/binutils-2.47/gprofng/src -I/work/build.CoreELEC-Amlogic-no.aarch64-22/build/binutils-2.47/gprofng/src/../common -I/work/build.CoreELEC-Amlogic-no.aarch64-22/build/binutils-2.47/gprofng/src/../../include -I/work/build.CoreELEC-Amlogic-no.aarch64-22/build/binutils-2.47/gprofng/src/../../opcodes -I../../bfd -I/work/build.CoreELEC-Amlogic-no.aarch64-22/build/binutils-2.47/gprofng/src/../../bfd -I/work/build.CoreELEC-Amlogic-no.aarch64-22/build/binutils-2.47/gprofng/../zlib -Wall -pthread -Wno-switch -fno-lto -g -O2 -MT DbeThread.lo -MD -MP -MF .deps/DbeThread.Tpo -c /work/build.CoreELEC-Amlogic-no.aarch64-22/build/binutils-2.47/gprofng/src/DbeThread.cc -o DbeThread.o >/dev/null 2>&1
depbase=`echo DbeView.lo | sed 's|[^/]*$|.deps/&|;s|\.lo$||'`;\
/bin/dash ../libtool  --tag=CXX   --mode=compile /work/build.CoreELEC-Amlogic-no.aarch64-22/toolchain/bin/host-g++ -DHAVE_CONFIG_H -I. -I/work/build.CoreELEC-Amlogic-no.aarch64-22/build/binutils-2.47/gprofng/src -I..  -U_ASM -DLOCALEDIR=\"/work/build.CoreELEC-Amlogic-no.aarch64-22/toolchain/share/locale\" -DSYSCONFDIR=\"/work/build.CoreELEC-Amlogic-no.aarch64-22/toolchain/etc\" -DLIBDIR=\"/work/build.CoreELEC-Amlogic-no.aarch64-22/toolchain/lib\" -I.. -I/work/build.CoreELEC-Amlogic-no.aarch64-22/build/binutils-2.47/gprofng/src -I/work/build.CoreELEC-Amlogic-no.aarch64-22/build/binutils-2.47/gprofng/src/../common -I/work/build.CoreELEC-Amlogic-no.aarch64-22/build/binutils-2.47/gprofng/src/../../include -I/work/build.CoreELEC-Amlogic-no.aarch64-22/build/binutils-2.47/gprofng/src/../../opcodes -I../../bfd -I/work/build.CoreELEC-Amlogic-no.aarch64-22/build/binutils-2.47/gprofng/src/../../bfd -I/work/build.CoreELEC-Amlogic-no.aarch64-22/build/binutils-2.47/gprofng/../zlib  -Wall -pthread -Wno-switch -fno-lto -g -O2     -MT DbeView.lo -MD -MP -MF $depbase.Tpo -c -o DbeView.lo /work/build.CoreELEC-Amlogic-no.aarch64-22/build/binutils-2.47/gprofng/src/DbeView.cc &&\
mv -f $depbase.Tpo $depbase.Plo
libtool: compile:  /work/build.CoreELEC-Amlogic-no.aarch64-22/toolchain/bin/host-g++ -DHAVE_CONFIG_H -I. -I/work/build.CoreELEC-Amlogic-no.aarch64-22/build/binutils-2.47/gprofng/src -I.. -U_ASM -DLOCALEDIR=\"/work/build.CoreELEC-Amlogic-no.aarch64-22/toolchain/share/locale\" -DSYSCONFDIR=\"/work/build.CoreELEC-Amlogic-no.aarch64-22/toolchain/etc\" -DLIBDIR=\"/work/build.CoreELEC-Amlogic-no.aarch64-22/toolchain/lib\" -I.. -I/work/build.CoreELEC-Amlogic-no.aarch64-22/build/binutils-2.47/gprofng/src -I/work/build.CoreELEC-Amlogic-no.aarch64-22/build/binutils-2.47/gprofng/src/../common -I/work/build.CoreELEC-Amlogic-no.aarch64-22/build/binutils-2.47/gprofng/src/../../include -I/work/build.CoreELEC-Amlogic-no.aarch64-22/build/binutils-2.47/gprofng/src/../../opcodes -I../../bfd -I/work/build.CoreELEC-Amlogic-no.aarch64-22/build/binutils-2.47/gprofng/src/../../bfd -I/work/build.CoreELEC-Amlogic-no.aarch64-22/build/binutils-2.47/gprofng/../zlib -Wall -pthread -Wno-switch -fno-lto -g -O2 -MT DbeView.lo -MD -MP -MF .deps/DbeView.Tpo -c /work/build.CoreELEC-Amlogic-no.aarch64-22/build/binutils-2.47/gprofng/src/DbeView.cc  -fPIC -DPIC -o .libs/DbeView.o
libtool: compile:  /work/build.CoreELEC-Amlogic-no.aarch64-22/toolchain/bin/host-g++ -DHAVE_CONFIG_H -I. -I/work/build.CoreELEC-Amlogic-no.aarch64-22/build/binutils-2.47/gprofng/src -I.. -U_ASM -DLOCALEDIR=\"/work/build.CoreELEC-Amlogic-no.aarch64-22/toolchain/share/locale\" -DSYSCONFDIR=\"/work/build.CoreELEC-Amlogic-no.aarch64-22/toolchain/etc\" -DLIBDIR=\"/work/build.CoreELEC-Amlogic-no.aarch64-22/toolchain/lib\" -I.. -I/work/build.CoreELEC-Amlogic-no.aarch64-22/build/binutils-2.47/gprofng/src -I/work/build.CoreELEC-Amlogic-no.aarch64-22/build/binutils-2.47/gprofng/src/../common -I/work/build.CoreELEC-Amlogic-no.aarch64-22/build/binutils-2.47/gprofng/src/../../include -I/work/build.CoreELEC-Amlogic-no.aarch64-22/build/binutils-2.47/gprofng/src/../../opcodes -I../../bfd -I/work/build.CoreELEC-Amlogic-no.aarch64-22/build/binutils-2.47/gprofng/src/../../bfd -I/work/build.CoreELEC-Amlogic-no.aarch64-22/build/binutils-2.47/gprofng/../zlib -Wall -pthread -Wno-switch -fno-lto -g -O2 -MT DbeView.lo -MD -MP -MF .deps/DbeView.Tpo -c /work/build.CoreELEC-Amlogic-no.aarch64-22/build/binutils-2.47/gprofng/src/DbeView.cc -o DbeView.o >/dev/null 2>&1
depbase=`echo DerivedMetrics.lo | sed 's|[^/]*$|.deps/&|;s|\.lo$||'`;\
/bin/dash ../libtool  --tag=CXX   --mode=compile /work/build.CoreELEC-Amlogic-no.aarch64-22/toolchain/bin/host-g++ -DHAVE_CONFIG_H -I. -I/work/build.CoreELEC-Amlogic-no.aarch64-22/build/binutils-2.47/gprofng/src -I..  -U_ASM -DLOCALEDIR=\"/work/build.CoreELEC-Amlogic-no.aarch64-22/toolchain/share/locale\" -DSYSCONFDIR=\"/work/build.CoreELEC-Amlogic-no.aarch64-22/toolchain/etc\" -DLIBDIR=\"/work/build.CoreELEC-Amlogic-no.aarch64-22/toolchain/lib\" -I.. -I/work/build.CoreELEC-Amlogic-no.aarch64-22/build/binutils-2.47/gprofng/src -I/work/build.CoreELEC-Amlogic-no.aarch64-22/build/binutils-2.47/gprofng/src/../common -I/work/build.CoreELEC-Amlogic-no.aarch64-22/build/binutils-2.47/gprofng/src/../../include -I/work/build.CoreELEC-Amlogic-no.aarch64-22/build/binutils-2.47/gprofng/src/../../opcodes -I../../bfd -I/work/build.CoreELEC-Amlogic-no.aarch64-22/build/binutils-2.47/gprofng/src/../../bfd -I/work/build.CoreELEC-Amlogic-no.aarch64-22/build/binutils-2.47/gprofng/../zlib  -Wall -pthread -Wno-switch -fno-lto -g -O2     -MT DerivedMetrics.lo -MD -MP -MF $depbase.Tpo -c -o DerivedMetrics.lo /work/build.CoreELEC-Amlogic-no.aarch64-22/build/binutils-2.47/gprofng/src/DerivedMetrics.cc &&\
mv -f $depbase.Tpo $depbase.Plo
libtool: compile:  /work/build.CoreELEC-Amlogic-no.aarch64-22/toolchain/bin/host-g++ -DHAVE_CONFIG_H -I. -I/work/build.CoreELEC-Amlogic-no.aarch64-22/build/binutils-2.47/gprofng/src -I.. -U_ASM -DLOCALEDIR=\"/work/build.CoreELEC-Amlogic-no.aarch64-22/toolchain/share/locale\" -DSYSCONFDIR=\"/work/build.CoreELEC-Amlogic-no.aarch64-22/toolchain/etc\" -DLIBDIR=\"/work/build.CoreELEC-Amlogic-no.aarch64-22/toolchain/lib\" -I.. -I/work/build.CoreELEC-Amlogic-no.aarch64-22/build/binutils-2.47/gprofng/src -I/work/build.CoreELEC-Amlogic-no.aarch64-22/build/binutils-2.47/gprofng/src/../common -I/work/build.CoreELEC-Amlogic-no.aarch64-22/build/binutils-2.47/gprofng/src/../../include -I/work/build.CoreELEC-Amlogic-no.aarch64-22/build/binutils-2.47/gprofng/src/../../opcodes -I../../bfd -I/work/build.CoreELEC-Amlogic-no.aarch64-22/build/binutils-2.47/gprofng/src/../../bfd -I/work/build.CoreELEC-Amlogic-no.aarch64-22/build/binutils-2.47/gprofng/../zlib -Wall -pthread -Wno-switch -fno-lto -g -O2 -MT DerivedMetrics.lo -MD -MP -MF .deps/DerivedMetrics.Tpo -c /work/build.CoreELEC-Amlogic-no.aarch64-22/build/binutils-2.47/gprofng/src/DerivedMetrics.cc  -fPIC -DPIC -o .libs/DerivedMetrics.o
libtool: compile:  /work/build.CoreELEC-Amlogic-no.aarch64-22/toolchain/bin/host-g++ -DHAVE_CONFIG_H -I. -I/work/build.CoreELEC-Amlogic-no.aarch64-22/build/binutils-2.47/gprofng/src -I.. -U_ASM -DLOCALEDIR=\"/work/build.CoreELEC-Amlogic-no.aarch64-22/toolchain/share/locale\" -DSYSCONFDIR=\"/work/build.CoreELEC-Amlogic-no.aarch64-22/toolchain/etc\" -DLIBDIR=\"/work/build.CoreELEC-Amlogic-no.aarch64-22/toolchain/lib\" -I.. -I/work/build.CoreELEC-Amlogic-no.aarch64-22/build/binutils-2.47/gprofng/src -I/work/build.CoreELEC-Amlogic-no.aarch64-22/build/binutils-2.47/gprofng/src/../common -I/work/build.CoreELEC-Amlogic-no.aarch64-22/build/binutils-2.47/gprofng/src/../../include -I/work/build.CoreELEC-Amlogic-no.aarch64-22/build/binutils-2.47/gprofng/src/../../opcodes -I../../bfd -I/work/build.CoreELEC-Amlogic-no.aarch64-22/build/binutils-2.47/gprofng/src/../../bfd -I/work/build.CoreELEC-Amlogic-no.aarch64-22/build/binutils-2.47/gprofng/../zlib -Wall -pthread -Wno-switch -fno-lto -g -O2 -MT DerivedMetrics.lo -MD -MP -MF .deps/DerivedMetrics.Tpo -c /work/build.CoreELEC-Amlogic-no.aarch64-22/build/binutils-2.47/gprofng/src/DerivedMetrics.cc -o DerivedMetrics.o >/dev/null 2>&1
depbase=`echo Disasm.lo | sed 's|[^/]*$|.deps/&|;s|\.lo$||'`;\
/bin/dash ../libtool  --tag=CXX   --mode=compile /work/build.CoreELEC-Amlogic-no.aarch64-22/toolchain/bin/host-g++ -DHAVE_CONFIG_H -I. -I/work/build.CoreELEC-Amlogic-no.aarch64-22/build/binutils-2.47/gprofng/src -I..  -U_ASM -DLOCALEDIR=\"/work/build.CoreELEC-Amlogic-no.aarch64-22/toolchain/share/locale\" -DSYSCONFDIR=\"/work/build.CoreELEC-Amlogic-no.aarch64-22/toolchain/etc\" -DLIBDIR=\"/work/build.CoreELEC-Amlogic-no.aarch64-22/toolchain/lib\" -I.. -I/work/build.CoreELEC-Amlogic-no.aarch64-22/build/binutils-2.47/gprofng/src -I/work/build.CoreELEC-Amlogic-no.aarch64-22/build/binutils-2.47/gprofng/src/../common -I/work/build.CoreELEC-Amlogic-no.aarch64-22/build/binutils-2.47/gprofng/src/../../include -I/work/build.CoreELEC-Amlogic-no.aarch64-22/build/binutils-2.47/gprofng/src/../../opcodes -I../../bfd -I/work/build.CoreELEC-Amlogic-no.aarch64-22/build/binutils-2.47/gprofng/src/../../bfd -I/work/build.CoreELEC-Amlogic-no.aarch64-22/build/binutils-2.47/gprofng/../zlib  -Wall -pthread -Wno-switch -fno-lto -g -O2     -MT Disasm.lo -MD -MP -MF $depbase.Tpo -c -o Disasm.lo /work/build.CoreELEC-Amlogic-no.aarch64-22/build/binutils-2.47/gprofng/src/Disasm.cc &&\
mv -f $depbase.Tpo $depbase.Plo
libtool: compile:  /work/build.CoreELEC-Amlogic-no.aarch64-22/toolchain/bin/host-g++ -DHAVE_CONFIG_H -I. -I/work/build.CoreELEC-Amlogic-no.aarch64-22/build/binutils-2.47/gprofng/src -I.. -U_ASM -DLOCALEDIR=\"/work/build.CoreELEC-Amlogic-no.aarch64-22/toolchain/share/locale\" -DSYSCONFDIR=\"/work/build.CoreELEC-Amlogic-no.aarch64-22/toolchain/etc\" -DLIBDIR=\"/work/build.CoreELEC-Amlogic-no.aarch64-22/toolchain/lib\" -I.. -I/work/build.CoreELEC-Amlogic-no.aarch64-22/build/binutils-2.47/gprofng/src -I/work/build.CoreELEC-Amlogic-no.aarch64-22/build/binutils-2.47/gprofng/src/../common -I/work/build.CoreELEC-Amlogic-no.aarch64-22/build/binutils-2.47/gprofng/src/../../include -I/work/build.CoreELEC-Amlogic-no.aarch64-22/build/binutils-2.47/gprofng/src/../../opcodes -I../../bfd -I/work/build.CoreELEC-Amlogic-no.aarch64-22/build/binutils-2.47/gprofng/src/../../bfd -I/work/build.CoreELEC-Amlogic-no.aarch64-22/build/binutils-2.47/gprofng/../zlib -Wall -pthread -Wno-switch -fno-lto -g -O2 -MT Disasm.lo -MD -MP -MF .deps/Disasm.Tpo -c /work/build.CoreELEC-Amlogic-no.aarch64-22/build/binutils-2.47/gprofng/src/Disasm.cc  -fPIC -DPIC -o .libs/Disasm.o
libtool: compile:  /work/build.CoreELEC-Amlogic-no.aarch64-22/toolchain/bin/host-g++ -DHAVE_CONFIG_H -I. -I/work/build.CoreELEC-Amlogic-no.aarch64-22/build/binutils-2.47/gprofng/src -I.. -U_ASM -DLOCALEDIR=\"/work/build.CoreELEC-Amlogic-no.aarch64-22/toolchain/share/locale\" -DSYSCONFDIR=\"/work/build.CoreELEC-Amlogic-no.aarch64-22/toolchain/etc\" -DLIBDIR=\"/work/build.CoreELEC-Amlogic-no.aarch64-22/toolchain/lib\" -I.. -I/work/build.CoreELEC-Amlogic-no.aarch64-22/build/binutils-2.47/gprofng/src -I/work/build.CoreELEC-Amlogic-no.aarch64-22/build/binutils-2.47/gprofng/src/../common -I/work/build.CoreELEC-Amlogic-no.aarch64-22/build/binutils-2.47/gprofng/src/../../include -I/work/build.CoreELEC-Amlogic-no.aarch64-22/build/binutils-2.47/gprofng/src/../../opcodes -I../../bfd -I/work/build.CoreELEC-Amlogic-no.aarch64-22/build/binutils-2.47/gprofng/src/../../bfd -I/work/build.CoreELEC-Amlogic-no.aarch64-22/build/binutils-2.47/gprofng/../zlib -Wall -pthread -Wno-switch -fno-lto -g -O2 -MT Disasm.lo -MD -MP -MF .deps/Disasm.Tpo -c /work/build.CoreELEC-Amlogic-no.aarch64-22/build/binutils-2.47/gprofng/src/Disasm.cc -o Disasm.o >/dev/null 2>&1
depbase=`echo Dwarf.lo | sed 's|[^/]*$|.deps/&|;s|\.lo$||'`;\
/bin/dash ../libtool  --tag=CXX   --mode=compile /work/build.CoreELEC-Amlogic-no.aarch64-22/toolchain/bin/host-g++ -DHAVE_CONFIG_H -I. -I/work/build.CoreELEC-Amlogic-no.aarch64-22/build/binutils-2.47/gprofng/src -I..  -U_ASM -DLOCALEDIR=\"/work/build.CoreELEC-Amlogic-no.aarch64-22/toolchain/share/locale\" -DSYSCONFDIR=\"/work/build.CoreELEC-Amlogic-no.aarch64-22/toolchain/etc\" -DLIBDIR=\"/work/build.CoreELEC-Amlogic-no.aarch64-22/toolchain/lib\" -I.. -I/work/build.CoreELEC-Amlogic-no.aarch64-22/build/binutils-2.47/gprofng/src -I/work/build.CoreELEC-Amlogic-no.aarch64-22/build/binutils-2.47/gprofng/src/../common -I/work/build.CoreELEC-Amlogic-no.aarch64-22/build/binutils-2.47/gprofng/src/../../include -I/work/build.CoreELEC-Amlogic-no.aarch64-22/build/binutils-2.47/gprofng/src/../../opcodes -I../../bfd -I/work/build.CoreELEC-Amlogic-no.aarch64-22/build/binutils-2.47/gprofng/src/../../bfd -I/work/build.CoreELEC-Amlogic-no.aarch64-22/build/binutils-2.47/gprofng/../zlib  -Wall -pthread -Wno-switch -fno-lto -g -O2     -MT Dwarf.lo -MD -MP -MF $depbase.Tpo -c -o Dwarf.lo /work/build.CoreELEC-Amlogic-no.aarch64-22/build/binutils-2.47/gprofng/src/Dwarf.cc &&\
mv -f $depbase.Tpo $depbase.Plo
libtool: compile:  /work/build.CoreELEC-Amlogic-no.aarch64-22/toolchain/bin/host-g++ -DHAVE_CONFIG_H -I. -I/work/build.CoreELEC-Amlogic-no.aarch64-22/build/binutils-2.47/gprofng/src -I.. -U_ASM -DLOCALEDIR=\"/work/build.CoreELEC-Amlogic-no.aarch64-22/toolchain/share/locale\" -DSYSCONFDIR=\"/work/build.CoreELEC-Amlogic-no.aarch64-22/toolchain/etc\" -DLIBDIR=\"/work/build.CoreELEC-Amlogic-no.aarch64-22/toolchain/lib\" -I.. -I/work/build.CoreELEC-Amlogic-no.aarch64-22/build/binutils-2.47/gprofng/src -I/work/build.CoreELEC-Amlogic-no.aarch64-22/build/binutils-2.47/gprofng/src/../common -I/work/build.CoreELEC-Amlogic-no.aarch64-22/build/binutils-2.47/gprofng/src/../../include -I/work/build.CoreELEC-Amlogic-no.aarch64-22/build/binutils-2.47/gprofng/src/../../opcodes -I../../bfd -I/work/build.CoreELEC-Amlogic-no.aarch64-22/build/binutils-2.47/gprofng/src/../../bfd -I/work/build.CoreELEC-Amlogic-no.aarch64-22/build/binutils-2.47/gprofng/../zlib -Wall -pthread -Wno-switch -fno-lto -g -O2 -MT Dwarf.lo -MD -MP -MF .deps/Dwarf.Tpo -c /work/build.CoreELEC-Amlogic-no.aarch64-22/build/binutils-2.47/gprofng/src/Dwarf.cc  -fPIC -DPIC -o .libs/Dwarf.o
libtool: compile:  /work/build.CoreELEC-Amlogic-no.aarch64-22/toolchain/bin/host-g++ -DHAVE_CONFIG_H -I. -I/work/build.CoreELEC-Amlogic-no.aarch64-22/build/binutils-2.47/gprofng/src -I.. -U_ASM -DLOCALEDIR=\"/work/build.CoreELEC-Amlogic-no.aarch64-22/toolchain/share/locale\" -DSYSCONFDIR=\"/work/build.CoreELEC-Amlogic-no.aarch64-22/toolchain/etc\" -DLIBDIR=\"/work/build.CoreELEC-Amlogic-no.aarch64-22/toolchain/lib\" -I.. -I/work/build.CoreELEC-Amlogic-no.aarch64-22/build/binutils-2.47/gprofng/src -I/work/build.CoreELEC-Amlogic-no.aarch64-22/build/binutils-2.47/gprofng/src/../common -I/work/build.CoreELEC-Amlogic-no.aarch64-22/build/binutils-2.47/gprofng/src/../../include -I/work/build.CoreELEC-Amlogic-no.aarch64-22/build/binutils-2.47/gprofng/src/../../opcodes -I../../bfd -I/work/build.CoreELEC-Amlogic-no.aarch64-22/build/binutils-2.47/gprofng/src/../../bfd -I/work/build.CoreELEC-Amlogic-no.aarch64-22/build/binutils-2.47/gprofng/../zlib -Wall -pthread -Wno-switch -fno-lto -g -O2 -MT Dwarf.lo -MD -MP -MF .deps/Dwarf.Tpo -c /work/build.CoreELEC-Amlogic-no.aarch64-22/build/binutils-2.47/gprofng/src/Dwarf.cc -o Dwarf.o >/dev/null 2>&1
depbase=`echo DwarfLib.lo | sed 's|[^/]*$|.deps/&|;s|\.lo$||'`;\
/bin/dash ../libtool  --tag=CXX   --mode=compile /work/build.CoreELEC-Amlogic-no.aarch64-22/toolchain/bin/host-g++ -DHAVE_CONFIG_H -I. -I/work/build.CoreELEC-Amlogic-no.aarch64-22/build/binutils-2.47/gprofng/src -I..  -U_ASM -DLOCALEDIR=\"/work/build.CoreELEC-Amlogic-no.aarch64-22/toolchain/share/locale\" -DSYSCONFDIR=\"/work/build.CoreELEC-Amlogic-no.aarch64-22/toolchain/etc\" -DLIBDIR=\"/work/build.CoreELEC-Amlogic-no.aarch64-22/toolchain/lib\" -I.. -I/work/build.CoreELEC-Amlogic-no.aarch64-22/build/binutils-2.47/gprofng/src -I/work/build.CoreELEC-Amlogic-no.aarch64-22/build/binutils-2.47/gprofng/src/../common -I/work/build.CoreELEC-Amlogic-no.aarch64-22/build/binutils-2.47/gprofng/src/../../include -I/work/build.CoreELEC-Amlogic-no.aarch64-22/build/binutils-2.47/gprofng/src/../../opcodes -I../../bfd -I/work/build.CoreELEC-Amlogic-no.aarch64-22/build/binutils-2.47/gprofng/src/../../bfd -I/work/build.CoreELEC-Amlogic-no.aarch64-22/build/binutils-2.47/gprofng/../zlib  -Wall -pthread -Wno-switch -fno-lto -g -O2     -MT DwarfLib.lo -MD -MP -MF $depbase.Tpo -c -o DwarfLib.lo /work/build.CoreELEC-Amlogic-no.aarch64-22/build/binutils-2.47/gprofng/src/DwarfLib.cc &&\
mv -f $depbase.Tpo $depbase.Plo
libtool: compile:  /work/build.CoreELEC-Amlogic-no.aarch64-22/toolchain/bin/host-g++ -DHAVE_CONFIG_H -I. -I/work/build.CoreELEC-Amlogic-no.aarch64-22/build/binutils-2.47/gprofng/src -I.. -U_ASM -DLOCALEDIR=\"/work/build.CoreELEC-Amlogic-no.aarch64-22/toolchain/share/locale\" -DSYSCONFDIR=\"/work/build.CoreELEC-Amlogic-no.aarch64-22/toolchain/etc\" -DLIBDIR=\"/work/build.CoreELEC-Amlogic-no.aarch64-22/toolchain/lib\" -I.. -I/work/build.CoreELEC-Amlogic-no.aarch64-22/build/binutils-2.47/gprofng/src -I/work/build.CoreELEC-Amlogic-no.aarch64-22/build/binutils-2.47/gprofng/src/../common -I/work/build.CoreELEC-Amlogic-no.aarch64-22/build/binutils-2.47/gprofng/src/../../include -I/work/build.CoreELEC-Amlogic-no.aarch64-22/build/binutils-2.47/gprofng/src/../../opcodes -I../../bfd -I/work/build.CoreELEC-Amlogic-no.aarch64-22/build/binutils-2.47/gprofng/src/../../bfd -I/work/build.CoreELEC-Amlogic-no.aarch64-22/build/binutils-2.47/gprofng/../zlib -Wall -pthread -Wno-switch -fno-lto -g -O2 -MT DwarfLib.lo -MD -MP -MF .deps/DwarfLib.Tpo -c /work/build.CoreELEC-Amlogic-no.aarch64-22/build/binutils-2.47/gprofng/src/DwarfLib.cc  -fPIC -DPIC -o .libs/DwarfLib.o
libtool: compile:  /work/build.CoreELEC-Amlogic-no.aarch64-22/toolchain/bin/host-g++ -DHAVE_CONFIG_H -I. -I/work/build.CoreELEC-Amlogic-no.aarch64-22/build/binutils-2.47/gprofng/src -I.. -U_ASM -DLOCALEDIR=\"/work/build.CoreELEC-Amlogic-no.aarch64-22/toolchain/share/locale\" -DSYSCONFDIR=\"/work/build.CoreELEC-Amlogic-no.aarch64-22/toolchain/etc\" -DLIBDIR=\"/work/build.CoreELEC-Amlogic-no.aarch64-22/toolchain/lib\" -I.. -I/work/build.CoreELEC-Amlogic-no.aarch64-22/build/binutils-2.47/gprofng/src -I/work/build.CoreELEC-Amlogic-no.aarch64-22/build/binutils-2.47/gprofng/src/../common -I/work/build.CoreELEC-Amlogic-no.aarch64-22/build/binutils-2.47/gprofng/src/../../include -I/work/build.CoreELEC-Amlogic-no.aarch64-22/build/binutils-2.47/gprofng/src/../../opcodes -I../../bfd -I/work/build.CoreELEC-Amlogic-no.aarch64-22/build/binutils-2.47/gprofng/src/../../bfd -I/work/build.CoreELEC-Amlogic-no.aarch64-22/build/binutils-2.47/gprofng/../zlib -Wall -pthread -Wno-switch -fno-lto -g -O2 -MT DwarfLib.lo -MD -MP -MF .deps/DwarfLib.Tpo -c /work/build.CoreELEC-Amlogic-no.aarch64-22/build/binutils-2.47/gprofng/src/DwarfLib.cc -o DwarfLib.o >/dev/null 2>&1
depbase=`echo Elf.lo | sed 's|[^/]*$|.deps/&|;s|\.lo$||'`;\
/bin/dash ../libtool  --tag=CXX   --mode=compile /work/build.CoreELEC-Amlogic-no.aarch64-22/toolchain/bin/host-g++ -DHAVE_CONFIG_H -I. -I/work/build.CoreELEC-Amlogic-no.aarch64-22/build/binutils-2.47/gprofng/src -I..  -U_ASM -DLOCALEDIR=\"/work/build.CoreELEC-Amlogic-no.aarch64-22/toolchain/share/locale\" -DSYSCONFDIR=\"/work/build.CoreELEC-Amlogic-no.aarch64-22/toolchain/etc\" -DLIBDIR=\"/work/build.CoreELEC-Amlogic-no.aarch64-22/toolchain/lib\" -I.. -I/work/build.CoreELEC-Amlogic-no.aarch64-22/build/binutils-2.47/gprofng/src -I/work/build.CoreELEC-Amlogic-no.aarch64-22/build/binutils-2.47/gprofng/src/../common -I/work/build.CoreELEC-Amlogic-no.aarch64-22/build/binutils-2.47/gprofng/src/../../include -I/work/build.CoreELEC-Amlogic-no.aarch64-22/build/binutils-2.47/gprofng/src/../../opcodes -I../../bfd -I/work/build.CoreELEC-Amlogic-no.aarch64-22/build/binutils-2.47/gprofng/src/../../bfd -I/work/build.CoreELEC-Amlogic-no.aarch64-22/build/binutils-2.47/gprofng/../zlib  -Wall -pthread -Wno-switch -fno-lto -g -O2     -MT Elf.lo -MD -MP -MF $depbase.Tpo -c -o Elf.lo /work/build.CoreELEC-Amlogic-no.aarch64-22/build/binutils-2.47/gprofng/src/Elf.cc &&\
mv -f $depbase.Tpo $depbase.Plo
libtool: compile:  /work/build.CoreELEC-Amlogic-no.aarch64-22/toolchain/bin/host-g++ -DHAVE_CONFIG_H -I. -I/work/build.CoreELEC-Amlogic-no.aarch64-22/build/binutils-2.47/gprofng/src -I.. -U_ASM -DLOCALEDIR=\"/work/build.CoreELEC-Amlogic-no.aarch64-22/toolchain/share/locale\" -DSYSCONFDIR=\"/work/build.CoreELEC-Amlogic-no.aarch64-22/toolchain/etc\" -DLIBDIR=\"/work/build.CoreELEC-Amlogic-no.aarch64-22/toolchain/lib\" -I.. -I/work/build.CoreELEC-Amlogic-no.aarch64-22/build/binutils-2.47/gprofng/src -I/work/build.CoreELEC-Amlogic-no.aarch64-22/build/binutils-2.47/gprofng/src/../common -I/work/build.CoreELEC-Amlogic-no.aarch64-22/build/binutils-2.47/gprofng/src/../../include -I/work/build.CoreELEC-Amlogic-no.aarch64-22/build/binutils-2.47/gprofng/src/../../opcodes -I../../bfd -I/work/build.CoreELEC-Amlogic-no.aarch64-22/build/binutils-2.47/gprofng/src/../../bfd -I/work/build.CoreELEC-Amlogic-no.aarch64-22/build/binutils-2.47/gprofng/../zlib -Wall -pthread -Wno-switch -fno-lto -g -O2 -MT Elf.lo -MD -MP -MF .deps/Elf.Tpo -c /work/build.CoreELEC-Amlogic-no.aarch64-22/build/binutils-2.47/gprofng/src/Elf.cc  -fPIC -DPIC -o .libs/Elf.o
libtool: compile:  /work/build.CoreELEC-Amlogic-no.aarch64-22/toolchain/bin/host-g++ -DHAVE_CONFIG_H -I. -I/work/build.CoreELEC-Amlogic-no.aarch64-22/build/binutils-2.47/gprofng/src -I.. -U_ASM -DLOCALEDIR=\"/work/build.CoreELEC-Amlogic-no.aarch64-22/toolchain/share/locale\" -DSYSCONFDIR=\"/work/build.CoreELEC-Amlogic-no.aarch64-22/toolchain/etc\" -DLIBDIR=\"/work/build.CoreELEC-Amlogic-no.aarch64-22/toolchain/lib\" -I.. -I/work/build.CoreELEC-Amlogic-no.aarch64-22/build/binutils-2.47/gprofng/src -I/work/build.CoreELEC-Amlogic-no.aarch64-22/build/binutils-2.47/gprofng/src/../common -I/work/build.CoreELEC-Amlogic-no.aarch64-22/build/binutils-2.47/gprofng/src/../../include -I/work/build.CoreELEC-Amlogic-no.aarch64-22/build/binutils-2.47/gprofng/src/../../opcodes -I../../bfd -I/work/build.CoreELEC-Amlogic-no.aarch64-22/build/binutils-2.47/gprofng/src/../../bfd -I/work/build.CoreELEC-Amlogic-no.aarch64-22/build/binutils-2.47/gprofng/../zlib -Wall -pthread -Wno-switch -fno-lto -g -O2 -MT Elf.lo -MD -MP -MF .deps/Elf.Tpo -c /work/build.CoreELEC-Amlogic-no.aarch64-22/build/binutils-2.47/gprofng/src/Elf.cc -o Elf.o >/dev/null 2>&1
depbase=`echo Emsg.lo | sed 's|[^/]*$|.deps/&|;s|\.lo$||'`;\
/bin/dash ../libtool  --tag=CXX   --mode=compile /work/build.CoreELEC-Amlogic-no.aarch64-22/toolchain/bin/host-g++ -DHAVE_CONFIG_H -I. -I/work/build.CoreELEC-Amlogic-no.aarch64-22/build/binutils-2.47/gprofng/src -I..  -U_ASM -DLOCALEDIR=\"/work/build.CoreELEC-Amlogic-no.aarch64-22/toolchain/share/locale\" -DSYSCONFDIR=\"/work/build.CoreELEC-Amlogic-no.aarch64-22/toolchain/etc\" -DLIBDIR=\"/work/build.CoreELEC-Amlogic-no.aarch64-22/toolchain/lib\" -I.. -I/work/build.CoreELEC-Amlogic-no.aarch64-22/build/binutils-2.47/gprofng/src -I/work/build.CoreELEC-Amlogic-no.aarch64-22/build/binutils-2.47/gprofng/src/../common -I/work/build.CoreELEC-Amlogic-no.aarch64-22/build/binutils-2.47/gprofng/src/../../include -I/work/build.CoreELEC-Amlogic-no.aarch64-22/build/binutils-2.47/gprofng/src/../../opcodes -I../../bfd -I/work/build.CoreELEC-Amlogic-no.aarch64-22/build/binutils-2.47/gprofng/src/../../bfd -I/work/build.CoreELEC-Amlogic-no.aarch64-22/build/binutils-2.47/gprofng/../zlib  -Wall -pthread -Wno-switch -fno-lto -g -O2     -MT Emsg.lo -MD -MP -MF $depbase.Tpo -c -o Emsg.lo /work/build.CoreELEC-Amlogic-no.aarch64-22/build/binutils-2.47/gprofng/src/Emsg.cc &&\
mv -f $depbase.Tpo $depbase.Plo
libtool: compile:  /work/build.CoreELEC-Amlogic-no.aarch64-22/toolchain/bin/host-g++ -DHAVE_CONFIG_H -I. -I/work/build.CoreELEC-Amlogic-no.aarch64-22/build/binutils-2.47/gprofng/src -I.. -U_ASM -DLOCALEDIR=\"/work/build.CoreELEC-Amlogic-no.aarch64-22/toolchain/share/locale\" -DSYSCONFDIR=\"/work/build.CoreELEC-Amlogic-no.aarch64-22/toolchain/etc\" -DLIBDIR=\"/work/build.CoreELEC-Amlogic-no.aarch64-22/toolchain/lib\" -I.. -I/work/build.CoreELEC-Amlogic-no.aarch64-22/build/binutils-2.47/gprofng/src -I/work/build.CoreELEC-Amlogic-no.aarch64-22/build/binutils-2.47/gprofng/src/../common -I/work/build.CoreELEC-Amlogic-no.aarch64-22/build/binutils-2.47/gprofng/src/../../include -I/work/build.CoreELEC-Amlogic-no.aarch64-22/build/binutils-2.47/gprofng/src/../../opcodes -I../../bfd -I/work/build.CoreELEC-Amlogic-no.aarch64-22/build/binutils-2.47/gprofng/src/../../bfd -I/work/build.CoreELEC-Amlogic-no.aarch64-22/build/binutils-2.47/gprofng/../zlib -Wall -pthread -Wno-switch -fno-lto -g -O2 -MT Emsg.lo -MD -MP -MF .deps/Emsg.Tpo -c /work/build.CoreELEC-Amlogic-no.aarch64-22/build/binutils-2.47/gprofng/src/Emsg.cc  -fPIC -DPIC -o .libs/Emsg.o
libtool: compile:  /work/build.CoreELEC-Amlogic-no.aarch64-22/toolchain/bin/host-g++ -DHAVE_CONFIG_H -I. -I/work/build.CoreELEC-Amlogic-no.aarch64-22/build/binutils-2.47/gprofng/src -I.. -U_ASM -DLOCALEDIR=\"/work/build.CoreELEC-Amlogic-no.aarch64-22/toolchain/share/locale\" -DSYSCONFDIR=\"/work/build.CoreELEC-Amlogic-no.aarch64-22/toolchain/etc\" -DLIBDIR=\"/work/build.CoreELEC-Amlogic-no.aarch64-22/toolchain/lib\" -I.. -I/work/build.CoreELEC-Amlogic-no.aarch64-22/build/binutils-2.47/gprofng/src -I/work/build.CoreELEC-Amlogic-no.aarch64-22/build/binutils-2.47/gprofng/src/../common -I/work/build.CoreELEC-Amlogic-no.aarch64-22/build/binutils-2.47/gprofng/src/../../include -I/work/build.CoreELEC-Amlogic-no.aarch64-22/build/binutils-2.47/gprofng/src/../../opcodes -I../../bfd -I/work/build.CoreELEC-Amlogic-no.aarch64-22/build/binutils-2.47/gprofng/src/../../bfd -I/work/build.CoreELEC-Amlogic-no.aarch64-22/build/binutils-2.47/gprofng/../zlib -Wall -pthread -Wno-switch -fno-lto -g -O2 -MT Emsg.lo -MD -MP -MF .deps/Emsg.Tpo -c /work/build.CoreELEC-Amlogic-no.aarch64-22/build/binutils-2.47/gprofng/src/Emsg.cc -o Emsg.o >/dev/null 2>&1
depbase=`echo Experiment.lo | sed 's|[^/]*$|.deps/&|;s|\.lo$||'`;\
/bin/dash ../libtool  --tag=CXX   --mode=compile /work/build.CoreELEC-Amlogic-no.aarch64-22/toolchain/bin/host-g++ -DHAVE_CONFIG_H -I. -I/work/build.CoreELEC-Amlogic-no.aarch64-22/build/binutils-2.47/gprofng/src -I..  -U_ASM -DLOCALEDIR=\"/work/build.CoreELEC-Amlogic-no.aarch64-22/toolchain/share/locale\" -DSYSCONFDIR=\"/work/build.CoreELEC-Amlogic-no.aarch64-22/toolchain/etc\" -DLIBDIR=\"/work/build.CoreELEC-Amlogic-no.aarch64-22/toolchain/lib\" -I.. -I/work/build.CoreELEC-Amlogic-no.aarch64-22/build/binutils-2.47/gprofng/src -I/work/build.CoreELEC-Amlogic-no.aarch64-22/build/binutils-2.47/gprofng/src/../common -I/work/build.CoreELEC-Amlogic-no.aarch64-22/build/binutils-2.47/gprofng/src/../../include -I/work/build.CoreELEC-Amlogic-no.aarch64-22/build/binutils-2.47/gprofng/src/../../opcodes -I../../bfd -I/work/build.CoreELEC-Amlogic-no.aarch64-22/build/binutils-2.47/gprofng/src/../../bfd -I/work/build.CoreELEC-Amlogic-no.aarch64-22/build/binutils-2.47/gprofng/../zlib  -Wall -pthread -Wno-switch -fno-lto -g -O2     -MT Experiment.lo -MD -MP -MF $depbase.Tpo -c -o Experiment.lo /work/build.CoreELEC-Amlogic-no.aarch64-22/build/binutils-2.47/gprofng/src/Experiment.cc &&\
mv -f $depbase.Tpo $depbase.Plo
libtool: compile:  /work/build.CoreELEC-Amlogic-no.aarch64-22/toolchain/bin/host-g++ -DHAVE_CONFIG_H -I. -I/work/build.CoreELEC-Amlogic-no.aarch64-22/build/binutils-2.47/gprofng/src -I.. -U_ASM -DLOCALEDIR=\"/work/build.CoreELEC-Amlogic-no.aarch64-22/toolchain/share/locale\" -DSYSCONFDIR=\"/work/build.CoreELEC-Amlogic-no.aarch64-22/toolchain/etc\" -DLIBDIR=\"/work/build.CoreELEC-Amlogic-no.aarch64-22/toolchain/lib\" -I.. -I/work/build.CoreELEC-Amlogic-no.aarch64-22/build/binutils-2.47/gprofng/src -I/work/build.CoreELEC-Amlogic-no.aarch64-22/build/binutils-2.47/gprofng/src/../common -I/work/build.CoreELEC-Amlogic-no.aarch64-22/build/binutils-2.47/gprofng/src/../../include -I/work/build.CoreELEC-Amlogic-no.aarch64-22/build/binutils-2.47/gprofng/src/../../opcodes -I../../bfd -I/work/build.CoreELEC-Amlogic-no.aarch64-22/build/binutils-2.47/gprofng/src/../../bfd -I/work/build.CoreELEC-Amlogic-no.aarch64-22/build/binutils-2.47/gprofng/../zlib -Wall -pthread -Wno-switch -fno-lto -g -O2 -MT Experiment.lo -MD -MP -MF .deps/Experiment.Tpo -c /work/build.CoreELEC-Amlogic-no.aarch64-22/build/binutils-2.47/gprofng/src/Experiment.cc  -fPIC -DPIC -o .libs/Experiment.o
libtool: compile:  /work/build.CoreELEC-Amlogic-no.aarch64-22/toolchain/bin/host-g++ -DHAVE_CONFIG_H -I. -I/work/build.CoreELEC-Amlogic-no.aarch64-22/build/binutils-2.47/gprofng/src -I.. -U_ASM -DLOCALEDIR=\"/work/build.CoreELEC-Amlogic-no.aarch64-22/toolchain/share/locale\" -DSYSCONFDIR=\"/work/build.CoreELEC-Amlogic-no.aarch64-22/toolchain/etc\" -DLIBDIR=\"/work/build.CoreELEC-Amlogic-no.aarch64-22/toolchain/lib\" -I.. -I/work/build.CoreELEC-Amlogic-no.aarch64-22/build/binutils-2.47/gprofng/src -I/work/build.CoreELEC-Amlogic-no.aarch64-22/build/binutils-2.47/gprofng/src/../common -I/work/build.CoreELEC-Amlogic-no.aarch64-22/build/binutils-2.47/gprofng/src/../../include -I/work/build.CoreELEC-Amlogic-no.aarch64-22/build/binutils-2.47/gprofng/src/../../opcodes -I../../bfd -I/work/build.CoreELEC-Amlogic-no.aarch64-22/build/binutils-2.47/gprofng/src/../../bfd -I/work/build.CoreELEC-Amlogic-no.aarch64-22/build/binutils-2.47/gprofng/../zlib -Wall -pthread -Wno-switch -fno-lto -g -O2 -MT Experiment.lo -MD -MP -MF .deps/Experiment.Tpo -c /work/build.CoreELEC-Amlogic-no.aarch64-22/build/binutils-2.47/gprofng/src/Experiment.cc -o Experiment.o >/dev/null 2>&1
depbase=`echo Exp_Layout.lo | sed 's|[^/]*$|.deps/&|;s|\.lo$||'`;\
/bin/dash ../libtool  --tag=CXX   --mode=compile /work/build.CoreELEC-Amlogic-no.aarch64-22/toolchain/bin/host-g++ -DHAVE_CONFIG_H -I. -I/work/build.CoreELEC-Amlogic-no.aarch64-22/build/binutils-2.47/gprofng/src -I..  -U_ASM -DLOCALEDIR=\"/work/build.CoreELEC-Amlogic-no.aarch64-22/toolchain/share/locale\" -DSYSCONFDIR=\"/work/build.CoreELEC-Amlogic-no.aarch64-22/toolchain/etc\" -DLIBDIR=\"/work/build.CoreELEC-Amlogic-no.aarch64-22/toolchain/lib\" -I.. -I/work/build.CoreELEC-Amlogic-no.aarch64-22/build/binutils-2.47/gprofng/src -I/work/build.CoreELEC-Amlogic-no.aarch64-22/build/binutils-2.47/gprofng/src/../common -I/work/build.CoreELEC-Amlogic-no.aarch64-22/build/binutils-2.47/gprofng/src/../../include -I/work/build.CoreELEC-Amlogic-no.aarch64-22/build/binutils-2.47/gprofng/src/../../opcodes -I../../bfd -I/work/build.CoreELEC-Amlogic-no.aarch64-22/build/binutils-2.47/gprofng/src/../../bfd -I/work/build.CoreELEC-Amlogic-no.aarch64-22/build/binutils-2.47/gprofng/../zlib  -Wall -pthread -Wno-switch -fno-lto -g -O2     -MT Exp_Layout.lo -MD -MP -MF $depbase.Tpo -c -o Exp_Layout.lo /work/build.CoreELEC-Amlogic-no.aarch64-22/build/binutils-2.47/gprofng/src/Exp_Layout.cc &&\
mv -f $depbase.Tpo $depbase.Plo
libtool: compile:  /work/build.CoreELEC-Amlogic-no.aarch64-22/toolchain/bin/host-g++ -DHAVE_CONFIG_H -I. -I/work/build.CoreELEC-Amlogic-no.aarch64-22/build/binutils-2.47/gprofng/src -I.. -U_ASM -DLOCALEDIR=\"/work/build.CoreELEC-Amlogic-no.aarch64-22/toolchain/share/locale\" -DSYSCONFDIR=\"/work/build.CoreELEC-Amlogic-no.aarch64-22/toolchain/etc\" -DLIBDIR=\"/work/build.CoreELEC-Amlogic-no.aarch64-22/toolchain/lib\" -I.. -I/work/build.CoreELEC-Amlogic-no.aarch64-22/build/binutils-2.47/gprofng/src -I/work/build.CoreELEC-Amlogic-no.aarch64-22/build/binutils-2.47/gprofng/src/../common -I/work/build.CoreELEC-Amlogic-no.aarch64-22/build/binutils-2.47/gprofng/src/../../include -I/work/build.CoreELEC-Amlogic-no.aarch64-22/build/binutils-2.47/gprofng/src/../../opcodes -I../../bfd -I/work/build.CoreELEC-Amlogic-no.aarch64-22/build/binutils-2.47/gprofng/src/../../bfd -I/work/build.CoreELEC-Amlogic-no.aarch64-22/build/binutils-2.47/gprofng/../zlib -Wall -pthread -Wno-switch -fno-lto -g -O2 -MT Exp_Layout.lo -MD -MP -MF .deps/Exp_Layout.Tpo -c /work/build.CoreELEC-Amlogic-no.aarch64-22/build/binutils-2.47/gprofng/src/Exp_Layout.cc  -fPIC -DPIC -o .libs/Exp_Layout.o
libtool: compile:  /work/build.CoreELEC-Amlogic-no.aarch64-22/toolchain/bin/host-g++ -DHAVE_CONFIG_H -I. -I/work/build.CoreELEC-Amlogic-no.aarch64-22/build/binutils-2.47/gprofng/src -I.. -U_ASM -DLOCALEDIR=\"/work/build.CoreELEC-Amlogic-no.aarch64-22/toolchain/share/locale\" -DSYSCONFDIR=\"/work/build.CoreELEC-Amlogic-no.aarch64-22/toolchain/etc\" -DLIBDIR=\"/work/build.CoreELEC-Amlogic-no.aarch64-22/toolchain/lib\" -I.. -I/work/build.CoreELEC-Amlogic-no.aarch64-22/build/binutils-2.47/gprofng/src -I/work/build.CoreELEC-Amlogic-no.aarch64-22/build/binutils-2.47/gprofng/src/../common -I/work/build.CoreELEC-Amlogic-no.aarch64-22/build/binutils-2.47/gprofng/src/../../include -I/work/build.CoreELEC-Amlogic-no.aarch64-22/build/binutils-2.47/gprofng/src/../../opcodes -I../../bfd -I/work/build.CoreELEC-Amlogic-no.aarch64-22/build/binutils-2.47/gprofng/src/../../bfd -I/work/build.CoreELEC-Amlogic-no.aarch64-22/build/binutils-2.47/gprofng/../zlib -Wall -pthread -Wno-switch -fno-lto -g -O2 -MT Exp_Layout.lo -MD -MP -MF .deps/Exp_Layout.Tpo -c /work/build.CoreELEC-Amlogic-no.aarch64-22/build/binutils-2.47/gprofng/src/Exp_Layout.cc -o Exp_Layout.o >/dev/null 2>&1
depbase=`echo ExpGroup.lo | sed 's|[^/]*$|.deps/&|;s|\.lo$||'`;\
/bin/dash ../libtool  --tag=CXX   --mode=compile /work/build.CoreELEC-Amlogic-no.aarch64-22/toolchain/bin/host-g++ -DHAVE_CONFIG_H -I. -I/work/build.CoreELEC-Amlogic-no.aarch64-22/build/binutils-2.47/gprofng/src -I..  -U_ASM -DLOCALEDIR=\"/work/build.CoreELEC-Amlogic-no.aarch64-22/toolchain/share/locale\" -DSYSCONFDIR=\"/work/build.CoreELEC-Amlogic-no.aarch64-22/toolchain/etc\" -DLIBDIR=\"/work/build.CoreELEC-Amlogic-no.aarch64-22/toolchain/lib\" -I.. -I/work/build.CoreELEC-Amlogic-no.aarch64-22/build/binutils-2.47/gprofng/src -I/work/build.CoreELEC-Amlogic-no.aarch64-22/build/binutils-2.47/gprofng/src/../common -I/work/build.CoreELEC-Amlogic-no.aarch64-22/build/binutils-2.47/gprofng/src/../../include -I/work/build.CoreELEC-Amlogic-no.aarch64-22/build/binutils-2.47/gprofng/src/../../opcodes -I../../bfd -I/work/build.CoreELEC-Amlogic-no.aarch64-22/build/binutils-2.47/gprofng/src/../../bfd -I/work/build.CoreELEC-Amlogic-no.aarch64-22/build/binutils-2.47/gprofng/../zlib  -Wall -pthread -Wno-switch -fno-lto -g -O2     -MT ExpGroup.lo -MD -MP -MF $depbase.Tpo -c -o ExpGroup.lo /work/build.CoreELEC-Amlogic-no.aarch64-22/build/binutils-2.47/gprofng/src/ExpGroup.cc &&\
mv -f $depbase.Tpo $depbase.Plo
libtool: compile:  /work/build.CoreELEC-Amlogic-no.aarch64-22/toolchain/bin/host-g++ -DHAVE_CONFIG_H -I. -I/work/build.CoreELEC-Amlogic-no.aarch64-22/build/binutils-2.47/gprofng/src -I.. -U_ASM -DLOCALEDIR=\"/work/build.CoreELEC-Amlogic-no.aarch64-22/toolchain/share/locale\" -DSYSCONFDIR=\"/work/build.CoreELEC-Amlogic-no.aarch64-22/toolchain/etc\" -DLIBDIR=\"/work/build.CoreELEC-Amlogic-no.aarch64-22/toolchain/lib\" -I.. -I/work/build.CoreELEC-Amlogic-no.aarch64-22/build/binutils-2.47/gprofng/src -I/work/build.CoreELEC-Amlogic-no.aarch64-22/build/binutils-2.47/gprofng/src/../common -I/work/build.CoreELEC-Amlogic-no.aarch64-22/build/binutils-2.47/gprofng/src/../../include -I/work/build.CoreELEC-Amlogic-no.aarch64-22/build/binutils-2.47/gprofng/src/../../opcodes -I../../bfd -I/work/build.CoreELEC-Amlogic-no.aarch64-22/build/binutils-2.47/gprofng/src/../../bfd -I/work/build.CoreELEC-Amlogic-no.aarch64-22/build/binutils-2.47/gprofng/../zlib -Wall -pthread -Wno-switch -fno-lto -g -O2 -MT ExpGroup.lo -MD -MP -MF .deps/ExpGroup.Tpo -c /work/build.CoreELEC-Amlogic-no.aarch64-22/build/binutils-2.47/gprofng/src/ExpGroup.cc  -fPIC -DPIC -o .libs/ExpGroup.o
libtool: compile:  /work/build.CoreELEC-Amlogic-no.aarch64-22/toolchain/bin/host-g++ -DHAVE_CONFIG_H -I. -I/work/build.CoreELEC-Amlogic-no.aarch64-22/build/binutils-2.47/gprofng/src -I.. -U_ASM -DLOCALEDIR=\"/work/build.CoreELEC-Amlogic-no.aarch64-22/toolchain/share/locale\" -DSYSCONFDIR=\"/work/build.CoreELEC-Amlogic-no.aarch64-22/toolchain/etc\" -DLIBDIR=\"/work/build.CoreELEC-Amlogic-no.aarch64-22/toolchain/lib\" -I.. -I/work/build.CoreELEC-Amlogic-no.aarch64-22/build/binutils-2.47/gprofng/src -I/work/build.CoreELEC-Amlogic-no.aarch64-22/build/binutils-2.47/gprofng/src/../common -I/work/build.CoreELEC-Amlogic-no.aarch64-22/build/binutils-2.47/gprofng/src/../../include -I/work/build.CoreELEC-Amlogic-no.aarch64-22/build/binutils-2.47/gprofng/src/../../opcodes -I../../bfd -I/work/build.CoreELEC-Amlogic-no.aarch64-22/build/binutils-2.47/gprofng/src/../../bfd -I/work/build.CoreELEC-Amlogic-no.aarch64-22/build/binutils-2.47/gprofng/../zlib -Wall -pthread -Wno-switch -fno-lto -g -O2 -MT ExpGroup.lo -MD -MP -MF .deps/ExpGroup.Tpo -c /work/build.CoreELEC-Amlogic-no.aarch64-22/build/binutils-2.47/gprofng/src/ExpGroup.cc -o ExpGroup.o >/dev/null 2>&1
depbase=`echo Expression.lo | sed 's|[^/]*$|.deps/&|;s|\.lo$||'`;\
/bin/dash ../libtool  --tag=CXX   --mode=compile /work/build.CoreELEC-Amlogic-no.aarch64-22/toolchain/bin/host-g++ -DHAVE_CONFIG_H -I. -I/work/build.CoreELEC-Amlogic-no.aarch64-22/build/binutils-2.47/gprofng/src -I..  -U_ASM -DLOCALEDIR=\"/work/build.CoreELEC-Amlogic-no.aarch64-22/toolchain/share/locale\" -DSYSCONFDIR=\"/work/build.CoreELEC-Amlogic-no.aarch64-22/toolchain/etc\" -DLIBDIR=\"/work/build.CoreELEC-Amlogic-no.aarch64-22/toolchain/lib\" -I.. -I/work/build.CoreELEC-Amlogic-no.aarch64-22/build/binutils-2.47/gprofng/src -I/work/build.CoreELEC-Amlogic-no.aarch64-22/build/binutils-2.47/gprofng/src/../common -I/work/build.CoreELEC-Amlogic-no.aarch64-22/build/binutils-2.47/gprofng/src/../../include -I/work/build.CoreELEC-Amlogic-no.aarch64-22/build/binutils-2.47/gprofng/src/../../opcodes -I../../bfd -I/work/build.CoreELEC-Amlogic-no.aarch64-22/build/binutils-2.47/gprofng/src/../../bfd -I/work/build.CoreELEC-Amlogic-no.aarch64-22/build/binutils-2.47/gprofng/../zlib  -Wall -pthread -Wno-switch -fno-lto -g -O2     -MT Expression.lo -MD -MP -MF $depbase.Tpo -c -o Expression.lo /work/build.CoreELEC-Amlogic-no.aarch64-22/build/binutils-2.47/gprofng/src/Expression.cc &&\
mv -f $depbase.Tpo $depbase.Plo
libtool: compile:  /work/build.CoreELEC-Amlogic-no.aarch64-22/toolchain/bin/host-g++ -DHAVE_CONFIG_H -I. -I/work/build.CoreELEC-Amlogic-no.aarch64-22/build/binutils-2.47/gprofng/src -I.. -U_ASM -DLOCALEDIR=\"/work/build.CoreELEC-Amlogic-no.aarch64-22/toolchain/share/locale\" -DSYSCONFDIR=\"/work/build.CoreELEC-Amlogic-no.aarch64-22/toolchain/etc\" -DLIBDIR=\"/work/build.CoreELEC-Amlogic-no.aarch64-22/toolchain/lib\" -I.. -I/work/build.CoreELEC-Amlogic-no.aarch64-22/build/binutils-2.47/gprofng/src -I/work/build.CoreELEC-Amlogic-no.aarch64-22/build/binutils-2.47/gprofng/src/../common -I/work/build.CoreELEC-Amlogic-no.aarch64-22/build/binutils-2.47/gprofng/src/../../include -I/work/build.CoreELEC-Amlogic-no.aarch64-22/build/binutils-2.47/gprofng/src/../../opcodes -I../../bfd -I/work/build.CoreELEC-Amlogic-no.aarch64-22/build/binutils-2.47/gprofng/src/../../bfd -I/work/build.CoreELEC-Amlogic-no.aarch64-22/build/binutils-2.47/gprofng/../zlib -Wall -pthread -Wno-switch -fno-lto -g -O2 -MT Expression.lo -MD -MP -MF .deps/Expression.Tpo -c /work/build.CoreELEC-Amlogic-no.aarch64-22/build/binutils-2.47/gprofng/src/Expression.cc  -fPIC -DPIC -o .libs/Expression.o
libtool: compile:  /work/build.CoreELEC-Amlogic-no.aarch64-22/toolchain/bin/host-g++ -DHAVE_CONFIG_H -I. -I/work/build.CoreELEC-Amlogic-no.aarch64-22/build/binutils-2.47/gprofng/src -I.. -U_ASM -DLOCALEDIR=\"/work/build.CoreELEC-Amlogic-no.aarch64-22/toolchain/share/locale\" -DSYSCONFDIR=\"/work/build.CoreELEC-Amlogic-no.aarch64-22/toolchain/etc\" -DLIBDIR=\"/work/build.CoreELEC-Amlogic-no.aarch64-22/toolchain/lib\" -I.. -I/work/build.CoreELEC-Amlogic-no.aarch64-22/build/binutils-2.47/gprofng/src -I/work/build.CoreELEC-Amlogic-no.aarch64-22/build/binutils-2.47/gprofng/src/../common -I/work/build.CoreELEC-Amlogic-no.aarch64-22/build/binutils-2.47/gprofng/src/../../include -I/work/build.CoreELEC-Amlogic-no.aarch64-22/build/binutils-2.47/gprofng/src/../../opcodes -I../../bfd -I/work/build.CoreELEC-Amlogic-no.aarch64-22/build/binutils-2.47/gprofng/src/../../bfd -I/work/build.CoreELEC-Amlogic-no.aarch64-22/build/binutils-2.47/gprofng/../zlib -Wall -pthread -Wno-switch -fno-lto -g -O2 -MT Expression.lo -MD -MP -MF .deps/Expression.Tpo -c /work/build.CoreELEC-Amlogic-no.aarch64-22/build/binutils-2.47/gprofng/src/Expression.cc -o Expression.o >/dev/null 2>&1
depbase=`echo FileData.lo | sed 's|[^/]*$|.deps/&|;s|\.lo$||'`;\
/bin/dash ../libtool  --tag=CXX   --mode=compile /work/build.CoreELEC-Amlogic-no.aarch64-22/toolchain/bin/host-g++ -DHAVE_CONFIG_H -I. -I/work/build.CoreELEC-Amlogic-no.aarch64-22/build/binutils-2.47/gprofng/src -I..  -U_ASM -DLOCALEDIR=\"/work/build.CoreELEC-Amlogic-no.aarch64-22/toolchain/share/locale\" -DSYSCONFDIR=\"/work/build.CoreELEC-Amlogic-no.aarch64-22/toolchain/etc\" -DLIBDIR=\"/work/build.CoreELEC-Amlogic-no.aarch64-22/toolchain/lib\" -I.. -I/work/build.CoreELEC-Amlogic-no.aarch64-22/build/binutils-2.47/gprofng/src -I/work/build.CoreELEC-Amlogic-no.aarch64-22/build/binutils-2.47/gprofng/src/../common -I/work/build.CoreELEC-Amlogic-no.aarch64-22/build/binutils-2.47/gprofng/src/../../include -I/work/build.CoreELEC-Amlogic-no.aarch64-22/build/binutils-2.47/gprofng/src/../../opcodes -I../../bfd -I/work/build.CoreELEC-Amlogic-no.aarch64-22/build/binutils-2.47/gprofng/src/../../bfd -I/work/build.CoreELEC-Amlogic-no.aarch64-22/build/binutils-2.47/gprofng/../zlib  -Wall -pthread -Wno-switch -fno-lto -g -O2     -MT FileData.lo -MD -MP -MF $depbase.Tpo -c -o FileData.lo /work/build.CoreELEC-Amlogic-no.aarch64-22/build/binutils-2.47/gprofng/src/FileData.cc &&\
mv -f $depbase.Tpo $depbase.Plo
libtool: compile:  /work/build.CoreELEC-Amlogic-no.aarch64-22/toolchain/bin/host-g++ -DHAVE_CONFIG_H -I. -I/work/build.CoreELEC-Amlogic-no.aarch64-22/build/binutils-2.47/gprofng/src -I.. -U_ASM -DLOCALEDIR=\"/work/build.CoreELEC-Amlogic-no.aarch64-22/toolchain/share/locale\" -DSYSCONFDIR=\"/work/build.CoreELEC-Amlogic-no.aarch64-22/toolchain/etc\" -DLIBDIR=\"/work/build.CoreELEC-Amlogic-no.aarch64-22/toolchain/lib\" -I.. -I/work/build.CoreELEC-Amlogic-no.aarch64-22/build/binutils-2.47/gprofng/src -I/work/build.CoreELEC-Amlogic-no.aarch64-22/build/binutils-2.47/gprofng/src/../common -I/work/build.CoreELEC-Amlogic-no.aarch64-22/build/binutils-2.47/gprofng/src/../../include -I/work/build.CoreELEC-Amlogic-no.aarch64-22/build/binutils-2.47/gprofng/src/../../opcodes -I../../bfd -I/work/build.CoreELEC-Amlogic-no.aarch64-22/build/binutils-2.47/gprofng/src/../../bfd -I/work/build.CoreELEC-Amlogic-no.aarch64-22/build/binutils-2.47/gprofng/../zlib -Wall -pthread -Wno-switch -fno-lto -g -O2 -MT FileData.lo -MD -MP -MF .deps/FileData.Tpo -c /work/build.CoreELEC-Amlogic-no.aarch64-22/build/binutils-2.47/gprofng/src/FileData.cc  -fPIC -DPIC -o .libs/FileData.o
libtool: compile:  /work/build.CoreELEC-Amlogic-no.aarch64-22/toolchain/bin/host-g++ -DHAVE_CONFIG_H -I. -I/work/build.CoreELEC-Amlogic-no.aarch64-22/build/binutils-2.47/gprofng/src -I.. -U_ASM -DLOCALEDIR=\"/work/build.CoreELEC-Amlogic-no.aarch64-22/toolchain/share/locale\" -DSYSCONFDIR=\"/work/build.CoreELEC-Amlogic-no.aarch64-22/toolchain/etc\" -DLIBDIR=\"/work/build.CoreELEC-Amlogic-no.aarch64-22/toolchain/lib\" -I.. -I/work/build.CoreELEC-Amlogic-no.aarch64-22/build/binutils-2.47/gprofng/src -I/work/build.CoreELEC-Amlogic-no.aarch64-22/build/binutils-2.47/gprofng/src/../common -I/work/build.CoreELEC-Amlogic-no.aarch64-22/build/binutils-2.47/gprofng/src/../../include -I/work/build.CoreELEC-Amlogic-no.aarch64-22/build/binutils-2.47/gprofng/src/../../opcodes -I../../bfd -I/work/build.CoreELEC-Amlogic-no.aarch64-22/build/binutils-2.47/gprofng/src/../../bfd -I/work/build.CoreELEC-Amlogic-no.aarch64-22/build/binutils-2.47/gprofng/../zlib -Wall -pthread -Wno-switch -fno-lto -g -O2 -MT FileData.lo -MD -MP -MF .deps/FileData.Tpo -c /work/build.CoreELEC-Amlogic-no.aarch64-22/build/binutils-2.47/gprofng/src/FileData.cc -o FileData.o >/dev/null 2>&1
depbase=`echo Filter.lo | sed 's|[^/]*$|.deps/&|;s|\.lo$||'`;\
/bin/dash ../libtool  --tag=CXX   --mode=compile /work/build.CoreELEC-Amlogic-no.aarch64-22/toolchain/bin/host-g++ -DHAVE_CONFIG_H -I. -I/work/build.CoreELEC-Amlogic-no.aarch64-22/build/binutils-2.47/gprofng/src -I..  -U_ASM -DLOCALEDIR=\"/work/build.CoreELEC-Amlogic-no.aarch64-22/toolchain/share/locale\" -DSYSCONFDIR=\"/work/build.CoreELEC-Amlogic-no.aarch64-22/toolchain/etc\" -DLIBDIR=\"/work/build.CoreELEC-Amlogic-no.aarch64-22/toolchain/lib\" -I.. -I/work/build.CoreELEC-Amlogic-no.aarch64-22/build/binutils-2.47/gprofng/src -I/work/build.CoreELEC-Amlogic-no.aarch64-22/build/binutils-2.47/gprofng/src/../common -I/work/build.CoreELEC-Amlogic-no.aarch64-22/build/binutils-2.47/gprofng/src/../../include -I/work/build.CoreELEC-Amlogic-no.aarch64-22/build/binutils-2.47/gprofng/src/../../opcodes -I../../bfd -I/work/build.CoreELEC-Amlogic-no.aarch64-22/build/binutils-2.47/gprofng/src/../../bfd -I/work/build.CoreELEC-Amlogic-no.aarch64-22/build/binutils-2.47/gprofng/../zlib  -Wall -pthread -Wno-switch -fno-lto -g -O2     -MT Filter.lo -MD -MP -MF $depbase.Tpo -c -o Filter.lo /work/build.CoreELEC-Amlogic-no.aarch64-22/build/binutils-2.47/gprofng/src/Filter.cc &&\
mv -f $depbase.Tpo $depbase.Plo
libtool: compile:  /work/build.CoreELEC-Amlogic-no.aarch64-22/toolchain/bin/host-g++ -DHAVE_CONFIG_H -I. -I/work/build.CoreELEC-Amlogic-no.aarch64-22/build/binutils-2.47/gprofng/src -I.. -U_ASM -DLOCALEDIR=\"/work/build.CoreELEC-Amlogic-no.aarch64-22/toolchain/share/locale\" -DSYSCONFDIR=\"/work/build.CoreELEC-Amlogic-no.aarch64-22/toolchain/etc\" -DLIBDIR=\"/work/build.CoreELEC-Amlogic-no.aarch64-22/toolchain/lib\" -I.. -I/work/build.CoreELEC-Amlogic-no.aarch64-22/build/binutils-2.47/gprofng/src -I/work/build.CoreELEC-Amlogic-no.aarch64-22/build/binutils-2.47/gprofng/src/../common -I/work/build.CoreELEC-Amlogic-no.aarch64-22/build/binutils-2.47/gprofng/src/../../include -I/work/build.CoreELEC-Amlogic-no.aarch64-22/build/binutils-2.47/gprofng/src/../../opcodes -I../../bfd -I/work/build.CoreELEC-Amlogic-no.aarch64-22/build/binutils-2.47/gprofng/src/../../bfd -I/work/build.CoreELEC-Amlogic-no.aarch64-22/build/binutils-2.47/gprofng/../zlib -Wall -pthread -Wno-switch -fno-lto -g -O2 -MT Filter.lo -MD -MP -MF .deps/Filter.Tpo -c /work/build.CoreELEC-Amlogic-no.aarch64-22/build/binutils-2.47/gprofng/src/Filter.cc  -fPIC -DPIC -o .libs/Filter.o
libtool: compile:  /work/build.CoreELEC-Amlogic-no.aarch64-22/toolchain/bin/host-g++ -DHAVE_CONFIG_H -I. -I/work/build.CoreELEC-Amlogic-no.aarch64-22/build/binutils-2.47/gprofng/src -I.. -U_ASM -DLOCALEDIR=\"/work/build.CoreELEC-Amlogic-no.aarch64-22/toolchain/share/locale\" -DSYSCONFDIR=\"/work/build.CoreELEC-Amlogic-no.aarch64-22/toolchain/etc\" -DLIBDIR=\"/work/build.CoreELEC-Amlogic-no.aarch64-22/toolchain/lib\" -I.. -I/work/build.CoreELEC-Amlogic-no.aarch64-22/build/binutils-2.47/gprofng/src -I/work/build.CoreELEC-Amlogic-no.aarch64-22/build/binutils-2.47/gprofng/src/../common -I/work/build.CoreELEC-Amlogic-no.aarch64-22/build/binutils-2.47/gprofng/src/../../include -I/work/build.CoreELEC-Amlogic-no.aarch64-22/build/binutils-2.47/gprofng/src/../../opcodes -I../../bfd -I/work/build.CoreELEC-Amlogic-no.aarch64-22/build/binutils-2.47/gprofng/src/../../bfd -I/work/build.CoreELEC-Amlogic-no.aarch64-22/build/binutils-2.47/gprofng/../zlib -Wall -pthread -Wno-switch -fno-lto -g -O2 -MT Filter.lo -MD -MP -MF .deps/Filter.Tpo -c /work/build.CoreELEC-Amlogic-no.aarch64-22/build/binutils-2.47/gprofng/src/Filter.cc -o Filter.o >/dev/null 2>&1
depbase=`echo FilterSet.lo | sed 's|[^/]*$|.deps/&|;s|\.lo$||'`;\
/bin/dash ../libtool  --tag=CXX   --mode=compile /work/build.CoreELEC-Amlogic-no.aarch64-22/toolchain/bin/host-g++ -DHAVE_CONFIG_H -I. -I/work/build.CoreELEC-Amlogic-no.aarch64-22/build/binutils-2.47/gprofng/src -I..  -U_ASM -DLOCALEDIR=\"/work/build.CoreELEC-Amlogic-no.aarch64-22/toolchain/share/locale\" -DSYSCONFDIR=\"/work/build.CoreELEC-Amlogic-no.aarch64-22/toolchain/etc\" -DLIBDIR=\"/work/build.CoreELEC-Amlogic-no.aarch64-22/toolchain/lib\" -I.. -I/work/build.CoreELEC-Amlogic-no.aarch64-22/build/binutils-2.47/gprofng/src -I/work/build.CoreELEC-Amlogic-no.aarch64-22/build/binutils-2.47/gprofng/src/../common -I/work/build.CoreELEC-Amlogic-no.aarch64-22/build/binutils-2.47/gprofng/src/../../include -I/work/build.CoreELEC-Amlogic-no.aarch64-22/build/binutils-2.47/gprofng/src/../../opcodes -I../../bfd -I/work/build.CoreELEC-Amlogic-no.aarch64-22/build/binutils-2.47/gprofng/src/../../bfd -I/work/build.CoreELEC-Amlogic-no.aarch64-22/build/binutils-2.47/gprofng/../zlib  -Wall -pthread -Wno-switch -fno-lto -g -O2     -MT FilterSet.lo -MD -MP -MF $depbase.Tpo -c -o FilterSet.lo /work/build.CoreELEC-Amlogic-no.aarch64-22/build/binutils-2.47/gprofng/src/FilterSet.cc &&\
mv -f $depbase.Tpo $depbase.Plo
libtool: compile:  /work/build.CoreELEC-Amlogic-no.aarch64-22/toolchain/bin/host-g++ -DHAVE_CONFIG_H -I. -I/work/build.CoreELEC-Amlogic-no.aarch64-22/build/binutils-2.47/gprofng/src -I.. -U_ASM -DLOCALEDIR=\"/work/build.CoreELEC-Amlogic-no.aarch64-22/toolchain/share/locale\" -DSYSCONFDIR=\"/work/build.CoreELEC-Amlogic-no.aarch64-22/toolchain/etc\" -DLIBDIR=\"/work/build.CoreELEC-Amlogic-no.aarch64-22/toolchain/lib\" -I.. -I/work/build.CoreELEC-Amlogic-no.aarch64-22/build/binutils-2.47/gprofng/src -I/work/build.CoreELEC-Amlogic-no.aarch64-22/build/binutils-2.47/gprofng/src/../common -I/work/build.CoreELEC-Amlogic-no.aarch64-22/build/binutils-2.47/gprofng/src/../../include -I/work/build.CoreELEC-Amlogic-no.aarch64-22/build/binutils-2.47/gprofng/src/../../opcodes -I../../bfd -I/work/build.CoreELEC-Amlogic-no.aarch64-22/build/binutils-2.47/gprofng/src/../../bfd -I/work/build.CoreELEC-Amlogic-no.aarch64-22/build/binutils-2.47/gprofng/../zlib -Wall -pthread -Wno-switch -fno-lto -g -O2 -MT FilterSet.lo -MD -MP -MF .deps/FilterSet.Tpo -c /work/build.CoreELEC-Amlogic-no.aarch64-22/build/binutils-2.47/gprofng/src/FilterSet.cc  -fPIC -DPIC -o .libs/FilterSet.o
libtool: compile:  /work/build.CoreELEC-Amlogic-no.aarch64-22/toolchain/bin/host-g++ -DHAVE_CONFIG_H -I. -I/work/build.CoreELEC-Amlogic-no.aarch64-22/build/binutils-2.47/gprofng/src -I.. -U_ASM -DLOCALEDIR=\"/work/build.CoreELEC-Amlogic-no.aarch64-22/toolchain/share/locale\" -DSYSCONFDIR=\"/work/build.CoreELEC-Amlogic-no.aarch64-22/toolchain/etc\" -DLIBDIR=\"/work/build.CoreELEC-Amlogic-no.aarch64-22/toolchain/lib\" -I.. -I/work/build.CoreELEC-Amlogic-no.aarch64-22/build/binutils-2.47/gprofng/src -I/work/build.CoreELEC-Amlogic-no.aarch64-22/build/binutils-2.47/gprofng/src/../common -I/work/build.CoreELEC-Amlogic-no.aarch64-22/build/binutils-2.47/gprofng/src/../../include -I/work/build.CoreELEC-Amlogic-no.aarch64-22/build/binutils-2.47/gprofng/src/../../opcodes -I../../bfd -I/work/build.CoreELEC-Amlogic-no.aarch64-22/build/binutils-2.47/gprofng/src/../../bfd -I/work/build.CoreELEC-Amlogic-no.aarch64-22/build/binutils-2.47/gprofng/../zlib -Wall -pthread -Wno-switch -fno-lto -g -O2 -MT FilterSet.lo -MD -MP -MF .deps/FilterSet.Tpo -c /work/build.CoreELEC-Amlogic-no.aarch64-22/build/binutils-2.47/gprofng/src/FilterSet.cc -o FilterSet.o >/dev/null 2>&1
depbase=`echo Function.lo | sed 's|[^/]*$|.deps/&|;s|\.lo$||'`;\
/bin/dash ../libtool  --tag=CXX   --mode=compile /work/build.CoreELEC-Amlogic-no.aarch64-22/toolchain/bin/host-g++ -DHAVE_CONFIG_H -I. -I/work/build.CoreELEC-Amlogic-no.aarch64-22/build/binutils-2.47/gprofng/src -I..  -U_ASM -DLOCALEDIR=\"/work/build.CoreELEC-Amlogic-no.aarch64-22/toolchain/share/locale\" -DSYSCONFDIR=\"/work/build.CoreELEC-Amlogic-no.aarch64-22/toolchain/etc\" -DLIBDIR=\"/work/build.CoreELEC-Amlogic-no.aarch64-22/toolchain/lib\" -I.. -I/work/build.CoreELEC-Amlogic-no.aarch64-22/build/binutils-2.47/gprofng/src -I/work/build.CoreELEC-Amlogic-no.aarch64-22/build/binutils-2.47/gprofng/src/../common -I/work/build.CoreELEC-Amlogic-no.aarch64-22/build/binutils-2.47/gprofng/src/../../include -I/work/build.CoreELEC-Amlogic-no.aarch64-22/build/binutils-2.47/gprofng/src/../../opcodes -I../../bfd -I/work/build.CoreELEC-Amlogic-no.aarch64-22/build/binutils-2.47/gprofng/src/../../bfd -I/work/build.CoreELEC-Amlogic-no.aarch64-22/build/binutils-2.47/gprofng/../zlib  -Wall -pthread -Wno-switch -fno-lto -g -O2     -MT Function.lo -MD -MP -MF $depbase.Tpo -c -o Function.lo /work/build.CoreELEC-Amlogic-no.aarch64-22/build/binutils-2.47/gprofng/src/Function.cc &&\
mv -f $depbase.Tpo $depbase.Plo
libtool: compile:  /work/build.CoreELEC-Amlogic-no.aarch64-22/toolchain/bin/host-g++ -DHAVE_CONFIG_H -I. -I/work/build.CoreELEC-Amlogic-no.aarch64-22/build/binutils-2.47/gprofng/src -I.. -U_ASM -DLOCALEDIR=\"/work/build.CoreELEC-Amlogic-no.aarch64-22/toolchain/share/locale\" -DSYSCONFDIR=\"/work/build.CoreELEC-Amlogic-no.aarch64-22/toolchain/etc\" -DLIBDIR=\"/work/build.CoreELEC-Amlogic-no.aarch64-22/toolchain/lib\" -I.. -I/work/build.CoreELEC-Amlogic-no.aarch64-22/build/binutils-2.47/gprofng/src -I/work/build.CoreELEC-Amlogic-no.aarch64-22/build/binutils-2.47/gprofng/src/../common -I/work/build.CoreELEC-Amlogic-no.aarch64-22/build/binutils-2.47/gprofng/src/../../include -I/work/build.CoreELEC-Amlogic-no.aarch64-22/build/binutils-2.47/gprofng/src/../../opcodes -I../../bfd -I/work/build.CoreELEC-Amlogic-no.aarch64-22/build/binutils-2.47/gprofng/src/../../bfd -I/work/build.CoreELEC-Amlogic-no.aarch64-22/build/binutils-2.47/gprofng/../zlib -Wall -pthread -Wno-switch -fno-lto -g -O2 -MT Function.lo -MD -MP -MF .deps/Function.Tpo -c /work/build.CoreELEC-Amlogic-no.aarch64-22/build/binutils-2.47/gprofng/src/Function.cc  -fPIC -DPIC -o .libs/Function.o
libtool: compile:  /work/build.CoreELEC-Amlogic-no.aarch64-22/toolchain/bin/host-g++ -DHAVE_CONFIG_H -I. -I/work/build.CoreELEC-Amlogic-no.aarch64-22/build/binutils-2.47/gprofng/src -I.. -U_ASM -DLOCALEDIR=\"/work/build.CoreELEC-Amlogic-no.aarch64-22/toolchain/share/locale\" -DSYSCONFDIR=\"/work/build.CoreELEC-Amlogic-no.aarch64-22/toolchain/etc\" -DLIBDIR=\"/work/build.CoreELEC-Amlogic-no.aarch64-22/toolchain/lib\" -I.. -I/work/build.CoreELEC-Amlogic-no.aarch64-22/build/binutils-2.47/gprofng/src -I/work/build.CoreELEC-Amlogic-no.aarch64-22/build/binutils-2.47/gprofng/src/../common -I/work/build.CoreELEC-Amlogic-no.aarch64-22/build/binutils-2.47/gprofng/src/../../include -I/work/build.CoreELEC-Amlogic-no.aarch64-22/build/binutils-2.47/gprofng/src/../../opcodes -I../../bfd -I/work/build.CoreELEC-Amlogic-no.aarch64-22/build/binutils-2.47/gprofng/src/../../bfd -I/work/build.CoreELEC-Amlogic-no.aarch64-22/build/binutils-2.47/gprofng/../zlib -Wall -pthread -Wno-switch -fno-lto -g -O2 -MT Function.lo -MD -MP -MF .deps/Function.Tpo -c /work/build.CoreELEC-Amlogic-no.aarch64-22/build/binutils-2.47/gprofng/src/Function.cc -o Function.o >/dev/null 2>&1
depbase=`echo HeapMap.lo | sed 's|[^/]*$|.deps/&|;s|\.lo$||'`;\
/bin/dash ../libtool  --tag=CXX   --mode=compile /work/build.CoreELEC-Amlogic-no.aarch64-22/toolchain/bin/host-g++ -DHAVE_CONFIG_H -I. -I/work/build.CoreELEC-Amlogic-no.aarch64-22/build/binutils-2.47/gprofng/src -I..  -U_ASM -DLOCALEDIR=\"/work/build.CoreELEC-Amlogic-no.aarch64-22/toolchain/share/locale\" -DSYSCONFDIR=\"/work/build.CoreELEC-Amlogic-no.aarch64-22/toolchain/etc\" -DLIBDIR=\"/work/build.CoreELEC-Amlogic-no.aarch64-22/toolchain/lib\" -I.. -I/work/build.CoreELEC-Amlogic-no.aarch64-22/build/binutils-2.47/gprofng/src -I/work/build.CoreELEC-Amlogic-no.aarch64-22/build/binutils-2.47/gprofng/src/../common -I/work/build.CoreELEC-Amlogic-no.aarch64-22/build/binutils-2.47/gprofng/src/../../include -I/work/build.CoreELEC-Amlogic-no.aarch64-22/build/binutils-2.47/gprofng/src/../../opcodes -I../../bfd -I/work/build.CoreELEC-Amlogic-no.aarch64-22/build/binutils-2.47/gprofng/src/../../bfd -I/work/build.CoreELEC-Amlogic-no.aarch64-22/build/binutils-2.47/gprofng/../zlib  -Wall -pthread -Wno-switch -fno-lto -g -O2     -MT HeapMap.lo -MD -MP -MF $depbase.Tpo -c -o HeapMap.lo /work/build.CoreELEC-Amlogic-no.aarch64-22/build/binutils-2.47/gprofng/src/HeapMap.cc &&\
mv -f $depbase.Tpo $depbase.Plo
libtool: compile:  /work/build.CoreELEC-Amlogic-no.aarch64-22/toolchain/bin/host-g++ -DHAVE_CONFIG_H -I. -I/work/build.CoreELEC-Amlogic-no.aarch64-22/build/binutils-2.47/gprofng/src -I.. -U_ASM -DLOCALEDIR=\"/work/build.CoreELEC-Amlogic-no.aarch64-22/toolchain/share/locale\" -DSYSCONFDIR=\"/work/build.CoreELEC-Amlogic-no.aarch64-22/toolchain/etc\" -DLIBDIR=\"/work/build.CoreELEC-Amlogic-no.aarch64-22/toolchain/lib\" -I.. -I/work/build.CoreELEC-Amlogic-no.aarch64-22/build/binutils-2.47/gprofng/src -I/work/build.CoreELEC-Amlogic-no.aarch64-22/build/binutils-2.47/gprofng/src/../common -I/work/build.CoreELEC-Amlogic-no.aarch64-22/build/binutils-2.47/gprofng/src/../../include -I/work/build.CoreELEC-Amlogic-no.aarch64-22/build/binutils-2.47/gprofng/src/../../opcodes -I../../bfd -I/work/build.CoreELEC-Amlogic-no.aarch64-22/build/binutils-2.47/gprofng/src/../../bfd -I/work/build.CoreELEC-Amlogic-no.aarch64-22/build/binutils-2.47/gprofng/../zlib -Wall -pthread -Wno-switch -fno-lto -g -O2 -MT HeapMap.lo -MD -MP -MF .deps/HeapMap.Tpo -c /work/build.CoreELEC-Amlogic-no.aarch64-22/build/binutils-2.47/gprofng/src/HeapMap.cc  -fPIC -DPIC -o .libs/HeapMap.o
libtool: compile:  /work/build.CoreELEC-Amlogic-no.aarch64-22/toolchain/bin/host-g++ -DHAVE_CONFIG_H -I. -I/work/build.CoreELEC-Amlogic-no.aarch64-22/build/binutils-2.47/gprofng/src -I.. -U_ASM -DLOCALEDIR=\"/work/build.CoreELEC-Amlogic-no.aarch64-22/toolchain/share/locale\" -DSYSCONFDIR=\"/work/build.CoreELEC-Amlogic-no.aarch64-22/toolchain/etc\" -DLIBDIR=\"/work/build.CoreELEC-Amlogic-no.aarch64-22/toolchain/lib\" -I.. -I/work/build.CoreELEC-Amlogic-no.aarch64-22/build/binutils-2.47/gprofng/src -I/work/build.CoreELEC-Amlogic-no.aarch64-22/build/binutils-2.47/gprofng/src/../common -I/work/build.CoreELEC-Amlogic-no.aarch64-22/build/binutils-2.47/gprofng/src/../../include -I/work/build.CoreELEC-Amlogic-no.aarch64-22/build/binutils-2.47/gprofng/src/../../opcodes -I../../bfd -I/work/build.CoreELEC-Amlogic-no.aarch64-22/build/binutils-2.47/gprofng/src/../../bfd -I/work/build.CoreELEC-Amlogic-no.aarch64-22/build/binutils-2.47/gprofng/../zlib -Wall -pthread -Wno-switch -fno-lto -g -O2 -MT HeapMap.lo -MD -MP -MF .deps/HeapMap.Tpo -c /work/build.CoreELEC-Amlogic-no.aarch64-22/build/binutils-2.47/gprofng/src/HeapMap.cc -o HeapMap.o >/dev/null 2>&1
depbase=`echo HeapData.lo | sed 's|[^/]*$|.deps/&|;s|\.lo$||'`;\
/bin/dash ../libtool  --tag=CXX   --mode=compile /work/build.CoreELEC-Amlogic-no.aarch64-22/toolchain/bin/host-g++ -DHAVE_CONFIG_H -I. -I/work/build.CoreELEC-Amlogic-no.aarch64-22/build/binutils-2.47/gprofng/src -I..  -U_ASM -DLOCALEDIR=\"/work/build.CoreELEC-Amlogic-no.aarch64-22/toolchain/share/locale\" -DSYSCONFDIR=\"/work/build.CoreELEC-Amlogic-no.aarch64-22/toolchain/etc\" -DLIBDIR=\"/work/build.CoreELEC-Amlogic-no.aarch64-22/toolchain/lib\" -I.. -I/work/build.CoreELEC-Amlogic-no.aarch64-22/build/binutils-2.47/gprofng/src -I/work/build.CoreELEC-Amlogic-no.aarch64-22/build/binutils-2.47/gprofng/src/../common -I/work/build.CoreELEC-Amlogic-no.aarch64-22/build/binutils-2.47/gprofng/src/../../include -I/work/build.CoreELEC-Amlogic-no.aarch64-22/build/binutils-2.47/gprofng/src/../../opcodes -I../../bfd -I/work/build.CoreELEC-Amlogic-no.aarch64-22/build/binutils-2.47/gprofng/src/../../bfd -I/work/build.CoreELEC-Amlogic-no.aarch64-22/build/binutils-2.47/gprofng/../zlib  -Wall -pthread -Wno-switch -fno-lto -g -O2     -MT HeapData.lo -MD -MP -MF $depbase.Tpo -c -o HeapData.lo /work/build.CoreELEC-Amlogic-no.aarch64-22/build/binutils-2.47/gprofng/src/HeapData.cc &&\
mv -f $depbase.Tpo $depbase.Plo
libtool: compile:  /work/build.CoreELEC-Amlogic-no.aarch64-22/toolchain/bin/host-g++ -DHAVE_CONFIG_H -I. -I/work/build.CoreELEC-Amlogic-no.aarch64-22/build/binutils-2.47/gprofng/src -I.. -U_ASM -DLOCALEDIR=\"/work/build.CoreELEC-Amlogic-no.aarch64-22/toolchain/share/locale\" -DSYSCONFDIR=\"/work/build.CoreELEC-Amlogic-no.aarch64-22/toolchain/etc\" -DLIBDIR=\"/work/build.CoreELEC-Amlogic-no.aarch64-22/toolchain/lib\" -I.. -I/work/build.CoreELEC-Amlogic-no.aarch64-22/build/binutils-2.47/gprofng/src -I/work/build.CoreELEC-Amlogic-no.aarch64-22/build/binutils-2.47/gprofng/src/../common -I/work/build.CoreELEC-Amlogic-no.aarch64-22/build/binutils-2.47/gprofng/src/../../include -I/work/build.CoreELEC-Amlogic-no.aarch64-22/build/binutils-2.47/gprofng/src/../../opcodes -I../../bfd -I/work/build.CoreELEC-Amlogic-no.aarch64-22/build/binutils-2.47/gprofng/src/../../bfd -I/work/build.CoreELEC-Amlogic-no.aarch64-22/build/binutils-2.47/gprofng/../zlib -Wall -pthread -Wno-switch -fno-lto -g -O2 -MT HeapData.lo -MD -MP -MF .deps/HeapData.Tpo -c /work/build.CoreELEC-Amlogic-no.aarch64-22/build/binutils-2.47/gprofng/src/HeapData.cc  -fPIC -DPIC -o .libs/HeapData.o
libtool: compile:  /work/build.CoreELEC-Amlogic-no.aarch64-22/toolchain/bin/host-g++ -DHAVE_CONFIG_H -I. -I/work/build.CoreELEC-Amlogic-no.aarch64-22/build/binutils-2.47/gprofng/src -I.. -U_ASM -DLOCALEDIR=\"/work/build.CoreELEC-Amlogic-no.aarch64-22/toolchain/share/locale\" -DSYSCONFDIR=\"/work/build.CoreELEC-Amlogic-no.aarch64-22/toolchain/etc\" -DLIBDIR=\"/work/build.CoreELEC-Amlogic-no.aarch64-22/toolchain/lib\" -I.. -I/work/build.CoreELEC-Amlogic-no.aarch64-22/build/binutils-2.47/gprofng/src -I/work/build.CoreELEC-Amlogic-no.aarch64-22/build/binutils-2.47/gprofng/src/../common -I/work/build.CoreELEC-Amlogic-no.aarch64-22/build/binutils-2.47/gprofng/src/../../include -I/work/build.CoreELEC-Amlogic-no.aarch64-22/build/binutils-2.47/gprofng/src/../../opcodes -I../../bfd -I/work/build.CoreELEC-Amlogic-no.aarch64-22/build/binutils-2.47/gprofng/src/../../bfd -I/work/build.CoreELEC-Amlogic-no.aarch64-22/build/binutils-2.47/gprofng/../zlib -Wall -pthread -Wno-switch -fno-lto -g -O2 -MT HeapData.lo -MD -MP -MF .deps/HeapData.Tpo -c /work/build.CoreELEC-Amlogic-no.aarch64-22/build/binutils-2.47/gprofng/src/HeapData.cc -o HeapData.o >/dev/null 2>&1
depbase=`echo HeapActivity.lo | sed 's|[^/]*$|.deps/&|;s|\.lo$||'`;\
/bin/dash ../libtool  --tag=CXX   --mode=compile /work/build.CoreELEC-Amlogic-no.aarch64-22/toolchain/bin/host-g++ -DHAVE_CONFIG_H -I. -I/work/build.CoreELEC-Amlogic-no.aarch64-22/build/binutils-2.47/gprofng/src -I..  -U_ASM -DLOCALEDIR=\"/work/build.CoreELEC-Amlogic-no.aarch64-22/toolchain/share/locale\" -DSYSCONFDIR=\"/work/build.CoreELEC-Amlogic-no.aarch64-22/toolchain/etc\" -DLIBDIR=\"/work/build.CoreELEC-Amlogic-no.aarch64-22/toolchain/lib\" -I.. -I/work/build.CoreELEC-Amlogic-no.aarch64-22/build/binutils-2.47/gprofng/src -I/work/build.CoreELEC-Amlogic-no.aarch64-22/build/binutils-2.47/gprofng/src/../common -I/work/build.CoreELEC-Amlogic-no.aarch64-22/build/binutils-2.47/gprofng/src/../../include -I/work/build.CoreELEC-Amlogic-no.aarch64-22/build/binutils-2.47/gprofng/src/../../opcodes -I../../bfd -I/work/build.CoreELEC-Amlogic-no.aarch64-22/build/binutils-2.47/gprofng/src/../../bfd -I/work/build.CoreELEC-Amlogic-no.aarch64-22/build/binutils-2.47/gprofng/../zlib  -Wall -pthread -Wno-switch -fno-lto -g -O2     -MT HeapActivity.lo -MD -MP -MF $depbase.Tpo -c -o HeapActivity.lo /work/build.CoreELEC-Amlogic-no.aarch64-22/build/binutils-2.47/gprofng/src/HeapActivity.cc &&\
mv -f $depbase.Tpo $depbase.Plo
libtool: compile:  /work/build.CoreELEC-Amlogic-no.aarch64-22/toolchain/bin/host-g++ -DHAVE_CONFIG_H -I. -I/work/build.CoreELEC-Amlogic-no.aarch64-22/build/binutils-2.47/gprofng/src -I.. -U_ASM -DLOCALEDIR=\"/work/build.CoreELEC-Amlogic-no.aarch64-22/toolchain/share/locale\" -DSYSCONFDIR=\"/work/build.CoreELEC-Amlogic-no.aarch64-22/toolchain/etc\" -DLIBDIR=\"/work/build.CoreELEC-Amlogic-no.aarch64-22/toolchain/lib\" -I.. -I/work/build.CoreELEC-Amlogic-no.aarch64-22/build/binutils-2.47/gprofng/src -I/work/build.CoreELEC-Amlogic-no.aarch64-22/build/binutils-2.47/gprofng/src/../common -I/work/build.CoreELEC-Amlogic-no.aarch64-22/build/binutils-2.47/gprofng/src/../../include -I/work/build.CoreELEC-Amlogic-no.aarch64-22/build/binutils-2.47/gprofng/src/../../opcodes -I../../bfd -I/work/build.CoreELEC-Amlogic-no.aarch64-22/build/binutils-2.47/gprofng/src/../../bfd -I/work/build.CoreELEC-Amlogic-no.aarch64-22/build/binutils-2.47/gprofng/../zlib -Wall -pthread -Wno-switch -fno-lto -g -O2 -MT HeapActivity.lo -MD -MP -MF .deps/HeapActivity.Tpo -c /work/build.CoreELEC-Amlogic-no.aarch64-22/build/binutils-2.47/gprofng/src/HeapActivity.cc  -fPIC -DPIC -o .libs/HeapActivity.o
libtool: compile:  /work/build.CoreELEC-Amlogic-no.aarch64-22/toolchain/bin/host-g++ -DHAVE_CONFIG_H -I. -I/work/build.CoreELEC-Amlogic-no.aarch64-22/build/binutils-2.47/gprofng/src -I.. -U_ASM -DLOCALEDIR=\"/work/build.CoreELEC-Amlogic-no.aarch64-22/toolchain/share/locale\" -DSYSCONFDIR=\"/work/build.CoreELEC-Amlogic-no.aarch64-22/toolchain/etc\" -DLIBDIR=\"/work/build.CoreELEC-Amlogic-no.aarch64-22/toolchain/lib\" -I.. -I/work/build.CoreELEC-Amlogic-no.aarch64-22/build/binutils-2.47/gprofng/src -I/work/build.CoreELEC-Amlogic-no.aarch64-22/build/binutils-2.47/gprofng/src/../common -I/work/build.CoreELEC-Amlogic-no.aarch64-22/build/binutils-2.47/gprofng/src/../../include -I/work/build.CoreELEC-Amlogic-no.aarch64-22/build/binutils-2.47/gprofng/src/../../opcodes -I../../bfd -I/work/build.CoreELEC-Amlogic-no.aarch64-22/build/binutils-2.47/gprofng/src/../../bfd -I/work/build.CoreELEC-Amlogic-no.aarch64-22/build/binutils-2.47/gprofng/../zlib -Wall -pthread -Wno-switch -fno-lto -g -O2 -MT HeapActivity.lo -MD -MP -MF .deps/HeapActivity.Tpo -c /work/build.CoreELEC-Amlogic-no.aarch64-22/build/binutils-2.47/gprofng/src/HeapActivity.cc -o HeapActivity.o >/dev/null 2>&1
depbase=`echo Hist_data.lo | sed 's|[^/]*$|.deps/&|;s|\.lo$||'`;\
/bin/dash ../libtool  --tag=CXX   --mode=compile /work/build.CoreELEC-Amlogic-no.aarch64-22/toolchain/bin/host-g++ -DHAVE_CONFIG_H -I. -I/work/build.CoreELEC-Amlogic-no.aarch64-22/build/binutils-2.47/gprofng/src -I..  -U_ASM -DLOCALEDIR=\"/work/build.CoreELEC-Amlogic-no.aarch64-22/toolchain/share/locale\" -DSYSCONFDIR=\"/work/build.CoreELEC-Amlogic-no.aarch64-22/toolchain/etc\" -DLIBDIR=\"/work/build.CoreELEC-Amlogic-no.aarch64-22/toolchain/lib\" -I.. -I/work/build.CoreELEC-Amlogic-no.aarch64-22/build/binutils-2.47/gprofng/src -I/work/build.CoreELEC-Amlogic-no.aarch64-22/build/binutils-2.47/gprofng/src/../common -I/work/build.CoreELEC-Amlogic-no.aarch64-22/build/binutils-2.47/gprofng/src/../../include -I/work/build.CoreELEC-Amlogic-no.aarch64-22/build/binutils-2.47/gprofng/src/../../opcodes -I../../bfd -I/work/build.CoreELEC-Amlogic-no.aarch64-22/build/binutils-2.47/gprofng/src/../../bfd -I/work/build.CoreELEC-Amlogic-no.aarch64-22/build/binutils-2.47/gprofng/../zlib  -Wall -pthread -Wno-switch -fno-lto -g -O2     -MT Hist_data.lo -MD -MP -MF $depbase.Tpo -c -o Hist_data.lo /work/build.CoreELEC-Amlogic-no.aarch64-22/build/binutils-2.47/gprofng/src/Hist_data.cc &&\
mv -f $depbase.Tpo $depbase.Plo
libtool: compile:  /work/build.CoreELEC-Amlogic-no.aarch64-22/toolchain/bin/host-g++ -DHAVE_CONFIG_H -I. -I/work/build.CoreELEC-Amlogic-no.aarch64-22/build/binutils-2.47/gprofng/src -I.. -U_ASM -DLOCALEDIR=\"/work/build.CoreELEC-Amlogic-no.aarch64-22/toolchain/share/locale\" -DSYSCONFDIR=\"/work/build.CoreELEC-Amlogic-no.aarch64-22/toolchain/etc\" -DLIBDIR=\"/work/build.CoreELEC-Amlogic-no.aarch64-22/toolchain/lib\" -I.. -I/work/build.CoreELEC-Amlogic-no.aarch64-22/build/binutils-2.47/gprofng/src -I/work/build.CoreELEC-Amlogic-no.aarch64-22/build/binutils-2.47/gprofng/src/../common -I/work/build.CoreELEC-Amlogic-no.aarch64-22/build/binutils-2.47/gprofng/src/../../include -I/work/build.CoreELEC-Amlogic-no.aarch64-22/build/binutils-2.47/gprofng/src/../../opcodes -I../../bfd -I/work/build.CoreELEC-Amlogic-no.aarch64-22/build/binutils-2.47/gprofng/src/../../bfd -I/work/build.CoreELEC-Amlogic-no.aarch64-22/build/binutils-2.47/gprofng/../zlib -Wall -pthread -Wno-switch -fno-lto -g -O2 -MT Hist_data.lo -MD -MP -MF .deps/Hist_data.Tpo -c /work/build.CoreELEC-Amlogic-no.aarch64-22/build/binutils-2.47/gprofng/src/Hist_data.cc  -fPIC -DPIC -o .libs/Hist_data.o
libtool: compile:  /work/build.CoreELEC-Amlogic-no.aarch64-22/toolchain/bin/host-g++ -DHAVE_CONFIG_H -I. -I/work/build.CoreELEC-Amlogic-no.aarch64-22/build/binutils-2.47/gprofng/src -I.. -U_ASM -DLOCALEDIR=\"/work/build.CoreELEC-Amlogic-no.aarch64-22/toolchain/share/locale\" -DSYSCONFDIR=\"/work/build.CoreELEC-Amlogic-no.aarch64-22/toolchain/etc\" -DLIBDIR=\"/work/build.CoreELEC-Amlogic-no.aarch64-22/toolchain/lib\" -I.. -I/work/build.CoreELEC-Amlogic-no.aarch64-22/build/binutils-2.47/gprofng/src -I/work/build.CoreELEC-Amlogic-no.aarch64-22/build/binutils-2.47/gprofng/src/../common -I/work/build.CoreELEC-Amlogic-no.aarch64-22/build/binutils-2.47/gprofng/src/../../include -I/work/build.CoreELEC-Amlogic-no.aarch64-22/build/binutils-2.47/gprofng/src/../../opcodes -I../../bfd -I/work/build.CoreELEC-Amlogic-no.aarch64-22/build/binutils-2.47/gprofng/src/../../bfd -I/work/build.CoreELEC-Amlogic-no.aarch64-22/build/binutils-2.47/gprofng/../zlib -Wall -pthread -Wno-switch -fno-lto -g -O2 -MT Hist_data.lo -MD -MP -MF .deps/Hist_data.Tpo -c /work/build.CoreELEC-Amlogic-no.aarch64-22/build/binutils-2.47/gprofng/src/Hist_data.cc -o Hist_data.o >/dev/null 2>&1
depbase=`echo IndexObject.lo | sed 's|[^/]*$|.deps/&|;s|\.lo$||'`;\
/bin/dash ../libtool  --tag=CXX   --mode=compile /work/build.CoreELEC-Amlogic-no.aarch64-22/toolchain/bin/host-g++ -DHAVE_CONFIG_H -I. -I/work/build.CoreELEC-Amlogic-no.aarch64-22/build/binutils-2.47/gprofng/src -I..  -U_ASM -DLOCALEDIR=\"/work/build.CoreELEC-Amlogic-no.aarch64-22/toolchain/share/locale\" -DSYSCONFDIR=\"/work/build.CoreELEC-Amlogic-no.aarch64-22/toolchain/etc\" -DLIBDIR=\"/work/build.CoreELEC-Amlogic-no.aarch64-22/toolchain/lib\" -I.. -I/work/build.CoreELEC-Amlogic-no.aarch64-22/build/binutils-2.47/gprofng/src -I/work/build.CoreELEC-Amlogic-no.aarch64-22/build/binutils-2.47/gprofng/src/../common -I/work/build.CoreELEC-Amlogic-no.aarch64-22/build/binutils-2.47/gprofng/src/../../include -I/work/build.CoreELEC-Amlogic-no.aarch64-22/build/binutils-2.47/gprofng/src/../../opcodes -I../../bfd -I/work/build.CoreELEC-Amlogic-no.aarch64-22/build/binutils-2.47/gprofng/src/../../bfd -I/work/build.CoreELEC-Amlogic-no.aarch64-22/build/binutils-2.47/gprofng/../zlib  -Wall -pthread -Wno-switch -fno-lto -g -O2     -MT IndexObject.lo -MD -MP -MF $depbase.Tpo -c -o IndexObject.lo /work/build.CoreELEC-Amlogic-no.aarch64-22/build/binutils-2.47/gprofng/src/IndexObject.cc &&\
mv -f $depbase.Tpo $depbase.Plo
libtool: compile:  /work/build.CoreELEC-Amlogic-no.aarch64-22/toolchain/bin/host-g++ -DHAVE_CONFIG_H -I. -I/work/build.CoreELEC-Amlogic-no.aarch64-22/build/binutils-2.47/gprofng/src -I.. -U_ASM -DLOCALEDIR=\"/work/build.CoreELEC-Amlogic-no.aarch64-22/toolchain/share/locale\" -DSYSCONFDIR=\"/work/build.CoreELEC-Amlogic-no.aarch64-22/toolchain/etc\" -DLIBDIR=\"/work/build.CoreELEC-Amlogic-no.aarch64-22/toolchain/lib\" -I.. -I/work/build.CoreELEC-Amlogic-no.aarch64-22/build/binutils-2.47/gprofng/src -I/work/build.CoreELEC-Amlogic-no.aarch64-22/build/binutils-2.47/gprofng/src/../common -I/work/build.CoreELEC-Amlogic-no.aarch64-22/build/binutils-2.47/gprofng/src/../../include -I/work/build.CoreELEC-Amlogic-no.aarch64-22/build/binutils-2.47/gprofng/src/../../opcodes -I../../bfd -I/work/build.CoreELEC-Amlogic-no.aarch64-22/build/binutils-2.47/gprofng/src/../../bfd -I/work/build.CoreELEC-Amlogic-no.aarch64-22/build/binutils-2.47/gprofng/../zlib -Wall -pthread -Wno-switch -fno-lto -g -O2 -MT IndexObject.lo -MD -MP -MF .deps/IndexObject.Tpo -c /work/build.CoreELEC-Amlogic-no.aarch64-22/build/binutils-2.47/gprofng/src/IndexObject.cc  -fPIC -DPIC -o .libs/IndexObject.o
libtool: compile:  /work/build.CoreELEC-Amlogic-no.aarch64-22/toolchain/bin/host-g++ -DHAVE_CONFIG_H -I. -I/work/build.CoreELEC-Amlogic-no.aarch64-22/build/binutils-2.47/gprofng/src -I.. -U_ASM -DLOCALEDIR=\"/work/build.CoreELEC-Amlogic-no.aarch64-22/toolchain/share/locale\" -DSYSCONFDIR=\"/work/build.CoreELEC-Amlogic-no.aarch64-22/toolchain/etc\" -DLIBDIR=\"/work/build.CoreELEC-Amlogic-no.aarch64-22/toolchain/lib\" -I.. -I/work/build.CoreELEC-Amlogic-no.aarch64-22/build/binutils-2.47/gprofng/src -I/work/build.CoreELEC-Amlogic-no.aarch64-22/build/binutils-2.47/gprofng/src/../common -I/work/build.CoreELEC-Amlogic-no.aarch64-22/build/binutils-2.47/gprofng/src/../../include -I/work/build.CoreELEC-Amlogic-no.aarch64-22/build/binutils-2.47/gprofng/src/../../opcodes -I../../bfd -I/work/build.CoreELEC-Amlogic-no.aarch64-22/build/binutils-2.47/gprofng/src/../../bfd -I/work/build.CoreELEC-Amlogic-no.aarch64-22/build/binutils-2.47/gprofng/../zlib -Wall -pthread -Wno-switch -fno-lto -g -O2 -MT IndexObject.lo -MD -MP -MF .deps/IndexObject.Tpo -c /work/build.CoreELEC-Amlogic-no.aarch64-22/build/binutils-2.47/gprofng/src/IndexObject.cc -o IndexObject.o >/dev/null 2>&1
depbase=`echo IOActivity.lo | sed 's|[^/]*$|.deps/&|;s|\.lo$||'`;\
/bin/dash ../libtool  --tag=CXX   --mode=compile /work/build.CoreELEC-Amlogic-no.aarch64-22/toolchain/bin/host-g++ -DHAVE_CONFIG_H -I. -I/work/build.CoreELEC-Amlogic-no.aarch64-22/build/binutils-2.47/gprofng/src -I..  -U_ASM -DLOCALEDIR=\"/work/build.CoreELEC-Amlogic-no.aarch64-22/toolchain/share/locale\" -DSYSCONFDIR=\"/work/build.CoreELEC-Amlogic-no.aarch64-22/toolchain/etc\" -DLIBDIR=\"/work/build.CoreELEC-Amlogic-no.aarch64-22/toolchain/lib\" -I.. -I/work/build.CoreELEC-Amlogic-no.aarch64-22/build/binutils-2.47/gprofng/src -I/work/build.CoreELEC-Amlogic-no.aarch64-22/build/binutils-2.47/gprofng/src/../common -I/work/build.CoreELEC-Amlogic-no.aarch64-22/build/binutils-2.47/gprofng/src/../../include -I/work/build.CoreELEC-Amlogic-no.aarch64-22/build/binutils-2.47/gprofng/src/../../opcodes -I../../bfd -I/work/build.CoreELEC-Amlogic-no.aarch64-22/build/binutils-2.47/gprofng/src/../../bfd -I/work/build.CoreELEC-Amlogic-no.aarch64-22/build/binutils-2.47/gprofng/../zlib  -Wall -pthread -Wno-switch -fno-lto -g -O2     -MT IOActivity.lo -MD -MP -MF $depbase.Tpo -c -o IOActivity.lo /work/build.CoreELEC-Amlogic-no.aarch64-22/build/binutils-2.47/gprofng/src/IOActivity.cc &&\
mv -f $depbase.Tpo $depbase.Plo
libtool: compile:  /work/build.CoreELEC-Amlogic-no.aarch64-22/toolchain/bin/host-g++ -DHAVE_CONFIG_H -I. -I/work/build.CoreELEC-Amlogic-no.aarch64-22/build/binutils-2.47/gprofng/src -I.. -U_ASM -DLOCALEDIR=\"/work/build.CoreELEC-Amlogic-no.aarch64-22/toolchain/share/locale\" -DSYSCONFDIR=\"/work/build.CoreELEC-Amlogic-no.aarch64-22/toolchain/etc\" -DLIBDIR=\"/work/build.CoreELEC-Amlogic-no.aarch64-22/toolchain/lib\" -I.. -I/work/build.CoreELEC-Amlogic-no.aarch64-22/build/binutils-2.47/gprofng/src -I/work/build.CoreELEC-Amlogic-no.aarch64-22/build/binutils-2.47/gprofng/src/../common -I/work/build.CoreELEC-Amlogic-no.aarch64-22/build/binutils-2.47/gprofng/src/../../include -I/work/build.CoreELEC-Amlogic-no.aarch64-22/build/binutils-2.47/gprofng/src/../../opcodes -I../../bfd -I/work/build.CoreELEC-Amlogic-no.aarch64-22/build/binutils-2.47/gprofng/src/../../bfd -I/work/build.CoreELEC-Amlogic-no.aarch64-22/build/binutils-2.47/gprofng/../zlib -Wall -pthread -Wno-switch -fno-lto -g -O2 -MT IOActivity.lo -MD -MP -MF .deps/IOActivity.Tpo -c /work/build.CoreELEC-Amlogic-no.aarch64-22/build/binutils-2.47/gprofng/src/IOActivity.cc  -fPIC -DPIC -o .libs/IOActivity.o
libtool: compile:  /work/build.CoreELEC-Amlogic-no.aarch64-22/toolchain/bin/host-g++ -DHAVE_CONFIG_H -I. -I/work/build.CoreELEC-Amlogic-no.aarch64-22/build/binutils-2.47/gprofng/src -I.. -U_ASM -DLOCALEDIR=\"/work/build.CoreELEC-Amlogic-no.aarch64-22/toolchain/share/locale\" -DSYSCONFDIR=\"/work/build.CoreELEC-Amlogic-no.aarch64-22/toolchain/etc\" -DLIBDIR=\"/work/build.CoreELEC-Amlogic-no.aarch64-22/toolchain/lib\" -I.. -I/work/build.CoreELEC-Amlogic-no.aarch64-22/build/binutils-2.47/gprofng/src -I/work/build.CoreELEC-Amlogic-no.aarch64-22/build/binutils-2.47/gprofng/src/../common -I/work/build.CoreELEC-Amlogic-no.aarch64-22/build/binutils-2.47/gprofng/src/../../include -I/work/build.CoreELEC-Amlogic-no.aarch64-22/build/binutils-2.47/gprofng/src/../../opcodes -I../../bfd -I/work/build.CoreELEC-Amlogic-no.aarch64-22/build/binutils-2.47/gprofng/src/../../bfd -I/work/build.CoreELEC-Amlogic-no.aarch64-22/build/binutils-2.47/gprofng/../zlib -Wall -pthread -Wno-switch -fno-lto -g -O2 -MT IOActivity.lo -MD -MP -MF .deps/IOActivity.Tpo -c /work/build.CoreELEC-Amlogic-no.aarch64-22/build/binutils-2.47/gprofng/src/IOActivity.cc -o IOActivity.o >/dev/null 2>&1
depbase=`echo LoadObject.lo | sed 's|[^/]*$|.deps/&|;s|\.lo$||'`;\
/bin/dash ../libtool  --tag=CXX   --mode=compile /work/build.CoreELEC-Amlogic-no.aarch64-22/toolchain/bin/host-g++ -DHAVE_CONFIG_H -I. -I/work/build.CoreELEC-Amlogic-no.aarch64-22/build/binutils-2.47/gprofng/src -I..  -U_ASM -DLOCALEDIR=\"/work/build.CoreELEC-Amlogic-no.aarch64-22/toolchain/share/locale\" -DSYSCONFDIR=\"/work/build.CoreELEC-Amlogic-no.aarch64-22/toolchain/etc\" -DLIBDIR=\"/work/build.CoreELEC-Amlogic-no.aarch64-22/toolchain/lib\" -I.. -I/work/build.CoreELEC-Amlogic-no.aarch64-22/build/binutils-2.47/gprofng/src -I/work/build.CoreELEC-Amlogic-no.aarch64-22/build/binutils-2.47/gprofng/src/../common -I/work/build.CoreELEC-Amlogic-no.aarch64-22/build/binutils-2.47/gprofng/src/../../include -I/work/build.CoreELEC-Amlogic-no.aarch64-22/build/binutils-2.47/gprofng/src/../../opcodes -I../../bfd -I/work/build.CoreELEC-Amlogic-no.aarch64-22/build/binutils-2.47/gprofng/src/../../bfd -I/work/build.CoreELEC-Amlogic-no.aarch64-22/build/binutils-2.47/gprofng/../zlib  -Wall -pthread -Wno-switch -fno-lto -g -O2     -MT LoadObject.lo -MD -MP -MF $depbase.Tpo -c -o LoadObject.lo /work/build.CoreELEC-Amlogic-no.aarch64-22/build/binutils-2.47/gprofng/src/LoadObject.cc &&\
mv -f $depbase.Tpo $depbase.Plo
libtool: compile:  /work/build.CoreELEC-Amlogic-no.aarch64-22/toolchain/bin/host-g++ -DHAVE_CONFIG_H -I. -I/work/build.CoreELEC-Amlogic-no.aarch64-22/build/binutils-2.47/gprofng/src -I.. -U_ASM -DLOCALEDIR=\"/work/build.CoreELEC-Amlogic-no.aarch64-22/toolchain/share/locale\" -DSYSCONFDIR=\"/work/build.CoreELEC-Amlogic-no.aarch64-22/toolchain/etc\" -DLIBDIR=\"/work/build.CoreELEC-Amlogic-no.aarch64-22/toolchain/lib\" -I.. -I/work/build.CoreELEC-Amlogic-no.aarch64-22/build/binutils-2.47/gprofng/src -I/work/build.CoreELEC-Amlogic-no.aarch64-22/build/binutils-2.47/gprofng/src/../common -I/work/build.CoreELEC-Amlogic-no.aarch64-22/build/binutils-2.47/gprofng/src/../../include -I/work/build.CoreELEC-Amlogic-no.aarch64-22/build/binutils-2.47/gprofng/src/../../opcodes -I../../bfd -I/work/build.CoreELEC-Amlogic-no.aarch64-22/build/binutils-2.47/gprofng/src/../../bfd -I/work/build.CoreELEC-Amlogic-no.aarch64-22/build/binutils-2.47/gprofng/../zlib -Wall -pthread -Wno-switch -fno-lto -g -O2 -MT LoadObject.lo -MD -MP -MF .deps/LoadObject.Tpo -c /work/build.CoreELEC-Amlogic-no.aarch64-22/build/binutils-2.47/gprofng/src/LoadObject.cc  -fPIC -DPIC -o .libs/LoadObject.o
libtool: compile:  /work/build.CoreELEC-Amlogic-no.aarch64-22/toolchain/bin/host-g++ -DHAVE_CONFIG_H -I. -I/work/build.CoreELEC-Amlogic-no.aarch64-22/build/binutils-2.47/gprofng/src -I.. -U_ASM -DLOCALEDIR=\"/work/build.CoreELEC-Amlogic-no.aarch64-22/toolchain/share/locale\" -DSYSCONFDIR=\"/work/build.CoreELEC-Amlogic-no.aarch64-22/toolchain/etc\" -DLIBDIR=\"/work/build.CoreELEC-Amlogic-no.aarch64-22/toolchain/lib\" -I.. -I/work/build.CoreELEC-Amlogic-no.aarch64-22/build/binutils-2.47/gprofng/src -I/work/build.CoreELEC-Amlogic-no.aarch64-22/build/binutils-2.47/gprofng/src/../common -I/work/build.CoreELEC-Amlogic-no.aarch64-22/build/binutils-2.47/gprofng/src/../../include -I/work/build.CoreELEC-Amlogic-no.aarch64-22/build/binutils-2.47/gprofng/src/../../opcodes -I../../bfd -I/work/build.CoreELEC-Amlogic-no.aarch64-22/build/binutils-2.47/gprofng/src/../../bfd -I/work/build.CoreELEC-Amlogic-no.aarch64-22/build/binutils-2.47/gprofng/../zlib -Wall -pthread -Wno-switch -fno-lto -g -O2 -MT LoadObject.lo -MD -MP -MF .deps/LoadObject.Tpo -c /work/build.CoreELEC-Amlogic-no.aarch64-22/build/binutils-2.47/gprofng/src/LoadObject.cc -o LoadObject.o >/dev/null 2>&1
depbase=`echo MachineModel.lo | sed 's|[^/]*$|.deps/&|;s|\.lo$||'`;\
/bin/dash ../libtool  --tag=CXX   --mode=compile /work/build.CoreELEC-Amlogic-no.aarch64-22/toolchain/bin/host-g++ -DHAVE_CONFIG_H -I. -I/work/build.CoreELEC-Amlogic-no.aarch64-22/build/binutils-2.47/gprofng/src -I..  -U_ASM -DLOCALEDIR=\"/work/build.CoreELEC-Amlogic-no.aarch64-22/toolchain/share/locale\" -DSYSCONFDIR=\"/work/build.CoreELEC-Amlogic-no.aarch64-22/toolchain/etc\" -DLIBDIR=\"/work/build.CoreELEC-Amlogic-no.aarch64-22/toolchain/lib\" -I.. -I/work/build.CoreELEC-Amlogic-no.aarch64-22/build/binutils-2.47/gprofng/src -I/work/build.CoreELEC-Amlogic-no.aarch64-22/build/binutils-2.47/gprofng/src/../common -I/work/build.CoreELEC-Amlogic-no.aarch64-22/build/binutils-2.47/gprofng/src/../../include -I/work/build.CoreELEC-Amlogic-no.aarch64-22/build/binutils-2.47/gprofng/src/../../opcodes -I../../bfd -I/work/build.CoreELEC-Amlogic-no.aarch64-22/build/binutils-2.47/gprofng/src/../../bfd -I/work/build.CoreELEC-Amlogic-no.aarch64-22/build/binutils-2.47/gprofng/../zlib  -Wall -pthread -Wno-switch -fno-lto -g -O2     -MT MachineModel.lo -MD -MP -MF $depbase.Tpo -c -o MachineModel.lo /work/build.CoreELEC-Amlogic-no.aarch64-22/build/binutils-2.47/gprofng/src/MachineModel.cc &&\
mv -f $depbase.Tpo $depbase.Plo
libtool: compile:  /work/build.CoreELEC-Amlogic-no.aarch64-22/toolchain/bin/host-g++ -DHAVE_CONFIG_H -I. -I/work/build.CoreELEC-Amlogic-no.aarch64-22/build/binutils-2.47/gprofng/src -I.. -U_ASM -DLOCALEDIR=\"/work/build.CoreELEC-Amlogic-no.aarch64-22/toolchain/share/locale\" -DSYSCONFDIR=\"/work/build.CoreELEC-Amlogic-no.aarch64-22/toolchain/etc\" -DLIBDIR=\"/work/build.CoreELEC-Amlogic-no.aarch64-22/toolchain/lib\" -I.. -I/work/build.CoreELEC-Amlogic-no.aarch64-22/build/binutils-2.47/gprofng/src -I/work/build.CoreELEC-Amlogic-no.aarch64-22/build/binutils-2.47/gprofng/src/../common -I/work/build.CoreELEC-Amlogic-no.aarch64-22/build/binutils-2.47/gprofng/src/../../include -I/work/build.CoreELEC-Amlogic-no.aarch64-22/build/binutils-2.47/gprofng/src/../../opcodes -I../../bfd -I/work/build.CoreELEC-Amlogic-no.aarch64-22/build/binutils-2.47/gprofng/src/../../bfd -I/work/build.CoreELEC-Amlogic-no.aarch64-22/build/binutils-2.47/gprofng/../zlib -Wall -pthread -Wno-switch -fno-lto -g -O2 -MT MachineModel.lo -MD -MP -MF .deps/MachineModel.Tpo -c /work/build.CoreELEC-Amlogic-no.aarch64-22/build/binutils-2.47/gprofng/src/MachineModel.cc  -fPIC -DPIC -o .libs/MachineModel.o
libtool: compile:  /work/build.CoreELEC-Amlogic-no.aarch64-22/toolchain/bin/host-g++ -DHAVE_CONFIG_H -I. -I/work/build.CoreELEC-Amlogic-no.aarch64-22/build/binutils-2.47/gprofng/src -I.. -U_ASM -DLOCALEDIR=\"/work/build.CoreELEC-Amlogic-no.aarch64-22/toolchain/share/locale\" -DSYSCONFDIR=\"/work/build.CoreELEC-Amlogic-no.aarch64-22/toolchain/etc\" -DLIBDIR=\"/work/build.CoreELEC-Amlogic-no.aarch64-22/toolchain/lib\" -I.. -I/work/build.CoreELEC-Amlogic-no.aarch64-22/build/binutils-2.47/gprofng/src -I/work/build.CoreELEC-Amlogic-no.aarch64-22/build/binutils-2.47/gprofng/src/../common -I/work/build.CoreELEC-Amlogic-no.aarch64-22/build/binutils-2.47/gprofng/src/../../include -I/work/build.CoreELEC-Amlogic-no.aarch64-22/build/binutils-2.47/gprofng/src/../../opcodes -I../../bfd -I/work/build.CoreELEC-Amlogic-no.aarch64-22/build/binutils-2.47/gprofng/src/../../bfd -I/work/build.CoreELEC-Amlogic-no.aarch64-22/build/binutils-2.47/gprofng/../zlib -Wall -pthread -Wno-switch -fno-lto -g -O2 -MT MachineModel.lo -MD -MP -MF .deps/MachineModel.Tpo -c /work/build.CoreELEC-Amlogic-no.aarch64-22/build/binutils-2.47/gprofng/src/MachineModel.cc -o MachineModel.o >/dev/null 2>&1
depbase=`echo MemObject.lo | sed 's|[^/]*$|.deps/&|;s|\.lo$||'`;\
/bin/dash ../libtool  --tag=CXX   --mode=compile /work/build.CoreELEC-Amlogic-no.aarch64-22/toolchain/bin/host-g++ -DHAVE_CONFIG_H -I. -I/work/build.CoreELEC-Amlogic-no.aarch64-22/build/binutils-2.47/gprofng/src -I..  -U_ASM -DLOCALEDIR=\"/work/build.CoreELEC-Amlogic-no.aarch64-22/toolchain/share/locale\" -DSYSCONFDIR=\"/work/build.CoreELEC-Amlogic-no.aarch64-22/toolchain/etc\" -DLIBDIR=\"/work/build.CoreELEC-Amlogic-no.aarch64-22/toolchain/lib\" -I.. -I/work/build.CoreELEC-Amlogic-no.aarch64-22/build/binutils-2.47/gprofng/src -I/work/build.CoreELEC-Amlogic-no.aarch64-22/build/binutils-2.47/gprofng/src/../common -I/work/build.CoreELEC-Amlogic-no.aarch64-22/build/binutils-2.47/gprofng/src/../../include -I/work/build.CoreELEC-Amlogic-no.aarch64-22/build/binutils-2.47/gprofng/src/../../opcodes -I../../bfd -I/work/build.CoreELEC-Amlogic-no.aarch64-22/build/binutils-2.47/gprofng/src/../../bfd -I/work/build.CoreELEC-Amlogic-no.aarch64-22/build/binutils-2.47/gprofng/../zlib  -Wall -pthread -Wno-switch -fno-lto -g -O2     -MT MemObject.lo -MD -MP -MF $depbase.Tpo -c -o MemObject.lo /work/build.CoreELEC-Amlogic-no.aarch64-22/build/binutils-2.47/gprofng/src/MemObject.cc &&\
mv -f $depbase.Tpo $depbase.Plo
libtool: compile:  /work/build.CoreELEC-Amlogic-no.aarch64-22/toolchain/bin/host-g++ -DHAVE_CONFIG_H -I. -I/work/build.CoreELEC-Amlogic-no.aarch64-22/build/binutils-2.47/gprofng/src -I.. -U_ASM -DLOCALEDIR=\"/work/build.CoreELEC-Amlogic-no.aarch64-22/toolchain/share/locale\" -DSYSCONFDIR=\"/work/build.CoreELEC-Amlogic-no.aarch64-22/toolchain/etc\" -DLIBDIR=\"/work/build.CoreELEC-Amlogic-no.aarch64-22/toolchain/lib\" -I.. -I/work/build.CoreELEC-Amlogic-no.aarch64-22/build/binutils-2.47/gprofng/src -I/work/build.CoreELEC-Amlogic-no.aarch64-22/build/binutils-2.47/gprofng/src/../common -I/work/build.CoreELEC-Amlogic-no.aarch64-22/build/binutils-2.47/gprofng/src/../../include -I/work/build.CoreELEC-Amlogic-no.aarch64-22/build/binutils-2.47/gprofng/src/../../opcodes -I../../bfd -I/work/build.CoreELEC-Amlogic-no.aarch64-22/build/binutils-2.47/gprofng/src/../../bfd -I/work/build.CoreELEC-Amlogic-no.aarch64-22/build/binutils-2.47/gprofng/../zlib -Wall -pthread -Wno-switch -fno-lto -g -O2 -MT MemObject.lo -MD -MP -MF .deps/MemObject.Tpo -c /work/build.CoreELEC-Amlogic-no.aarch64-22/build/binutils-2.47/gprofng/src/MemObject.cc  -fPIC -DPIC -o .libs/MemObject.o
libtool: compile:  /work/build.CoreELEC-Amlogic-no.aarch64-22/toolchain/bin/host-g++ -DHAVE_CONFIG_H -I. -I/work/build.CoreELEC-Amlogic-no.aarch64-22/build/binutils-2.47/gprofng/src -I.. -U_ASM -DLOCALEDIR=\"/work/build.CoreELEC-Amlogic-no.aarch64-22/toolchain/share/locale\" -DSYSCONFDIR=\"/work/build.CoreELEC-Amlogic-no.aarch64-22/toolchain/etc\" -DLIBDIR=\"/work/build.CoreELEC-Amlogic-no.aarch64-22/toolchain/lib\" -I.. -I/work/build.CoreELEC-Amlogic-no.aarch64-22/build/binutils-2.47/gprofng/src -I/work/build.CoreELEC-Amlogic-no.aarch64-22/build/binutils-2.47/gprofng/src/../common -I/work/build.CoreELEC-Amlogic-no.aarch64-22/build/binutils-2.47/gprofng/src/../../include -I/work/build.CoreELEC-Amlogic-no.aarch64-22/build/binutils-2.47/gprofng/src/../../opcodes -I../../bfd -I/work/build.CoreELEC-Amlogic-no.aarch64-22/build/binutils-2.47/gprofng/src/../../bfd -I/work/build.CoreELEC-Amlogic-no.aarch64-22/build/binutils-2.47/gprofng/../zlib -Wall -pthread -Wno-switch -fno-lto -g -O2 -MT MemObject.lo -MD -MP -MF .deps/MemObject.Tpo -c /work/build.CoreELEC-Amlogic-no.aarch64-22/build/binutils-2.47/gprofng/src/MemObject.cc -o MemObject.o >/dev/null 2>&1
depbase=`echo MemorySpace.lo | sed 's|[^/]*$|.deps/&|;s|\.lo$||'`;\
/bin/dash ../libtool  --tag=CXX   --mode=compile /work/build.CoreELEC-Amlogic-no.aarch64-22/toolchain/bin/host-g++ -DHAVE_CONFIG_H -I. -I/work/build.CoreELEC-Amlogic-no.aarch64-22/build/binutils-2.47/gprofng/src -I..  -U_ASM -DLOCALEDIR=\"/work/build.CoreELEC-Amlogic-no.aarch64-22/toolchain/share/locale\" -DSYSCONFDIR=\"/work/build.CoreELEC-Amlogic-no.aarch64-22/toolchain/etc\" -DLIBDIR=\"/work/build.CoreELEC-Amlogic-no.aarch64-22/toolchain/lib\" -I.. -I/work/build.CoreELEC-Amlogic-no.aarch64-22/build/binutils-2.47/gprofng/src -I/work/build.CoreELEC-Amlogic-no.aarch64-22/build/binutils-2.47/gprofng/src/../common -I/work/build.CoreELEC-Amlogic-no.aarch64-22/build/binutils-2.47/gprofng/src/../../include -I/work/build.CoreELEC-Amlogic-no.aarch64-22/build/binutils-2.47/gprofng/src/../../opcodes -I../../bfd -I/work/build.CoreELEC-Amlogic-no.aarch64-22/build/binutils-2.47/gprofng/src/../../bfd -I/work/build.CoreELEC-Amlogic-no.aarch64-22/build/binutils-2.47/gprofng/../zlib  -Wall -pthread -Wno-switch -fno-lto -g -O2     -MT MemorySpace.lo -MD -MP -MF $depbase.Tpo -c -o MemorySpace.lo /work/build.CoreELEC-Amlogic-no.aarch64-22/build/binutils-2.47/gprofng/src/MemorySpace.cc &&\
mv -f $depbase.Tpo $depbase.Plo
libtool: compile:  /work/build.CoreELEC-Amlogic-no.aarch64-22/toolchain/bin/host-g++ -DHAVE_CONFIG_H -I. -I/work/build.CoreELEC-Amlogic-no.aarch64-22/build/binutils-2.47/gprofng/src -I.. -U_ASM -DLOCALEDIR=\"/work/build.CoreELEC-Amlogic-no.aarch64-22/toolchain/share/locale\" -DSYSCONFDIR=\"/work/build.CoreELEC-Amlogic-no.aarch64-22/toolchain/etc\" -DLIBDIR=\"/work/build.CoreELEC-Amlogic-no.aarch64-22/toolchain/lib\" -I.. -I/work/build.CoreELEC-Amlogic-no.aarch64-22/build/binutils-2.47/gprofng/src -I/work/build.CoreELEC-Amlogic-no.aarch64-22/build/binutils-2.47/gprofng/src/../common -I/work/build.CoreELEC-Amlogic-no.aarch64-22/build/binutils-2.47/gprofng/src/../../include -I/work/build.CoreELEC-Amlogic-no.aarch64-22/build/binutils-2.47/gprofng/src/../../opcodes -I../../bfd -I/work/build.CoreELEC-Amlogic-no.aarch64-22/build/binutils-2.47/gprofng/src/../../bfd -I/work/build.CoreELEC-Amlogic-no.aarch64-22/build/binutils-2.47/gprofng/../zlib -Wall -pthread -Wno-switch -fno-lto -g -O2 -MT MemorySpace.lo -MD -MP -MF .deps/MemorySpace.Tpo -c /work/build.CoreELEC-Amlogic-no.aarch64-22/build/binutils-2.47/gprofng/src/MemorySpace.cc  -fPIC -DPIC -o .libs/MemorySpace.o
libtool: compile:  /work/build.CoreELEC-Amlogic-no.aarch64-22/toolchain/bin/host-g++ -DHAVE_CONFIG_H -I. -I/work/build.CoreELEC-Amlogic-no.aarch64-22/build/binutils-2.47/gprofng/src -I.. -U_ASM -DLOCALEDIR=\"/work/build.CoreELEC-Amlogic-no.aarch64-22/toolchain/share/locale\" -DSYSCONFDIR=\"/work/build.CoreELEC-Amlogic-no.aarch64-22/toolchain/etc\" -DLIBDIR=\"/work/build.CoreELEC-Amlogic-no.aarch64-22/toolchain/lib\" -I.. -I/work/build.CoreELEC-Amlogic-no.aarch64-22/build/binutils-2.47/gprofng/src -I/work/build.CoreELEC-Amlogic-no.aarch64-22/build/binutils-2.47/gprofng/src/../common -I/work/build.CoreELEC-Amlogic-no.aarch64-22/build/binutils-2.47/gprofng/src/../../include -I/work/build.CoreELEC-Amlogic-no.aarch64-22/build/binutils-2.47/gprofng/src/../../opcodes -I../../bfd -I/work/build.CoreELEC-Amlogic-no.aarch64-22/build/binutils-2.47/gprofng/src/../../bfd -I/work/build.CoreELEC-Amlogic-no.aarch64-22/build/binutils-2.47/gprofng/../zlib -Wall -pthread -Wno-switch -fno-lto -g -O2 -MT MemorySpace.lo -MD -MP -MF .deps/MemorySpace.Tpo -c /work/build.CoreELEC-Amlogic-no.aarch64-22/build/binutils-2.47/gprofng/src/MemorySpace.cc -o MemorySpace.o >/dev/null 2>&1
depbase=`echo Metric.lo | sed 's|[^/]*$|.deps/&|;s|\.lo$||'`;\
/bin/dash ../libtool  --tag=CXX   --mode=compile /work/build.CoreELEC-Amlogic-no.aarch64-22/toolchain/bin/host-g++ -DHAVE_CONFIG_H -I. -I/work/build.CoreELEC-Amlogic-no.aarch64-22/build/binutils-2.47/gprofng/src -I..  -U_ASM -DLOCALEDIR=\"/work/build.CoreELEC-Amlogic-no.aarch64-22/toolchain/share/locale\" -DSYSCONFDIR=\"/work/build.CoreELEC-Amlogic-no.aarch64-22/toolchain/etc\" -DLIBDIR=\"/work/build.CoreELEC-Amlogic-no.aarch64-22/toolchain/lib\" -I.. -I/work/build.CoreELEC-Amlogic-no.aarch64-22/build/binutils-2.47/gprofng/src -I/work/build.CoreELEC-Amlogic-no.aarch64-22/build/binutils-2.47/gprofng/src/../common -I/work/build.CoreELEC-Amlogic-no.aarch64-22/build/binutils-2.47/gprofng/src/../../include -I/work/build.CoreELEC-Amlogic-no.aarch64-22/build/binutils-2.47/gprofng/src/../../opcodes -I../../bfd -I/work/build.CoreELEC-Amlogic-no.aarch64-22/build/binutils-2.47/gprofng/src/../../bfd -I/work/build.CoreELEC-Amlogic-no.aarch64-22/build/binutils-2.47/gprofng/../zlib  -Wall -pthread -Wno-switch -fno-lto -g -O2     -MT Metric.lo -MD -MP -MF $depbase.Tpo -c -o Metric.lo /work/build.CoreELEC-Amlogic-no.aarch64-22/build/binutils-2.47/gprofng/src/Metric.cc &&\
mv -f $depbase.Tpo $depbase.Plo
libtool: compile:  /work/build.CoreELEC-Amlogic-no.aarch64-22/toolchain/bin/host-g++ -DHAVE_CONFIG_H -I. -I/work/build.CoreELEC-Amlogic-no.aarch64-22/build/binutils-2.47/gprofng/src -I.. -U_ASM -DLOCALEDIR=\"/work/build.CoreELEC-Amlogic-no.aarch64-22/toolchain/share/locale\" -DSYSCONFDIR=\"/work/build.CoreELEC-Amlogic-no.aarch64-22/toolchain/etc\" -DLIBDIR=\"/work/build.CoreELEC-Amlogic-no.aarch64-22/toolchain/lib\" -I.. -I/work/build.CoreELEC-Amlogic-no.aarch64-22/build/binutils-2.47/gprofng/src -I/work/build.CoreELEC-Amlogic-no.aarch64-22/build/binutils-2.47/gprofng/src/../common -I/work/build.CoreELEC-Amlogic-no.aarch64-22/build/binutils-2.47/gprofng/src/../../include -I/work/build.CoreELEC-Amlogic-no.aarch64-22/build/binutils-2.47/gprofng/src/../../opcodes -I../../bfd -I/work/build.CoreELEC-Amlogic-no.aarch64-22/build/binutils-2.47/gprofng/src/../../bfd -I/work/build.CoreELEC-Amlogic-no.aarch64-22/build/binutils-2.47/gprofng/../zlib -Wall -pthread -Wno-switch -fno-lto -g -O2 -MT Metric.lo -MD -MP -MF .deps/Metric.Tpo -c /work/build.CoreELEC-Amlogic-no.aarch64-22/build/binutils-2.47/gprofng/src/Metric.cc  -fPIC -DPIC -o .libs/Metric.o
libtool: compile:  /work/build.CoreELEC-Amlogic-no.aarch64-22/toolchain/bin/host-g++ -DHAVE_CONFIG_H -I. -I/work/build.CoreELEC-Amlogic-no.aarch64-22/build/binutils-2.47/gprofng/src -I.. -U_ASM -DLOCALEDIR=\"/work/build.CoreELEC-Amlogic-no.aarch64-22/toolchain/share/locale\" -DSYSCONFDIR=\"/work/build.CoreELEC-Amlogic-no.aarch64-22/toolchain/etc\" -DLIBDIR=\"/work/build.CoreELEC-Amlogic-no.aarch64-22/toolchain/lib\" -I.. -I/work/build.CoreELEC-Amlogic-no.aarch64-22/build/binutils-2.47/gprofng/src -I/work/build.CoreELEC-Amlogic-no.aarch64-22/build/binutils-2.47/gprofng/src/../common -I/work/build.CoreELEC-Amlogic-no.aarch64-22/build/binutils-2.47/gprofng/src/../../include -I/work/build.CoreELEC-Amlogic-no.aarch64-22/build/binutils-2.47/gprofng/src/../../opcodes -I../../bfd -I/work/build.CoreELEC-Amlogic-no.aarch64-22/build/binutils-2.47/gprofng/src/../../bfd -I/work/build.CoreELEC-Amlogic-no.aarch64-22/build/binutils-2.47/gprofng/../zlib -Wall -pthread -Wno-switch -fno-lto -g -O2 -MT Metric.lo -MD -MP -MF .deps/Metric.Tpo -c /work/build.CoreELEC-Amlogic-no.aarch64-22/build/binutils-2.47/gprofng/src/Metric.cc -o Metric.o >/dev/null 2>&1
depbase=`echo MetricList.lo | sed 's|[^/]*$|.deps/&|;s|\.lo$||'`;\
/bin/dash ../libtool  --tag=CXX   --mode=compile /work/build.CoreELEC-Amlogic-no.aarch64-22/toolchain/bin/host-g++ -DHAVE_CONFIG_H -I. -I/work/build.CoreELEC-Amlogic-no.aarch64-22/build/binutils-2.47/gprofng/src -I..  -U_ASM -DLOCALEDIR=\"/work/build.CoreELEC-Amlogic-no.aarch64-22/toolchain/share/locale\" -DSYSCONFDIR=\"/work/build.CoreELEC-Amlogic-no.aarch64-22/toolchain/etc\" -DLIBDIR=\"/work/build.CoreELEC-Amlogic-no.aarch64-22/toolchain/lib\" -I.. -I/work/build.CoreELEC-Amlogic-no.aarch64-22/build/binutils-2.47/gprofng/src -I/work/build.CoreELEC-Amlogic-no.aarch64-22/build/binutils-2.47/gprofng/src/../common -I/work/build.CoreELEC-Amlogic-no.aarch64-22/build/binutils-2.47/gprofng/src/../../include -I/work/build.CoreELEC-Amlogic-no.aarch64-22/build/binutils-2.47/gprofng/src/../../opcodes -I../../bfd -I/work/build.CoreELEC-Amlogic-no.aarch64-22/build/binutils-2.47/gprofng/src/../../bfd -I/work/build.CoreELEC-Amlogic-no.aarch64-22/build/binutils-2.47/gprofng/../zlib  -Wall -pthread -Wno-switch -fno-lto -g -O2     -MT MetricList.lo -MD -MP -MF $depbase.Tpo -c -o MetricList.lo /work/build.CoreELEC-Amlogic-no.aarch64-22/build/binutils-2.47/gprofng/src/MetricList.cc &&\
mv -f $depbase.Tpo $depbase.Plo
libtool: compile:  /work/build.CoreELEC-Amlogic-no.aarch64-22/toolchain/bin/host-g++ -DHAVE_CONFIG_H -I. -I/work/build.CoreELEC-Amlogic-no.aarch64-22/build/binutils-2.47/gprofng/src -I.. -U_ASM -DLOCALEDIR=\"/work/build.CoreELEC-Amlogic-no.aarch64-22/toolchain/share/locale\" -DSYSCONFDIR=\"/work/build.CoreELEC-Amlogic-no.aarch64-22/toolchain/etc\" -DLIBDIR=\"/work/build.CoreELEC-Amlogic-no.aarch64-22/toolchain/lib\" -I.. -I/work/build.CoreELEC-Amlogic-no.aarch64-22/build/binutils-2.47/gprofng/src -I/work/build.CoreELEC-Amlogic-no.aarch64-22/build/binutils-2.47/gprofng/src/../common -I/work/build.CoreELEC-Amlogic-no.aarch64-22/build/binutils-2.47/gprofng/src/../../include -I/work/build.CoreELEC-Amlogic-no.aarch64-22/build/binutils-2.47/gprofng/src/../../opcodes -I../../bfd -I/work/build.CoreELEC-Amlogic-no.aarch64-22/build/binutils-2.47/gprofng/src/../../bfd -I/work/build.CoreELEC-Amlogic-no.aarch64-22/build/binutils-2.47/gprofng/../zlib -Wall -pthread -Wno-switch -fno-lto -g -O2 -MT MetricList.lo -MD -MP -MF .deps/MetricList.Tpo -c /work/build.CoreELEC-Amlogic-no.aarch64-22/build/binutils-2.47/gprofng/src/MetricList.cc  -fPIC -DPIC -o .libs/MetricList.o
libtool: compile:  /work/build.CoreELEC-Amlogic-no.aarch64-22/toolchain/bin/host-g++ -DHAVE_CONFIG_H -I. -I/work/build.CoreELEC-Amlogic-no.aarch64-22/build/binutils-2.47/gprofng/src -I.. -U_ASM -DLOCALEDIR=\"/work/build.CoreELEC-Amlogic-no.aarch64-22/toolchain/share/locale\" -DSYSCONFDIR=\"/work/build.CoreELEC-Amlogic-no.aarch64-22/toolchain/etc\" -DLIBDIR=\"/work/build.CoreELEC-Amlogic-no.aarch64-22/toolchain/lib\" -I.. -I/work/build.CoreELEC-Amlogic-no.aarch64-22/build/binutils-2.47/gprofng/src -I/work/build.CoreELEC-Amlogic-no.aarch64-22/build/binutils-2.47/gprofng/src/../common -I/work/build.CoreELEC-Amlogic-no.aarch64-22/build/binutils-2.47/gprofng/src/../../include -I/work/build.CoreELEC-Amlogic-no.aarch64-22/build/binutils-2.47/gprofng/src/../../opcodes -I../../bfd -I/work/build.CoreELEC-Amlogic-no.aarch64-22/build/binutils-2.47/gprofng/src/../../bfd -I/work/build.CoreELEC-Amlogic-no.aarch64-22/build/binutils-2.47/gprofng/../zlib -Wall -pthread -Wno-switch -fno-lto -g -O2 -MT MetricList.lo -MD -MP -MF .deps/MetricList.Tpo -c /work/build.CoreELEC-Amlogic-no.aarch64-22/build/binutils-2.47/gprofng/src/MetricList.cc -o MetricList.o >/dev/null 2>&1
depbase=`echo Module.lo | sed 's|[^/]*$|.deps/&|;s|\.lo$||'`;\
/bin/dash ../libtool  --tag=CXX   --mode=compile /work/build.CoreELEC-Amlogic-no.aarch64-22/toolchain/bin/host-g++ -DHAVE_CONFIG_H -I. -I/work/build.CoreELEC-Amlogic-no.aarch64-22/build/binutils-2.47/gprofng/src -I..  -U_ASM -DLOCALEDIR=\"/work/build.CoreELEC-Amlogic-no.aarch64-22/toolchain/share/locale\" -DSYSCONFDIR=\"/work/build.CoreELEC-Amlogic-no.aarch64-22/toolchain/etc\" -DLIBDIR=\"/work/build.CoreELEC-Amlogic-no.aarch64-22/toolchain/lib\" -I.. -I/work/build.CoreELEC-Amlogic-no.aarch64-22/build/binutils-2.47/gprofng/src -I/work/build.CoreELEC-Amlogic-no.aarch64-22/build/binutils-2.47/gprofng/src/../common -I/work/build.CoreELEC-Amlogic-no.aarch64-22/build/binutils-2.47/gprofng/src/../../include -I/work/build.CoreELEC-Amlogic-no.aarch64-22/build/binutils-2.47/gprofng/src/../../opcodes -I../../bfd -I/work/build.CoreELEC-Amlogic-no.aarch64-22/build/binutils-2.47/gprofng/src/../../bfd -I/work/build.CoreELEC-Amlogic-no.aarch64-22/build/binutils-2.47/gprofng/../zlib  -Wall -pthread -Wno-switch -fno-lto -g -O2     -MT Module.lo -MD -MP -MF $depbase.Tpo -c -o Module.lo /work/build.CoreELEC-Amlogic-no.aarch64-22/build/binutils-2.47/gprofng/src/Module.cc &&\
mv -f $depbase.Tpo $depbase.Plo
libtool: compile:  /work/build.CoreELEC-Amlogic-no.aarch64-22/toolchain/bin/host-g++ -DHAVE_CONFIG_H -I. -I/work/build.CoreELEC-Amlogic-no.aarch64-22/build/binutils-2.47/gprofng/src -I.. -U_ASM -DLOCALEDIR=\"/work/build.CoreELEC-Amlogic-no.aarch64-22/toolchain/share/locale\" -DSYSCONFDIR=\"/work/build.CoreELEC-Amlogic-no.aarch64-22/toolchain/etc\" -DLIBDIR=\"/work/build.CoreELEC-Amlogic-no.aarch64-22/toolchain/lib\" -I.. -I/work/build.CoreELEC-Amlogic-no.aarch64-22/build/binutils-2.47/gprofng/src -I/work/build.CoreELEC-Amlogic-no.aarch64-22/build/binutils-2.47/gprofng/src/../common -I/work/build.CoreELEC-Amlogic-no.aarch64-22/build/binutils-2.47/gprofng/src/../../include -I/work/build.CoreELEC-Amlogic-no.aarch64-22/build/binutils-2.47/gprofng/src/../../opcodes -I../../bfd -I/work/build.CoreELEC-Amlogic-no.aarch64-22/build/binutils-2.47/gprofng/src/../../bfd -I/work/build.CoreELEC-Amlogic-no.aarch64-22/build/binutils-2.47/gprofng/../zlib -Wall -pthread -Wno-switch -fno-lto -g -O2 -MT Module.lo -MD -MP -MF .deps/Module.Tpo -c /work/build.CoreELEC-Amlogic-no.aarch64-22/build/binutils-2.47/gprofng/src/Module.cc  -fPIC -DPIC -o .libs/Module.o
libtool: compile:  /work/build.CoreELEC-Amlogic-no.aarch64-22/toolchain/bin/host-g++ -DHAVE_CONFIG_H -I. -I/work/build.CoreELEC-Amlogic-no.aarch64-22/build/binutils-2.47/gprofng/src -I.. -U_ASM -DLOCALEDIR=\"/work/build.CoreELEC-Amlogic-no.aarch64-22/toolchain/share/locale\" -DSYSCONFDIR=\"/work/build.CoreELEC-Amlogic-no.aarch64-22/toolchain/etc\" -DLIBDIR=\"/work/build.CoreELEC-Amlogic-no.aarch64-22/toolchain/lib\" -I.. -I/work/build.CoreELEC-Amlogic-no.aarch64-22/build/binutils-2.47/gprofng/src -I/work/build.CoreELEC-Amlogic-no.aarch64-22/build/binutils-2.47/gprofng/src/../common -I/work/build.CoreELEC-Amlogic-no.aarch64-22/build/binutils-2.47/gprofng/src/../../include -I/work/build.CoreELEC-Amlogic-no.aarch64-22/build/binutils-2.47/gprofng/src/../../opcodes -I../../bfd -I/work/build.CoreELEC-Amlogic-no.aarch64-22/build/binutils-2.47/gprofng/src/../../bfd -I/work/build.CoreELEC-Amlogic-no.aarch64-22/build/binutils-2.47/gprofng/../zlib -Wall -pthread -Wno-switch -fno-lto -g -O2 -MT Module.lo -MD -MP -MF .deps/Module.Tpo -c /work/build.CoreELEC-Amlogic-no.aarch64-22/build/binutils-2.47/gprofng/src/Module.cc -o Module.o >/dev/null 2>&1
depbase=`echo Ovw_data.lo | sed 's|[^/]*$|.deps/&|;s|\.lo$||'`;\
/bin/dash ../libtool  --tag=CXX   --mode=compile /work/build.CoreELEC-Amlogic-no.aarch64-22/toolchain/bin/host-g++ -DHAVE_CONFIG_H -I. -I/work/build.CoreELEC-Amlogic-no.aarch64-22/build/binutils-2.47/gprofng/src -I..  -U_ASM -DLOCALEDIR=\"/work/build.CoreELEC-Amlogic-no.aarch64-22/toolchain/share/locale\" -DSYSCONFDIR=\"/work/build.CoreELEC-Amlogic-no.aarch64-22/toolchain/etc\" -DLIBDIR=\"/work/build.CoreELEC-Amlogic-no.aarch64-22/toolchain/lib\" -I.. -I/work/build.CoreELEC-Amlogic-no.aarch64-22/build/binutils-2.47/gprofng/src -I/work/build.CoreELEC-Amlogic-no.aarch64-22/build/binutils-2.47/gprofng/src/../common -I/work/build.CoreELEC-Amlogic-no.aarch64-22/build/binutils-2.47/gprofng/src/../../include -I/work/build.CoreELEC-Amlogic-no.aarch64-22/build/binutils-2.47/gprofng/src/../../opcodes -I../../bfd -I/work/build.CoreELEC-Amlogic-no.aarch64-22/build/binutils-2.47/gprofng/src/../../bfd -I/work/build.CoreELEC-Amlogic-no.aarch64-22/build/binutils-2.47/gprofng/../zlib  -Wall -pthread -Wno-switch -fno-lto -g -O2     -MT Ovw_data.lo -MD -MP -MF $depbase.Tpo -c -o Ovw_data.lo /work/build.CoreELEC-Amlogic-no.aarch64-22/build/binutils-2.47/gprofng/src/Ovw_data.cc &&\
mv -f $depbase.Tpo $depbase.Plo
libtool: compile:  /work/build.CoreELEC-Amlogic-no.aarch64-22/toolchain/bin/host-g++ -DHAVE_CONFIG_H -I. -I/work/build.CoreELEC-Amlogic-no.aarch64-22/build/binutils-2.47/gprofng/src -I.. -U_ASM -DLOCALEDIR=\"/work/build.CoreELEC-Amlogic-no.aarch64-22/toolchain/share/locale\" -DSYSCONFDIR=\"/work/build.CoreELEC-Amlogic-no.aarch64-22/toolchain/etc\" -DLIBDIR=\"/work/build.CoreELEC-Amlogic-no.aarch64-22/toolchain/lib\" -I.. -I/work/build.CoreELEC-Amlogic-no.aarch64-22/build/binutils-2.47/gprofng/src -I/work/build.CoreELEC-Amlogic-no.aarch64-22/build/binutils-2.47/gprofng/src/../common -I/work/build.CoreELEC-Amlogic-no.aarch64-22/build/binutils-2.47/gprofng/src/../../include -I/work/build.CoreELEC-Amlogic-no.aarch64-22/build/binutils-2.47/gprofng/src/../../opcodes -I../../bfd -I/work/build.CoreELEC-Amlogic-no.aarch64-22/build/binutils-2.47/gprofng/src/../../bfd -I/work/build.CoreELEC-Amlogic-no.aarch64-22/build/binutils-2.47/gprofng/../zlib -Wall -pthread -Wno-switch -fno-lto -g -O2 -MT Ovw_data.lo -MD -MP -MF .deps/Ovw_data.Tpo -c /work/build.CoreELEC-Amlogic-no.aarch64-22/build/binutils-2.47/gprofng/src/Ovw_data.cc  -fPIC -DPIC -o .libs/Ovw_data.o
libtool: compile:  /work/build.CoreELEC-Amlogic-no.aarch64-22/toolchain/bin/host-g++ -DHAVE_CONFIG_H -I. -I/work/build.CoreELEC-Amlogic-no.aarch64-22/build/binutils-2.47/gprofng/src -I.. -U_ASM -DLOCALEDIR=\"/work/build.CoreELEC-Amlogic-no.aarch64-22/toolchain/share/locale\" -DSYSCONFDIR=\"/work/build.CoreELEC-Amlogic-no.aarch64-22/toolchain/etc\" -DLIBDIR=\"/work/build.CoreELEC-Amlogic-no.aarch64-22/toolchain/lib\" -I.. -I/work/build.CoreELEC-Amlogic-no.aarch64-22/build/binutils-2.47/gprofng/src -I/work/build.CoreELEC-Amlogic-no.aarch64-22/build/binutils-2.47/gprofng/src/../common -I/work/build.CoreELEC-Amlogic-no.aarch64-22/build/binutils-2.47/gprofng/src/../../include -I/work/build.CoreELEC-Amlogic-no.aarch64-22/build/binutils-2.47/gprofng/src/../../opcodes -I../../bfd -I/work/build.CoreELEC-Amlogic-no.aarch64-22/build/binutils-2.47/gprofng/src/../../bfd -I/work/build.CoreELEC-Amlogic-no.aarch64-22/build/binutils-2.47/gprofng/../zlib -Wall -pthread -Wno-switch -fno-lto -g -O2 -MT Ovw_data.lo -MD -MP -MF .deps/Ovw_data.Tpo -c /work/build.CoreELEC-Amlogic-no.aarch64-22/build/binutils-2.47/gprofng/src/Ovw_data.cc -o Ovw_data.o >/dev/null 2>&1
depbase=`echo PRBTree.lo | sed 's|[^/]*$|.deps/&|;s|\.lo$||'`;\
/bin/dash ../libtool  --tag=CXX   --mode=compile /work/build.CoreELEC-Amlogic-no.aarch64-22/toolchain/bin/host-g++ -DHAVE_CONFIG_H -I. -I/work/build.CoreELEC-Amlogic-no.aarch64-22/build/binutils-2.47/gprofng/src -I..  -U_ASM -DLOCALEDIR=\"/work/build.CoreELEC-Amlogic-no.aarch64-22/toolchain/share/locale\" -DSYSCONFDIR=\"/work/build.CoreELEC-Amlogic-no.aarch64-22/toolchain/etc\" -DLIBDIR=\"/work/build.CoreELEC-Amlogic-no.aarch64-22/toolchain/lib\" -I.. -I/work/build.CoreELEC-Amlogic-no.aarch64-22/build/binutils-2.47/gprofng/src -I/work/build.CoreELEC-Amlogic-no.aarch64-22/build/binutils-2.47/gprofng/src/../common -I/work/build.CoreELEC-Amlogic-no.aarch64-22/build/binutils-2.47/gprofng/src/../../include -I/work/build.CoreELEC-Amlogic-no.aarch64-22/build/binutils-2.47/gprofng/src/../../opcodes -I../../bfd -I/work/build.CoreELEC-Amlogic-no.aarch64-22/build/binutils-2.47/gprofng/src/../../bfd -I/work/build.CoreELEC-Amlogic-no.aarch64-22/build/binutils-2.47/gprofng/../zlib  -Wall -pthread -Wno-switch -fno-lto -g -O2     -MT PRBTree.lo -MD -MP -MF $depbase.Tpo -c -o PRBTree.lo /work/build.CoreELEC-Amlogic-no.aarch64-22/build/binutils-2.47/gprofng/src/PRBTree.cc &&\
mv -f $depbase.Tpo $depbase.Plo
libtool: compile:  /work/build.CoreELEC-Amlogic-no.aarch64-22/toolchain/bin/host-g++ -DHAVE_CONFIG_H -I. -I/work/build.CoreELEC-Amlogic-no.aarch64-22/build/binutils-2.47/gprofng/src -I.. -U_ASM -DLOCALEDIR=\"/work/build.CoreELEC-Amlogic-no.aarch64-22/toolchain/share/locale\" -DSYSCONFDIR=\"/work/build.CoreELEC-Amlogic-no.aarch64-22/toolchain/etc\" -DLIBDIR=\"/work/build.CoreELEC-Amlogic-no.aarch64-22/toolchain/lib\" -I.. -I/work/build.CoreELEC-Amlogic-no.aarch64-22/build/binutils-2.47/gprofng/src -I/work/build.CoreELEC-Amlogic-no.aarch64-22/build/binutils-2.47/gprofng/src/../common -I/work/build.CoreELEC-Amlogic-no.aarch64-22/build/binutils-2.47/gprofng/src/../../include -I/work/build.CoreELEC-Amlogic-no.aarch64-22/build/binutils-2.47/gprofng/src/../../opcodes -I../../bfd -I/work/build.CoreELEC-Amlogic-no.aarch64-22/build/binutils-2.47/gprofng/src/../../bfd -I/work/build.CoreELEC-Amlogic-no.aarch64-22/build/binutils-2.47/gprofng/../zlib -Wall -pthread -Wno-switch -fno-lto -g -O2 -MT PRBTree.lo -MD -MP -MF .deps/PRBTree.Tpo -c /work/build.CoreELEC-Amlogic-no.aarch64-22/build/binutils-2.47/gprofng/src/PRBTree.cc  -fPIC -DPIC -o .libs/PRBTree.o
libtool: compile:  /work/build.CoreELEC-Amlogic-no.aarch64-22/toolchain/bin/host-g++ -DHAVE_CONFIG_H -I. -I/work/build.CoreELEC-Amlogic-no.aarch64-22/build/binutils-2.47/gprofng/src -I.. -U_ASM -DLOCALEDIR=\"/work/build.CoreELEC-Amlogic-no.aarch64-22/toolchain/share/locale\" -DSYSCONFDIR=\"/work/build.CoreELEC-Amlogic-no.aarch64-22/toolchain/etc\" -DLIBDIR=\"/work/build.CoreELEC-Amlogic-no.aarch64-22/toolchain/lib\" -I.. -I/work/build.CoreELEC-Amlogic-no.aarch64-22/build/binutils-2.47/gprofng/src -I/work/build.CoreELEC-Amlogic-no.aarch64-22/build/binutils-2.47/gprofng/src/../common -I/work/build.CoreELEC-Amlogic-no.aarch64-22/build/binutils-2.47/gprofng/src/../../include -I/work/build.CoreELEC-Amlogic-no.aarch64-22/build/binutils-2.47/gprofng/src/../../opcodes -I../../bfd -I/work/build.CoreELEC-Amlogic-no.aarch64-22/build/binutils-2.47/gprofng/src/../../bfd -I/work/build.CoreELEC-Amlogic-no.aarch64-22/build/binutils-2.47/gprofng/../zlib -Wall -pthread -Wno-switch -fno-lto -g -O2 -MT PRBTree.lo -MD -MP -MF .deps/PRBTree.Tpo -c /work/build.CoreELEC-Amlogic-no.aarch64-22/build/binutils-2.47/gprofng/src/PRBTree.cc -o PRBTree.o >/dev/null 2>&1
depbase=`echo PathTree.lo | sed 's|[^/]*$|.deps/&|;s|\.lo$||'`;\
/bin/dash ../libtool  --tag=CXX   --mode=compile /work/build.CoreELEC-Amlogic-no.aarch64-22/toolchain/bin/host-g++ -DHAVE_CONFIG_H -I. -I/work/build.CoreELEC-Amlogic-no.aarch64-22/build/binutils-2.47/gprofng/src -I..  -U_ASM -DLOCALEDIR=\"/work/build.CoreELEC-Amlogic-no.aarch64-22/toolchain/share/locale\" -DSYSCONFDIR=\"/work/build.CoreELEC-Amlogic-no.aarch64-22/toolchain/etc\" -DLIBDIR=\"/work/build.CoreELEC-Amlogic-no.aarch64-22/toolchain/lib\" -I.. -I/work/build.CoreELEC-Amlogic-no.aarch64-22/build/binutils-2.47/gprofng/src -I/work/build.CoreELEC-Amlogic-no.aarch64-22/build/binutils-2.47/gprofng/src/../common -I/work/build.CoreELEC-Amlogic-no.aarch64-22/build/binutils-2.47/gprofng/src/../../include -I/work/build.CoreELEC-Amlogic-no.aarch64-22/build/binutils-2.47/gprofng/src/../../opcodes -I../../bfd -I/work/build.CoreELEC-Amlogic-no.aarch64-22/build/binutils-2.47/gprofng/src/../../bfd -I/work/build.CoreELEC-Amlogic-no.aarch64-22/build/binutils-2.47/gprofng/../zlib  -Wall -pthread -Wno-switch -fno-lto -g -O2     -MT PathTree.lo -MD -MP -MF $depbase.Tpo -c -o PathTree.lo /work/build.CoreELEC-Amlogic-no.aarch64-22/build/binutils-2.47/gprofng/src/PathTree.cc &&\
mv -f $depbase.Tpo $depbase.Plo
libtool: compile:  /work/build.CoreELEC-Amlogic-no.aarch64-22/toolchain/bin/host-g++ -DHAVE_CONFIG_H -I. -I/work/build.CoreELEC-Amlogic-no.aarch64-22/build/binutils-2.47/gprofng/src -I.. -U_ASM -DLOCALEDIR=\"/work/build.CoreELEC-Amlogic-no.aarch64-22/toolchain/share/locale\" -DSYSCONFDIR=\"/work/build.CoreELEC-Amlogic-no.aarch64-22/toolchain/etc\" -DLIBDIR=\"/work/build.CoreELEC-Amlogic-no.aarch64-22/toolchain/lib\" -I.. -I/work/build.CoreELEC-Amlogic-no.aarch64-22/build/binutils-2.47/gprofng/src -I/work/build.CoreELEC-Amlogic-no.aarch64-22/build/binutils-2.47/gprofng/src/../common -I/work/build.CoreELEC-Amlogic-no.aarch64-22/build/binutils-2.47/gprofng/src/../../include -I/work/build.CoreELEC-Amlogic-no.aarch64-22/build/binutils-2.47/gprofng/src/../../opcodes -I../../bfd -I/work/build.CoreELEC-Amlogic-no.aarch64-22/build/binutils-2.47/gprofng/src/../../bfd -I/work/build.CoreELEC-Amlogic-no.aarch64-22/build/binutils-2.47/gprofng/../zlib -Wall -pthread -Wno-switch -fno-lto -g -O2 -MT PathTree.lo -MD -MP -MF .deps/PathTree.Tpo -c /work/build.CoreELEC-Amlogic-no.aarch64-22/build/binutils-2.47/gprofng/src/PathTree.cc  -fPIC -DPIC -o .libs/PathTree.o
libtool: compile:  /work/build.CoreELEC-Amlogic-no.aarch64-22/toolchain/bin/host-g++ -DHAVE_CONFIG_H -I. -I/work/build.CoreELEC-Amlogic-no.aarch64-22/build/binutils-2.47/gprofng/src -I.. -U_ASM -DLOCALEDIR=\"/work/build.CoreELEC-Amlogic-no.aarch64-22/toolchain/share/locale\" -DSYSCONFDIR=\"/work/build.CoreELEC-Amlogic-no.aarch64-22/toolchain/etc\" -DLIBDIR=\"/work/build.CoreELEC-Amlogic-no.aarch64-22/toolchain/lib\" -I.. -I/work/build.CoreELEC-Amlogic-no.aarch64-22/build/binutils-2.47/gprofng/src -I/work/build.CoreELEC-Amlogic-no.aarch64-22/build/binutils-2.47/gprofng/src/../common -I/work/build.CoreELEC-Amlogic-no.aarch64-22/build/binutils-2.47/gprofng/src/../../include -I/work/build.CoreELEC-Amlogic-no.aarch64-22/build/binutils-2.47/gprofng/src/../../opcodes -I../../bfd -I/work/build.CoreELEC-Amlogic-no.aarch64-22/build/binutils-2.47/gprofng/src/../../bfd -I/work/build.CoreELEC-Amlogic-no.aarch64-22/build/binutils-2.47/gprofng/../zlib -Wall -pthread -Wno-switch -fno-lto -g -O2 -MT PathTree.lo -MD -MP -MF .deps/PathTree.Tpo -c /work/build.CoreELEC-Amlogic-no.aarch64-22/build/binutils-2.47/gprofng/src/PathTree.cc -o PathTree.o >/dev/null 2>&1
depbase=`echo PreviewExp.lo | sed 's|[^/]*$|.deps/&|;s|\.lo$||'`;\
/bin/dash ../libtool  --tag=CXX   --mode=compile /work/build.CoreELEC-Amlogic-no.aarch64-22/toolchain/bin/host-g++ -DHAVE_CONFIG_H -I. -I/work/build.CoreELEC-Amlogic-no.aarch64-22/build/binutils-2.47/gprofng/src -I..  -U_ASM -DLOCALEDIR=\"/work/build.CoreELEC-Amlogic-no.aarch64-22/toolchain/share/locale\" -DSYSCONFDIR=\"/work/build.CoreELEC-Amlogic-no.aarch64-22/toolchain/etc\" -DLIBDIR=\"/work/build.CoreELEC-Amlogic-no.aarch64-22/toolchain/lib\" -I.. -I/work/build.CoreELEC-Amlogic-no.aarch64-22/build/binutils-2.47/gprofng/src -I/work/build.CoreELEC-Amlogic-no.aarch64-22/build/binutils-2.47/gprofng/src/../common -I/work/build.CoreELEC-Amlogic-no.aarch64-22/build/binutils-2.47/gprofng/src/../../include -I/work/build.CoreELEC-Amlogic-no.aarch64-22/build/binutils-2.47/gprofng/src/../../opcodes -I../../bfd -I/work/build.CoreELEC-Amlogic-no.aarch64-22/build/binutils-2.47/gprofng/src/../../bfd -I/work/build.CoreELEC-Amlogic-no.aarch64-22/build/binutils-2.47/gprofng/../zlib  -Wall -pthread -Wno-switch -fno-lto -g -O2     -MT PreviewExp.lo -MD -MP -MF $depbase.Tpo -c -o PreviewExp.lo /work/build.CoreELEC-Amlogic-no.aarch64-22/build/binutils-2.47/gprofng/src/PreviewExp.cc &&\
mv -f $depbase.Tpo $depbase.Plo
libtool: compile:  /work/build.CoreELEC-Amlogic-no.aarch64-22/toolchain/bin/host-g++ -DHAVE_CONFIG_H -I. -I/work/build.CoreELEC-Amlogic-no.aarch64-22/build/binutils-2.47/gprofng/src -I.. -U_ASM -DLOCALEDIR=\"/work/build.CoreELEC-Amlogic-no.aarch64-22/toolchain/share/locale\" -DSYSCONFDIR=\"/work/build.CoreELEC-Amlogic-no.aarch64-22/toolchain/etc\" -DLIBDIR=\"/work/build.CoreELEC-Amlogic-no.aarch64-22/toolchain/lib\" -I.. -I/work/build.CoreELEC-Amlogic-no.aarch64-22/build/binutils-2.47/gprofng/src -I/work/build.CoreELEC-Amlogic-no.aarch64-22/build/binutils-2.47/gprofng/src/../common -I/work/build.CoreELEC-Amlogic-no.aarch64-22/build/binutils-2.47/gprofng/src/../../include -I/work/build.CoreELEC-Amlogic-no.aarch64-22/build/binutils-2.47/gprofng/src/../../opcodes -I../../bfd -I/work/build.CoreELEC-Amlogic-no.aarch64-22/build/binutils-2.47/gprofng/src/../../bfd -I/work/build.CoreELEC-Amlogic-no.aarch64-22/build/binutils-2.47/gprofng/../zlib -Wall -pthread -Wno-switch -fno-lto -g -O2 -MT PreviewExp.lo -MD -MP -MF .deps/PreviewExp.Tpo -c /work/build.CoreELEC-Amlogic-no.aarch64-22/build/binutils-2.47/gprofng/src/PreviewExp.cc  -fPIC -DPIC -o .libs/PreviewExp.o
libtool: compile:  /work/build.CoreELEC-Amlogic-no.aarch64-22/toolchain/bin/host-g++ -DHAVE_CONFIG_H -I. -I/work/build.CoreELEC-Amlogic-no.aarch64-22/build/binutils-2.47/gprofng/src -I.. -U_ASM -DLOCALEDIR=\"/work/build.CoreELEC-Amlogic-no.aarch64-22/toolchain/share/locale\" -DSYSCONFDIR=\"/work/build.CoreELEC-Amlogic-no.aarch64-22/toolchain/etc\" -DLIBDIR=\"/work/build.CoreELEC-Amlogic-no.aarch64-22/toolchain/lib\" -I.. -I/work/build.CoreELEC-Amlogic-no.aarch64-22/build/binutils-2.47/gprofng/src -I/work/build.CoreELEC-Amlogic-no.aarch64-22/build/binutils-2.47/gprofng/src/../common -I/work/build.CoreELEC-Amlogic-no.aarch64-22/build/binutils-2.47/gprofng/src/../../include -I/work/build.CoreELEC-Amlogic-no.aarch64-22/build/binutils-2.47/gprofng/src/../../opcodes -I../../bfd -I/work/build.CoreELEC-Amlogic-no.aarch64-22/build/binutils-2.47/gprofng/src/../../bfd -I/work/build.CoreELEC-Amlogic-no.aarch64-22/build/binutils-2.47/gprofng/../zlib -Wall -pthread -Wno-switch -fno-lto -g -O2 -MT PreviewExp.lo -MD -MP -MF .deps/PreviewExp.Tpo -c /work/build.CoreELEC-Amlogic-no.aarch64-22/build/binutils-2.47/gprofng/src/PreviewExp.cc -o PreviewExp.o >/dev/null 2>&1
depbase=`echo Print.lo | sed 's|[^/]*$|.deps/&|;s|\.lo$||'`;\
/bin/dash ../libtool  --tag=CXX   --mode=compile /work/build.CoreELEC-Amlogic-no.aarch64-22/toolchain/bin/host-g++ -DHAVE_CONFIG_H -I. -I/work/build.CoreELEC-Amlogic-no.aarch64-22/build/binutils-2.47/gprofng/src -I..  -U_ASM -DLOCALEDIR=\"/work/build.CoreELEC-Amlogic-no.aarch64-22/toolchain/share/locale\" -DSYSCONFDIR=\"/work/build.CoreELEC-Amlogic-no.aarch64-22/toolchain/etc\" -DLIBDIR=\"/work/build.CoreELEC-Amlogic-no.aarch64-22/toolchain/lib\" -I.. -I/work/build.CoreELEC-Amlogic-no.aarch64-22/build/binutils-2.47/gprofng/src -I/work/build.CoreELEC-Amlogic-no.aarch64-22/build/binutils-2.47/gprofng/src/../common -I/work/build.CoreELEC-Amlogic-no.aarch64-22/build/binutils-2.47/gprofng/src/../../include -I/work/build.CoreELEC-Amlogic-no.aarch64-22/build/binutils-2.47/gprofng/src/../../opcodes -I../../bfd -I/work/build.CoreELEC-Amlogic-no.aarch64-22/build/binutils-2.47/gprofng/src/../../bfd -I/work/build.CoreELEC-Amlogic-no.aarch64-22/build/binutils-2.47/gprofng/../zlib  -Wall -pthread -Wno-switch -fno-lto -g -O2     -MT Print.lo -MD -MP -MF $depbase.Tpo -c -o Print.lo /work/build.CoreELEC-Amlogic-no.aarch64-22/build/binutils-2.47/gprofng/src/Print.cc &&\
mv -f $depbase.Tpo $depbase.Plo
libtool: compile:  /work/build.CoreELEC-Amlogic-no.aarch64-22/toolchain/bin/host-g++ -DHAVE_CONFIG_H -I. -I/work/build.CoreELEC-Amlogic-no.aarch64-22/build/binutils-2.47/gprofng/src -I.. -U_ASM -DLOCALEDIR=\"/work/build.CoreELEC-Amlogic-no.aarch64-22/toolchain/share/locale\" -DSYSCONFDIR=\"/work/build.CoreELEC-Amlogic-no.aarch64-22/toolchain/etc\" -DLIBDIR=\"/work/build.CoreELEC-Amlogic-no.aarch64-22/toolchain/lib\" -I.. -I/work/build.CoreELEC-Amlogic-no.aarch64-22/build/binutils-2.47/gprofng/src -I/work/build.CoreELEC-Amlogic-no.aarch64-22/build/binutils-2.47/gprofng/src/../common -I/work/build.CoreELEC-Amlogic-no.aarch64-22/build/binutils-2.47/gprofng/src/../../include -I/work/build.CoreELEC-Amlogic-no.aarch64-22/build/binutils-2.47/gprofng/src/../../opcodes -I../../bfd -I/work/build.CoreELEC-Amlogic-no.aarch64-22/build/binutils-2.47/gprofng/src/../../bfd -I/work/build.CoreELEC-Amlogic-no.aarch64-22/build/binutils-2.47/gprofng/../zlib -Wall -pthread -Wno-switch -fno-lto -g -O2 -MT Print.lo -MD -MP -MF .deps/Print.Tpo -c /work/build.CoreELEC-Amlogic-no.aarch64-22/build/binutils-2.47/gprofng/src/Print.cc  -fPIC -DPIC -o .libs/Print.o
libtool: compile:  /work/build.CoreELEC-Amlogic-no.aarch64-22/toolchain/bin/host-g++ -DHAVE_CONFIG_H -I. -I/work/build.CoreELEC-Amlogic-no.aarch64-22/build/binutils-2.47/gprofng/src -I.. -U_ASM -DLOCALEDIR=\"/work/build.CoreELEC-Amlogic-no.aarch64-22/toolchain/share/locale\" -DSYSCONFDIR=\"/work/build.CoreELEC-Amlogic-no.aarch64-22/toolchain/etc\" -DLIBDIR=\"/work/build.CoreELEC-Amlogic-no.aarch64-22/toolchain/lib\" -I.. -I/work/build.CoreELEC-Amlogic-no.aarch64-22/build/binutils-2.47/gprofng/src -I/work/build.CoreELEC-Amlogic-no.aarch64-22/build/binutils-2.47/gprofng/src/../common -I/work/build.CoreELEC-Amlogic-no.aarch64-22/build/binutils-2.47/gprofng/src/../../include -I/work/build.CoreELEC-Amlogic-no.aarch64-22/build/binutils-2.47/gprofng/src/../../opcodes -I../../bfd -I/work/build.CoreELEC-Amlogic-no.aarch64-22/build/binutils-2.47/gprofng/src/../../bfd -I/work/build.CoreELEC-Amlogic-no.aarch64-22/build/binutils-2.47/gprofng/../zlib -Wall -pthread -Wno-switch -fno-lto -g -O2 -MT Print.lo -MD -MP -MF .deps/Print.Tpo -c /work/build.CoreELEC-Amlogic-no.aarch64-22/build/binutils-2.47/gprofng/src/Print.cc -o Print.o >/dev/null 2>&1
depbase=`echo SAXParserFactory.lo | sed 's|[^/]*$|.deps/&|;s|\.lo$||'`;\
/bin/dash ../libtool  --tag=CXX   --mode=compile /work/build.CoreELEC-Amlogic-no.aarch64-22/toolchain/bin/host-g++ -DHAVE_CONFIG_H -I. -I/work/build.CoreELEC-Amlogic-no.aarch64-22/build/binutils-2.47/gprofng/src -I..  -U_ASM -DLOCALEDIR=\"/work/build.CoreELEC-Amlogic-no.aarch64-22/toolchain/share/locale\" -DSYSCONFDIR=\"/work/build.CoreELEC-Amlogic-no.aarch64-22/toolchain/etc\" -DLIBDIR=\"/work/build.CoreELEC-Amlogic-no.aarch64-22/toolchain/lib\" -I.. -I/work/build.CoreELEC-Amlogic-no.aarch64-22/build/binutils-2.47/gprofng/src -I/work/build.CoreELEC-Amlogic-no.aarch64-22/build/binutils-2.47/gprofng/src/../common -I/work/build.CoreELEC-Amlogic-no.aarch64-22/build/binutils-2.47/gprofng/src/../../include -I/work/build.CoreELEC-Amlogic-no.aarch64-22/build/binutils-2.47/gprofng/src/../../opcodes -I../../bfd -I/work/build.CoreELEC-Amlogic-no.aarch64-22/build/binutils-2.47/gprofng/src/../../bfd -I/work/build.CoreELEC-Amlogic-no.aarch64-22/build/binutils-2.47/gprofng/../zlib  -Wall -pthread -Wno-switch -fno-lto -g -O2     -MT SAXParserFactory.lo -MD -MP -MF $depbase.Tpo -c -o SAXParserFactory.lo /work/build.CoreELEC-Amlogic-no.aarch64-22/build/binutils-2.47/gprofng/src/SAXParserFactory.cc &&\
mv -f $depbase.Tpo $depbase.Plo
libtool: compile:  /work/build.CoreELEC-Amlogic-no.aarch64-22/toolchain/bin/host-g++ -DHAVE_CONFIG_H -I. -I/work/build.CoreELEC-Amlogic-no.aarch64-22/build/binutils-2.47/gprofng/src -I.. -U_ASM -DLOCALEDIR=\"/work/build.CoreELEC-Amlogic-no.aarch64-22/toolchain/share/locale\" -DSYSCONFDIR=\"/work/build.CoreELEC-Amlogic-no.aarch64-22/toolchain/etc\" -DLIBDIR=\"/work/build.CoreELEC-Amlogic-no.aarch64-22/toolchain/lib\" -I.. -I/work/build.CoreELEC-Amlogic-no.aarch64-22/build/binutils-2.47/gprofng/src -I/work/build.CoreELEC-Amlogic-no.aarch64-22/build/binutils-2.47/gprofng/src/../common -I/work/build.CoreELEC-Amlogic-no.aarch64-22/build/binutils-2.47/gprofng/src/../../include -I/work/build.CoreELEC-Amlogic-no.aarch64-22/build/binutils-2.47/gprofng/src/../../opcodes -I../../bfd -I/work/build.CoreELEC-Amlogic-no.aarch64-22/build/binutils-2.47/gprofng/src/../../bfd -I/work/build.CoreELEC-Amlogic-no.aarch64-22/build/binutils-2.47/gprofng/../zlib -Wall -pthread -Wno-switch -fno-lto -g -O2 -MT SAXParserFactory.lo -MD -MP -MF .deps/SAXParserFactory.Tpo -c /work/build.CoreELEC-Amlogic-no.aarch64-22/build/binutils-2.47/gprofng/src/SAXParserFactory.cc  -fPIC -DPIC -o .libs/SAXParserFactory.o
libtool: compile:  /work/build.CoreELEC-Amlogic-no.aarch64-22/toolchain/bin/host-g++ -DHAVE_CONFIG_H -I. -I/work/build.CoreELEC-Amlogic-no.aarch64-22/build/binutils-2.47/gprofng/src -I.. -U_ASM -DLOCALEDIR=\"/work/build.CoreELEC-Amlogic-no.aarch64-22/toolchain/share/locale\" -DSYSCONFDIR=\"/work/build.CoreELEC-Amlogic-no.aarch64-22/toolchain/etc\" -DLIBDIR=\"/work/build.CoreELEC-Amlogic-no.aarch64-22/toolchain/lib\" -I.. -I/work/build.CoreELEC-Amlogic-no.aarch64-22/build/binutils-2.47/gprofng/src -I/work/build.CoreELEC-Amlogic-no.aarch64-22/build/binutils-2.47/gprofng/src/../common -I/work/build.CoreELEC-Amlogic-no.aarch64-22/build/binutils-2.47/gprofng/src/../../include -I/work/build.CoreELEC-Amlogic-no.aarch64-22/build/binutils-2.47/gprofng/src/../../opcodes -I../../bfd -I/work/build.CoreELEC-Amlogic-no.aarch64-22/build/binutils-2.47/gprofng/src/../../bfd -I/work/build.CoreELEC-Amlogic-no.aarch64-22/build/binutils-2.47/gprofng/../zlib -Wall -pthread -Wno-switch -fno-lto -g -O2 -MT SAXParserFactory.lo -MD -MP -MF .deps/SAXParserFactory.Tpo -c /work/build.CoreELEC-Amlogic-no.aarch64-22/build/binutils-2.47/gprofng/src/SAXParserFactory.cc -o SAXParserFactory.o >/dev/null 2>&1
depbase=`echo Sample.lo | sed 's|[^/]*$|.deps/&|;s|\.lo$||'`;\
/bin/dash ../libtool  --tag=CXX   --mode=compile /work/build.CoreELEC-Amlogic-no.aarch64-22/toolchain/bin/host-g++ -DHAVE_CONFIG_H -I. -I/work/build.CoreELEC-Amlogic-no.aarch64-22/build/binutils-2.47/gprofng/src -I..  -U_ASM -DLOCALEDIR=\"/work/build.CoreELEC-Amlogic-no.aarch64-22/toolchain/share/locale\" -DSYSCONFDIR=\"/work/build.CoreELEC-Amlogic-no.aarch64-22/toolchain/etc\" -DLIBDIR=\"/work/build.CoreELEC-Amlogic-no.aarch64-22/toolchain/lib\" -I.. -I/work/build.CoreELEC-Amlogic-no.aarch64-22/build/binutils-2.47/gprofng/src -I/work/build.CoreELEC-Amlogic-no.aarch64-22/build/binutils-2.47/gprofng/src/../common -I/work/build.CoreELEC-Amlogic-no.aarch64-22/build/binutils-2.47/gprofng/src/../../include -I/work/build.CoreELEC-Amlogic-no.aarch64-22/build/binutils-2.47/gprofng/src/../../opcodes -I../../bfd -I/work/build.CoreELEC-Amlogic-no.aarch64-22/build/binutils-2.47/gprofng/src/../../bfd -I/work/build.CoreELEC-Amlogic-no.aarch64-22/build/binutils-2.47/gprofng/../zlib  -Wall -pthread -Wno-switch -fno-lto -g -O2     -MT Sample.lo -MD -MP -MF $depbase.Tpo -c -o Sample.lo /work/build.CoreELEC-Amlogic-no.aarch64-22/build/binutils-2.47/gprofng/src/Sample.cc &&\
mv -f $depbase.Tpo $depbase.Plo
libtool: compile:  /work/build.CoreELEC-Amlogic-no.aarch64-22/toolchain/bin/host-g++ -DHAVE_CONFIG_H -I. -I/work/build.CoreELEC-Amlogic-no.aarch64-22/build/binutils-2.47/gprofng/src -I.. -U_ASM -DLOCALEDIR=\"/work/build.CoreELEC-Amlogic-no.aarch64-22/toolchain/share/locale\" -DSYSCONFDIR=\"/work/build.CoreELEC-Amlogic-no.aarch64-22/toolchain/etc\" -DLIBDIR=\"/work/build.CoreELEC-Amlogic-no.aarch64-22/toolchain/lib\" -I.. -I/work/build.CoreELEC-Amlogic-no.aarch64-22/build/binutils-2.47/gprofng/src -I/work/build.CoreELEC-Amlogic-no.aarch64-22/build/binutils-2.47/gprofng/src/../common -I/work/build.CoreELEC-Amlogic-no.aarch64-22/build/binutils-2.47/gprofng/src/../../include -I/work/build.CoreELEC-Amlogic-no.aarch64-22/build/binutils-2.47/gprofng/src/../../opcodes -I../../bfd -I/work/build.CoreELEC-Amlogic-no.aarch64-22/build/binutils-2.47/gprofng/src/../../bfd -I/work/build.CoreELEC-Amlogic-no.aarch64-22/build/binutils-2.47/gprofng/../zlib -Wall -pthread -Wno-switch -fno-lto -g -O2 -MT Sample.lo -MD -MP -MF .deps/Sample.Tpo -c /work/build.CoreELEC-Amlogic-no.aarch64-22/build/binutils-2.47/gprofng/src/Sample.cc  -fPIC -DPIC -o .libs/Sample.o
libtool: compile:  /work/build.CoreELEC-Amlogic-no.aarch64-22/toolchain/bin/host-g++ -DHAVE_CONFIG_H -I. -I/work/build.CoreELEC-Amlogic-no.aarch64-22/build/binutils-2.47/gprofng/src -I.. -U_ASM -DLOCALEDIR=\"/work/build.CoreELEC-Amlogic-no.aarch64-22/toolchain/share/locale\" -DSYSCONFDIR=\"/work/build.CoreELEC-Amlogic-no.aarch64-22/toolchain/etc\" -DLIBDIR=\"/work/build.CoreELEC-Amlogic-no.aarch64-22/toolchain/lib\" -I.. -I/work/build.CoreELEC-Amlogic-no.aarch64-22/build/binutils-2.47/gprofng/src -I/work/build.CoreELEC-Amlogic-no.aarch64-22/build/binutils-2.47/gprofng/src/../common -I/work/build.CoreELEC-Amlogic-no.aarch64-22/build/binutils-2.47/gprofng/src/../../include -I/work/build.CoreELEC-Amlogic-no.aarch64-22/build/binutils-2.47/gprofng/src/../../opcodes -I../../bfd -I/work/build.CoreELEC-Amlogic-no.aarch64-22/build/binutils-2.47/gprofng/src/../../bfd -I/work/build.CoreELEC-Amlogic-no.aarch64-22/build/binutils-2.47/gprofng/../zlib -Wall -pthread -Wno-switch -fno-lto -g -O2 -MT Sample.lo -MD -MP -MF .deps/Sample.Tpo -c /work/build.CoreELEC-Amlogic-no.aarch64-22/build/binutils-2.47/gprofng/src/Sample.cc -o Sample.o >/dev/null 2>&1
depbase=`echo Settings.lo | sed 's|[^/]*$|.deps/&|;s|\.lo$||'`;\
/bin/dash ../libtool  --tag=CXX   --mode=compile /work/build.CoreELEC-Amlogic-no.aarch64-22/toolchain/bin/host-g++ -DHAVE_CONFIG_H -I. -I/work/build.CoreELEC-Amlogic-no.aarch64-22/build/binutils-2.47/gprofng/src -I..  -U_ASM -DLOCALEDIR=\"/work/build.CoreELEC-Amlogic-no.aarch64-22/toolchain/share/locale\" -DSYSCONFDIR=\"/work/build.CoreELEC-Amlogic-no.aarch64-22/toolchain/etc\" -DLIBDIR=\"/work/build.CoreELEC-Amlogic-no.aarch64-22/toolchain/lib\" -I.. -I/work/build.CoreELEC-Amlogic-no.aarch64-22/build/binutils-2.47/gprofng/src -I/work/build.CoreELEC-Amlogic-no.aarch64-22/build/binutils-2.47/gprofng/src/../common -I/work/build.CoreELEC-Amlogic-no.aarch64-22/build/binutils-2.47/gprofng/src/../../include -I/work/build.CoreELEC-Amlogic-no.aarch64-22/build/binutils-2.47/gprofng/src/../../opcodes -I../../bfd -I/work/build.CoreELEC-Amlogic-no.aarch64-22/build/binutils-2.47/gprofng/src/../../bfd -I/work/build.CoreELEC-Amlogic-no.aarch64-22/build/binutils-2.47/gprofng/../zlib  -Wall -pthread -Wno-switch -fno-lto -g -O2     -MT Settings.lo -MD -MP -MF $depbase.Tpo -c -o Settings.lo /work/build.CoreELEC-Amlogic-no.aarch64-22/build/binutils-2.47/gprofng/src/Settings.cc &&\
mv -f $depbase.Tpo $depbase.Plo
libtool: compile:  /work/build.CoreELEC-Amlogic-no.aarch64-22/toolchain/bin/host-g++ -DHAVE_CONFIG_H -I. -I/work/build.CoreELEC-Amlogic-no.aarch64-22/build/binutils-2.47/gprofng/src -I.. -U_ASM -DLOCALEDIR=\"/work/build.CoreELEC-Amlogic-no.aarch64-22/toolchain/share/locale\" -DSYSCONFDIR=\"/work/build.CoreELEC-Amlogic-no.aarch64-22/toolchain/etc\" -DLIBDIR=\"/work/build.CoreELEC-Amlogic-no.aarch64-22/toolchain/lib\" -I.. -I/work/build.CoreELEC-Amlogic-no.aarch64-22/build/binutils-2.47/gprofng/src -I/work/build.CoreELEC-Amlogic-no.aarch64-22/build/binutils-2.47/gprofng/src/../common -I/work/build.CoreELEC-Amlogic-no.aarch64-22/build/binutils-2.47/gprofng/src/../../include -I/work/build.CoreELEC-Amlogic-no.aarch64-22/build/binutils-2.47/gprofng/src/../../opcodes -I../../bfd -I/work/build.CoreELEC-Amlogic-no.aarch64-22/build/binutils-2.47/gprofng/src/../../bfd -I/work/build.CoreELEC-Amlogic-no.aarch64-22/build/binutils-2.47/gprofng/../zlib -Wall -pthread -Wno-switch -fno-lto -g -O2 -MT Settings.lo -MD -MP -MF .deps/Settings.Tpo -c /work/build.CoreELEC-Amlogic-no.aarch64-22/build/binutils-2.47/gprofng/src/Settings.cc  -fPIC -DPIC -o .libs/Settings.o
libtool: compile:  /work/build.CoreELEC-Amlogic-no.aarch64-22/toolchain/bin/host-g++ -DHAVE_CONFIG_H -I. -I/work/build.CoreELEC-Amlogic-no.aarch64-22/build/binutils-2.47/gprofng/src -I.. -U_ASM -DLOCALEDIR=\"/work/build.CoreELEC-Amlogic-no.aarch64-22/toolchain/share/locale\" -DSYSCONFDIR=\"/work/build.CoreELEC-Amlogic-no.aarch64-22/toolchain/etc\" -DLIBDIR=\"/work/build.CoreELEC-Amlogic-no.aarch64-22/toolchain/lib\" -I.. -I/work/build.CoreELEC-Amlogic-no.aarch64-22/build/binutils-2.47/gprofng/src -I/work/build.CoreELEC-Amlogic-no.aarch64-22/build/binutils-2.47/gprofng/src/../common -I/work/build.CoreELEC-Amlogic-no.aarch64-22/build/binutils-2.47/gprofng/src/../../include -I/work/build.CoreELEC-Amlogic-no.aarch64-22/build/binutils-2.47/gprofng/src/../../opcodes -I../../bfd -I/work/build.CoreELEC-Amlogic-no.aarch64-22/build/binutils-2.47/gprofng/src/../../bfd -I/work/build.CoreELEC-Amlogic-no.aarch64-22/build/binutils-2.47/gprofng/../zlib -Wall -pthread -Wno-switch -fno-lto -g -O2 -MT Settings.lo -MD -MP -MF .deps/Settings.Tpo -c /work/build.CoreELEC-Amlogic-no.aarch64-22/build/binutils-2.47/gprofng/src/Settings.cc -o Settings.o >/dev/null 2>&1
depbase=`echo SourceFile.lo | sed 's|[^/]*$|.deps/&|;s|\.lo$||'`;\
/bin/dash ../libtool  --tag=CXX   --mode=compile /work/build.CoreELEC-Amlogic-no.aarch64-22/toolchain/bin/host-g++ -DHAVE_CONFIG_H -I. -I/work/build.CoreELEC-Amlogic-no.aarch64-22/build/binutils-2.47/gprofng/src -I..  -U_ASM -DLOCALEDIR=\"/work/build.CoreELEC-Amlogic-no.aarch64-22/toolchain/share/locale\" -DSYSCONFDIR=\"/work/build.CoreELEC-Amlogic-no.aarch64-22/toolchain/etc\" -DLIBDIR=\"/work/build.CoreELEC-Amlogic-no.aarch64-22/toolchain/lib\" -I.. -I/work/build.CoreELEC-Amlogic-no.aarch64-22/build/binutils-2.47/gprofng/src -I/work/build.CoreELEC-Amlogic-no.aarch64-22/build/binutils-2.47/gprofng/src/../common -I/work/build.CoreELEC-Amlogic-no.aarch64-22/build/binutils-2.47/gprofng/src/../../include -I/work/build.CoreELEC-Amlogic-no.aarch64-22/build/binutils-2.47/gprofng/src/../../opcodes -I../../bfd -I/work/build.CoreELEC-Amlogic-no.aarch64-22/build/binutils-2.47/gprofng/src/../../bfd -I/work/build.CoreELEC-Amlogic-no.aarch64-22/build/binutils-2.47/gprofng/../zlib  -Wall -pthread -Wno-switch -fno-lto -g -O2     -MT SourceFile.lo -MD -MP -MF $depbase.Tpo -c -o SourceFile.lo /work/build.CoreELEC-Amlogic-no.aarch64-22/build/binutils-2.47/gprofng/src/SourceFile.cc &&\
mv -f $depbase.Tpo $depbase.Plo
libtool: compile:  /work/build.CoreELEC-Amlogic-no.aarch64-22/toolchain/bin/host-g++ -DHAVE_CONFIG_H -I. -I/work/build.CoreELEC-Amlogic-no.aarch64-22/build/binutils-2.47/gprofng/src -I.. -U_ASM -DLOCALEDIR=\"/work/build.CoreELEC-Amlogic-no.aarch64-22/toolchain/share/locale\" -DSYSCONFDIR=\"/work/build.CoreELEC-Amlogic-no.aarch64-22/toolchain/etc\" -DLIBDIR=\"/work/build.CoreELEC-Amlogic-no.aarch64-22/toolchain/lib\" -I.. -I/work/build.CoreELEC-Amlogic-no.aarch64-22/build/binutils-2.47/gprofng/src -I/work/build.CoreELEC-Amlogic-no.aarch64-22/build/binutils-2.47/gprofng/src/../common -I/work/build.CoreELEC-Amlogic-no.aarch64-22/build/binutils-2.47/gprofng/src/../../include -I/work/build.CoreELEC-Amlogic-no.aarch64-22/build/binutils-2.47/gprofng/src/../../opcodes -I../../bfd -I/work/build.CoreELEC-Amlogic-no.aarch64-22/build/binutils-2.47/gprofng/src/../../bfd -I/work/build.CoreELEC-Amlogic-no.aarch64-22/build/binutils-2.47/gprofng/../zlib -Wall -pthread -Wno-switch -fno-lto -g -O2 -MT SourceFile.lo -MD -MP -MF .deps/SourceFile.Tpo -c /work/build.CoreELEC-Amlogic-no.aarch64-22/build/binutils-2.47/gprofng/src/SourceFile.cc  -fPIC -DPIC -o .libs/SourceFile.o
libtool: compile:  /work/build.CoreELEC-Amlogic-no.aarch64-22/toolchain/bin/host-g++ -DHAVE_CONFIG_H -I. -I/work/build.CoreELEC-Amlogic-no.aarch64-22/build/binutils-2.47/gprofng/src -I.. -U_ASM -DLOCALEDIR=\"/work/build.CoreELEC-Amlogic-no.aarch64-22/toolchain/share/locale\" -DSYSCONFDIR=\"/work/build.CoreELEC-Amlogic-no.aarch64-22/toolchain/etc\" -DLIBDIR=\"/work/build.CoreELEC-Amlogic-no.aarch64-22/toolchain/lib\" -I.. -I/work/build.CoreELEC-Amlogic-no.aarch64-22/build/binutils-2.47/gprofng/src -I/work/build.CoreELEC-Amlogic-no.aarch64-22/build/binutils-2.47/gprofng/src/../common -I/work/build.CoreELEC-Amlogic-no.aarch64-22/build/binutils-2.47/gprofng/src/../../include -I/work/build.CoreELEC-Amlogic-no.aarch64-22/build/binutils-2.47/gprofng/src/../../opcodes -I../../bfd -I/work/build.CoreELEC-Amlogic-no.aarch64-22/build/binutils-2.47/gprofng/src/../../bfd -I/work/build.CoreELEC-Amlogic-no.aarch64-22/build/binutils-2.47/gprofng/../zlib -Wall -pthread -Wno-switch -fno-lto -g -O2 -MT SourceFile.lo -MD -MP -MF .deps/SourceFile.Tpo -c /work/build.CoreELEC-Amlogic-no.aarch64-22/build/binutils-2.47/gprofng/src/SourceFile.cc -o SourceFile.o >/dev/null 2>&1
depbase=`echo Stabs.lo | sed 's|[^/]*$|.deps/&|;s|\.lo$||'`;\
/bin/dash ../libtool  --tag=CXX   --mode=compile /work/build.CoreELEC-Amlogic-no.aarch64-22/toolchain/bin/host-g++ -DHAVE_CONFIG_H -I. -I/work/build.CoreELEC-Amlogic-no.aarch64-22/build/binutils-2.47/gprofng/src -I..  -U_ASM -DLOCALEDIR=\"/work/build.CoreELEC-Amlogic-no.aarch64-22/toolchain/share/locale\" -DSYSCONFDIR=\"/work/build.CoreELEC-Amlogic-no.aarch64-22/toolchain/etc\" -DLIBDIR=\"/work/build.CoreELEC-Amlogic-no.aarch64-22/toolchain/lib\" -I.. -I/work/build.CoreELEC-Amlogic-no.aarch64-22/build/binutils-2.47/gprofng/src -I/work/build.CoreELEC-Amlogic-no.aarch64-22/build/binutils-2.47/gprofng/src/../common -I/work/build.CoreELEC-Amlogic-no.aarch64-22/build/binutils-2.47/gprofng/src/../../include -I/work/build.CoreELEC-Amlogic-no.aarch64-22/build/binutils-2.47/gprofng/src/../../opcodes -I../../bfd -I/work/build.CoreELEC-Amlogic-no.aarch64-22/build/binutils-2.47/gprofng/src/../../bfd -I/work/build.CoreELEC-Amlogic-no.aarch64-22/build/binutils-2.47/gprofng/../zlib  -Wall -pthread -Wno-switch -fno-lto -g -O2     -MT Stabs.lo -MD -MP -MF $depbase.Tpo -c -o Stabs.lo /work/build.CoreELEC-Amlogic-no.aarch64-22/build/binutils-2.47/gprofng/src/Stabs.cc &&\
mv -f $depbase.Tpo $depbase.Plo
libtool: compile:  /work/build.CoreELEC-Amlogic-no.aarch64-22/toolchain/bin/host-g++ -DHAVE_CONFIG_H -I. -I/work/build.CoreELEC-Amlogic-no.aarch64-22/build/binutils-2.47/gprofng/src -I.. -U_ASM -DLOCALEDIR=\"/work/build.CoreELEC-Amlogic-no.aarch64-22/toolchain/share/locale\" -DSYSCONFDIR=\"/work/build.CoreELEC-Amlogic-no.aarch64-22/toolchain/etc\" -DLIBDIR=\"/work/build.CoreELEC-Amlogic-no.aarch64-22/toolchain/lib\" -I.. -I/work/build.CoreELEC-Amlogic-no.aarch64-22/build/binutils-2.47/gprofng/src -I/work/build.CoreELEC-Amlogic-no.aarch64-22/build/binutils-2.47/gprofng/src/../common -I/work/build.CoreELEC-Amlogic-no.aarch64-22/build/binutils-2.47/gprofng/src/../../include -I/work/build.CoreELEC-Amlogic-no.aarch64-22/build/binutils-2.47/gprofng/src/../../opcodes -I../../bfd -I/work/build.CoreELEC-Amlogic-no.aarch64-22/build/binutils-2.47/gprofng/src/../../bfd -I/work/build.CoreELEC-Amlogic-no.aarch64-22/build/binutils-2.47/gprofng/../zlib -Wall -pthread -Wno-switch -fno-lto -g -O2 -MT Stabs.lo -MD -MP -MF .deps/Stabs.Tpo -c /work/build.CoreELEC-Amlogic-no.aarch64-22/build/binutils-2.47/gprofng/src/Stabs.cc  -fPIC -DPIC -o .libs/Stabs.o
libtool: compile:  /work/build.CoreELEC-Amlogic-no.aarch64-22/toolchain/bin/host-g++ -DHAVE_CONFIG_H -I. -I/work/build.CoreELEC-Amlogic-no.aarch64-22/build/binutils-2.47/gprofng/src -I.. -U_ASM -DLOCALEDIR=\"/work/build.CoreELEC-Amlogic-no.aarch64-22/toolchain/share/locale\" -DSYSCONFDIR=\"/work/build.CoreELEC-Amlogic-no.aarch64-22/toolchain/etc\" -DLIBDIR=\"/work/build.CoreELEC-Amlogic-no.aarch64-22/toolchain/lib\" -I.. -I/work/build.CoreELEC-Amlogic-no.aarch64-22/build/binutils-2.47/gprofng/src -I/work/build.CoreELEC-Amlogic-no.aarch64-22/build/binutils-2.47/gprofng/src/../common -I/work/build.CoreELEC-Amlogic-no.aarch64-22/build/binutils-2.47/gprofng/src/../../include -I/work/build.CoreELEC-Amlogic-no.aarch64-22/build/binutils-2.47/gprofng/src/../../opcodes -I../../bfd -I/work/build.CoreELEC-Amlogic-no.aarch64-22/build/binutils-2.47/gprofng/src/../../bfd -I/work/build.CoreELEC-Amlogic-no.aarch64-22/build/binutils-2.47/gprofng/../zlib -Wall -pthread -Wno-switch -fno-lto -g -O2 -MT Stabs.lo -MD -MP -MF .deps/Stabs.Tpo -c /work/build.CoreELEC-Amlogic-no.aarch64-22/build/binutils-2.47/gprofng/src/Stabs.cc -o Stabs.o >/dev/null 2>&1
depbase=`echo Stats_data.lo | sed 's|[^/]*$|.deps/&|;s|\.lo$||'`;\
/bin/dash ../libtool  --tag=CXX   --mode=compile /work/build.CoreELEC-Amlogic-no.aarch64-22/toolchain/bin/host-g++ -DHAVE_CONFIG_H -I. -I/work/build.CoreELEC-Amlogic-no.aarch64-22/build/binutils-2.47/gprofng/src -I..  -U_ASM -DLOCALEDIR=\"/work/build.CoreELEC-Amlogic-no.aarch64-22/toolchain/share/locale\" -DSYSCONFDIR=\"/work/build.CoreELEC-Amlogic-no.aarch64-22/toolchain/etc\" -DLIBDIR=\"/work/build.CoreELEC-Amlogic-no.aarch64-22/toolchain/lib\" -I.. -I/work/build.CoreELEC-Amlogic-no.aarch64-22/build/binutils-2.47/gprofng/src -I/work/build.CoreELEC-Amlogic-no.aarch64-22/build/binutils-2.47/gprofng/src/../common -I/work/build.CoreELEC-Amlogic-no.aarch64-22/build/binutils-2.47/gprofng/src/../../include -I/work/build.CoreELEC-Amlogic-no.aarch64-22/build/binutils-2.47/gprofng/src/../../opcodes -I../../bfd -I/work/build.CoreELEC-Amlogic-no.aarch64-22/build/binutils-2.47/gprofng/src/../../bfd -I/work/build.CoreELEC-Amlogic-no.aarch64-22/build/binutils-2.47/gprofng/../zlib  -Wall -pthread -Wno-switch -fno-lto -g -O2     -MT Stats_data.lo -MD -MP -MF $depbase.Tpo -c -o Stats_data.lo /work/build.CoreELEC-Amlogic-no.aarch64-22/build/binutils-2.47/gprofng/src/Stats_data.cc &&\
mv -f $depbase.Tpo $depbase.Plo
libtool: compile:  /work/build.CoreELEC-Amlogic-no.aarch64-22/toolchain/bin/host-g++ -DHAVE_CONFIG_H -I. -I/work/build.CoreELEC-Amlogic-no.aarch64-22/build/binutils-2.47/gprofng/src -I.. -U_ASM -DLOCALEDIR=\"/work/build.CoreELEC-Amlogic-no.aarch64-22/toolchain/share/locale\" -DSYSCONFDIR=\"/work/build.CoreELEC-Amlogic-no.aarch64-22/toolchain/etc\" -DLIBDIR=\"/work/build.CoreELEC-Amlogic-no.aarch64-22/toolchain/lib\" -I.. -I/work/build.CoreELEC-Amlogic-no.aarch64-22/build/binutils-2.47/gprofng/src -I/work/build.CoreELEC-Amlogic-no.aarch64-22/build/binutils-2.47/gprofng/src/../common -I/work/build.CoreELEC-Amlogic-no.aarch64-22/build/binutils-2.47/gprofng/src/../../include -I/work/build.CoreELEC-Amlogic-no.aarch64-22/build/binutils-2.47/gprofng/src/../../opcodes -I../../bfd -I/work/build.CoreELEC-Amlogic-no.aarch64-22/build/binutils-2.47/gprofng/src/../../bfd -I/work/build.CoreELEC-Amlogic-no.aarch64-22/build/binutils-2.47/gprofng/../zlib -Wall -pthread -Wno-switch -fno-lto -g -O2 -MT Stats_data.lo -MD -MP -MF .deps/Stats_data.Tpo -c /work/build.CoreELEC-Amlogic-no.aarch64-22/build/binutils-2.47/gprofng/src/Stats_data.cc  -fPIC -DPIC -o .libs/Stats_data.o
libtool: compile:  /work/build.CoreELEC-Amlogic-no.aarch64-22/toolchain/bin/host-g++ -DHAVE_CONFIG_H -I. -I/work/build.CoreELEC-Amlogic-no.aarch64-22/build/binutils-2.47/gprofng/src -I.. -U_ASM -DLOCALEDIR=\"/work/build.CoreELEC-Amlogic-no.aarch64-22/toolchain/share/locale\" -DSYSCONFDIR=\"/work/build.CoreELEC-Amlogic-no.aarch64-22/toolchain/etc\" -DLIBDIR=\"/work/build.CoreELEC-Amlogic-no.aarch64-22/toolchain/lib\" -I.. -I/work/build.CoreELEC-Amlogic-no.aarch64-22/build/binutils-2.47/gprofng/src -I/work/build.CoreELEC-Amlogic-no.aarch64-22/build/binutils-2.47/gprofng/src/../common -I/work/build.CoreELEC-Amlogic-no.aarch64-22/build/binutils-2.47/gprofng/src/../../include -I/work/build.CoreELEC-Amlogic-no.aarch64-22/build/binutils-2.47/gprofng/src/../../opcodes -I../../bfd -I/work/build.CoreELEC-Amlogic-no.aarch64-22/build/binutils-2.47/gprofng/src/../../bfd -I/work/build.CoreELEC-Amlogic-no.aarch64-22/build/binutils-2.47/gprofng/../zlib -Wall -pthread -Wno-switch -fno-lto -g -O2 -MT Stats_data.lo -MD -MP -MF .deps/Stats_data.Tpo -c /work/build.CoreELEC-Amlogic-no.aarch64-22/build/binutils-2.47/gprofng/src/Stats_data.cc -o Stats_data.o >/dev/null 2>&1
depbase=`echo StringBuilder.lo | sed 's|[^/]*$|.deps/&|;s|\.lo$||'`;\
/bin/dash ../libtool  --tag=CXX   --mode=compile /work/build.CoreELEC-Amlogic-no.aarch64-22/toolchain/bin/host-g++ -DHAVE_CONFIG_H -I. -I/work/build.CoreELEC-Amlogic-no.aarch64-22/build/binutils-2.47/gprofng/src -I..  -U_ASM -DLOCALEDIR=\"/work/build.CoreELEC-Amlogic-no.aarch64-22/toolchain/share/locale\" -DSYSCONFDIR=\"/work/build.CoreELEC-Amlogic-no.aarch64-22/toolchain/etc\" -DLIBDIR=\"/work/build.CoreELEC-Amlogic-no.aarch64-22/toolchain/lib\" -I.. -I/work/build.CoreELEC-Amlogic-no.aarch64-22/build/binutils-2.47/gprofng/src -I/work/build.CoreELEC-Amlogic-no.aarch64-22/build/binutils-2.47/gprofng/src/../common -I/work/build.CoreELEC-Amlogic-no.aarch64-22/build/binutils-2.47/gprofng/src/../../include -I/work/build.CoreELEC-Amlogic-no.aarch64-22/build/binutils-2.47/gprofng/src/../../opcodes -I../../bfd -I/work/build.CoreELEC-Amlogic-no.aarch64-22/build/binutils-2.47/gprofng/src/../../bfd -I/work/build.CoreELEC-Amlogic-no.aarch64-22/build/binutils-2.47/gprofng/../zlib  -Wall -pthread -Wno-switch -fno-lto -g -O2     -MT StringBuilder.lo -MD -MP -MF $depbase.Tpo -c -o StringBuilder.lo /work/build.CoreELEC-Amlogic-no.aarch64-22/build/binutils-2.47/gprofng/src/StringBuilder.cc &&\
mv -f $depbase.Tpo $depbase.Plo
libtool: compile:  /work/build.CoreELEC-Amlogic-no.aarch64-22/toolchain/bin/host-g++ -DHAVE_CONFIG_H -I. -I/work/build.CoreELEC-Amlogic-no.aarch64-22/build/binutils-2.47/gprofng/src -I.. -U_ASM -DLOCALEDIR=\"/work/build.CoreELEC-Amlogic-no.aarch64-22/toolchain/share/locale\" -DSYSCONFDIR=\"/work/build.CoreELEC-Amlogic-no.aarch64-22/toolchain/etc\" -DLIBDIR=\"/work/build.CoreELEC-Amlogic-no.aarch64-22/toolchain/lib\" -I.. -I/work/build.CoreELEC-Amlogic-no.aarch64-22/build/binutils-2.47/gprofng/src -I/work/build.CoreELEC-Amlogic-no.aarch64-22/build/binutils-2.47/gprofng/src/../common -I/work/build.CoreELEC-Amlogic-no.aarch64-22/build/binutils-2.47/gprofng/src/../../include -I/work/build.CoreELEC-Amlogic-no.aarch64-22/build/binutils-2.47/gprofng/src/../../opcodes -I../../bfd -I/work/build.CoreELEC-Amlogic-no.aarch64-22/build/binutils-2.47/gprofng/src/../../bfd -I/work/build.CoreELEC-Amlogic-no.aarch64-22/build/binutils-2.47/gprofng/../zlib -Wall -pthread -Wno-switch -fno-lto -g -O2 -MT StringBuilder.lo -MD -MP -MF .deps/StringBuilder.Tpo -c /work/build.CoreELEC-Amlogic-no.aarch64-22/build/binutils-2.47/gprofng/src/StringBuilder.cc  -fPIC -DPIC -o .libs/StringBuilder.o
libtool: compile:  /work/build.CoreELEC-Amlogic-no.aarch64-22/toolchain/bin/host-g++ -DHAVE_CONFIG_H -I. -I/work/build.CoreELEC-Amlogic-no.aarch64-22/build/binutils-2.47/gprofng/src -I.. -U_ASM -DLOCALEDIR=\"/work/build.CoreELEC-Amlogic-no.aarch64-22/toolchain/share/locale\" -DSYSCONFDIR=\"/work/build.CoreELEC-Amlogic-no.aarch64-22/toolchain/etc\" -DLIBDIR=\"/work/build.CoreELEC-Amlogic-no.aarch64-22/toolchain/lib\" -I.. -I/work/build.CoreELEC-Amlogic-no.aarch64-22/build/binutils-2.47/gprofng/src -I/work/build.CoreELEC-Amlogic-no.aarch64-22/build/binutils-2.47/gprofng/src/../common -I/work/build.CoreELEC-Amlogic-no.aarch64-22/build/binutils-2.47/gprofng/src/../../include -I/work/build.CoreELEC-Amlogic-no.aarch64-22/build/binutils-2.47/gprofng/src/../../opcodes -I../../bfd -I/work/build.CoreELEC-Amlogic-no.aarch64-22/build/binutils-2.47/gprofng/src/../../bfd -I/work/build.CoreELEC-Amlogic-no.aarch64-22/build/binutils-2.47/gprofng/../zlib -Wall -pthread -Wno-switch -fno-lto -g -O2 -MT StringBuilder.lo -MD -MP -MF .deps/StringBuilder.Tpo -c /work/build.CoreELEC-Amlogic-no.aarch64-22/build/binutils-2.47/gprofng/src/StringBuilder.cc -o StringBuilder.o >/dev/null 2>&1
depbase=`echo Symbol.lo | sed 's|[^/]*$|.deps/&|;s|\.lo$||'`;\
/bin/dash ../libtool  --tag=CXX   --mode=compile /work/build.CoreELEC-Amlogic-no.aarch64-22/toolchain/bin/host-g++ -DHAVE_CONFIG_H -I. -I/work/build.CoreELEC-Amlogic-no.aarch64-22/build/binutils-2.47/gprofng/src -I..  -U_ASM -DLOCALEDIR=\"/work/build.CoreELEC-Amlogic-no.aarch64-22/toolchain/share/locale\" -DSYSCONFDIR=\"/work/build.CoreELEC-Amlogic-no.aarch64-22/toolchain/etc\" -DLIBDIR=\"/work/build.CoreELEC-Amlogic-no.aarch64-22/toolchain/lib\" -I.. -I/work/build.CoreELEC-Amlogic-no.aarch64-22/build/binutils-2.47/gprofng/src -I/work/build.CoreELEC-Amlogic-no.aarch64-22/build/binutils-2.47/gprofng/src/../common -I/work/build.CoreELEC-Amlogic-no.aarch64-22/build/binutils-2.47/gprofng/src/../../include -I/work/build.CoreELEC-Amlogic-no.aarch64-22/build/binutils-2.47/gprofng/src/../../opcodes -I../../bfd -I/work/build.CoreELEC-Amlogic-no.aarch64-22/build/binutils-2.47/gprofng/src/../../bfd -I/work/build.CoreELEC-Amlogic-no.aarch64-22/build/binutils-2.47/gprofng/../zlib  -Wall -pthread -Wno-switch -fno-lto -g -O2     -MT Symbol.lo -MD -MP -MF $depbase.Tpo -c -o Symbol.lo /work/build.CoreELEC-Amlogic-no.aarch64-22/build/binutils-2.47/gprofng/src/Symbol.cc &&\
mv -f $depbase.Tpo $depbase.Plo
libtool: compile:  /work/build.CoreELEC-Amlogic-no.aarch64-22/toolchain/bin/host-g++ -DHAVE_CONFIG_H -I. -I/work/build.CoreELEC-Amlogic-no.aarch64-22/build/binutils-2.47/gprofng/src -I.. -U_ASM -DLOCALEDIR=\"/work/build.CoreELEC-Amlogic-no.aarch64-22/toolchain/share/locale\" -DSYSCONFDIR=\"/work/build.CoreELEC-Amlogic-no.aarch64-22/toolchain/etc\" -DLIBDIR=\"/work/build.CoreELEC-Amlogic-no.aarch64-22/toolchain/lib\" -I.. -I/work/build.CoreELEC-Amlogic-no.aarch64-22/build/binutils-2.47/gprofng/src -I/work/build.CoreELEC-Amlogic-no.aarch64-22/build/binutils-2.47/gprofng/src/../common -I/work/build.CoreELEC-Amlogic-no.aarch64-22/build/binutils-2.47/gprofng/src/../../include -I/work/build.CoreELEC-Amlogic-no.aarch64-22/build/binutils-2.47/gprofng/src/../../opcodes -I../../bfd -I/work/build.CoreELEC-Amlogic-no.aarch64-22/build/binutils-2.47/gprofng/src/../../bfd -I/work/build.CoreELEC-Amlogic-no.aarch64-22/build/binutils-2.47/gprofng/../zlib -Wall -pthread -Wno-switch -fno-lto -g -O2 -MT Symbol.lo -MD -MP -MF .deps/Symbol.Tpo -c /work/build.CoreELEC-Amlogic-no.aarch64-22/build/binutils-2.47/gprofng/src/Symbol.cc  -fPIC -DPIC -o .libs/Symbol.o
libtool: compile:  /work/build.CoreELEC-Amlogic-no.aarch64-22/toolchain/bin/host-g++ -DHAVE_CONFIG_H -I. -I/work/build.CoreELEC-Amlogic-no.aarch64-22/build/binutils-2.47/gprofng/src -I.. -U_ASM -DLOCALEDIR=\"/work/build.CoreELEC-Amlogic-no.aarch64-22/toolchain/share/locale\" -DSYSCONFDIR=\"/work/build.CoreELEC-Amlogic-no.aarch64-22/toolchain/etc\" -DLIBDIR=\"/work/build.CoreELEC-Amlogic-no.aarch64-22/toolchain/lib\" -I.. -I/work/build.CoreELEC-Amlogic-no.aarch64-22/build/binutils-2.47/gprofng/src -I/work/build.CoreELEC-Amlogic-no.aarch64-22/build/binutils-2.47/gprofng/src/../common -I/work/build.CoreELEC-Amlogic-no.aarch64-22/build/binutils-2.47/gprofng/src/../../include -I/work/build.CoreELEC-Amlogic-no.aarch64-22/build/binutils-2.47/gprofng/src/../../opcodes -I../../bfd -I/work/build.CoreELEC-Amlogic-no.aarch64-22/build/binutils-2.47/gprofng/src/../../bfd -I/work/build.CoreELEC-Amlogic-no.aarch64-22/build/binutils-2.47/gprofng/../zlib -Wall -pthread -Wno-switch -fno-lto -g -O2 -MT Symbol.lo -MD -MP -MF .deps/Symbol.Tpo -c /work/build.CoreELEC-Amlogic-no.aarch64-22/build/binutils-2.47/gprofng/src/Symbol.cc -o Symbol.o >/dev/null 2>&1
depbase=`echo Table.lo | sed 's|[^/]*$|.deps/&|;s|\.lo$||'`;\
/bin/dash ../libtool  --tag=CXX   --mode=compile /work/build.CoreELEC-Amlogic-no.aarch64-22/toolchain/bin/host-g++ -DHAVE_CONFIG_H -I. -I/work/build.CoreELEC-Amlogic-no.aarch64-22/build/binutils-2.47/gprofng/src -I..  -U_ASM -DLOCALEDIR=\"/work/build.CoreELEC-Amlogic-no.aarch64-22/toolchain/share/locale\" -DSYSCONFDIR=\"/work/build.CoreELEC-Amlogic-no.aarch64-22/toolchain/etc\" -DLIBDIR=\"/work/build.CoreELEC-Amlogic-no.aarch64-22/toolchain/lib\" -I.. -I/work/build.CoreELEC-Amlogic-no.aarch64-22/build/binutils-2.47/gprofng/src -I/work/build.CoreELEC-Amlogic-no.aarch64-22/build/binutils-2.47/gprofng/src/../common -I/work/build.CoreELEC-Amlogic-no.aarch64-22/build/binutils-2.47/gprofng/src/../../include -I/work/build.CoreELEC-Amlogic-no.aarch64-22/build/binutils-2.47/gprofng/src/../../opcodes -I../../bfd -I/work/build.CoreELEC-Amlogic-no.aarch64-22/build/binutils-2.47/gprofng/src/../../bfd -I/work/build.CoreELEC-Amlogic-no.aarch64-22/build/binutils-2.47/gprofng/../zlib  -Wall -pthread -Wno-switch -fno-lto -g -O2     -MT Table.lo -MD -MP -MF $depbase.Tpo -c -o Table.lo /work/build.CoreELEC-Amlogic-no.aarch64-22/build/binutils-2.47/gprofng/src/Table.cc &&\
mv -f $depbase.Tpo $depbase.Plo
libtool: compile:  /work/build.CoreELEC-Amlogic-no.aarch64-22/toolchain/bin/host-g++ -DHAVE_CONFIG_H -I. -I/work/build.CoreELEC-Amlogic-no.aarch64-22/build/binutils-2.47/gprofng/src -I.. -U_ASM -DLOCALEDIR=\"/work/build.CoreELEC-Amlogic-no.aarch64-22/toolchain/share/locale\" -DSYSCONFDIR=\"/work/build.CoreELEC-Amlogic-no.aarch64-22/toolchain/etc\" -DLIBDIR=\"/work/build.CoreELEC-Amlogic-no.aarch64-22/toolchain/lib\" -I.. -I/work/build.CoreELEC-Amlogic-no.aarch64-22/build/binutils-2.47/gprofng/src -I/work/build.CoreELEC-Amlogic-no.aarch64-22/build/binutils-2.47/gprofng/src/../common -I/work/build.CoreELEC-Amlogic-no.aarch64-22/build/binutils-2.47/gprofng/src/../../include -I/work/build.CoreELEC-Amlogic-no.aarch64-22/build/binutils-2.47/gprofng/src/../../opcodes -I../../bfd -I/work/build.CoreELEC-Amlogic-no.aarch64-22/build/binutils-2.47/gprofng/src/../../bfd -I/work/build.CoreELEC-Amlogic-no.aarch64-22/build/binutils-2.47/gprofng/../zlib -Wall -pthread -Wno-switch -fno-lto -g -O2 -MT Table.lo -MD -MP -MF .deps/Table.Tpo -c /work/build.CoreELEC-Amlogic-no.aarch64-22/build/binutils-2.47/gprofng/src/Table.cc  -fPIC -DPIC -o .libs/Table.o
libtool: compile:  /work/build.CoreELEC-Amlogic-no.aarch64-22/toolchain/bin/host-g++ -DHAVE_CONFIG_H -I. -I/work/build.CoreELEC-Amlogic-no.aarch64-22/build/binutils-2.47/gprofng/src -I.. -U_ASM -DLOCALEDIR=\"/work/build.CoreELEC-Amlogic-no.aarch64-22/toolchain/share/locale\" -DSYSCONFDIR=\"/work/build.CoreELEC-Amlogic-no.aarch64-22/toolchain/etc\" -DLIBDIR=\"/work/build.CoreELEC-Amlogic-no.aarch64-22/toolchain/lib\" -I.. -I/work/build.CoreELEC-Amlogic-no.aarch64-22/build/binutils-2.47/gprofng/src -I/work/build.CoreELEC-Amlogic-no.aarch64-22/build/binutils-2.47/gprofng/src/../common -I/work/build.CoreELEC-Amlogic-no.aarch64-22/build/binutils-2.47/gprofng/src/../../include -I/work/build.CoreELEC-Amlogic-no.aarch64-22/build/binutils-2.47/gprofng/src/../../opcodes -I../../bfd -I/work/build.CoreELEC-Amlogic-no.aarch64-22/build/binutils-2.47/gprofng/src/../../bfd -I/work/build.CoreELEC-Amlogic-no.aarch64-22/build/binutils-2.47/gprofng/../zlib -Wall -pthread -Wno-switch -fno-lto -g -O2 -MT Table.lo -MD -MP -MF .deps/Table.Tpo -c /work/build.CoreELEC-Amlogic-no.aarch64-22/build/binutils-2.47/gprofng/src/Table.cc -o Table.o >/dev/null 2>&1
depbase=`echo QLParser.tab.lo | sed 's|[^/]*$|.deps/&|;s|\.lo$||'`;\
/bin/dash ../libtool  --tag=CXX   --mode=compile /work/build.CoreELEC-Amlogic-no.aarch64-22/toolchain/bin/host-g++ -DHAVE_CONFIG_H -I. -I/work/build.CoreELEC-Amlogic-no.aarch64-22/build/binutils-2.47/gprofng/src -I..  -U_ASM -DLOCALEDIR=\"/work/build.CoreELEC-Amlogic-no.aarch64-22/toolchain/share/locale\" -DSYSCONFDIR=\"/work/build.CoreELEC-Amlogic-no.aarch64-22/toolchain/etc\" -DLIBDIR=\"/work/build.CoreELEC-Amlogic-no.aarch64-22/toolchain/lib\" -I.. -I/work/build.CoreELEC-Amlogic-no.aarch64-22/build/binutils-2.47/gprofng/src -I/work/build.CoreELEC-Amlogic-no.aarch64-22/build/binutils-2.47/gprofng/src/../common -I/work/build.CoreELEC-Amlogic-no.aarch64-22/build/binutils-2.47/gprofng/src/../../include -I/work/build.CoreELEC-Amlogic-no.aarch64-22/build/binutils-2.47/gprofng/src/../../opcodes -I../../bfd -I/work/build.CoreELEC-Amlogic-no.aarch64-22/build/binutils-2.47/gprofng/src/../../bfd -I/work/build.CoreELEC-Amlogic-no.aarch64-22/build/binutils-2.47/gprofng/../zlib  -Wall -pthread -Wno-switch -fno-lto -g -O2     -MT QLParser.tab.lo -MD -MP -MF $depbase.Tpo -c -o QLParser.tab.lo /work/build.CoreELEC-Amlogic-no.aarch64-22/build/binutils-2.47/gprofng/src/QLParser.tab.cc &&\
mv -f $depbase.Tpo $depbase.Plo
libtool: compile:  /work/build.CoreELEC-Amlogic-no.aarch64-22/toolchain/bin/host-g++ -DHAVE_CONFIG_H -I. -I/work/build.CoreELEC-Amlogic-no.aarch64-22/build/binutils-2.47/gprofng/src -I.. -U_ASM -DLOCALEDIR=\"/work/build.CoreELEC-Amlogic-no.aarch64-22/toolchain/share/locale\" -DSYSCONFDIR=\"/work/build.CoreELEC-Amlogic-no.aarch64-22/toolchain/etc\" -DLIBDIR=\"/work/build.CoreELEC-Amlogic-no.aarch64-22/toolchain/lib\" -I.. -I/work/build.CoreELEC-Amlogic-no.aarch64-22/build/binutils-2.47/gprofng/src -I/work/build.CoreELEC-Amlogic-no.aarch64-22/build/binutils-2.47/gprofng/src/../common -I/work/build.CoreELEC-Amlogic-no.aarch64-22/build/binutils-2.47/gprofng/src/../../include -I/work/build.CoreELEC-Amlogic-no.aarch64-22/build/binutils-2.47/gprofng/src/../../opcodes -I../../bfd -I/work/build.CoreELEC-Amlogic-no.aarch64-22/build/binutils-2.47/gprofng/src/../../bfd -I/work/build.CoreELEC-Amlogic-no.aarch64-22/build/binutils-2.47/gprofng/../zlib -Wall -pthread -Wno-switch -fno-lto -g -O2 -MT QLParser.tab.lo -MD -MP -MF .deps/QLParser.tab.Tpo -c /work/build.CoreELEC-Amlogic-no.aarch64-22/build/binutils-2.47/gprofng/src/QLParser.tab.cc  -fPIC -DPIC -o .libs/QLParser.tab.o
libtool: compile:  /work/build.CoreELEC-Amlogic-no.aarch64-22/toolchain/bin/host-g++ -DHAVE_CONFIG_H -I. -I/work/build.CoreELEC-Amlogic-no.aarch64-22/build/binutils-2.47/gprofng/src -I.. -U_ASM -DLOCALEDIR=\"/work/build.CoreELEC-Amlogic-no.aarch64-22/toolchain/share/locale\" -DSYSCONFDIR=\"/work/build.CoreELEC-Amlogic-no.aarch64-22/toolchain/etc\" -DLIBDIR=\"/work/build.CoreELEC-Amlogic-no.aarch64-22/toolchain/lib\" -I.. -I/work/build.CoreELEC-Amlogic-no.aarch64-22/build/binutils-2.47/gprofng/src -I/work/build.CoreELEC-Amlogic-no.aarch64-22/build/binutils-2.47/gprofng/src/../common -I/work/build.CoreELEC-Amlogic-no.aarch64-22/build/binutils-2.47/gprofng/src/../../include -I/work/build.CoreELEC-Amlogic-no.aarch64-22/build/binutils-2.47/gprofng/src/../../opcodes -I../../bfd -I/work/build.CoreELEC-Amlogic-no.aarch64-22/build/binutils-2.47/gprofng/src/../../bfd -I/work/build.CoreELEC-Amlogic-no.aarch64-22/build/binutils-2.47/gprofng/../zlib -Wall -pthread -Wno-switch -fno-lto -g -O2 -MT QLParser.tab.lo -MD -MP -MF .deps/QLParser.tab.Tpo -c /work/build.CoreELEC-Amlogic-no.aarch64-22/build/binutils-2.47/gprofng/src/QLParser.tab.cc -o QLParser.tab.o >/dev/null 2>&1
depbase=`echo dbe_collctrl.lo | sed 's|[^/]*$|.deps/&|;s|\.lo$||'`;\
/bin/dash ../libtool  --tag=CXX   --mode=compile /work/build.CoreELEC-Amlogic-no.aarch64-22/toolchain/bin/host-g++ -DHAVE_CONFIG_H -I. -I/work/build.CoreELEC-Amlogic-no.aarch64-22/build/binutils-2.47/gprofng/src -I..  -U_ASM -DLOCALEDIR=\"/work/build.CoreELEC-Amlogic-no.aarch64-22/toolchain/share/locale\" -DSYSCONFDIR=\"/work/build.CoreELEC-Amlogic-no.aarch64-22/toolchain/etc\" -DLIBDIR=\"/work/build.CoreELEC-Amlogic-no.aarch64-22/toolchain/lib\" -I.. -I/work/build.CoreELEC-Amlogic-no.aarch64-22/build/binutils-2.47/gprofng/src -I/work/build.CoreELEC-Amlogic-no.aarch64-22/build/binutils-2.47/gprofng/src/../common -I/work/build.CoreELEC-Amlogic-no.aarch64-22/build/binutils-2.47/gprofng/src/../../include -I/work/build.CoreELEC-Amlogic-no.aarch64-22/build/binutils-2.47/gprofng/src/../../opcodes -I../../bfd -I/work/build.CoreELEC-Amlogic-no.aarch64-22/build/binutils-2.47/gprofng/src/../../bfd -I/work/build.CoreELEC-Amlogic-no.aarch64-22/build/binutils-2.47/gprofng/../zlib  -Wall -pthread -Wno-switch -fno-lto -g -O2     -MT dbe_collctrl.lo -MD -MP -MF $depbase.Tpo -c -o dbe_collctrl.lo /work/build.CoreELEC-Amlogic-no.aarch64-22/build/binutils-2.47/gprofng/src/dbe_collctrl.cc &&\
mv -f $depbase.Tpo $depbase.Plo
libtool: compile:  /work/build.CoreELEC-Amlogic-no.aarch64-22/toolchain/bin/host-g++ -DHAVE_CONFIG_H -I. -I/work/build.CoreELEC-Amlogic-no.aarch64-22/build/binutils-2.47/gprofng/src -I.. -U_ASM -DLOCALEDIR=\"/work/build.CoreELEC-Amlogic-no.aarch64-22/toolchain/share/locale\" -DSYSCONFDIR=\"/work/build.CoreELEC-Amlogic-no.aarch64-22/toolchain/etc\" -DLIBDIR=\"/work/build.CoreELEC-Amlogic-no.aarch64-22/toolchain/lib\" -I.. -I/work/build.CoreELEC-Amlogic-no.aarch64-22/build/binutils-2.47/gprofng/src -I/work/build.CoreELEC-Amlogic-no.aarch64-22/build/binutils-2.47/gprofng/src/../common -I/work/build.CoreELEC-Amlogic-no.aarch64-22/build/binutils-2.47/gprofng/src/../../include -I/work/build.CoreELEC-Amlogic-no.aarch64-22/build/binutils-2.47/gprofng/src/../../opcodes -I../../bfd -I/work/build.CoreELEC-Amlogic-no.aarch64-22/build/binutils-2.47/gprofng/src/../../bfd -I/work/build.CoreELEC-Amlogic-no.aarch64-22/build/binutils-2.47/gprofng/../zlib -Wall -pthread -Wno-switch -fno-lto -g -O2 -MT dbe_collctrl.lo -MD -MP -MF .deps/dbe_collctrl.Tpo -c /work/build.CoreELEC-Amlogic-no.aarch64-22/build/binutils-2.47/gprofng/src/dbe_collctrl.cc  -fPIC -DPIC -o .libs/dbe_collctrl.o
libtool: compile:  /work/build.CoreELEC-Amlogic-no.aarch64-22/toolchain/bin/host-g++ -DHAVE_CONFIG_H -I. -I/work/build.CoreELEC-Amlogic-no.aarch64-22/build/binutils-2.47/gprofng/src -I.. -U_ASM -DLOCALEDIR=\"/work/build.CoreELEC-Amlogic-no.aarch64-22/toolchain/share/locale\" -DSYSCONFDIR=\"/work/build.CoreELEC-Amlogic-no.aarch64-22/toolchain/etc\" -DLIBDIR=\"/work/build.CoreELEC-Amlogic-no.aarch64-22/toolchain/lib\" -I.. -I/work/build.CoreELEC-Amlogic-no.aarch64-22/build/binutils-2.47/gprofng/src -I/work/build.CoreELEC-Amlogic-no.aarch64-22/build/binutils-2.47/gprofng/src/../common -I/work/build.CoreELEC-Amlogic-no.aarch64-22/build/binutils-2.47/gprofng/src/../../include -I/work/build.CoreELEC-Amlogic-no.aarch64-22/build/binutils-2.47/gprofng/src/../../opcodes -I../../bfd -I/work/build.CoreELEC-Amlogic-no.aarch64-22/build/binutils-2.47/gprofng/src/../../bfd -I/work/build.CoreELEC-Amlogic-no.aarch64-22/build/binutils-2.47/gprofng/../zlib -Wall -pthread -Wno-switch -fno-lto -g -O2 -MT dbe_collctrl.lo -MD -MP -MF .deps/dbe_collctrl.Tpo -c /work/build.CoreELEC-Amlogic-no.aarch64-22/build/binutils-2.47/gprofng/src/dbe_collctrl.cc -o dbe_collctrl.o >/dev/null 2>&1
depbase=`echo i18n.lo | sed 's|[^/]*$|.deps/&|;s|\.lo$||'`;\
/bin/dash ../libtool  --tag=CXX   --mode=compile /work/build.CoreELEC-Amlogic-no.aarch64-22/toolchain/bin/host-g++ -DHAVE_CONFIG_H -I. -I/work/build.CoreELEC-Amlogic-no.aarch64-22/build/binutils-2.47/gprofng/src -I..  -U_ASM -DLOCALEDIR=\"/work/build.CoreELEC-Amlogic-no.aarch64-22/toolchain/share/locale\" -DSYSCONFDIR=\"/work/build.CoreELEC-Amlogic-no.aarch64-22/toolchain/etc\" -DLIBDIR=\"/work/build.CoreELEC-Amlogic-no.aarch64-22/toolchain/lib\" -I.. -I/work/build.CoreELEC-Amlogic-no.aarch64-22/build/binutils-2.47/gprofng/src -I/work/build.CoreELEC-Amlogic-no.aarch64-22/build/binutils-2.47/gprofng/src/../common -I/work/build.CoreELEC-Amlogic-no.aarch64-22/build/binutils-2.47/gprofng/src/../../include -I/work/build.CoreELEC-Amlogic-no.aarch64-22/build/binutils-2.47/gprofng/src/../../opcodes -I../../bfd -I/work/build.CoreELEC-Amlogic-no.aarch64-22/build/binutils-2.47/gprofng/src/../../bfd -I/work/build.CoreELEC-Amlogic-no.aarch64-22/build/binutils-2.47/gprofng/../zlib  -Wall -pthread -Wno-switch -fno-lto -g -O2     -MT i18n.lo -MD -MP -MF $depbase.Tpo -c -o i18n.lo /work/build.CoreELEC-Amlogic-no.aarch64-22/build/binutils-2.47/gprofng/src/i18n.cc &&\
mv -f $depbase.Tpo $depbase.Plo
libtool: compile:  /work/build.CoreELEC-Amlogic-no.aarch64-22/toolchain/bin/host-g++ -DHAVE_CONFIG_H -I. -I/work/build.CoreELEC-Amlogic-no.aarch64-22/build/binutils-2.47/gprofng/src -I.. -U_ASM -DLOCALEDIR=\"/work/build.CoreELEC-Amlogic-no.aarch64-22/toolchain/share/locale\" -DSYSCONFDIR=\"/work/build.CoreELEC-Amlogic-no.aarch64-22/toolchain/etc\" -DLIBDIR=\"/work/build.CoreELEC-Amlogic-no.aarch64-22/toolchain/lib\" -I.. -I/work/build.CoreELEC-Amlogic-no.aarch64-22/build/binutils-2.47/gprofng/src -I/work/build.CoreELEC-Amlogic-no.aarch64-22/build/binutils-2.47/gprofng/src/../common -I/work/build.CoreELEC-Amlogic-no.aarch64-22/build/binutils-2.47/gprofng/src/../../include -I/work/build.CoreELEC-Amlogic-no.aarch64-22/build/binutils-2.47/gprofng/src/../../opcodes -I../../bfd -I/work/build.CoreELEC-Amlogic-no.aarch64-22/build/binutils-2.47/gprofng/src/../../bfd -I/work/build.CoreELEC-Amlogic-no.aarch64-22/build/binutils-2.47/gprofng/../zlib -Wall -pthread -Wno-switch -fno-lto -g -O2 -MT i18n.lo -MD -MP -MF .deps/i18n.Tpo -c /work/build.CoreELEC-Amlogic-no.aarch64-22/build/binutils-2.47/gprofng/src/i18n.cc  -fPIC -DPIC -o .libs/i18n.o
libtool: compile:  /work/build.CoreELEC-Amlogic-no.aarch64-22/toolchain/bin/host-g++ -DHAVE_CONFIG_H -I. -I/work/build.CoreELEC-Amlogic-no.aarch64-22/build/binutils-2.47/gprofng/src -I.. -U_ASM -DLOCALEDIR=\"/work/build.CoreELEC-Amlogic-no.aarch64-22/toolchain/share/locale\" -DSYSCONFDIR=\"/work/build.CoreELEC-Amlogic-no.aarch64-22/toolchain/etc\" -DLIBDIR=\"/work/build.CoreELEC-Amlogic-no.aarch64-22/toolchain/lib\" -I.. -I/work/build.CoreELEC-Amlogic-no.aarch64-22/build/binutils-2.47/gprofng/src -I/work/build.CoreELEC-Amlogic-no.aarch64-22/build/binutils-2.47/gprofng/src/../common -I/work/build.CoreELEC-Amlogic-no.aarch64-22/build/binutils-2.47/gprofng/src/../../include -I/work/build.CoreELEC-Amlogic-no.aarch64-22/build/binutils-2.47/gprofng/src/../../opcodes -I../../bfd -I/work/build.CoreELEC-Amlogic-no.aarch64-22/build/binutils-2.47/gprofng/src/../../bfd -I/work/build.CoreELEC-Amlogic-no.aarch64-22/build/binutils-2.47/gprofng/../zlib -Wall -pthread -Wno-switch -fno-lto -g -O2 -MT i18n.lo -MD -MP -MF .deps/i18n.Tpo -c /work/build.CoreELEC-Amlogic-no.aarch64-22/build/binutils-2.47/gprofng/src/i18n.cc -o i18n.o >/dev/null 2>&1
depbase=`echo parse.lo | sed 's|[^/]*$|.deps/&|;s|\.lo$||'`;\
/bin/dash ../libtool  --tag=CXX   --mode=compile /work/build.CoreELEC-Amlogic-no.aarch64-22/toolchain/bin/host-g++ -DHAVE_CONFIG_H -I. -I/work/build.CoreELEC-Amlogic-no.aarch64-22/build/binutils-2.47/gprofng/src -I..  -U_ASM -DLOCALEDIR=\"/work/build.CoreELEC-Amlogic-no.aarch64-22/toolchain/share/locale\" -DSYSCONFDIR=\"/work/build.CoreELEC-Amlogic-no.aarch64-22/toolchain/etc\" -DLIBDIR=\"/work/build.CoreELEC-Amlogic-no.aarch64-22/toolchain/lib\" -I.. -I/work/build.CoreELEC-Amlogic-no.aarch64-22/build/binutils-2.47/gprofng/src -I/work/build.CoreELEC-Amlogic-no.aarch64-22/build/binutils-2.47/gprofng/src/../common -I/work/build.CoreELEC-Amlogic-no.aarch64-22/build/binutils-2.47/gprofng/src/../../include -I/work/build.CoreELEC-Amlogic-no.aarch64-22/build/binutils-2.47/gprofng/src/../../opcodes -I../../bfd -I/work/build.CoreELEC-Amlogic-no.aarch64-22/build/binutils-2.47/gprofng/src/../../bfd -I/work/build.CoreELEC-Amlogic-no.aarch64-22/build/binutils-2.47/gprofng/../zlib  -Wall -pthread -Wno-switch -fno-lto -g -O2     -MT parse.lo -MD -MP -MF $depbase.Tpo -c -o parse.lo /work/build.CoreELEC-Amlogic-no.aarch64-22/build/binutils-2.47/gprofng/src/parse.cc &&\
mv -f $depbase.Tpo $depbase.Plo
libtool: compile:  /work/build.CoreELEC-Amlogic-no.aarch64-22/toolchain/bin/host-g++ -DHAVE_CONFIG_H -I. -I/work/build.CoreELEC-Amlogic-no.aarch64-22/build/binutils-2.47/gprofng/src -I.. -U_ASM -DLOCALEDIR=\"/work/build.CoreELEC-Amlogic-no.aarch64-22/toolchain/share/locale\" -DSYSCONFDIR=\"/work/build.CoreELEC-Amlogic-no.aarch64-22/toolchain/etc\" -DLIBDIR=\"/work/build.CoreELEC-Amlogic-no.aarch64-22/toolchain/lib\" -I.. -I/work/build.CoreELEC-Amlogic-no.aarch64-22/build/binutils-2.47/gprofng/src -I/work/build.CoreELEC-Amlogic-no.aarch64-22/build/binutils-2.47/gprofng/src/../common -I/work/build.CoreELEC-Amlogic-no.aarch64-22/build/binutils-2.47/gprofng/src/../../include -I/work/build.CoreELEC-Amlogic-no.aarch64-22/build/binutils-2.47/gprofng/src/../../opcodes -I../../bfd -I/work/build.CoreELEC-Amlogic-no.aarch64-22/build/binutils-2.47/gprofng/src/../../bfd -I/work/build.CoreELEC-Amlogic-no.aarch64-22/build/binutils-2.47/gprofng/../zlib -Wall -pthread -Wno-switch -fno-lto -g -O2 -MT parse.lo -MD -MP -MF .deps/parse.Tpo -c /work/build.CoreELEC-Amlogic-no.aarch64-22/build/binutils-2.47/gprofng/src/parse.cc  -fPIC -DPIC -o .libs/parse.o
libtool: compile:  /work/build.CoreELEC-Amlogic-no.aarch64-22/toolchain/bin/host-g++ -DHAVE_CONFIG_H -I. -I/work/build.CoreELEC-Amlogic-no.aarch64-22/build/binutils-2.47/gprofng/src -I.. -U_ASM -DLOCALEDIR=\"/work/build.CoreELEC-Amlogic-no.aarch64-22/toolchain/share/locale\" -DSYSCONFDIR=\"/work/build.CoreELEC-Amlogic-no.aarch64-22/toolchain/etc\" -DLIBDIR=\"/work/build.CoreELEC-Amlogic-no.aarch64-22/toolchain/lib\" -I.. -I/work/build.CoreELEC-Amlogic-no.aarch64-22/build/binutils-2.47/gprofng/src -I/work/build.CoreELEC-Amlogic-no.aarch64-22/build/binutils-2.47/gprofng/src/../common -I/work/build.CoreELEC-Amlogic-no.aarch64-22/build/binutils-2.47/gprofng/src/../../include -I/work/build.CoreELEC-Amlogic-no.aarch64-22/build/binutils-2.47/gprofng/src/../../opcodes -I../../bfd -I/work/build.CoreELEC-Amlogic-no.aarch64-22/build/binutils-2.47/gprofng/src/../../bfd -I/work/build.CoreELEC-Amlogic-no.aarch64-22/build/binutils-2.47/gprofng/../zlib -Wall -pthread -Wno-switch -fno-lto -g -O2 -MT parse.lo -MD -MP -MF .deps/parse.Tpo -c /work/build.CoreELEC-Amlogic-no.aarch64-22/build/binutils-2.47/gprofng/src/parse.cc -o parse.o >/dev/null 2>&1
depbase=`echo UserLabel.lo | sed 's|[^/]*$|.deps/&|;s|\.lo$||'`;\
/bin/dash ../libtool  --tag=CXX   --mode=compile /work/build.CoreELEC-Amlogic-no.aarch64-22/toolchain/bin/host-g++ -DHAVE_CONFIG_H -I. -I/work/build.CoreELEC-Amlogic-no.aarch64-22/build/binutils-2.47/gprofng/src -I..  -U_ASM -DLOCALEDIR=\"/work/build.CoreELEC-Amlogic-no.aarch64-22/toolchain/share/locale\" -DSYSCONFDIR=\"/work/build.CoreELEC-Amlogic-no.aarch64-22/toolchain/etc\" -DLIBDIR=\"/work/build.CoreELEC-Amlogic-no.aarch64-22/toolchain/lib\" -I.. -I/work/build.CoreELEC-Amlogic-no.aarch64-22/build/binutils-2.47/gprofng/src -I/work/build.CoreELEC-Amlogic-no.aarch64-22/build/binutils-2.47/gprofng/src/../common -I/work/build.CoreELEC-Amlogic-no.aarch64-22/build/binutils-2.47/gprofng/src/../../include -I/work/build.CoreELEC-Amlogic-no.aarch64-22/build/binutils-2.47/gprofng/src/../../opcodes -I../../bfd -I/work/build.CoreELEC-Amlogic-no.aarch64-22/build/binutils-2.47/gprofng/src/../../bfd -I/work/build.CoreELEC-Amlogic-no.aarch64-22/build/binutils-2.47/gprofng/../zlib  -Wall -pthread -Wno-switch -fno-lto -g -O2     -MT UserLabel.lo -MD -MP -MF $depbase.Tpo -c -o UserLabel.lo /work/build.CoreELEC-Amlogic-no.aarch64-22/build/binutils-2.47/gprofng/src/UserLabel.cc &&\
mv -f $depbase.Tpo $depbase.Plo
libtool: compile:  /work/build.CoreELEC-Amlogic-no.aarch64-22/toolchain/bin/host-g++ -DHAVE_CONFIG_H -I. -I/work/build.CoreELEC-Amlogic-no.aarch64-22/build/binutils-2.47/gprofng/src -I.. -U_ASM -DLOCALEDIR=\"/work/build.CoreELEC-Amlogic-no.aarch64-22/toolchain/share/locale\" -DSYSCONFDIR=\"/work/build.CoreELEC-Amlogic-no.aarch64-22/toolchain/etc\" -DLIBDIR=\"/work/build.CoreELEC-Amlogic-no.aarch64-22/toolchain/lib\" -I.. -I/work/build.CoreELEC-Amlogic-no.aarch64-22/build/binutils-2.47/gprofng/src -I/work/build.CoreELEC-Amlogic-no.aarch64-22/build/binutils-2.47/gprofng/src/../common -I/work/build.CoreELEC-Amlogic-no.aarch64-22/build/binutils-2.47/gprofng/src/../../include -I/work/build.CoreELEC-Amlogic-no.aarch64-22/build/binutils-2.47/gprofng/src/../../opcodes -I../../bfd -I/work/build.CoreELEC-Amlogic-no.aarch64-22/build/binutils-2.47/gprofng/src/../../bfd -I/work/build.CoreELEC-Amlogic-no.aarch64-22/build/binutils-2.47/gprofng/../zlib -Wall -pthread -Wno-switch -fno-lto -g -O2 -MT UserLabel.lo -MD -MP -MF .deps/UserLabel.Tpo -c /work/build.CoreELEC-Amlogic-no.aarch64-22/build/binutils-2.47/gprofng/src/UserLabel.cc  -fPIC -DPIC -o .libs/UserLabel.o
libtool: compile:  /work/build.CoreELEC-Amlogic-no.aarch64-22/toolchain/bin/host-g++ -DHAVE_CONFIG_H -I. -I/work/build.CoreELEC-Amlogic-no.aarch64-22/build/binutils-2.47/gprofng/src -I.. -U_ASM -DLOCALEDIR=\"/work/build.CoreELEC-Amlogic-no.aarch64-22/toolchain/share/locale\" -DSYSCONFDIR=\"/work/build.CoreELEC-Amlogic-no.aarch64-22/toolchain/etc\" -DLIBDIR=\"/work/build.CoreELEC-Amlogic-no.aarch64-22/toolchain/lib\" -I.. -I/work/build.CoreELEC-Amlogic-no.aarch64-22/build/binutils-2.47/gprofng/src -I/work/build.CoreELEC-Amlogic-no.aarch64-22/build/binutils-2.47/gprofng/src/../common -I/work/build.CoreELEC-Amlogic-no.aarch64-22/build/binutils-2.47/gprofng/src/../../include -I/work/build.CoreELEC-Amlogic-no.aarch64-22/build/binutils-2.47/gprofng/src/../../opcodes -I../../bfd -I/work/build.CoreELEC-Amlogic-no.aarch64-22/build/binutils-2.47/gprofng/src/../../bfd -I/work/build.CoreELEC-Amlogic-no.aarch64-22/build/binutils-2.47/gprofng/../zlib -Wall -pthread -Wno-switch -fno-lto -g -O2 -MT UserLabel.lo -MD -MP -MF .deps/UserLabel.Tpo -c /work/build.CoreELEC-Amlogic-no.aarch64-22/build/binutils-2.47/gprofng/src/UserLabel.cc -o UserLabel.o >/dev/null 2>&1
depbase=`echo util.lo | sed 's|[^/]*$|.deps/&|;s|\.lo$||'`;\
/bin/dash ../libtool  --tag=CXX   --mode=compile /work/build.CoreELEC-Amlogic-no.aarch64-22/toolchain/bin/host-g++ -DHAVE_CONFIG_H -I. -I/work/build.CoreELEC-Amlogic-no.aarch64-22/build/binutils-2.47/gprofng/src -I..  -U_ASM -DLOCALEDIR=\"/work/build.CoreELEC-Amlogic-no.aarch64-22/toolchain/share/locale\" -DSYSCONFDIR=\"/work/build.CoreELEC-Amlogic-no.aarch64-22/toolchain/etc\" -DLIBDIR=\"/work/build.CoreELEC-Amlogic-no.aarch64-22/toolchain/lib\" -I.. -I/work/build.CoreELEC-Amlogic-no.aarch64-22/build/binutils-2.47/gprofng/src -I/work/build.CoreELEC-Amlogic-no.aarch64-22/build/binutils-2.47/gprofng/src/../common -I/work/build.CoreELEC-Amlogic-no.aarch64-22/build/binutils-2.47/gprofng/src/../../include -I/work/build.CoreELEC-Amlogic-no.aarch64-22/build/binutils-2.47/gprofng/src/../../opcodes -I../../bfd -I/work/build.CoreELEC-Amlogic-no.aarch64-22/build/binutils-2.47/gprofng/src/../../bfd -I/work/build.CoreELEC-Amlogic-no.aarch64-22/build/binutils-2.47/gprofng/../zlib  -Wall -pthread -Wno-switch -fno-lto -g -O2     -MT util.lo -MD -MP -MF $depbase.Tpo -c -o util.lo /work/build.CoreELEC-Amlogic-no.aarch64-22/build/binutils-2.47/gprofng/src/util.cc &&\
mv -f $depbase.Tpo $depbase.Plo
libtool: compile:  /work/build.CoreELEC-Amlogic-no.aarch64-22/toolchain/bin/host-g++ -DHAVE_CONFIG_H -I. -I/work/build.CoreELEC-Amlogic-no.aarch64-22/build/binutils-2.47/gprofng/src -I.. -U_ASM -DLOCALEDIR=\"/work/build.CoreELEC-Amlogic-no.aarch64-22/toolchain/share/locale\" -DSYSCONFDIR=\"/work/build.CoreELEC-Amlogic-no.aarch64-22/toolchain/etc\" -DLIBDIR=\"/work/build.CoreELEC-Amlogic-no.aarch64-22/toolchain/lib\" -I.. -I/work/build.CoreELEC-Amlogic-no.aarch64-22/build/binutils-2.47/gprofng/src -I/work/build.CoreELEC-Amlogic-no.aarch64-22/build/binutils-2.47/gprofng/src/../common -I/work/build.CoreELEC-Amlogic-no.aarch64-22/build/binutils-2.47/gprofng/src/../../include -I/work/build.CoreELEC-Amlogic-no.aarch64-22/build/binutils-2.47/gprofng/src/../../opcodes -I../../bfd -I/work/build.CoreELEC-Amlogic-no.aarch64-22/build/binutils-2.47/gprofng/src/../../bfd -I/work/build.CoreELEC-Amlogic-no.aarch64-22/build/binutils-2.47/gprofng/../zlib -Wall -pthread -Wno-switch -fno-lto -g -O2 -MT util.lo -MD -MP -MF .deps/util.Tpo -c /work/build.CoreELEC-Amlogic-no.aarch64-22/build/binutils-2.47/gprofng/src/util.cc  -fPIC -DPIC -o .libs/util.o
libtool: compile:  /work/build.CoreELEC-Amlogic-no.aarch64-22/toolchain/bin/host-g++ -DHAVE_CONFIG_H -I. -I/work/build.CoreELEC-Amlogic-no.aarch64-22/build/binutils-2.47/gprofng/src -I.. -U_ASM -DLOCALEDIR=\"/work/build.CoreELEC-Amlogic-no.aarch64-22/toolchain/share/locale\" -DSYSCONFDIR=\"/work/build.CoreELEC-Amlogic-no.aarch64-22/toolchain/etc\" -DLIBDIR=\"/work/build.CoreELEC-Amlogic-no.aarch64-22/toolchain/lib\" -I.. -I/work/build.CoreELEC-Amlogic-no.aarch64-22/build/binutils-2.47/gprofng/src -I/work/build.CoreELEC-Amlogic-no.aarch64-22/build/binutils-2.47/gprofng/src/../common -I/work/build.CoreELEC-Amlogic-no.aarch64-22/build/binutils-2.47/gprofng/src/../../include -I/work/build.CoreELEC-Amlogic-no.aarch64-22/build/binutils-2.47/gprofng/src/../../opcodes -I../../bfd -I/work/build.CoreELEC-Amlogic-no.aarch64-22/build/binutils-2.47/gprofng/src/../../bfd -I/work/build.CoreELEC-Amlogic-no.aarch64-22/build/binutils-2.47/gprofng/../zlib -Wall -pthread -Wno-switch -fno-lto -g -O2 -MT util.lo -MD -MP -MF .deps/util.Tpo -c /work/build.CoreELEC-Amlogic-no.aarch64-22/build/binutils-2.47/gprofng/src/util.cc -o util.o >/dev/null 2>&1
depbase=`echo Dbe.lo | sed 's|[^/]*$|.deps/&|;s|\.lo$||'`;\
/bin/dash ../libtool  --tag=CXX   --mode=compile /work/build.CoreELEC-Amlogic-no.aarch64-22/toolchain/bin/host-g++ -DHAVE_CONFIG_H -I. -I/work/build.CoreELEC-Amlogic-no.aarch64-22/build/binutils-2.47/gprofng/src -I..  -U_ASM -DLOCALEDIR=\"/work/build.CoreELEC-Amlogic-no.aarch64-22/toolchain/share/locale\" -DSYSCONFDIR=\"/work/build.CoreELEC-Amlogic-no.aarch64-22/toolchain/etc\" -DLIBDIR=\"/work/build.CoreELEC-Amlogic-no.aarch64-22/toolchain/lib\" -I.. -I/work/build.CoreELEC-Amlogic-no.aarch64-22/build/binutils-2.47/gprofng/src -I/work/build.CoreELEC-Amlogic-no.aarch64-22/build/binutils-2.47/gprofng/src/../common -I/work/build.CoreELEC-Amlogic-no.aarch64-22/build/binutils-2.47/gprofng/src/../../include -I/work/build.CoreELEC-Amlogic-no.aarch64-22/build/binutils-2.47/gprofng/src/../../opcodes -I../../bfd -I/work/build.CoreELEC-Amlogic-no.aarch64-22/build/binutils-2.47/gprofng/src/../../bfd -I/work/build.CoreELEC-Amlogic-no.aarch64-22/build/binutils-2.47/gprofng/../zlib  -Wall -pthread -Wno-switch -fno-lto -g -O2     -MT Dbe.lo -MD -MP -MF $depbase.Tpo -c -o Dbe.lo /work/build.CoreELEC-Amlogic-no.aarch64-22/build/binutils-2.47/gprofng/src/Dbe.cc &&\
mv -f $depbase.Tpo $depbase.Plo
libtool: compile:  /work/build.CoreELEC-Amlogic-no.aarch64-22/toolchain/bin/host-g++ -DHAVE_CONFIG_H -I. -I/work/build.CoreELEC-Amlogic-no.aarch64-22/build/binutils-2.47/gprofng/src -I.. -U_ASM -DLOCALEDIR=\"/work/build.CoreELEC-Amlogic-no.aarch64-22/toolchain/share/locale\" -DSYSCONFDIR=\"/work/build.CoreELEC-Amlogic-no.aarch64-22/toolchain/etc\" -DLIBDIR=\"/work/build.CoreELEC-Amlogic-no.aarch64-22/toolchain/lib\" -I.. -I/work/build.CoreELEC-Amlogic-no.aarch64-22/build/binutils-2.47/gprofng/src -I/work/build.CoreELEC-Amlogic-no.aarch64-22/build/binutils-2.47/gprofng/src/../common -I/work/build.CoreELEC-Amlogic-no.aarch64-22/build/binutils-2.47/gprofng/src/../../include -I/work/build.CoreELEC-Amlogic-no.aarch64-22/build/binutils-2.47/gprofng/src/../../opcodes -I../../bfd -I/work/build.CoreELEC-Amlogic-no.aarch64-22/build/binutils-2.47/gprofng/src/../../bfd -I/work/build.CoreELEC-Amlogic-no.aarch64-22/build/binutils-2.47/gprofng/../zlib -Wall -pthread -Wno-switch -fno-lto -g -O2 -MT Dbe.lo -MD -MP -MF .deps/Dbe.Tpo -c /work/build.CoreELEC-Amlogic-no.aarch64-22/build/binutils-2.47/gprofng/src/Dbe.cc  -fPIC -DPIC -o .libs/Dbe.o
libtool: compile:  /work/build.CoreELEC-Amlogic-no.aarch64-22/toolchain/bin/host-g++ -DHAVE_CONFIG_H -I. -I/work/build.CoreELEC-Amlogic-no.aarch64-22/build/binutils-2.47/gprofng/src -I.. -U_ASM -DLOCALEDIR=\"/work/build.CoreELEC-Amlogic-no.aarch64-22/toolchain/share/locale\" -DSYSCONFDIR=\"/work/build.CoreELEC-Amlogic-no.aarch64-22/toolchain/etc\" -DLIBDIR=\"/work/build.CoreELEC-Amlogic-no.aarch64-22/toolchain/lib\" -I.. -I/work/build.CoreELEC-Amlogic-no.aarch64-22/build/binutils-2.47/gprofng/src -I/work/build.CoreELEC-Amlogic-no.aarch64-22/build/binutils-2.47/gprofng/src/../common -I/work/build.CoreELEC-Amlogic-no.aarch64-22/build/binutils-2.47/gprofng/src/../../include -I/work/build.CoreELEC-Amlogic-no.aarch64-22/build/binutils-2.47/gprofng/src/../../opcodes -I../../bfd -I/work/build.CoreELEC-Amlogic-no.aarch64-22/build/binutils-2.47/gprofng/src/../../bfd -I/work/build.CoreELEC-Amlogic-no.aarch64-22/build/binutils-2.47/gprofng/../zlib -Wall -pthread -Wno-switch -fno-lto -g -O2 -MT Dbe.lo -MD -MP -MF .deps/Dbe.Tpo -c /work/build.CoreELEC-Amlogic-no.aarch64-22/build/binutils-2.47/gprofng/src/Dbe.cc -o Dbe.o >/dev/null 2>&1
depbase=`echo gmon_io.lo | sed 's|[^/]*$|.deps/&|;s|\.lo$||'`;\
/bin/dash ../libtool  --tag=CXX   --mode=compile /work/build.CoreELEC-Amlogic-no.aarch64-22/toolchain/bin/host-g++ -DHAVE_CONFIG_H -I. -I/work/build.CoreELEC-Amlogic-no.aarch64-22/build/binutils-2.47/gprofng/src -I..  -U_ASM -DLOCALEDIR=\"/work/build.CoreELEC-Amlogic-no.aarch64-22/toolchain/share/locale\" -DSYSCONFDIR=\"/work/build.CoreELEC-Amlogic-no.aarch64-22/toolchain/etc\" -DLIBDIR=\"/work/build.CoreELEC-Amlogic-no.aarch64-22/toolchain/lib\" -I.. -I/work/build.CoreELEC-Amlogic-no.aarch64-22/build/binutils-2.47/gprofng/src -I/work/build.CoreELEC-Amlogic-no.aarch64-22/build/binutils-2.47/gprofng/src/../common -I/work/build.CoreELEC-Amlogic-no.aarch64-22/build/binutils-2.47/gprofng/src/../../include -I/work/build.CoreELEC-Amlogic-no.aarch64-22/build/binutils-2.47/gprofng/src/../../opcodes -I../../bfd -I/work/build.CoreELEC-Amlogic-no.aarch64-22/build/binutils-2.47/gprofng/src/../../bfd -I/work/build.CoreELEC-Amlogic-no.aarch64-22/build/binutils-2.47/gprofng/../zlib  -Wall -pthread -Wno-switch -fno-lto -g -O2     -MT gmon_io.lo -MD -MP -MF $depbase.Tpo -c -o gmon_io.lo /work/build.CoreELEC-Amlogic-no.aarch64-22/build/binutils-2.47/gprofng/src/gmon_io.cc &&\
mv -f $depbase.Tpo $depbase.Plo
libtool: compile:  /work/build.CoreELEC-Amlogic-no.aarch64-22/toolchain/bin/host-g++ -DHAVE_CONFIG_H -I. -I/work/build.CoreELEC-Amlogic-no.aarch64-22/build/binutils-2.47/gprofng/src -I.. -U_ASM -DLOCALEDIR=\"/work/build.CoreELEC-Amlogic-no.aarch64-22/toolchain/share/locale\" -DSYSCONFDIR=\"/work/build.CoreELEC-Amlogic-no.aarch64-22/toolchain/etc\" -DLIBDIR=\"/work/build.CoreELEC-Amlogic-no.aarch64-22/toolchain/lib\" -I.. -I/work/build.CoreELEC-Amlogic-no.aarch64-22/build/binutils-2.47/gprofng/src -I/work/build.CoreELEC-Amlogic-no.aarch64-22/build/binutils-2.47/gprofng/src/../common -I/work/build.CoreELEC-Amlogic-no.aarch64-22/build/binutils-2.47/gprofng/src/../../include -I/work/build.CoreELEC-Amlogic-no.aarch64-22/build/binutils-2.47/gprofng/src/../../opcodes -I../../bfd -I/work/build.CoreELEC-Amlogic-no.aarch64-22/build/binutils-2.47/gprofng/src/../../bfd -I/work/build.CoreELEC-Amlogic-no.aarch64-22/build/binutils-2.47/gprofng/../zlib -Wall -pthread -Wno-switch -fno-lto -g -O2 -MT gmon_io.lo -MD -MP -MF .deps/gmon_io.Tpo -c /work/build.CoreELEC-Amlogic-no.aarch64-22/build/binutils-2.47/gprofng/src/gmon_io.cc  -fPIC -DPIC -o .libs/gmon_io.o
libtool: compile:  /work/build.CoreELEC-Amlogic-no.aarch64-22/toolchain/bin/host-g++ -DHAVE_CONFIG_H -I. -I/work/build.CoreELEC-Amlogic-no.aarch64-22/build/binutils-2.47/gprofng/src -I.. -U_ASM -DLOCALEDIR=\"/work/build.CoreELEC-Amlogic-no.aarch64-22/toolchain/share/locale\" -DSYSCONFDIR=\"/work/build.CoreELEC-Amlogic-no.aarch64-22/toolchain/etc\" -DLIBDIR=\"/work/build.CoreELEC-Amlogic-no.aarch64-22/toolchain/lib\" -I.. -I/work/build.CoreELEC-Amlogic-no.aarch64-22/build/binutils-2.47/gprofng/src -I/work/build.CoreELEC-Amlogic-no.aarch64-22/build/binutils-2.47/gprofng/src/../common -I/work/build.CoreELEC-Amlogic-no.aarch64-22/build/binutils-2.47/gprofng/src/../../include -I/work/build.CoreELEC-Amlogic-no.aarch64-22/build/binutils-2.47/gprofng/src/../../opcodes -I../../bfd -I/work/build.CoreELEC-Amlogic-no.aarch64-22/build/binutils-2.47/gprofng/src/../../bfd -I/work/build.CoreELEC-Amlogic-no.aarch64-22/build/binutils-2.47/gprofng/../zlib -Wall -pthread -Wno-switch -fno-lto -g -O2 -MT gmon_io.lo -MD -MP -MF .deps/gmon_io.Tpo -c /work/build.CoreELEC-Amlogic-no.aarch64-22/build/binutils-2.47/gprofng/src/gmon_io.cc -o gmon_io.o >/dev/null 2>&1
depbase=`echo gmon_basic_blocks.lo | sed 's|[^/]*$|.deps/&|;s|\.lo$||'`;\
/bin/dash ../libtool  --tag=CXX   --mode=compile /work/build.CoreELEC-Amlogic-no.aarch64-22/toolchain/bin/host-g++ -DHAVE_CONFIG_H -I. -I/work/build.CoreELEC-Amlogic-no.aarch64-22/build/binutils-2.47/gprofng/src -I..  -U_ASM -DLOCALEDIR=\"/work/build.CoreELEC-Amlogic-no.aarch64-22/toolchain/share/locale\" -DSYSCONFDIR=\"/work/build.CoreELEC-Amlogic-no.aarch64-22/toolchain/etc\" -DLIBDIR=\"/work/build.CoreELEC-Amlogic-no.aarch64-22/toolchain/lib\" -I.. -I/work/build.CoreELEC-Amlogic-no.aarch64-22/build/binutils-2.47/gprofng/src -I/work/build.CoreELEC-Amlogic-no.aarch64-22/build/binutils-2.47/gprofng/src/../common -I/work/build.CoreELEC-Amlogic-no.aarch64-22/build/binutils-2.47/gprofng/src/../../include -I/work/build.CoreELEC-Amlogic-no.aarch64-22/build/binutils-2.47/gprofng/src/../../opcodes -I../../bfd -I/work/build.CoreELEC-Amlogic-no.aarch64-22/build/binutils-2.47/gprofng/src/../../bfd -I/work/build.CoreELEC-Amlogic-no.aarch64-22/build/binutils-2.47/gprofng/../zlib  -Wall -pthread -Wno-switch -fno-lto -g -O2     -MT gmon_basic_blocks.lo -MD -MP -MF $depbase.Tpo -c -o gmon_basic_blocks.lo /work/build.CoreELEC-Amlogic-no.aarch64-22/build/binutils-2.47/gprofng/src/gmon_basic_blocks.cc &&\
mv -f $depbase.Tpo $depbase.Plo
libtool: compile:  /work/build.CoreELEC-Amlogic-no.aarch64-22/toolchain/bin/host-g++ -DHAVE_CONFIG_H -I. -I/work/build.CoreELEC-Amlogic-no.aarch64-22/build/binutils-2.47/gprofng/src -I.. -U_ASM -DLOCALEDIR=\"/work/build.CoreELEC-Amlogic-no.aarch64-22/toolchain/share/locale\" -DSYSCONFDIR=\"/work/build.CoreELEC-Amlogic-no.aarch64-22/toolchain/etc\" -DLIBDIR=\"/work/build.CoreELEC-Amlogic-no.aarch64-22/toolchain/lib\" -I.. -I/work/build.CoreELEC-Amlogic-no.aarch64-22/build/binutils-2.47/gprofng/src -I/work/build.CoreELEC-Amlogic-no.aarch64-22/build/binutils-2.47/gprofng/src/../common -I/work/build.CoreELEC-Amlogic-no.aarch64-22/build/binutils-2.47/gprofng/src/../../include -I/work/build.CoreELEC-Amlogic-no.aarch64-22/build/binutils-2.47/gprofng/src/../../opcodes -I../../bfd -I/work/build.CoreELEC-Amlogic-no.aarch64-22/build/binutils-2.47/gprofng/src/../../bfd -I/work/build.CoreELEC-Amlogic-no.aarch64-22/build/binutils-2.47/gprofng/../zlib -Wall -pthread -Wno-switch -fno-lto -g -O2 -MT gmon_basic_blocks.lo -MD -MP -MF .deps/gmon_basic_blocks.Tpo -c /work/build.CoreELEC-Amlogic-no.aarch64-22/build/binutils-2.47/gprofng/src/gmon_basic_blocks.cc  -fPIC -DPIC -o .libs/gmon_basic_blocks.o
libtool: compile:  /work/build.CoreELEC-Amlogic-no.aarch64-22/toolchain/bin/host-g++ -DHAVE_CONFIG_H -I. -I/work/build.CoreELEC-Amlogic-no.aarch64-22/build/binutils-2.47/gprofng/src -I.. -U_ASM -DLOCALEDIR=\"/work/build.CoreELEC-Amlogic-no.aarch64-22/toolchain/share/locale\" -DSYSCONFDIR=\"/work/build.CoreELEC-Amlogic-no.aarch64-22/toolchain/etc\" -DLIBDIR=\"/work/build.CoreELEC-Amlogic-no.aarch64-22/toolchain/lib\" -I.. -I/work/build.CoreELEC-Amlogic-no.aarch64-22/build/binutils-2.47/gprofng/src -I/work/build.CoreELEC-Amlogic-no.aarch64-22/build/binutils-2.47/gprofng/src/../common -I/work/build.CoreELEC-Amlogic-no.aarch64-22/build/binutils-2.47/gprofng/src/../../include -I/work/build.CoreELEC-Amlogic-no.aarch64-22/build/binutils-2.47/gprofng/src/../../opcodes -I../../bfd -I/work/build.CoreELEC-Amlogic-no.aarch64-22/build/binutils-2.47/gprofng/src/../../bfd -I/work/build.CoreELEC-Amlogic-no.aarch64-22/build/binutils-2.47/gprofng/../zlib -Wall -pthread -Wno-switch -fno-lto -g -O2 -MT gmon_basic_blocks.lo -MD -MP -MF .deps/gmon_basic_blocks.Tpo -c /work/build.CoreELEC-Amlogic-no.aarch64-22/build/binutils-2.47/gprofng/src/gmon_basic_blocks.cc -o gmon_basic_blocks.o >/dev/null 2>&1
depbase=`echo gmon_call_graph.lo | sed 's|[^/]*$|.deps/&|;s|\.lo$||'`;\
/bin/dash ../libtool  --tag=CXX   --mode=compile /work/build.CoreELEC-Amlogic-no.aarch64-22/toolchain/bin/host-g++ -DHAVE_CONFIG_H -I. -I/work/build.CoreELEC-Amlogic-no.aarch64-22/build/binutils-2.47/gprofng/src -I..  -U_ASM -DLOCALEDIR=\"/work/build.CoreELEC-Amlogic-no.aarch64-22/toolchain/share/locale\" -DSYSCONFDIR=\"/work/build.CoreELEC-Amlogic-no.aarch64-22/toolchain/etc\" -DLIBDIR=\"/work/build.CoreELEC-Amlogic-no.aarch64-22/toolchain/lib\" -I.. -I/work/build.CoreELEC-Amlogic-no.aarch64-22/build/binutils-2.47/gprofng/src -I/work/build.CoreELEC-Amlogic-no.aarch64-22/build/binutils-2.47/gprofng/src/../common -I/work/build.CoreELEC-Amlogic-no.aarch64-22/build/binutils-2.47/gprofng/src/../../include -I/work/build.CoreELEC-Amlogic-no.aarch64-22/build/binutils-2.47/gprofng/src/../../opcodes -I../../bfd -I/work/build.CoreELEC-Amlogic-no.aarch64-22/build/binutils-2.47/gprofng/src/../../bfd -I/work/build.CoreELEC-Amlogic-no.aarch64-22/build/binutils-2.47/gprofng/../zlib  -Wall -pthread -Wno-switch -fno-lto -g -O2     -MT gmon_call_graph.lo -MD -MP -MF $depbase.Tpo -c -o gmon_call_graph.lo /work/build.CoreELEC-Amlogic-no.aarch64-22/build/binutils-2.47/gprofng/src/gmon_call_graph.cc &&\
mv -f $depbase.Tpo $depbase.Plo
libtool: compile:  /work/build.CoreELEC-Amlogic-no.aarch64-22/toolchain/bin/host-g++ -DHAVE_CONFIG_H -I. -I/work/build.CoreELEC-Amlogic-no.aarch64-22/build/binutils-2.47/gprofng/src -I.. -U_ASM -DLOCALEDIR=\"/work/build.CoreELEC-Amlogic-no.aarch64-22/toolchain/share/locale\" -DSYSCONFDIR=\"/work/build.CoreELEC-Amlogic-no.aarch64-22/toolchain/etc\" -DLIBDIR=\"/work/build.CoreELEC-Amlogic-no.aarch64-22/toolchain/lib\" -I.. -I/work/build.CoreELEC-Amlogic-no.aarch64-22/build/binutils-2.47/gprofng/src -I/work/build.CoreELEC-Amlogic-no.aarch64-22/build/binutils-2.47/gprofng/src/../common -I/work/build.CoreELEC-Amlogic-no.aarch64-22/build/binutils-2.47/gprofng/src/../../include -I/work/build.CoreELEC-Amlogic-no.aarch64-22/build/binutils-2.47/gprofng/src/../../opcodes -I../../bfd -I/work/build.CoreELEC-Amlogic-no.aarch64-22/build/binutils-2.47/gprofng/src/../../bfd -I/work/build.CoreELEC-Amlogic-no.aarch64-22/build/binutils-2.47/gprofng/../zlib -Wall -pthread -Wno-switch -fno-lto -g -O2 -MT gmon_call_graph.lo -MD -MP -MF .deps/gmon_call_graph.Tpo -c /work/build.CoreELEC-Amlogic-no.aarch64-22/build/binutils-2.47/gprofng/src/gmon_call_graph.cc  -fPIC -DPIC -o .libs/gmon_call_graph.o
libtool: compile:  /work/build.CoreELEC-Amlogic-no.aarch64-22/toolchain/bin/host-g++ -DHAVE_CONFIG_H -I. -I/work/build.CoreELEC-Amlogic-no.aarch64-22/build/binutils-2.47/gprofng/src -I.. -U_ASM -DLOCALEDIR=\"/work/build.CoreELEC-Amlogic-no.aarch64-22/toolchain/share/locale\" -DSYSCONFDIR=\"/work/build.CoreELEC-Amlogic-no.aarch64-22/toolchain/etc\" -DLIBDIR=\"/work/build.CoreELEC-Amlogic-no.aarch64-22/toolchain/lib\" -I.. -I/work/build.CoreELEC-Amlogic-no.aarch64-22/build/binutils-2.47/gprofng/src -I/work/build.CoreELEC-Amlogic-no.aarch64-22/build/binutils-2.47/gprofng/src/../common -I/work/build.CoreELEC-Amlogic-no.aarch64-22/build/binutils-2.47/gprofng/src/../../include -I/work/build.CoreELEC-Amlogic-no.aarch64-22/build/binutils-2.47/gprofng/src/../../opcodes -I../../bfd -I/work/build.CoreELEC-Amlogic-no.aarch64-22/build/binutils-2.47/gprofng/src/../../bfd -I/work/build.CoreELEC-Amlogic-no.aarch64-22/build/binutils-2.47/gprofng/../zlib -Wall -pthread -Wno-switch -fno-lto -g -O2 -MT gmon_call_graph.lo -MD -MP -MF .deps/gmon_call_graph.Tpo -c /work/build.CoreELEC-Amlogic-no.aarch64-22/build/binutils-2.47/gprofng/src/gmon_call_graph.cc -o gmon_call_graph.o >/dev/null 2>&1
depbase=`echo gmon_hist.lo | sed 's|[^/]*$|.deps/&|;s|\.lo$||'`;\
/bin/dash ../libtool  --tag=CXX   --mode=compile /work/build.CoreELEC-Amlogic-no.aarch64-22/toolchain/bin/host-g++ -DHAVE_CONFIG_H -I. -I/work/build.CoreELEC-Amlogic-no.aarch64-22/build/binutils-2.47/gprofng/src -I..  -U_ASM -DLOCALEDIR=\"/work/build.CoreELEC-Amlogic-no.aarch64-22/toolchain/share/locale\" -DSYSCONFDIR=\"/work/build.CoreELEC-Amlogic-no.aarch64-22/toolchain/etc\" -DLIBDIR=\"/work/build.CoreELEC-Amlogic-no.aarch64-22/toolchain/lib\" -I.. -I/work/build.CoreELEC-Amlogic-no.aarch64-22/build/binutils-2.47/gprofng/src -I/work/build.CoreELEC-Amlogic-no.aarch64-22/build/binutils-2.47/gprofng/src/../common -I/work/build.CoreELEC-Amlogic-no.aarch64-22/build/binutils-2.47/gprofng/src/../../include -I/work/build.CoreELEC-Amlogic-no.aarch64-22/build/binutils-2.47/gprofng/src/../../opcodes -I../../bfd -I/work/build.CoreELEC-Amlogic-no.aarch64-22/build/binutils-2.47/gprofng/src/../../bfd -I/work/build.CoreELEC-Amlogic-no.aarch64-22/build/binutils-2.47/gprofng/../zlib  -Wall -pthread -Wno-switch -fno-lto -g -O2     -MT gmon_hist.lo -MD -MP -MF $depbase.Tpo -c -o gmon_hist.lo /work/build.CoreELEC-Amlogic-no.aarch64-22/build/binutils-2.47/gprofng/src/gmon_hist.cc &&\
mv -f $depbase.Tpo $depbase.Plo
libtool: compile:  /work/build.CoreELEC-Amlogic-no.aarch64-22/toolchain/bin/host-g++ -DHAVE_CONFIG_H -I. -I/work/build.CoreELEC-Amlogic-no.aarch64-22/build/binutils-2.47/gprofng/src -I.. -U_ASM -DLOCALEDIR=\"/work/build.CoreELEC-Amlogic-no.aarch64-22/toolchain/share/locale\" -DSYSCONFDIR=\"/work/build.CoreELEC-Amlogic-no.aarch64-22/toolchain/etc\" -DLIBDIR=\"/work/build.CoreELEC-Amlogic-no.aarch64-22/toolchain/lib\" -I.. -I/work/build.CoreELEC-Amlogic-no.aarch64-22/build/binutils-2.47/gprofng/src -I/work/build.CoreELEC-Amlogic-no.aarch64-22/build/binutils-2.47/gprofng/src/../common -I/work/build.CoreELEC-Amlogic-no.aarch64-22/build/binutils-2.47/gprofng/src/../../include -I/work/build.CoreELEC-Amlogic-no.aarch64-22/build/binutils-2.47/gprofng/src/../../opcodes -I../../bfd -I/work/build.CoreELEC-Amlogic-no.aarch64-22/build/binutils-2.47/gprofng/src/../../bfd -I/work/build.CoreELEC-Amlogic-no.aarch64-22/build/binutils-2.47/gprofng/../zlib -Wall -pthread -Wno-switch -fno-lto -g -O2 -MT gmon_hist.lo -MD -MP -MF .deps/gmon_hist.Tpo -c /work/build.CoreELEC-Amlogic-no.aarch64-22/build/binutils-2.47/gprofng/src/gmon_hist.cc  -fPIC -DPIC -o .libs/gmon_hist.o
libtool: compile:  /work/build.CoreELEC-Amlogic-no.aarch64-22/toolchain/bin/host-g++ -DHAVE_CONFIG_H -I. -I/work/build.CoreELEC-Amlogic-no.aarch64-22/build/binutils-2.47/gprofng/src -I.. -U_ASM -DLOCALEDIR=\"/work/build.CoreELEC-Amlogic-no.aarch64-22/toolchain/share/locale\" -DSYSCONFDIR=\"/work/build.CoreELEC-Amlogic-no.aarch64-22/toolchain/etc\" -DLIBDIR=\"/work/build.CoreELEC-Amlogic-no.aarch64-22/toolchain/lib\" -I.. -I/work/build.CoreELEC-Amlogic-no.aarch64-22/build/binutils-2.47/gprofng/src -I/work/build.CoreELEC-Amlogic-no.aarch64-22/build/binutils-2.47/gprofng/src/../common -I/work/build.CoreELEC-Amlogic-no.aarch64-22/build/binutils-2.47/gprofng/src/../../include -I/work/build.CoreELEC-Amlogic-no.aarch64-22/build/binutils-2.47/gprofng/src/../../opcodes -I../../bfd -I/work/build.CoreELEC-Amlogic-no.aarch64-22/build/binutils-2.47/gprofng/src/../../bfd -I/work/build.CoreELEC-Amlogic-no.aarch64-22/build/binutils-2.47/gprofng/../zlib -Wall -pthread -Wno-switch -fno-lto -g -O2 -MT gmon_hist.lo -MD -MP -MF .deps/gmon_hist.Tpo -c /work/build.CoreELEC-Amlogic-no.aarch64-22/build/binutils-2.47/gprofng/src/gmon_hist.cc -o gmon_hist.o >/dev/null 2>&1
depbase=`echo gmon_symtab.lo | sed 's|[^/]*$|.deps/&|;s|\.lo$||'`;\
/bin/dash ../libtool  --tag=CXX   --mode=compile /work/build.CoreELEC-Amlogic-no.aarch64-22/toolchain/bin/host-g++ -DHAVE_CONFIG_H -I. -I/work/build.CoreELEC-Amlogic-no.aarch64-22/build/binutils-2.47/gprofng/src -I..  -U_ASM -DLOCALEDIR=\"/work/build.CoreELEC-Amlogic-no.aarch64-22/toolchain/share/locale\" -DSYSCONFDIR=\"/work/build.CoreELEC-Amlogic-no.aarch64-22/toolchain/etc\" -DLIBDIR=\"/work/build.CoreELEC-Amlogic-no.aarch64-22/toolchain/lib\" -I.. -I/work/build.CoreELEC-Amlogic-no.aarch64-22/build/binutils-2.47/gprofng/src -I/work/build.CoreELEC-Amlogic-no.aarch64-22/build/binutils-2.47/gprofng/src/../common -I/work/build.CoreELEC-Amlogic-no.aarch64-22/build/binutils-2.47/gprofng/src/../../include -I/work/build.CoreELEC-Amlogic-no.aarch64-22/build/binutils-2.47/gprofng/src/../../opcodes -I../../bfd -I/work/build.CoreELEC-Amlogic-no.aarch64-22/build/binutils-2.47/gprofng/src/../../bfd -I/work/build.CoreELEC-Amlogic-no.aarch64-22/build/binutils-2.47/gprofng/../zlib  -Wall -pthread -Wno-switch -fno-lto -g -O2     -MT gmon_symtab.lo -MD -MP -MF $depbase.Tpo -c -o gmon_symtab.lo /work/build.CoreELEC-Amlogic-no.aarch64-22/build/binutils-2.47/gprofng/src/gmon_symtab.cc &&\
mv -f $depbase.Tpo $depbase.Plo
libtool: compile:  /work/build.CoreELEC-Amlogic-no.aarch64-22/toolchain/bin/host-g++ -DHAVE_CONFIG_H -I. -I/work/build.CoreELEC-Amlogic-no.aarch64-22/build/binutils-2.47/gprofng/src -I.. -U_ASM -DLOCALEDIR=\"/work/build.CoreELEC-Amlogic-no.aarch64-22/toolchain/share/locale\" -DSYSCONFDIR=\"/work/build.CoreELEC-Amlogic-no.aarch64-22/toolchain/etc\" -DLIBDIR=\"/work/build.CoreELEC-Amlogic-no.aarch64-22/toolchain/lib\" -I.. -I/work/build.CoreELEC-Amlogic-no.aarch64-22/build/binutils-2.47/gprofng/src -I/work/build.CoreELEC-Amlogic-no.aarch64-22/build/binutils-2.47/gprofng/src/../common -I/work/build.CoreELEC-Amlogic-no.aarch64-22/build/binutils-2.47/gprofng/src/../../include -I/work/build.CoreELEC-Amlogic-no.aarch64-22/build/binutils-2.47/gprofng/src/../../opcodes -I../../bfd -I/work/build.CoreELEC-Amlogic-no.aarch64-22/build/binutils-2.47/gprofng/src/../../bfd -I/work/build.CoreELEC-Amlogic-no.aarch64-22/build/binutils-2.47/gprofng/../zlib -Wall -pthread -Wno-switch -fno-lto -g -O2 -MT gmon_symtab.lo -MD -MP -MF .deps/gmon_symtab.Tpo -c /work/build.CoreELEC-Amlogic-no.aarch64-22/build/binutils-2.47/gprofng/src/gmon_symtab.cc  -fPIC -DPIC -o .libs/gmon_symtab.o
libtool: compile:  /work/build.CoreELEC-Amlogic-no.aarch64-22/toolchain/bin/host-g++ -DHAVE_CONFIG_H -I. -I/work/build.CoreELEC-Amlogic-no.aarch64-22/build/binutils-2.47/gprofng/src -I.. -U_ASM -DLOCALEDIR=\"/work/build.CoreELEC-Amlogic-no.aarch64-22/toolchain/share/locale\" -DSYSCONFDIR=\"/work/build.CoreELEC-Amlogic-no.aarch64-22/toolchain/etc\" -DLIBDIR=\"/work/build.CoreELEC-Amlogic-no.aarch64-22/toolchain/lib\" -I.. -I/work/build.CoreELEC-Amlogic-no.aarch64-22/build/binutils-2.47/gprofng/src -I/work/build.CoreELEC-Amlogic-no.aarch64-22/build/binutils-2.47/gprofng/src/../common -I/work/build.CoreELEC-Amlogic-no.aarch64-22/build/binutils-2.47/gprofng/src/../../include -I/work/build.CoreELEC-Amlogic-no.aarch64-22/build/binutils-2.47/gprofng/src/../../opcodes -I../../bfd -I/work/build.CoreELEC-Amlogic-no.aarch64-22/build/binutils-2.47/gprofng/src/../../bfd -I/work/build.CoreELEC-Amlogic-no.aarch64-22/build/binutils-2.47/gprofng/../zlib -Wall -pthread -Wno-switch -fno-lto -g -O2 -MT gmon_symtab.lo -MD -MP -MF .deps/gmon_symtab.Tpo -c /work/build.CoreELEC-Amlogic-no.aarch64-22/build/binutils-2.47/gprofng/src/gmon_symtab.cc -o gmon_symtab.o >/dev/null 2>&1
depbase=`echo gmon_cg_arcs.lo | sed 's|[^/]*$|.deps/&|;s|\.lo$||'`;\
/bin/dash ../libtool  --tag=CXX   --mode=compile /work/build.CoreELEC-Amlogic-no.aarch64-22/toolchain/bin/host-g++ -DHAVE_CONFIG_H -I. -I/work/build.CoreELEC-Amlogic-no.aarch64-22/build/binutils-2.47/gprofng/src -I..  -U_ASM -DLOCALEDIR=\"/work/build.CoreELEC-Amlogic-no.aarch64-22/toolchain/share/locale\" -DSYSCONFDIR=\"/work/build.CoreELEC-Amlogic-no.aarch64-22/toolchain/etc\" -DLIBDIR=\"/work/build.CoreELEC-Amlogic-no.aarch64-22/toolchain/lib\" -I.. -I/work/build.CoreELEC-Amlogic-no.aarch64-22/build/binutils-2.47/gprofng/src -I/work/build.CoreELEC-Amlogic-no.aarch64-22/build/binutils-2.47/gprofng/src/../common -I/work/build.CoreELEC-Amlogic-no.aarch64-22/build/binutils-2.47/gprofng/src/../../include -I/work/build.CoreELEC-Amlogic-no.aarch64-22/build/binutils-2.47/gprofng/src/../../opcodes -I../../bfd -I/work/build.CoreELEC-Amlogic-no.aarch64-22/build/binutils-2.47/gprofng/src/../../bfd -I/work/build.CoreELEC-Amlogic-no.aarch64-22/build/binutils-2.47/gprofng/../zlib  -Wall -pthread -Wno-switch -fno-lto -g -O2     -MT gmon_cg_arcs.lo -MD -MP -MF $depbase.Tpo -c -o gmon_cg_arcs.lo /work/build.CoreELEC-Amlogic-no.aarch64-22/build/binutils-2.47/gprofng/src/gmon_cg_arcs.cc &&\
mv -f $depbase.Tpo $depbase.Plo
libtool: compile:  /work/build.CoreELEC-Amlogic-no.aarch64-22/toolchain/bin/host-g++ -DHAVE_CONFIG_H -I. -I/work/build.CoreELEC-Amlogic-no.aarch64-22/build/binutils-2.47/gprofng/src -I.. -U_ASM -DLOCALEDIR=\"/work/build.CoreELEC-Amlogic-no.aarch64-22/toolchain/share/locale\" -DSYSCONFDIR=\"/work/build.CoreELEC-Amlogic-no.aarch64-22/toolchain/etc\" -DLIBDIR=\"/work/build.CoreELEC-Amlogic-no.aarch64-22/toolchain/lib\" -I.. -I/work/build.CoreELEC-Amlogic-no.aarch64-22/build/binutils-2.47/gprofng/src -I/work/build.CoreELEC-Amlogic-no.aarch64-22/build/binutils-2.47/gprofng/src/../common -I/work/build.CoreELEC-Amlogic-no.aarch64-22/build/binutils-2.47/gprofng/src/../../include -I/work/build.CoreELEC-Amlogic-no.aarch64-22/build/binutils-2.47/gprofng/src/../../opcodes -I../../bfd -I/work/build.CoreELEC-Amlogic-no.aarch64-22/build/binutils-2.47/gprofng/src/../../bfd -I/work/build.CoreELEC-Amlogic-no.aarch64-22/build/binutils-2.47/gprofng/../zlib -Wall -pthread -Wno-switch -fno-lto -g -O2 -MT gmon_cg_arcs.lo -MD -MP -MF .deps/gmon_cg_arcs.Tpo -c /work/build.CoreELEC-Amlogic-no.aarch64-22/build/binutils-2.47/gprofng/src/gmon_cg_arcs.cc  -fPIC -DPIC -o .libs/gmon_cg_arcs.o
libtool: compile:  /work/build.CoreELEC-Amlogic-no.aarch64-22/toolchain/bin/host-g++ -DHAVE_CONFIG_H -I. -I/work/build.CoreELEC-Amlogic-no.aarch64-22/build/binutils-2.47/gprofng/src -I.. -U_ASM -DLOCALEDIR=\"/work/build.CoreELEC-Amlogic-no.aarch64-22/toolchain/share/locale\" -DSYSCONFDIR=\"/work/build.CoreELEC-Amlogic-no.aarch64-22/toolchain/etc\" -DLIBDIR=\"/work/build.CoreELEC-Amlogic-no.aarch64-22/toolchain/lib\" -I.. -I/work/build.CoreELEC-Amlogic-no.aarch64-22/build/binutils-2.47/gprofng/src -I/work/build.CoreELEC-Amlogic-no.aarch64-22/build/binutils-2.47/gprofng/src/../common -I/work/build.CoreELEC-Amlogic-no.aarch64-22/build/binutils-2.47/gprofng/src/../../include -I/work/build.CoreELEC-Amlogic-no.aarch64-22/build/binutils-2.47/gprofng/src/../../opcodes -I../../bfd -I/work/build.CoreELEC-Amlogic-no.aarch64-22/build/binutils-2.47/gprofng/src/../../bfd -I/work/build.CoreELEC-Amlogic-no.aarch64-22/build/binutils-2.47/gprofng/../zlib -Wall -pthread -Wno-switch -fno-lto -g -O2 -MT gmon_cg_arcs.lo -MD -MP -MF .deps/gmon_cg_arcs.Tpo -c /work/build.CoreELEC-Amlogic-no.aarch64-22/build/binutils-2.47/gprofng/src/gmon_cg_arcs.cc -o gmon_cg_arcs.o >/dev/null 2>&1
depbase=`echo gmon_corefile.lo | sed 's|[^/]*$|.deps/&|;s|\.lo$||'`;\
/bin/dash ../libtool  --tag=CXX   --mode=compile /work/build.CoreELEC-Amlogic-no.aarch64-22/toolchain/bin/host-g++ -DHAVE_CONFIG_H -I. -I/work/build.CoreELEC-Amlogic-no.aarch64-22/build/binutils-2.47/gprofng/src -I..  -U_ASM -DLOCALEDIR=\"/work/build.CoreELEC-Amlogic-no.aarch64-22/toolchain/share/locale\" -DSYSCONFDIR=\"/work/build.CoreELEC-Amlogic-no.aarch64-22/toolchain/etc\" -DLIBDIR=\"/work/build.CoreELEC-Amlogic-no.aarch64-22/toolchain/lib\" -I.. -I/work/build.CoreELEC-Amlogic-no.aarch64-22/build/binutils-2.47/gprofng/src -I/work/build.CoreELEC-Amlogic-no.aarch64-22/build/binutils-2.47/gprofng/src/../common -I/work/build.CoreELEC-Amlogic-no.aarch64-22/build/binutils-2.47/gprofng/src/../../include -I/work/build.CoreELEC-Amlogic-no.aarch64-22/build/binutils-2.47/gprofng/src/../../opcodes -I../../bfd -I/work/build.CoreELEC-Amlogic-no.aarch64-22/build/binutils-2.47/gprofng/src/../../bfd -I/work/build.CoreELEC-Amlogic-no.aarch64-22/build/binutils-2.47/gprofng/../zlib  -Wall -pthread -Wno-switch -fno-lto -g -O2     -MT gmon_corefile.lo -MD -MP -MF $depbase.Tpo -c -o gmon_corefile.lo /work/build.CoreELEC-Amlogic-no.aarch64-22/build/binutils-2.47/gprofng/src/gmon_corefile.cc &&\
mv -f $depbase.Tpo $depbase.Plo
libtool: compile:  /work/build.CoreELEC-Amlogic-no.aarch64-22/toolchain/bin/host-g++ -DHAVE_CONFIG_H -I. -I/work/build.CoreELEC-Amlogic-no.aarch64-22/build/binutils-2.47/gprofng/src -I.. -U_ASM -DLOCALEDIR=\"/work/build.CoreELEC-Amlogic-no.aarch64-22/toolchain/share/locale\" -DSYSCONFDIR=\"/work/build.CoreELEC-Amlogic-no.aarch64-22/toolchain/etc\" -DLIBDIR=\"/work/build.CoreELEC-Amlogic-no.aarch64-22/toolchain/lib\" -I.. -I/work/build.CoreELEC-Amlogic-no.aarch64-22/build/binutils-2.47/gprofng/src -I/work/build.CoreELEC-Amlogic-no.aarch64-22/build/binutils-2.47/gprofng/src/../common -I/work/build.CoreELEC-Amlogic-no.aarch64-22/build/binutils-2.47/gprofng/src/../../include -I/work/build.CoreELEC-Amlogic-no.aarch64-22/build/binutils-2.47/gprofng/src/../../opcodes -I../../bfd -I/work/build.CoreELEC-Amlogic-no.aarch64-22/build/binutils-2.47/gprofng/src/../../bfd -I/work/build.CoreELEC-Amlogic-no.aarch64-22/build/binutils-2.47/gprofng/../zlib -Wall -pthread -Wno-switch -fno-lto -g -O2 -MT gmon_corefile.lo -MD -MP -MF .deps/gmon_corefile.Tpo -c /work/build.CoreELEC-Amlogic-no.aarch64-22/build/binutils-2.47/gprofng/src/gmon_corefile.cc  -fPIC -DPIC -o .libs/gmon_corefile.o
libtool: compile:  /work/build.CoreELEC-Amlogic-no.aarch64-22/toolchain/bin/host-g++ -DHAVE_CONFIG_H -I. -I/work/build.CoreELEC-Amlogic-no.aarch64-22/build/binutils-2.47/gprofng/src -I.. -U_ASM -DLOCALEDIR=\"/work/build.CoreELEC-Amlogic-no.aarch64-22/toolchain/share/locale\" -DSYSCONFDIR=\"/work/build.CoreELEC-Amlogic-no.aarch64-22/toolchain/etc\" -DLIBDIR=\"/work/build.CoreELEC-Amlogic-no.aarch64-22/toolchain/lib\" -I.. -I/work/build.CoreELEC-Amlogic-no.aarch64-22/build/binutils-2.47/gprofng/src -I/work/build.CoreELEC-Amlogic-no.aarch64-22/build/binutils-2.47/gprofng/src/../common -I/work/build.CoreELEC-Amlogic-no.aarch64-22/build/binutils-2.47/gprofng/src/../../include -I/work/build.CoreELEC-Amlogic-no.aarch64-22/build/binutils-2.47/gprofng/src/../../opcodes -I../../bfd -I/work/build.CoreELEC-Amlogic-no.aarch64-22/build/binutils-2.47/gprofng/src/../../bfd -I/work/build.CoreELEC-Amlogic-no.aarch64-22/build/binutils-2.47/gprofng/../zlib -Wall -pthread -Wno-switch -fno-lto -g -O2 -MT gmon_corefile.lo -MD -MP -MF .deps/gmon_corefile.Tpo -c /work/build.CoreELEC-Amlogic-no.aarch64-22/build/binutils-2.47/gprofng/src/gmon_corefile.cc -o gmon_corefile.o >/dev/null 2>&1
/bin/dash ../libtool  --tag=CC   --mode=compile /work/build.CoreELEC-Amlogic-no.aarch64-22/toolchain/bin/host-gcc -DHAVE_CONFIG_H -I. -I/work/build.CoreELEC-Amlogic-no.aarch64-22/build/binutils-2.47/gprofng/src -I..  -U_ASM -DLOCALEDIR=\"/work/build.CoreELEC-Amlogic-no.aarch64-22/toolchain/share/locale\" -DSYSCONFDIR=\"/work/build.CoreELEC-Amlogic-no.aarch64-22/toolchain/etc\" -DLIBDIR=\"/work/build.CoreELEC-Amlogic-no.aarch64-22/toolchain/lib\" -I.. -I/work/build.CoreELEC-Amlogic-no.aarch64-22/build/binutils-2.47/gprofng/src -I/work/build.CoreELEC-Amlogic-no.aarch64-22/build/binutils-2.47/gprofng/src/../common -I/work/build.CoreELEC-Amlogic-no.aarch64-22/build/binutils-2.47/gprofng/src/../../include -I/work/build.CoreELEC-Amlogic-no.aarch64-22/build/binutils-2.47/gprofng/src/../../opcodes -I../../bfd -I/work/build.CoreELEC-Amlogic-no.aarch64-22/build/binutils-2.47/gprofng/src/../../bfd -I/work/build.CoreELEC-Amlogic-no.aarch64-22/build/binutils-2.47/gprofng/../zlib  -Wall -pthread -Wno-switch -fno-lto -fno-lto -g -O2     -MT libgprofng_la-dbe_hwcdrv.lo -MD -MP -MF .deps/libgprofng_la-dbe_hwcdrv.Tpo -c -o libgprofng_la-dbe_hwcdrv.lo `test -f 'dbe_hwcdrv.c' || echo '/work/build.CoreELEC-Amlogic-no.aarch64-22/build/binutils-2.47/gprofng/src/'`dbe_hwcdrv.c
libtool: compile:  /work/build.CoreELEC-Amlogic-no.aarch64-22/toolchain/bin/host-gcc -DHAVE_CONFIG_H -I. -I/work/build.CoreELEC-Amlogic-no.aarch64-22/build/binutils-2.47/gprofng/src -I.. -U_ASM -DLOCALEDIR=\"/work/build.CoreELEC-Amlogic-no.aarch64-22/toolchain/share/locale\" -DSYSCONFDIR=\"/work/build.CoreELEC-Amlogic-no.aarch64-22/toolchain/etc\" -DLIBDIR=\"/work/build.CoreELEC-Amlogic-no.aarch64-22/toolchain/lib\" -I.. -I/work/build.CoreELEC-Amlogic-no.aarch64-22/build/binutils-2.47/gprofng/src -I/work/build.CoreELEC-Amlogic-no.aarch64-22/build/binutils-2.47/gprofng/src/../common -I/work/build.CoreELEC-Amlogic-no.aarch64-22/build/binutils-2.47/gprofng/src/../../include -I/work/build.CoreELEC-Amlogic-no.aarch64-22/build/binutils-2.47/gprofng/src/../../opcodes -I../../bfd -I/work/build.CoreELEC-Amlogic-no.aarch64-22/build/binutils-2.47/gprofng/src/../../bfd -I/work/build.CoreELEC-Amlogic-no.aarch64-22/build/binutils-2.47/gprofng/../zlib -Wall -pthread -Wno-switch -fno-lto -fno-lto -g -O2 -MT libgprofng_la-dbe_hwcdrv.lo -MD -MP -MF .deps/libgprofng_la-dbe_hwcdrv.Tpo -c /work/build.CoreELEC-Amlogic-no.aarch64-22/build/binutils-2.47/gprofng/src/dbe_hwcdrv.c  -fPIC -DPIC -o .libs/libgprofng_la-dbe_hwcdrv.o
libtool: compile:  /work/build.CoreELEC-Amlogic-no.aarch64-22/toolchain/bin/host-gcc -DHAVE_CONFIG_H -I. -I/work/build.CoreELEC-Amlogic-no.aarch64-22/build/binutils-2.47/gprofng/src -I.. -U_ASM -DLOCALEDIR=\"/work/build.CoreELEC-Amlogic-no.aarch64-22/toolchain/share/locale\" -DSYSCONFDIR=\"/work/build.CoreELEC-Amlogic-no.aarch64-22/toolchain/etc\" -DLIBDIR=\"/work/build.CoreELEC-Amlogic-no.aarch64-22/toolchain/lib\" -I.. -I/work/build.CoreELEC-Amlogic-no.aarch64-22/build/binutils-2.47/gprofng/src -I/work/build.CoreELEC-Amlogic-no.aarch64-22/build/binutils-2.47/gprofng/src/../common -I/work/build.CoreELEC-Amlogic-no.aarch64-22/build/binutils-2.47/gprofng/src/../../include -I/work/build.CoreELEC-Amlogic-no.aarch64-22/build/binutils-2.47/gprofng/src/../../opcodes -I../../bfd -I/work/build.CoreELEC-Amlogic-no.aarch64-22/build/binutils-2.47/gprofng/src/../../bfd -I/work/build.CoreELEC-Amlogic-no.aarch64-22/build/binutils-2.47/gprofng/../zlib -Wall -pthread -Wno-switch -fno-lto -fno-lto -g -O2 -MT libgprofng_la-dbe_hwcdrv.lo -MD -MP -MF .deps/libgprofng_la-dbe_hwcdrv.Tpo -c /work/build.CoreELEC-Amlogic-no.aarch64-22/build/binutils-2.47/gprofng/src/dbe_hwcdrv.c -o libgprofng_la-dbe_hwcdrv.o >/dev/null 2>&1
mv -f .deps/libgprofng_la-dbe_hwcdrv.Tpo .deps/libgprofng_la-dbe_hwcdrv.Plo
/bin/dash ../libtool  --tag=CC   --mode=compile /work/build.CoreELEC-Amlogic-no.aarch64-22/toolchain/bin/host-gcc -DHAVE_CONFIG_H -I. -I/work/build.CoreELEC-Amlogic-no.aarch64-22/build/binutils-2.47/gprofng/src -I..  -U_ASM -DLOCALEDIR=\"/work/build.CoreELEC-Amlogic-no.aarch64-22/toolchain/share/locale\" -DSYSCONFDIR=\"/work/build.CoreELEC-Amlogic-no.aarch64-22/toolchain/etc\" -DLIBDIR=\"/work/build.CoreELEC-Amlogic-no.aarch64-22/toolchain/lib\" -I.. -I/work/build.CoreELEC-Amlogic-no.aarch64-22/build/binutils-2.47/gprofng/src -I/work/build.CoreELEC-Amlogic-no.aarch64-22/build/binutils-2.47/gprofng/src/../common -I/work/build.CoreELEC-Amlogic-no.aarch64-22/build/binutils-2.47/gprofng/src/../../include -I/work/build.CoreELEC-Amlogic-no.aarch64-22/build/binutils-2.47/gprofng/src/../../opcodes -I../../bfd -I/work/build.CoreELEC-Amlogic-no.aarch64-22/build/binutils-2.47/gprofng/src/../../bfd -I/work/build.CoreELEC-Amlogic-no.aarch64-22/build/binutils-2.47/gprofng/../zlib  -Wall -pthread -Wno-switch -fno-lto -fno-lto -g -O2     -MT libgprofng_la-dbe_hwcfuncs.lo -MD -MP -MF .deps/libgprofng_la-dbe_hwcfuncs.Tpo -c -o libgprofng_la-dbe_hwcfuncs.lo `test -f 'dbe_hwcfuncs.c' || echo '/work/build.CoreELEC-Amlogic-no.aarch64-22/build/binutils-2.47/gprofng/src/'`dbe_hwcfuncs.c
libtool: compile:  /work/build.CoreELEC-Amlogic-no.aarch64-22/toolchain/bin/host-gcc -DHAVE_CONFIG_H -I. -I/work/build.CoreELEC-Amlogic-no.aarch64-22/build/binutils-2.47/gprofng/src -I.. -U_ASM -DLOCALEDIR=\"/work/build.CoreELEC-Amlogic-no.aarch64-22/toolchain/share/locale\" -DSYSCONFDIR=\"/work/build.CoreELEC-Amlogic-no.aarch64-22/toolchain/etc\" -DLIBDIR=\"/work/build.CoreELEC-Amlogic-no.aarch64-22/toolchain/lib\" -I.. -I/work/build.CoreELEC-Amlogic-no.aarch64-22/build/binutils-2.47/gprofng/src -I/work/build.CoreELEC-Amlogic-no.aarch64-22/build/binutils-2.47/gprofng/src/../common -I/work/build.CoreELEC-Amlogic-no.aarch64-22/build/binutils-2.47/gprofng/src/../../include -I/work/build.CoreELEC-Amlogic-no.aarch64-22/build/binutils-2.47/gprofng/src/../../opcodes -I../../bfd -I/work/build.CoreELEC-Amlogic-no.aarch64-22/build/binutils-2.47/gprofng/src/../../bfd -I/work/build.CoreELEC-Amlogic-no.aarch64-22/build/binutils-2.47/gprofng/../zlib -Wall -pthread -Wno-switch -fno-lto -fno-lto -g -O2 -MT libgprofng_la-dbe_hwcfuncs.lo -MD -MP -MF .deps/libgprofng_la-dbe_hwcfuncs.Tpo -c /work/build.CoreELEC-Amlogic-no.aarch64-22/build/binutils-2.47/gprofng/src/dbe_hwcfuncs.c  -fPIC -DPIC -o .libs/libgprofng_la-dbe_hwcfuncs.o
libtool: compile:  /work/build.CoreELEC-Amlogic-no.aarch64-22/toolchain/bin/host-gcc -DHAVE_CONFIG_H -I. -I/work/build.CoreELEC-Amlogic-no.aarch64-22/build/binutils-2.47/gprofng/src -I.. -U_ASM -DLOCALEDIR=\"/work/build.CoreELEC-Amlogic-no.aarch64-22/toolchain/share/locale\" -DSYSCONFDIR=\"/work/build.CoreELEC-Amlogic-no.aarch64-22/toolchain/etc\" -DLIBDIR=\"/work/build.CoreELEC-Amlogic-no.aarch64-22/toolchain/lib\" -I.. -I/work/build.CoreELEC-Amlogic-no.aarch64-22/build/binutils-2.47/gprofng/src -I/work/build.CoreELEC-Amlogic-no.aarch64-22/build/binutils-2.47/gprofng/src/../common -I/work/build.CoreELEC-Amlogic-no.aarch64-22/build/binutils-2.47/gprofng/src/../../include -I/work/build.CoreELEC-Amlogic-no.aarch64-22/build/binutils-2.47/gprofng/src/../../opcodes -I../../bfd -I/work/build.CoreELEC-Amlogic-no.aarch64-22/build/binutils-2.47/gprofng/src/../../bfd -I/work/build.CoreELEC-Amlogic-no.aarch64-22/build/binutils-2.47/gprofng/../zlib -Wall -pthread -Wno-switch -fno-lto -fno-lto -g -O2 -MT libgprofng_la-dbe_hwcfuncs.lo -MD -MP -MF .deps/libgprofng_la-dbe_hwcfuncs.Tpo -c /work/build.CoreELEC-Amlogic-no.aarch64-22/build/binutils-2.47/gprofng/src/dbe_hwcfuncs.c -o libgprofng_la-dbe_hwcfuncs.o >/dev/null 2>&1
mv -f .deps/libgprofng_la-dbe_hwcfuncs.Tpo .deps/libgprofng_la-dbe_hwcfuncs.Plo
/bin/dash ../libtool  --tag=CC   --mode=compile /work/build.CoreELEC-Amlogic-no.aarch64-22/toolchain/bin/host-gcc -DHAVE_CONFIG_H -I. -I/work/build.CoreELEC-Amlogic-no.aarch64-22/build/binutils-2.47/gprofng/src -I..  -U_ASM -DLOCALEDIR=\"/work/build.CoreELEC-Amlogic-no.aarch64-22/toolchain/share/locale\" -DSYSCONFDIR=\"/work/build.CoreELEC-Amlogic-no.aarch64-22/toolchain/etc\" -DLIBDIR=\"/work/build.CoreELEC-Amlogic-no.aarch64-22/toolchain/lib\" -I.. -I/work/build.CoreELEC-Amlogic-no.aarch64-22/build/binutils-2.47/gprofng/src -I/work/build.CoreELEC-Amlogic-no.aarch64-22/build/binutils-2.47/gprofng/src/../common -I/work/build.CoreELEC-Amlogic-no.aarch64-22/build/binutils-2.47/gprofng/src/../../include -I/work/build.CoreELEC-Amlogic-no.aarch64-22/build/binutils-2.47/gprofng/src/../../opcodes -I../../bfd -I/work/build.CoreELEC-Amlogic-no.aarch64-22/build/binutils-2.47/gprofng/src/../../bfd -I/work/build.CoreELEC-Amlogic-no.aarch64-22/build/binutils-2.47/gprofng/../zlib  -Wall -pthread -Wno-switch -fno-lto -fno-lto -g -O2     -MT libgprofng_la-dbe_hwctable.lo -MD -MP -MF .deps/libgprofng_la-dbe_hwctable.Tpo -c -o libgprofng_la-dbe_hwctable.lo `test -f 'dbe_hwctable.c' || echo '/work/build.CoreELEC-Amlogic-no.aarch64-22/build/binutils-2.47/gprofng/src/'`dbe_hwctable.c
libtool: compile:  /work/build.CoreELEC-Amlogic-no.aarch64-22/toolchain/bin/host-gcc -DHAVE_CONFIG_H -I. -I/work/build.CoreELEC-Amlogic-no.aarch64-22/build/binutils-2.47/gprofng/src -I.. -U_ASM -DLOCALEDIR=\"/work/build.CoreELEC-Amlogic-no.aarch64-22/toolchain/share/locale\" -DSYSCONFDIR=\"/work/build.CoreELEC-Amlogic-no.aarch64-22/toolchain/etc\" -DLIBDIR=\"/work/build.CoreELEC-Amlogic-no.aarch64-22/toolchain/lib\" -I.. -I/work/build.CoreELEC-Amlogic-no.aarch64-22/build/binutils-2.47/gprofng/src -I/work/build.CoreELEC-Amlogic-no.aarch64-22/build/binutils-2.47/gprofng/src/../common -I/work/build.CoreELEC-Amlogic-no.aarch64-22/build/binutils-2.47/gprofng/src/../../include -I/work/build.CoreELEC-Amlogic-no.aarch64-22/build/binutils-2.47/gprofng/src/../../opcodes -I../../bfd -I/work/build.CoreELEC-Amlogic-no.aarch64-22/build/binutils-2.47/gprofng/src/../../bfd -I/work/build.CoreELEC-Amlogic-no.aarch64-22/build/binutils-2.47/gprofng/../zlib -Wall -pthread -Wno-switch -fno-lto -fno-lto -g -O2 -MT libgprofng_la-dbe_hwctable.lo -MD -MP -MF .deps/libgprofng_la-dbe_hwctable.Tpo -c /work/build.CoreELEC-Amlogic-no.aarch64-22/build/binutils-2.47/gprofng/src/dbe_hwctable.c  -fPIC -DPIC -o .libs/libgprofng_la-dbe_hwctable.o
libtool: compile:  /work/build.CoreELEC-Amlogic-no.aarch64-22/toolchain/bin/host-gcc -DHAVE_CONFIG_H -I. -I/work/build.CoreELEC-Amlogic-no.aarch64-22/build/binutils-2.47/gprofng/src -I.. -U_ASM -DLOCALEDIR=\"/work/build.CoreELEC-Amlogic-no.aarch64-22/toolchain/share/locale\" -DSYSCONFDIR=\"/work/build.CoreELEC-Amlogic-no.aarch64-22/toolchain/etc\" -DLIBDIR=\"/work/build.CoreELEC-Amlogic-no.aarch64-22/toolchain/lib\" -I.. -I/work/build.CoreELEC-Amlogic-no.aarch64-22/build/binutils-2.47/gprofng/src -I/work/build.CoreELEC-Amlogic-no.aarch64-22/build/binutils-2.47/gprofng/src/../common -I/work/build.CoreELEC-Amlogic-no.aarch64-22/build/binutils-2.47/gprofng/src/../../include -I/work/build.CoreELEC-Amlogic-no.aarch64-22/build/binutils-2.47/gprofng/src/../../opcodes -I../../bfd -I/work/build.CoreELEC-Amlogic-no.aarch64-22/build/binutils-2.47/gprofng/src/../../bfd -I/work/build.CoreELEC-Amlogic-no.aarch64-22/build/binutils-2.47/gprofng/../zlib -Wall -pthread -Wno-switch -fno-lto -fno-lto -g -O2 -MT libgprofng_la-dbe_hwctable.lo -MD -MP -MF .deps/libgprofng_la-dbe_hwctable.Tpo -c /work/build.CoreELEC-Amlogic-no.aarch64-22/build/binutils-2.47/gprofng/src/dbe_hwctable.c -o libgprofng_la-dbe_hwctable.o >/dev/null 2>&1
mv -f .deps/libgprofng_la-dbe_hwctable.Tpo .deps/libgprofng_la-dbe_hwctable.Plo
/bin/dash ../libtool  --tag=CC   --mode=compile /work/build.CoreELEC-Amlogic-no.aarch64-22/toolchain/bin/host-gcc -DHAVE_CONFIG_H -I. -I/work/build.CoreELEC-Amlogic-no.aarch64-22/build/binutils-2.47/gprofng/src -I..  -U_ASM -DLOCALEDIR=\"/work/build.CoreELEC-Amlogic-no.aarch64-22/toolchain/share/locale\" -DSYSCONFDIR=\"/work/build.CoreELEC-Amlogic-no.aarch64-22/toolchain/etc\" -DLIBDIR=\"/work/build.CoreELEC-Amlogic-no.aarch64-22/toolchain/lib\" -I.. -I/work/build.CoreELEC-Amlogic-no.aarch64-22/build/binutils-2.47/gprofng/src -I/work/build.CoreELEC-Amlogic-no.aarch64-22/build/binutils-2.47/gprofng/src/../common -I/work/build.CoreELEC-Amlogic-no.aarch64-22/build/binutils-2.47/gprofng/src/../../include -I/work/build.CoreELEC-Amlogic-no.aarch64-22/build/binutils-2.47/gprofng/src/../../opcodes -I../../bfd -I/work/build.CoreELEC-Amlogic-no.aarch64-22/build/binutils-2.47/gprofng/src/../../bfd -I/work/build.CoreELEC-Amlogic-no.aarch64-22/build/binutils-2.47/gprofng/../zlib  -Wall -pthread -Wno-switch -fno-lto -fno-lto -g -O2     -MT libgprofng_la-gethrtime.lo -MD -MP -MF .deps/libgprofng_la-gethrtime.Tpo -c -o libgprofng_la-gethrtime.lo `test -f 'gethrtime.c' || echo '/work/build.CoreELEC-Amlogic-no.aarch64-22/build/binutils-2.47/gprofng/src/'`gethrtime.c
libtool: compile:  /work/build.CoreELEC-Amlogic-no.aarch64-22/toolchain/bin/host-gcc -DHAVE_CONFIG_H -I. -I/work/build.CoreELEC-Amlogic-no.aarch64-22/build/binutils-2.47/gprofng/src -I.. -U_ASM -DLOCALEDIR=\"/work/build.CoreELEC-Amlogic-no.aarch64-22/toolchain/share/locale\" -DSYSCONFDIR=\"/work/build.CoreELEC-Amlogic-no.aarch64-22/toolchain/etc\" -DLIBDIR=\"/work/build.CoreELEC-Amlogic-no.aarch64-22/toolchain/lib\" -I.. -I/work/build.CoreELEC-Amlogic-no.aarch64-22/build/binutils-2.47/gprofng/src -I/work/build.CoreELEC-Amlogic-no.aarch64-22/build/binutils-2.47/gprofng/src/../common -I/work/build.CoreELEC-Amlogic-no.aarch64-22/build/binutils-2.47/gprofng/src/../../include -I/work/build.CoreELEC-Amlogic-no.aarch64-22/build/binutils-2.47/gprofng/src/../../opcodes -I../../bfd -I/work/build.CoreELEC-Amlogic-no.aarch64-22/build/binutils-2.47/gprofng/src/../../bfd -I/work/build.CoreELEC-Amlogic-no.aarch64-22/build/binutils-2.47/gprofng/../zlib -Wall -pthread -Wno-switch -fno-lto -fno-lto -g -O2 -MT libgprofng_la-gethrtime.lo -MD -MP -MF .deps/libgprofng_la-gethrtime.Tpo -c /work/build.CoreELEC-Amlogic-no.aarch64-22/build/binutils-2.47/gprofng/src/gethrtime.c  -fPIC -DPIC -o .libs/libgprofng_la-gethrtime.o
libtool: compile:  /work/build.CoreELEC-Amlogic-no.aarch64-22/toolchain/bin/host-gcc -DHAVE_CONFIG_H -I. -I/work/build.CoreELEC-Amlogic-no.aarch64-22/build/binutils-2.47/gprofng/src -I.. -U_ASM -DLOCALEDIR=\"/work/build.CoreELEC-Amlogic-no.aarch64-22/toolchain/share/locale\" -DSYSCONFDIR=\"/work/build.CoreELEC-Amlogic-no.aarch64-22/toolchain/etc\" -DLIBDIR=\"/work/build.CoreELEC-Amlogic-no.aarch64-22/toolchain/lib\" -I.. -I/work/build.CoreELEC-Amlogic-no.aarch64-22/build/binutils-2.47/gprofng/src -I/work/build.CoreELEC-Amlogic-no.aarch64-22/build/binutils-2.47/gprofng/src/../common -I/work/build.CoreELEC-Amlogic-no.aarch64-22/build/binutils-2.47/gprofng/src/../../include -I/work/build.CoreELEC-Amlogic-no.aarch64-22/build/binutils-2.47/gprofng/src/../../opcodes -I../../bfd -I/work/build.CoreELEC-Amlogic-no.aarch64-22/build/binutils-2.47/gprofng/src/../../bfd -I/work/build.CoreELEC-Amlogic-no.aarch64-22/build/binutils-2.47/gprofng/../zlib -Wall -pthread -Wno-switch -fno-lto -fno-lto -g -O2 -MT libgprofng_la-gethrtime.lo -MD -MP -MF .deps/libgprofng_la-gethrtime.Tpo -c /work/build.CoreELEC-Amlogic-no.aarch64-22/build/binutils-2.47/gprofng/src/gethrtime.c -o libgprofng_la-gethrtime.o >/dev/null 2>&1
mv -f .deps/libgprofng_la-gethrtime.Tpo .deps/libgprofng_la-gethrtime.Plo
/bin/dash ../libtool  --tag=CXX   --mode=link /work/build.CoreELEC-Amlogic-no.aarch64-22/toolchain/bin/host-g++ -Wall -pthread -Wno-switch -fno-lto -g -O2     -version-info 0:0:0  -o libgprofng.la -rpath /work/build.CoreELEC-Amlogic-no.aarch64-22/toolchain/lib Application.lo BaseMetric.lo BaseMetricTreeNode.lo CallStack.lo CatchOutOfMemory.lo ClassFile.lo Command.lo CompCom.lo DataObject.lo DataSpace.lo Data_window.lo DataStream.lo DbeApplication.lo DbeFile.lo DbeJarFile.lo DbeLock.lo DbeSession.lo DbeThread.lo DbeView.lo DerivedMetrics.lo Disasm.lo Dwarf.lo DwarfLib.lo Elf.lo Emsg.lo Experiment.lo Exp_Layout.lo ExpGroup.lo Expression.lo FileData.lo Filter.lo FilterSet.lo Function.lo HeapMap.lo HeapData.lo HeapActivity.lo Hist_data.lo IndexObject.lo IOActivity.lo LoadObject.lo MachineModel.lo MemObject.lo MemorySpace.lo Metric.lo MetricList.lo Module.lo Ovw_data.lo PRBTree.lo PathTree.lo PreviewExp.lo Print.lo SAXParserFactory.lo Sample.lo Settings.lo SourceFile.lo Stabs.lo Stats_data.lo StringBuilder.lo Symbol.lo Table.lo QLParser.tab.lo dbe_collctrl.lo i18n.lo parse.lo UserLabel.lo util.lo Dbe.lo gmon_io.lo gmon_basic_blocks.lo gmon_call_graph.lo gmon_hist.lo gmon_symtab.lo gmon_cg_arcs.lo gmon_corefile.lo libgprofng_la-dbe_hwcdrv.lo libgprofng_la-dbe_hwcfuncs.lo libgprofng_la-dbe_hwctable.lo libgprofng_la-gethrtime.lo ../../opcodes/libopcodes.la ../../bfd/libbfd.la -L../../libiberty/pic -liberty -lpthread -ldl 
libtool: link: /work/build.CoreELEC-Amlogic-no.aarch64-22/toolchain/bin/host-g++  -fPIC -DPIC -shared -nostdlib /usr/lib/gcc/x86_64-linux-gnu/14/../../../x86_64-linux-gnu/crti.o /usr/lib/gcc/x86_64-linux-gnu/14/crtbeginS.o  .libs/Application.o .libs/BaseMetric.o .libs/BaseMetricTreeNode.o .libs/CallStack.o .libs/CatchOutOfMemory.o .libs/ClassFile.o .libs/Command.o .libs/CompCom.o .libs/DataObject.o .libs/DataSpace.o .libs/Data_window.o .libs/DataStream.o .libs/DbeApplication.o .libs/DbeFile.o .libs/DbeJarFile.o .libs/DbeLock.o .libs/DbeSession.o .libs/DbeThread.o .libs/DbeView.o .libs/DerivedMetrics.o .libs/Disasm.o .libs/Dwarf.o .libs/DwarfLib.o .libs/Elf.o .libs/Emsg.o .libs/Experiment.o .libs/Exp_Layout.o .libs/ExpGroup.o .libs/Expression.o .libs/FileData.o .libs/Filter.o .libs/FilterSet.o .libs/Function.o .libs/HeapMap.o .libs/HeapData.o .libs/HeapActivity.o .libs/Hist_data.o .libs/IndexObject.o .libs/IOActivity.o .libs/LoadObject.o .libs/MachineModel.o .libs/MemObject.o .libs/MemorySpace.o .libs/Metric.o .libs/MetricList.o .libs/Module.o .libs/Ovw_data.o .libs/PRBTree.o .libs/PathTree.o .libs/PreviewExp.o .libs/Print.o .libs/SAXParserFactory.o .libs/Sample.o .libs/Settings.o .libs/SourceFile.o .libs/Stabs.o .libs/Stats_data.o .libs/StringBuilder.o .libs/Symbol.o .libs/Table.o .libs/QLParser.tab.o .libs/dbe_collctrl.o .libs/i18n.o .libs/parse.o .libs/UserLabel.o .libs/util.o .libs/Dbe.o .libs/gmon_io.o .libs/gmon_basic_blocks.o .libs/gmon_call_graph.o .libs/gmon_hist.o .libs/gmon_symtab.o .libs/gmon_cg_arcs.o .libs/gmon_corefile.o .libs/libgprofng_la-dbe_hwcdrv.o .libs/libgprofng_la-dbe_hwcfuncs.o .libs/libgprofng_la-dbe_hwctable.o .libs/libgprofng_la-gethrtime.o   -Wl,-rpath -Wl,/work/build.CoreELEC-Amlogic-no.aarch64-22/build/binutils-2.47/.x86_64-linux-gnu/opcodes/.libs -Wl,-rpath -Wl,/work/build.CoreELEC-Amlogic-no.aarch64-22/build/binutils-2.47/.x86_64-linux-gnu/bfd/.libs -Wl,-rpath -Wl,/work/build.CoreELEC-Amlogic-no.aarch64-22/build/binutils-2.47/.x86_64-linux-gnu/libsframe/.libs -Wl,-rpath -Wl,/work/build.CoreELEC-Amlogic-no.aarch64-22/toolchain/x86_64-linux-gnu/aarch64-libreelec-linux-gnu/lib -Wl,-rpath -Wl,/work/build.CoreELEC-Amlogic-no.aarch64-22/toolchain/lib -L/work/build.CoreELEC-Amlogic-no.aarch64-22/build/binutils-2.47/.x86_64-linux-gnu/bfd/.libs -L/work/build.CoreELEC-Amlogic-no.aarch64-22/build/binutils-2.47/.x86_64-linux-gnu/libsframe/.libs ../../opcodes/.libs/libopcodes.so -L/work/build.CoreELEC-Amlogic-no.aarch64-22/build/binutils-2.47/.x86_64-linux-gnu/bfd/../libiberty/pic -L/work/build.CoreELEC-Amlogic-no.aarch64-22/build/binutils-2.47/.x86_64-linux-gnu/zlib -L/work/build.CoreELEC-Amlogic-no.aarch64-22/toolchain/lib -L/work/build.CoreELEC-Amlogic-no.aarch64-22/build/binutils-2.47/.x86_64-linux-gnu/opcodes/../libiberty/pic /work/build.CoreELEC-Amlogic-no.aarch64-22/build/binutils-2.47/.x86_64-linux-gnu/bfd/.libs/libbfd.so ../../bfd/.libs/libbfd.so -lz -lzstd /work/build.CoreELEC-Amlogic-no.aarch64-22/build/binutils-2.47/.x86_64-linux-gnu/libsframe/.libs/libsframe.so -L/work/build.CoreELEC-Amlogic-no.aarch64-22/build/binutils-2.47/.x86_64-linux-gnu/libiberty/pic -liberty -lpthread -ldl -L/usr/lib/gcc/x86_64-linux-gnu/14 -L/usr/lib/gcc/x86_64-linux-gnu/14/../../../x86_64-linux-gnu -L/usr/lib/gcc/x86_64-linux-gnu/14/../../../../lib -L/lib/x86_64-linux-gnu -L/lib/../lib -L/usr/lib/x86_64-linux-gnu -L/usr/lib/../lib -L/usr/lib/gcc/x86_64-linux-gnu/14/../../.. -lstdc++ -lm -lc -lgcc_s /usr/lib/gcc/x86_64-linux-gnu/14/crtendS.o /usr/lib/gcc/x86_64-linux-gnu/14/../../../x86_64-linux-gnu/crtn.o  -pthread -g -O2   -pthread -Wl,-soname -Wl,libgprofng.so.0 -o .libs/libgprofng.so.0.0.0
libtool: link: (cd ".libs" && rm -f "libgprofng.so.0" && ln -s "libgprofng.so.0.0.0" "libgprofng.so.0")
libtool: link: (cd ".libs" && rm -f "libgprofng.so" && ln -s "libgprofng.so.0.0.0" "libgprofng.so")
libtool: link: ar --plugin /usr/libexec/gcc/x86_64-linux-gnu/14/liblto_plugin.so cru .libs/libgprofng.a  Application.o BaseMetric.o BaseMetricTreeNode.o CallStack.o CatchOutOfMemory.o ClassFile.o Command.o CompCom.o DataObject.o DataSpace.o Data_window.o DataStream.o DbeApplication.o DbeFile.o DbeJarFile.o DbeLock.o DbeSession.o DbeThread.o DbeView.o DerivedMetrics.o Disasm.o Dwarf.o DwarfLib.o Elf.o Emsg.o Experiment.o Exp_Layout.o ExpGroup.o Expression.o FileData.o Filter.o FilterSet.o Function.o HeapMap.o HeapData.o HeapActivity.o Hist_data.o IndexObject.o IOActivity.o LoadObject.o MachineModel.o MemObject.o MemorySpace.o Metric.o MetricList.o Module.o Ovw_data.o PRBTree.o PathTree.o PreviewExp.o Print.o SAXParserFactory.o Sample.o Settings.o SourceFile.o Stabs.o Stats_data.o StringBuilder.o Symbol.o Table.o QLParser.tab.o dbe_collctrl.o i18n.o parse.o UserLabel.o util.o Dbe.o gmon_io.o gmon_basic_blocks.o gmon_call_graph.o gmon_hist.o gmon_symtab.o gmon_cg_arcs.o gmon_corefile.o libgprofng_la-dbe_hwcdrv.o libgprofng_la-dbe_hwcfuncs.o libgprofng_la-dbe_hwctable.o libgprofng_la-gethrtime.o
ar: `u' modifier ignored since `D' is the default (see `U')
libtool: link: ranlib --plugin /usr/libexec/gcc/x86_64-linux-gnu/14/liblto_plugin.so .libs/libgprofng.a
libtool: link: ( cd ".libs" && rm -f "libgprofng.la" && ln -s "../libgprofng.la" "libgprofng.la" )
depbase=`echo gp-archive.o | sed 's|[^/]*$|.deps/&|;s|\.o$||'`;\
/work/build.CoreELEC-Amlogic-no.aarch64-22/toolchain/bin/host-g++ -DHAVE_CONFIG_H -I. -I/work/build.CoreELEC-Amlogic-no.aarch64-22/build/binutils-2.47/gprofng/src -I..  -U_ASM -DLOCALEDIR=\"/work/build.CoreELEC-Amlogic-no.aarch64-22/toolchain/share/locale\" -DSYSCONFDIR=\"/work/build.CoreELEC-Amlogic-no.aarch64-22/toolchain/etc\" -DLIBDIR=\"/work/build.CoreELEC-Amlogic-no.aarch64-22/toolchain/lib\" -I.. -I/work/build.CoreELEC-Amlogic-no.aarch64-22/build/binutils-2.47/gprofng/src -I/work/build.CoreELEC-Amlogic-no.aarch64-22/build/binutils-2.47/gprofng/src/../common -I/work/build.CoreELEC-Amlogic-no.aarch64-22/build/binutils-2.47/gprofng/src/../../include -I/work/build.CoreELEC-Amlogic-no.aarch64-22/build/binutils-2.47/gprofng/src/../../opcodes -I../../bfd -I/work/build.CoreELEC-Amlogic-no.aarch64-22/build/binutils-2.47/gprofng/src/../../bfd -I/work/build.CoreELEC-Amlogic-no.aarch64-22/build/binutils-2.47/gprofng/../zlib  -Wall -pthread -Wno-switch -fno-lto -g -O2     -MT gp-archive.o -MD -MP -MF $depbase.Tpo -c -o gp-archive.o /work/build.CoreELEC-Amlogic-no.aarch64-22/build/binutils-2.47/gprofng/src/gp-archive.cc &&\
mv -f $depbase.Tpo $depbase.Po
depbase=`echo ArchiveExp.o | sed 's|[^/]*$|.deps/&|;s|\.o$||'`;\
/work/build.CoreELEC-Amlogic-no.aarch64-22/toolchain/bin/host-g++ -DHAVE_CONFIG_H -I. -I/work/build.CoreELEC-Amlogic-no.aarch64-22/build/binutils-2.47/gprofng/src -I..  -U_ASM -DLOCALEDIR=\"/work/build.CoreELEC-Amlogic-no.aarch64-22/toolchain/share/locale\" -DSYSCONFDIR=\"/work/build.CoreELEC-Amlogic-no.aarch64-22/toolchain/etc\" -DLIBDIR=\"/work/build.CoreELEC-Amlogic-no.aarch64-22/toolchain/lib\" -I.. -I/work/build.CoreELEC-Amlogic-no.aarch64-22/build/binutils-2.47/gprofng/src -I/work/build.CoreELEC-Amlogic-no.aarch64-22/build/binutils-2.47/gprofng/src/../common -I/work/build.CoreELEC-Amlogic-no.aarch64-22/build/binutils-2.47/gprofng/src/../../include -I/work/build.CoreELEC-Amlogic-no.aarch64-22/build/binutils-2.47/gprofng/src/../../opcodes -I../../bfd -I/work/build.CoreELEC-Amlogic-no.aarch64-22/build/binutils-2.47/gprofng/src/../../bfd -I/work/build.CoreELEC-Amlogic-no.aarch64-22/build/binutils-2.47/gprofng/../zlib  -Wall -pthread -Wno-switch -fno-lto -g -O2     -MT ArchiveExp.o -MD -MP -MF $depbase.Tpo -c -o ArchiveExp.o /work/build.CoreELEC-Amlogic-no.aarch64-22/build/binutils-2.47/gprofng/src/ArchiveExp.cc &&\
mv -f $depbase.Tpo $depbase.Po
/bin/dash ../libtool  --tag=CXX   --mode=link /work/build.CoreELEC-Amlogic-no.aarch64-22/toolchain/bin/host-g++ -Wall -pthread -Wno-switch -fno-lto -g -O2       -o gprofng-archive gp-archive.o ArchiveExp.o libgprofng.la  -L../../zlib -lz 
libtool: link: /work/build.CoreELEC-Amlogic-no.aarch64-22/toolchain/bin/host-g++ -Wall -pthread -Wno-switch -fno-lto -g -O2 -o .libs/gprofng-archive gp-archive.o ArchiveExp.o  ./.libs/libgprofng.so -L/work/build.CoreELEC-Amlogic-no.aarch64-22/build/binutils-2.47/.x86_64-linux-gnu/bfd/../libiberty/pic -L/work/build.CoreELEC-Amlogic-no.aarch64-22/build/binutils-2.47/.x86_64-linux-gnu/zlib -L/work/build.CoreELEC-Amlogic-no.aarch64-22/toolchain/lib -L/work/build.CoreELEC-Amlogic-no.aarch64-22/build/binutils-2.47/.x86_64-linux-gnu/opcodes/../libiberty/pic -L/work/build.CoreELEC-Amlogic-no.aarch64-22/build/binutils-2.47/.x86_64-linux-gnu/libiberty/pic /work/build.CoreELEC-Amlogic-no.aarch64-22/build/binutils-2.47/.x86_64-linux-gnu/opcodes/.libs/libopcodes.so /work/build.CoreELEC-Amlogic-no.aarch64-22/build/binutils-2.47/.x86_64-linux-gnu/bfd/.libs/libbfd.so -lzstd /work/build.CoreELEC-Amlogic-no.aarch64-22/build/binutils-2.47/.x86_64-linux-gnu/libsframe/.libs/libsframe.so -liberty -lpthread -ldl -lz -pthread -Wl,-rpath -Wl,/work/build.CoreELEC-Amlogic-no.aarch64-22/toolchain/lib -Wl,-rpath -Wl,/work/build.CoreELEC-Amlogic-no.aarch64-22/toolchain/x86_64-linux-gnu/aarch64-libreelec-linux-gnu/lib
depbase=`echo gp-collect-app.o | sed 's|[^/]*$|.deps/&|;s|\.o$||'`;\
/work/build.CoreELEC-Amlogic-no.aarch64-22/toolchain/bin/host-g++ -DHAVE_CONFIG_H -I. -I/work/build.CoreELEC-Amlogic-no.aarch64-22/build/binutils-2.47/gprofng/src -I..  -U_ASM -DLOCALEDIR=\"/work/build.CoreELEC-Amlogic-no.aarch64-22/toolchain/share/locale\" -DSYSCONFDIR=\"/work/build.CoreELEC-Amlogic-no.aarch64-22/toolchain/etc\" -DLIBDIR=\"/work/build.CoreELEC-Amlogic-no.aarch64-22/toolchain/lib\" -I.. -I/work/build.CoreELEC-Amlogic-no.aarch64-22/build/binutils-2.47/gprofng/src -I/work/build.CoreELEC-Amlogic-no.aarch64-22/build/binutils-2.47/gprofng/src/../common -I/work/build.CoreELEC-Amlogic-no.aarch64-22/build/binutils-2.47/gprofng/src/../../include -I/work/build.CoreELEC-Amlogic-no.aarch64-22/build/binutils-2.47/gprofng/src/../../opcodes -I../../bfd -I/work/build.CoreELEC-Amlogic-no.aarch64-22/build/binutils-2.47/gprofng/src/../../bfd -I/work/build.CoreELEC-Amlogic-no.aarch64-22/build/binutils-2.47/gprofng/../zlib  -Wall -pthread -Wno-switch -fno-lto -g -O2     -MT gp-collect-app.o -MD -MP -MF $depbase.Tpo -c -o gp-collect-app.o /work/build.CoreELEC-Amlogic-no.aarch64-22/build/binutils-2.47/gprofng/src/gp-collect-app.cc &&\
mv -f $depbase.Tpo $depbase.Po
depbase=`echo checks.o | sed 's|[^/]*$|.deps/&|;s|\.o$||'`;\
/work/build.CoreELEC-Amlogic-no.aarch64-22/toolchain/bin/host-g++ -DHAVE_CONFIG_H -I. -I/work/build.CoreELEC-Amlogic-no.aarch64-22/build/binutils-2.47/gprofng/src -I..  -U_ASM -DLOCALEDIR=\"/work/build.CoreELEC-Amlogic-no.aarch64-22/toolchain/share/locale\" -DSYSCONFDIR=\"/work/build.CoreELEC-Amlogic-no.aarch64-22/toolchain/etc\" -DLIBDIR=\"/work/build.CoreELEC-Amlogic-no.aarch64-22/toolchain/lib\" -I.. -I/work/build.CoreELEC-Amlogic-no.aarch64-22/build/binutils-2.47/gprofng/src -I/work/build.CoreELEC-Amlogic-no.aarch64-22/build/binutils-2.47/gprofng/src/../common -I/work/build.CoreELEC-Amlogic-no.aarch64-22/build/binutils-2.47/gprofng/src/../../include -I/work/build.CoreELEC-Amlogic-no.aarch64-22/build/binutils-2.47/gprofng/src/../../opcodes -I../../bfd -I/work/build.CoreELEC-Amlogic-no.aarch64-22/build/binutils-2.47/gprofng/src/../../bfd -I/work/build.CoreELEC-Amlogic-no.aarch64-22/build/binutils-2.47/gprofng/../zlib  -Wall -pthread -Wno-switch -fno-lto -g -O2     -MT checks.o -MD -MP -MF $depbase.Tpo -c -o checks.o /work/build.CoreELEC-Amlogic-no.aarch64-22/build/binutils-2.47/gprofng/src/checks.cc &&\
mv -f $depbase.Tpo $depbase.Po
depbase=`echo envsets.o | sed 's|[^/]*$|.deps/&|;s|\.o$||'`;\
/work/build.CoreELEC-Amlogic-no.aarch64-22/toolchain/bin/host-g++ -DHAVE_CONFIG_H -I. -I/work/build.CoreELEC-Amlogic-no.aarch64-22/build/binutils-2.47/gprofng/src -I..  -U_ASM -DLOCALEDIR=\"/work/build.CoreELEC-Amlogic-no.aarch64-22/toolchain/share/locale\" -DSYSCONFDIR=\"/work/build.CoreELEC-Amlogic-no.aarch64-22/toolchain/etc\" -DLIBDIR=\"/work/build.CoreELEC-Amlogic-no.aarch64-22/toolchain/lib\" -I.. -I/work/build.CoreELEC-Amlogic-no.aarch64-22/build/binutils-2.47/gprofng/src -I/work/build.CoreELEC-Amlogic-no.aarch64-22/build/binutils-2.47/gprofng/src/../common -I/work/build.CoreELEC-Amlogic-no.aarch64-22/build/binutils-2.47/gprofng/src/../../include -I/work/build.CoreELEC-Amlogic-no.aarch64-22/build/binutils-2.47/gprofng/src/../../opcodes -I../../bfd -I/work/build.CoreELEC-Amlogic-no.aarch64-22/build/binutils-2.47/gprofng/src/../../bfd -I/work/build.CoreELEC-Amlogic-no.aarch64-22/build/binutils-2.47/gprofng/../zlib  -Wall -pthread -Wno-switch -fno-lto -g -O2     -MT envsets.o -MD -MP -MF $depbase.Tpo -c -o envsets.o /work/build.CoreELEC-Amlogic-no.aarch64-22/build/binutils-2.47/gprofng/src/envsets.cc &&\
mv -f $depbase.Tpo $depbase.Po
depbase=`echo count.o | sed 's|[^/]*$|.deps/&|;s|\.o$||'`;\
/work/build.CoreELEC-Amlogic-no.aarch64-22/toolchain/bin/host-g++ -DHAVE_CONFIG_H -I. -I/work/build.CoreELEC-Amlogic-no.aarch64-22/build/binutils-2.47/gprofng/src -I..  -U_ASM -DLOCALEDIR=\"/work/build.CoreELEC-Amlogic-no.aarch64-22/toolchain/share/locale\" -DSYSCONFDIR=\"/work/build.CoreELEC-Amlogic-no.aarch64-22/toolchain/etc\" -DLIBDIR=\"/work/build.CoreELEC-Amlogic-no.aarch64-22/toolchain/lib\" -I.. -I/work/build.CoreELEC-Amlogic-no.aarch64-22/build/binutils-2.47/gprofng/src -I/work/build.CoreELEC-Amlogic-no.aarch64-22/build/binutils-2.47/gprofng/src/../common -I/work/build.CoreELEC-Amlogic-no.aarch64-22/build/binutils-2.47/gprofng/src/../../include -I/work/build.CoreELEC-Amlogic-no.aarch64-22/build/binutils-2.47/gprofng/src/../../opcodes -I../../bfd -I/work/build.CoreELEC-Amlogic-no.aarch64-22/build/binutils-2.47/gprofng/src/../../bfd -I/work/build.CoreELEC-Amlogic-no.aarch64-22/build/binutils-2.47/gprofng/../zlib  -Wall -pthread -Wno-switch -fno-lto -g -O2     -MT count.o -MD -MP -MF $depbase.Tpo -c -o count.o /work/build.CoreELEC-Amlogic-no.aarch64-22/build/binutils-2.47/gprofng/src/count.cc &&\
mv -f $depbase.Tpo $depbase.Po
/bin/dash ../libtool  --tag=CXX   --mode=link /work/build.CoreELEC-Amlogic-no.aarch64-22/toolchain/bin/host-g++ -Wall -pthread -Wno-switch -fno-lto -g -O2       -o gprofng-collect-app gp-collect-app.o checks.o envsets.o count.o libgprofng.la  -L../../zlib -lz 
libtool: link: /work/build.CoreELEC-Amlogic-no.aarch64-22/toolchain/bin/host-g++ -Wall -pthread -Wno-switch -fno-lto -g -O2 -o .libs/gprofng-collect-app gp-collect-app.o checks.o envsets.o count.o  ./.libs/libgprofng.so -L/work/build.CoreELEC-Amlogic-no.aarch64-22/build/binutils-2.47/.x86_64-linux-gnu/bfd/../libiberty/pic -L/work/build.CoreELEC-Amlogic-no.aarch64-22/build/binutils-2.47/.x86_64-linux-gnu/zlib -L/work/build.CoreELEC-Amlogic-no.aarch64-22/toolchain/lib -L/work/build.CoreELEC-Amlogic-no.aarch64-22/build/binutils-2.47/.x86_64-linux-gnu/opcodes/../libiberty/pic -L/work/build.CoreELEC-Amlogic-no.aarch64-22/build/binutils-2.47/.x86_64-linux-gnu/libiberty/pic /work/build.CoreELEC-Amlogic-no.aarch64-22/build/binutils-2.47/.x86_64-linux-gnu/opcodes/.libs/libopcodes.so /work/build.CoreELEC-Amlogic-no.aarch64-22/build/binutils-2.47/.x86_64-linux-gnu/bfd/.libs/libbfd.so -lzstd /work/build.CoreELEC-Amlogic-no.aarch64-22/build/binutils-2.47/.x86_64-linux-gnu/libsframe/.libs/libsframe.so -liberty -lpthread -ldl -lz -pthread -Wl,-rpath -Wl,/work/build.CoreELEC-Amlogic-no.aarch64-22/toolchain/lib -Wl,-rpath -Wl,/work/build.CoreELEC-Amlogic-no.aarch64-22/toolchain/x86_64-linux-gnu/aarch64-libreelec-linux-gnu/lib
depbase=`echo gprofng.o | sed 's|[^/]*$|.deps/&|;s|\.o$||'`;\
/work/build.CoreELEC-Amlogic-no.aarch64-22/toolchain/bin/host-g++ -DHAVE_CONFIG_H -I. -I/work/build.CoreELEC-Amlogic-no.aarch64-22/build/binutils-2.47/gprofng/src -I..  -U_ASM -DLOCALEDIR=\"/work/build.CoreELEC-Amlogic-no.aarch64-22/toolchain/share/locale\" -DSYSCONFDIR=\"/work/build.CoreELEC-Amlogic-no.aarch64-22/toolchain/etc\" -DLIBDIR=\"/work/build.CoreELEC-Amlogic-no.aarch64-22/toolchain/lib\" -I.. -I/work/build.CoreELEC-Amlogic-no.aarch64-22/build/binutils-2.47/gprofng/src -I/work/build.CoreELEC-Amlogic-no.aarch64-22/build/binutils-2.47/gprofng/src/../common -I/work/build.CoreELEC-Amlogic-no.aarch64-22/build/binutils-2.47/gprofng/src/../../include -I/work/build.CoreELEC-Amlogic-no.aarch64-22/build/binutils-2.47/gprofng/src/../../opcodes -I../../bfd -I/work/build.CoreELEC-Amlogic-no.aarch64-22/build/binutils-2.47/gprofng/src/../../bfd -I/work/build.CoreELEC-Amlogic-no.aarch64-22/build/binutils-2.47/gprofng/../zlib  -Wall -pthread -Wno-switch -fno-lto -g -O2     -MT gprofng.o -MD -MP -MF $depbase.Tpo -c -o gprofng.o /work/build.CoreELEC-Amlogic-no.aarch64-22/build/binutils-2.47/gprofng/src/gprofng.cc &&\
mv -f $depbase.Tpo $depbase.Po
/bin/dash ../libtool  --tag=CXX   --mode=link /work/build.CoreELEC-Amlogic-no.aarch64-22/toolchain/bin/host-g++ -Wall -pthread -Wno-switch -fno-lto -g -O2       -o gprofng gprofng.o libgprofng.la  -L../../zlib -lz 
libtool: link: /work/build.CoreELEC-Amlogic-no.aarch64-22/toolchain/bin/host-g++ -Wall -pthread -Wno-switch -fno-lto -g -O2 -o .libs/gprofng gprofng.o  ./.libs/libgprofng.so -L/work/build.CoreELEC-Amlogic-no.aarch64-22/build/binutils-2.47/.x86_64-linux-gnu/bfd/../libiberty/pic -L/work/build.CoreELEC-Amlogic-no.aarch64-22/build/binutils-2.47/.x86_64-linux-gnu/zlib -L/work/build.CoreELEC-Amlogic-no.aarch64-22/toolchain/lib -L/work/build.CoreELEC-Amlogic-no.aarch64-22/build/binutils-2.47/.x86_64-linux-gnu/opcodes/../libiberty/pic -L/work/build.CoreELEC-Amlogic-no.aarch64-22/build/binutils-2.47/.x86_64-linux-gnu/libiberty/pic /work/build.CoreELEC-Amlogic-no.aarch64-22/build/binutils-2.47/.x86_64-linux-gnu/opcodes/.libs/libopcodes.so /work/build.CoreELEC-Amlogic-no.aarch64-22/build/binutils-2.47/.x86_64-linux-gnu/bfd/.libs/libbfd.so -lzstd /work/build.CoreELEC-Amlogic-no.aarch64-22/build/binutils-2.47/.x86_64-linux-gnu/libsframe/.libs/libsframe.so -liberty -lpthread -ldl -lz -pthread -Wl,-rpath -Wl,/work/build.CoreELEC-Amlogic-no.aarch64-22/toolchain/lib -Wl,-rpath -Wl,/work/build.CoreELEC-Amlogic-no.aarch64-22/toolchain/x86_64-linux-gnu/aarch64-libreelec-linux-gnu/lib
depbase=`echo gp-display-text.o | sed 's|[^/]*$|.deps/&|;s|\.o$||'`;\
/work/build.CoreELEC-Amlogic-no.aarch64-22/toolchain/bin/host-g++ -DHAVE_CONFIG_H -I. -I/work/build.CoreELEC-Amlogic-no.aarch64-22/build/binutils-2.47/gprofng/src -I..  -U_ASM -DLOCALEDIR=\"/work/build.CoreELEC-Amlogic-no.aarch64-22/toolchain/share/locale\" -DSYSCONFDIR=\"/work/build.CoreELEC-Amlogic-no.aarch64-22/toolchain/etc\" -DLIBDIR=\"/work/build.CoreELEC-Amlogic-no.aarch64-22/toolchain/lib\" -I.. -I/work/build.CoreELEC-Amlogic-no.aarch64-22/build/binutils-2.47/gprofng/src -I/work/build.CoreELEC-Amlogic-no.aarch64-22/build/binutils-2.47/gprofng/src/../common -I/work/build.CoreELEC-Amlogic-no.aarch64-22/build/binutils-2.47/gprofng/src/../../include -I/work/build.CoreELEC-Amlogic-no.aarch64-22/build/binutils-2.47/gprofng/src/../../opcodes -I../../bfd -I/work/build.CoreELEC-Amlogic-no.aarch64-22/build/binutils-2.47/gprofng/src/../../bfd -I/work/build.CoreELEC-Amlogic-no.aarch64-22/build/binutils-2.47/gprofng/../zlib  -Wall -pthread -Wno-switch -fno-lto -g -O2     -MT gp-display-text.o -MD -MP -MF $depbase.Tpo -c -o gp-display-text.o /work/build.CoreELEC-Amlogic-no.aarch64-22/build/binutils-2.47/gprofng/src/gp-display-text.cc &&\
mv -f $depbase.Tpo $depbase.Po
depbase=`echo ipc.o | sed 's|[^/]*$|.deps/&|;s|\.o$||'`;\
/work/build.CoreELEC-Amlogic-no.aarch64-22/toolchain/bin/host-g++ -DHAVE_CONFIG_H -I. -I/work/build.CoreELEC-Amlogic-no.aarch64-22/build/binutils-2.47/gprofng/src -I..  -U_ASM -DLOCALEDIR=\"/work/build.CoreELEC-Amlogic-no.aarch64-22/toolchain/share/locale\" -DSYSCONFDIR=\"/work/build.CoreELEC-Amlogic-no.aarch64-22/toolchain/etc\" -DLIBDIR=\"/work/build.CoreELEC-Amlogic-no.aarch64-22/toolchain/lib\" -I.. -I/work/build.CoreELEC-Amlogic-no.aarch64-22/build/binutils-2.47/gprofng/src -I/work/build.CoreELEC-Amlogic-no.aarch64-22/build/binutils-2.47/gprofng/src/../common -I/work/build.CoreELEC-Amlogic-no.aarch64-22/build/binutils-2.47/gprofng/src/../../include -I/work/build.CoreELEC-Amlogic-no.aarch64-22/build/binutils-2.47/gprofng/src/../../opcodes -I../../bfd -I/work/build.CoreELEC-Amlogic-no.aarch64-22/build/binutils-2.47/gprofng/src/../../bfd -I/work/build.CoreELEC-Amlogic-no.aarch64-22/build/binutils-2.47/gprofng/../zlib  -Wall -pthread -Wno-switch -fno-lto -g -O2     -MT ipc.o -MD -MP -MF $depbase.Tpo -c -o ipc.o /work/build.CoreELEC-Amlogic-no.aarch64-22/build/binutils-2.47/gprofng/src/ipc.cc &&\
mv -f $depbase.Tpo $depbase.Po
depbase=`echo ipcio.o | sed 's|[^/]*$|.deps/&|;s|\.o$||'`;\
/work/build.CoreELEC-Amlogic-no.aarch64-22/toolchain/bin/host-g++ -DHAVE_CONFIG_H -I. -I/work/build.CoreELEC-Amlogic-no.aarch64-22/build/binutils-2.47/gprofng/src -I..  -U_ASM -DLOCALEDIR=\"/work/build.CoreELEC-Amlogic-no.aarch64-22/toolchain/share/locale\" -DSYSCONFDIR=\"/work/build.CoreELEC-Amlogic-no.aarch64-22/toolchain/etc\" -DLIBDIR=\"/work/build.CoreELEC-Amlogic-no.aarch64-22/toolchain/lib\" -I.. -I/work/build.CoreELEC-Amlogic-no.aarch64-22/build/binutils-2.47/gprofng/src -I/work/build.CoreELEC-Amlogic-no.aarch64-22/build/binutils-2.47/gprofng/src/../common -I/work/build.CoreELEC-Amlogic-no.aarch64-22/build/binutils-2.47/gprofng/src/../../include -I/work/build.CoreELEC-Amlogic-no.aarch64-22/build/binutils-2.47/gprofng/src/../../opcodes -I../../bfd -I/work/build.CoreELEC-Amlogic-no.aarch64-22/build/binutils-2.47/gprofng/src/../../bfd -I/work/build.CoreELEC-Amlogic-no.aarch64-22/build/binutils-2.47/gprofng/../zlib  -Wall -pthread -Wno-switch -fno-lto -g -O2     -MT ipcio.o -MD -MP -MF $depbase.Tpo -c -o ipcio.o /work/build.CoreELEC-Amlogic-no.aarch64-22/build/binutils-2.47/gprofng/src/ipcio.cc &&\
mv -f $depbase.Tpo $depbase.Po
/bin/dash ../libtool  --tag=CXX   --mode=link /work/build.CoreELEC-Amlogic-no.aarch64-22/toolchain/bin/host-g++ -Wall -pthread -Wno-switch -fno-lto -g -O2       -o gprofng-display-text gp-display-text.o ipc.o ipcio.o libgprofng.la  -L../../zlib -lz 
libtool: link: /work/build.CoreELEC-Amlogic-no.aarch64-22/toolchain/bin/host-g++ -Wall -pthread -Wno-switch -fno-lto -g -O2 -o .libs/gprofng-display-text gp-display-text.o ipc.o ipcio.o  ./.libs/libgprofng.so -L/work/build.CoreELEC-Amlogic-no.aarch64-22/build/binutils-2.47/.x86_64-linux-gnu/bfd/../libiberty/pic -L/work/build.CoreELEC-Amlogic-no.aarch64-22/build/binutils-2.47/.x86_64-linux-gnu/zlib -L/work/build.CoreELEC-Amlogic-no.aarch64-22/toolchain/lib -L/work/build.CoreELEC-Amlogic-no.aarch64-22/build/binutils-2.47/.x86_64-linux-gnu/opcodes/../libiberty/pic -L/work/build.CoreELEC-Amlogic-no.aarch64-22/build/binutils-2.47/.x86_64-linux-gnu/libiberty/pic /work/build.CoreELEC-Amlogic-no.aarch64-22/build/binutils-2.47/.x86_64-linux-gnu/opcodes/.libs/libopcodes.so /work/build.CoreELEC-Amlogic-no.aarch64-22/build/binutils-2.47/.x86_64-linux-gnu/bfd/.libs/libbfd.so -lzstd /work/build.CoreELEC-Amlogic-no.aarch64-22/build/binutils-2.47/.x86_64-linux-gnu/libsframe/.libs/libsframe.so -liberty -lpthread -ldl -lz -pthread -Wl,-rpath -Wl,/work/build.CoreELEC-Amlogic-no.aarch64-22/toolchain/lib -Wl,-rpath -Wl,/work/build.CoreELEC-Amlogic-no.aarch64-22/toolchain/x86_64-linux-gnu/aarch64-libreelec-linux-gnu/lib
depbase=`echo gp-display-src.o | sed 's|[^/]*$|.deps/&|;s|\.o$||'`;\
/work/build.CoreELEC-Amlogic-no.aarch64-22/toolchain/bin/host-g++ -DHAVE_CONFIG_H -I. -I/work/build.CoreELEC-Amlogic-no.aarch64-22/build/binutils-2.47/gprofng/src -I..  -U_ASM -DLOCALEDIR=\"/work/build.CoreELEC-Amlogic-no.aarch64-22/toolchain/share/locale\" -DSYSCONFDIR=\"/work/build.CoreELEC-Amlogic-no.aarch64-22/toolchain/etc\" -DLIBDIR=\"/work/build.CoreELEC-Amlogic-no.aarch64-22/toolchain/lib\" -I.. -I/work/build.CoreELEC-Amlogic-no.aarch64-22/build/binutils-2.47/gprofng/src -I/work/build.CoreELEC-Amlogic-no.aarch64-22/build/binutils-2.47/gprofng/src/../common -I/work/build.CoreELEC-Amlogic-no.aarch64-22/build/binutils-2.47/gprofng/src/../../include -I/work/build.CoreELEC-Amlogic-no.aarch64-22/build/binutils-2.47/gprofng/src/../../opcodes -I../../bfd -I/work/build.CoreELEC-Amlogic-no.aarch64-22/build/binutils-2.47/gprofng/src/../../bfd -I/work/build.CoreELEC-Amlogic-no.aarch64-22/build/binutils-2.47/gprofng/../zlib  -Wall -pthread -Wno-switch -fno-lto -g -O2     -MT gp-display-src.o -MD -MP -MF $depbase.Tpo -c -o gp-display-src.o /work/build.CoreELEC-Amlogic-no.aarch64-22/build/binutils-2.47/gprofng/src/gp-display-src.cc &&\
mv -f $depbase.Tpo $depbase.Po
/bin/dash ../libtool  --tag=CXX   --mode=link /work/build.CoreELEC-Amlogic-no.aarch64-22/toolchain/bin/host-g++ -Wall -pthread -Wno-switch -fno-lto -g -O2       -o gprofng-display-src gp-display-src.o libgprofng.la  -L../../zlib -lz 
libtool: link: /work/build.CoreELEC-Amlogic-no.aarch64-22/toolchain/bin/host-g++ -Wall -pthread -Wno-switch -fno-lto -g -O2 -o .libs/gprofng-display-src gp-display-src.o  ./.libs/libgprofng.so -L/work/build.CoreELEC-Amlogic-no.aarch64-22/build/binutils-2.47/.x86_64-linux-gnu/bfd/../libiberty/pic -L/work/build.CoreELEC-Amlogic-no.aarch64-22/build/binutils-2.47/.x86_64-linux-gnu/zlib -L/work/build.CoreELEC-Amlogic-no.aarch64-22/toolchain/lib -L/work/build.CoreELEC-Amlogic-no.aarch64-22/build/binutils-2.47/.x86_64-linux-gnu/opcodes/../libiberty/pic -L/work/build.CoreELEC-Amlogic-no.aarch64-22/build/binutils-2.47/.x86_64-linux-gnu/libiberty/pic /work/build.CoreELEC-Amlogic-no.aarch64-22/build/binutils-2.47/.x86_64-linux-gnu/opcodes/.libs/libopcodes.so /work/build.CoreELEC-Amlogic-no.aarch64-22/build/binutils-2.47/.x86_64-linux-gnu/bfd/.libs/libbfd.so -lzstd /work/build.CoreELEC-Amlogic-no.aarch64-22/build/binutils-2.47/.x86_64-linux-gnu/libsframe/.libs/libsframe.so -liberty -lpthread -ldl -lz -pthread -Wl,-rpath -Wl,/work/build.CoreELEC-Amlogic-no.aarch64-22/toolchain/lib -Wl,-rpath -Wl,/work/build.CoreELEC-Amlogic-no.aarch64-22/toolchain/x86_64-linux-gnu/aarch64-libreelec-linux-gnu/lib
depbase=`echo gp-gmon.o | sed 's|[^/]*$|.deps/&|;s|\.o$||'`;\
/work/build.CoreELEC-Amlogic-no.aarch64-22/toolchain/bin/host-g++ -DHAVE_CONFIG_H -I. -I/work/build.CoreELEC-Amlogic-no.aarch64-22/build/binutils-2.47/gprofng/src -I..  -U_ASM -DLOCALEDIR=\"/work/build.CoreELEC-Amlogic-no.aarch64-22/toolchain/share/locale\" -DSYSCONFDIR=\"/work/build.CoreELEC-Amlogic-no.aarch64-22/toolchain/etc\" -DLIBDIR=\"/work/build.CoreELEC-Amlogic-no.aarch64-22/toolchain/lib\" -I.. -I/work/build.CoreELEC-Amlogic-no.aarch64-22/build/binutils-2.47/gprofng/src -I/work/build.CoreELEC-Amlogic-no.aarch64-22/build/binutils-2.47/gprofng/src/../common -I/work/build.CoreELEC-Amlogic-no.aarch64-22/build/binutils-2.47/gprofng/src/../../include -I/work/build.CoreELEC-Amlogic-no.aarch64-22/build/binutils-2.47/gprofng/src/../../opcodes -I../../bfd -I/work/build.CoreELEC-Amlogic-no.aarch64-22/build/binutils-2.47/gprofng/src/../../bfd -I/work/build.CoreELEC-Amlogic-no.aarch64-22/build/binutils-2.47/gprofng/../zlib  -Wall -pthread -Wno-switch -fno-lto -g -O2     -MT gp-gmon.o -MD -MP -MF $depbase.Tpo -c -o gp-gmon.o /work/build.CoreELEC-Amlogic-no.aarch64-22/build/binutils-2.47/gprofng/src/gp-gmon.cc &&\
mv -f $depbase.Tpo $depbase.Po
/bin/dash ../libtool  --tag=CXX   --mode=link /work/build.CoreELEC-Amlogic-no.aarch64-22/toolchain/bin/host-g++ -Wall -pthread -Wno-switch -fno-lto -g -O2       -o gprofng-gmon gp-gmon.o libgprofng.la  -L../../zlib -lz 
libtool: link: /work/build.CoreELEC-Amlogic-no.aarch64-22/toolchain/bin/host-g++ -Wall -pthread -Wno-switch -fno-lto -g -O2 -o .libs/gprofng-gmon gp-gmon.o  ./.libs/libgprofng.so -L/work/build.CoreELEC-Amlogic-no.aarch64-22/build/binutils-2.47/.x86_64-linux-gnu/bfd/../libiberty/pic -L/work/build.CoreELEC-Amlogic-no.aarch64-22/build/binutils-2.47/.x86_64-linux-gnu/zlib -L/work/build.CoreELEC-Amlogic-no.aarch64-22/toolchain/lib -L/work/build.CoreELEC-Amlogic-no.aarch64-22/build/binutils-2.47/.x86_64-linux-gnu/opcodes/../libiberty/pic -L/work/build.CoreELEC-Amlogic-no.aarch64-22/build/binutils-2.47/.x86_64-linux-gnu/libiberty/pic /work/build.CoreELEC-Amlogic-no.aarch64-22/build/binutils-2.47/.x86_64-linux-gnu/opcodes/.libs/libopcodes.so /work/build.CoreELEC-Amlogic-no.aarch64-22/build/binutils-2.47/.x86_64-linux-gnu/bfd/.libs/libbfd.so -lzstd /work/build.CoreELEC-Amlogic-no.aarch64-22/build/binutils-2.47/.x86_64-linux-gnu/libsframe/.libs/libsframe.so -liberty -lpthread -ldl -lz -pthread -Wl,-rpath -Wl,/work/build.CoreELEC-Amlogic-no.aarch64-22/toolchain/lib -Wl,-rpath -Wl,/work/build.CoreELEC-Amlogic-no.aarch64-22/toolchain/x86_64-linux-gnu/aarch64-libreelec-linux-gnu/lib
make[5]: Leaving directory '/work/build.CoreELEC-Amlogic-no.aarch64-22/build/binutils-2.47/.x86_64-linux-gnu/gprofng/src'
make[4]: Leaving directory '/work/build.CoreELEC-Amlogic-no.aarch64-22/build/binutils-2.47/.x86_64-linux-gnu/gprofng/src'
Making all in gp-display-html
make[4]: Entering directory '/work/build.CoreELEC-Amlogic-no.aarch64-22/build/binutils-2.47/.x86_64-linux-gnu/gprofng/gp-display-html'
sed -e 's/BINUTILS_VERSION/2.47/' < /work/build.CoreELEC-Amlogic-no.aarch64-22/build/binutils-2.47/gprofng/gp-display-html/gp-display-html.in > gprofng-display-html
chmod +x gprofng-display-html
make[4]: Leaving directory '/work/build.CoreELEC-Amlogic-no.aarch64-22/build/binutils-2.47/.x86_64-linux-gnu/gprofng/gp-display-html'
Making all in doc
make[4]: Entering directory '/work/build.CoreELEC-Amlogic-no.aarch64-22/build/binutils-2.47/.x86_64-linux-gnu/gprofng/doc'
restore=: && backupdir=".am$$" && \
rm -rf $backupdir && mkdir $backupdir && \
if (true --split-size=5000000 --split-size=5000000 --version) >/dev/null 2>&1; then \
  for f in gprofng.info gprofng.info-[0-9] gprofng.info-[0-9][0-9] gprofng.i[0-9] gprofng.i[0-9][0-9]; do \
    if test -f $f; then mv $f $backupdir; restore=mv; else :; fi; \
  done; \
else :; fi && \
if true --split-size=5000000 --split-size=5000000   -I /work/build.CoreELEC-Amlogic-no.aarch64-22/build/binutils-2.47/gprofng/doc \
 -o gprofng.info `test -f 'gprofng_ug.texi' || echo '/work/build.CoreELEC-Amlogic-no.aarch64-22/build/binutils-2.47/gprofng/doc/'`gprofng_ug.texi; \
then \
  rc=0; \
else \
  rc=$?; \
  $restore $backupdir/* `echo "./gprofng.info" | sed 's|[^/]*$||'`; \
fi; \
rm -rf $backupdir; exit $rc
make[4]: Leaving directory '/work/build.CoreELEC-Amlogic-no.aarch64-22/build/binutils-2.47/.x86_64-linux-gnu/gprofng/doc'
make[4]: Entering directory '/work/build.CoreELEC-Amlogic-no.aarch64-22/build/binutils-2.47/.x86_64-linux-gnu/gprofng'
make[4]: Leaving directory '/work/build.CoreELEC-Amlogic-no.aarch64-22/build/binutils-2.47/.x86_64-linux-gnu/gprofng'
make[3]: Leaving directory '/work/build.CoreELEC-Amlogic-no.aarch64-22/build/binutils-2.47/.x86_64-linux-gnu/gprofng'
make[2]: Leaving directory '/work/build.CoreELEC-Amlogic-no.aarch64-22/build/binutils-2.47/.x86_64-linux-gnu/gprofng'
make[2]: Entering directory '/work/build.CoreELEC-Amlogic-no.aarch64-22/build/binutils-2.47/.x86_64-linux-gnu/ld'
(echo "/* This file is automatically generated.  DO NOT EDIT! */";\
for f in `echo " " eaarch64linux.o eaarch64linuxb.o eaarch64linux32.o eaarch64linux32b.o earmelfb_linux_eabi.o earmelf_linux_eabi.o eaarch64elf.o eaarch64elf32.o eaarch64elf32b.o eaarch64elfb.o earmelf.o earmelfb.o "" \
 | sed -e 's/ e/ ld/g' -e 's/ ld/ /g' -e 's/[.]o//g'`; do \
    echo "extern ld_emulation_xfer_type ld_${f}_emulation;"; \
done;\
echo "";\
echo "#define EMULATION_LIST \\";\
for f in `echo " " eaarch64linux.o eaarch64linuxb.o eaarch64linux32.o eaarch64linux32b.o earmelfb_linux_eabi.o earmelf_linux_eabi.o eaarch64elf.o eaarch64elf32.o eaarch64elf32b.o eaarch64elfb.o earmelf.o earmelfb.o "" \
 | sed -e 's/ e/ ld/g' -e 's/ ld/ /g' -e 's/[.]o//g'`; do \
    echo "  &ld_${f}_emulation, \\"; \
done;\
echo "  0") >ldemul-tmp.h
mv ldemul-tmp.h ldemul-list.h
make  all-recursive
make[3]: Entering directory '/work/build.CoreELEC-Amlogic-no.aarch64-22/build/binutils-2.47/.x86_64-linux-gnu/ld'
Making all in po
make[4]: Entering directory '/work/build.CoreELEC-Amlogic-no.aarch64-22/build/binutils-2.47/.x86_64-linux-gnu/ld/po'
( if test 'x/work/build.CoreELEC-Amlogic-no.aarch64-22/build/binutils-2.47/ld/po' != 'x.'; then \
    posrcprefix='/work/build.CoreELEC-Amlogic-no.aarch64-22/build/binutils-2.47/ld/'; \
  else \
    posrcprefix="../"; \
  fi; \
  rm -f SRC-POTFILES-t SRC-POTFILES \
    && (sed -e '/^#/d' -e '/^[	 ]*$/d' \
	    -e "s@.*@	$posrcprefix& \\\\@" < /work/build.CoreELEC-Amlogic-no.aarch64-22/build/binutils-2.47/ld/po/SRC-POTFILES.in \
	| sed -e '$s/\\$//') > SRC-POTFILES-t \
    && chmod a-w SRC-POTFILES-t \
    && mv SRC-POTFILES-t SRC-POTFILES )
rm -f BLD-POTFILES-t BLD-POTFILES \
  && sed -e '/^#/d' -e '/^[	 ]*$/d' \
	 -e "s@.*@	../& \\\\@" < /work/build.CoreELEC-Amlogic-no.aarch64-22/build/binutils-2.47/ld/po/BLD-POTFILES.in \
     | sed -e '$s/\\$//' > BLD-POTFILES-t \
  && chmod a-w BLD-POTFILES-t \
  && mv BLD-POTFILES-t BLD-POTFILES
cd .. \
  && CONFIG_FILES=po/Makefile.in:po/Make-in \
     CONFIG_HEADERS= /bin/dash ./config.status
config.status: creating po/Makefile.in
config.status: executing depfiles commands
config.status: executing libtool commands
config.status: executing default-1 commands
config.status: executing default commands
make[4]: Nothing to be done for 'all'.
make[4]: Leaving directory '/work/build.CoreELEC-Amlogic-no.aarch64-22/build/binutils-2.47/.x86_64-linux-gnu/ld/po'
make[4]: Entering directory '/work/build.CoreELEC-Amlogic-no.aarch64-22/build/binutils-2.47/.x86_64-linux-gnu/ld'
  CC       libdep_plugin.lo
  GEN      libdep.la
libtool: link: warning: ignoring multiple `-rpath's for a libtool library
  CC       libldtestplug_la-testplug.lo
  CCLD     libldtestplug.la
ar: `u' modifier ignored since `D' is the default (see `U')
  CC       libldtestplug2_la-testplug2.lo
  CCLD     libldtestplug2.la
ar: `u' modifier ignored since `D' is the default (see `U')
  CC       libldtestplug3_la-testplug3.lo
  CCLD     libldtestplug3.la
ar: `u' modifier ignored since `D' is the default (see `U')
  CC       libldtestplug4_la-testplug4.lo
  CCLD     libldtestplug4.la
ar: `u' modifier ignored since `D' is the default (see `U')
  CC       ldgram.o
  CC       ldlex-wrapper.o
  CC       lexsup.o
  CC       ldlang.o
  CC       mri.o
  CC       ldctor.o
  CC       ldmain.o
  CC       ldwrite.o
  CC       ldexp.o
  CC       ldemul.o
  CC       ldver.o
  CC       ldmisc.o
  CC       ldfile.o
  CC       ldcref.o
  CC       plugin.o
  CC       ldbuildid.o
  GEN      ldscripts/stamp
  GEN      eaarch64linux.c
  CC       eaarch64linux.o
  GEN      eaarch64linuxb.c
  CC       eaarch64linuxb.o
  GEN      eaarch64linux32.c
  CC       eaarch64linux32.o
  GEN      eaarch64linux32b.c
  CC       eaarch64linux32b.o
  GEN      earmelfb_linux_eabi.c
  CC       earmelfb_linux_eabi.o
  GEN      earmelf_linux_eabi.c
  CC       earmelf_linux_eabi.o
  GEN      eaarch64elf.c
  CC       eaarch64elf.o
  GEN      eaarch64elf32.c
  CC       eaarch64elf32.o
  GEN      eaarch64elf32b.c
  CC       eaarch64elf32b.o
  GEN      eaarch64elfb.c
  CC       eaarch64elfb.o
  GEN      earmelf.c
  CC       earmelf.o
  GEN      earmelfb.c
  CC       earmelfb.o
  CC       ldelf.o
  CC       ldelfgen.o
  CCLD     ld-new
make[4]: Leaving directory '/work/build.CoreELEC-Amlogic-no.aarch64-22/build/binutils-2.47/.x86_64-linux-gnu/ld'
make[3]: Leaving directory '/work/build.CoreELEC-Amlogic-no.aarch64-22/build/binutils-2.47/.x86_64-linux-gnu/ld'
make[2]: Leaving directory '/work/build.CoreELEC-Amlogic-no.aarch64-22/build/binutils-2.47/.x86_64-linux-gnu/ld'
make[1]: Nothing to be done for 'all-target'.
make[1]: Leaving directory '/work/build.CoreELEC-Amlogic-no.aarch64-22/build/binutils-2.47/.x86_64-linux-gnu'
'../include/libiberty.h' -> '/work/build.CoreELEC-Amlogic-no.aarch64-22/.sysroot/binutils.host/usr/include/libiberty.h'
make: Entering directory '/work/build.CoreELEC-Amlogic-no.aarch64-22/build/binutils-2.47/.x86_64-linux-gnu/libsframe'
make[1]: Entering directory '/work/build.CoreELEC-Amlogic-no.aarch64-22/build/binutils-2.47/.x86_64-linux-gnu/libsframe'
 /usr/bin/mkdir -p '/work/build.CoreELEC-Amlogic-no.aarch64-22/toolchain/lib'
 /bin/dash ./libtool   --mode=install /usr/bin/install -c   libsframe.la '/work/build.CoreELEC-Amlogic-no.aarch64-22/toolchain/lib'
libtool: install: /usr/bin/install -c .libs/libsframe.so.3.0.0 /work/build.CoreELEC-Amlogic-no.aarch64-22/toolchain/lib/libsframe.so.3.0.0
libtool: install: (cd /work/build.CoreELEC-Amlogic-no.aarch64-22/toolchain/lib && { ln -s -f libsframe.so.3.0.0 libsframe.so.3 || { rm -f libsframe.so.3 && ln -s libsframe.so.3.0.0 libsframe.so.3; }; })
libtool: install: (cd /work/build.CoreELEC-Amlogic-no.aarch64-22/toolchain/lib && { ln -s -f libsframe.so.3.0.0 libsframe.so || { rm -f libsframe.so && ln -s libsframe.so.3.0.0 libsframe.so; }; })
libtool: install: /usr/bin/install -c .libs/libsframe.lai /work/build.CoreELEC-Amlogic-no.aarch64-22/toolchain/lib/libsframe.la
libtool: install: /usr/bin/install -c .libs/libsframe.a /work/build.CoreELEC-Amlogic-no.aarch64-22/toolchain/lib/libsframe.a
libtool: install: chmod 644 /work/build.CoreELEC-Amlogic-no.aarch64-22/toolchain/lib/libsframe.a
libtool: install: ranlib --plugin /usr/libexec/gcc/x86_64-linux-gnu/14/liblto_plugin.so /work/build.CoreELEC-Amlogic-no.aarch64-22/toolchain/lib/libsframe.a
libtool: finish: PATH="/work/build.CoreELEC-Amlogic-no.aarch64-22/toolchain/bin:/work/build.CoreELEC-Amlogic-no.aarch64-22/toolchain/sbin:/usr/local/bin:/usr/bin:/bin:/usr/local/games:/usr/games:/sbin" ldconfig -n /work/build.CoreELEC-Amlogic-no.aarch64-22/toolchain/lib
----------------------------------------------------------------------
Libraries have been installed in:
   /work/build.CoreELEC-Amlogic-no.aarch64-22/toolchain/lib

If you ever happen to want to link against installed libraries
in a given directory, LIBDIR, you must either use libtool, and
specify the full pathname of the library, or use the `-LLIBDIR'
flag during linking and do at least one of the following:
   - add LIBDIR to the `LD_LIBRARY_PATH' environment variable
     during execution
   - add LIBDIR to the `LD_RUN_PATH' environment variable
     during linking
   - use the `-Wl,-rpath -Wl,LIBDIR' linker flag
   - have your system administrator add LIBDIR to `/etc/ld.so.conf'

See any operating system documentation about shared libraries for
more information, such as the ld(1) and ld.so(8) manual pages.
----------------------------------------------------------------------
 /usr/bin/mkdir -p '/work/build.CoreELEC-Amlogic-no.aarch64-22/toolchain/include'
 /usr/bin/install -c -m 644 /work/build.CoreELEC-Amlogic-no.aarch64-22/build/binutils-2.47/libsframe/../include/sframe.h /work/build.CoreELEC-Amlogic-no.aarch64-22/build/binutils-2.47/libsframe/../include/sframe-api.h '/work/build.CoreELEC-Amlogic-no.aarch64-22/toolchain/include'
 /usr/bin/mkdir -p '/work/build.CoreELEC-Amlogic-no.aarch64-22/toolchain/share/info'
 /usr/bin/install -c -m 644 /work/build.CoreELEC-Amlogic-no.aarch64-22/build/binutils-2.47/libsframe/doc/sframe-spec.info '/work/build.CoreELEC-Amlogic-no.aarch64-22/toolchain/share/info'
make[1]: Leaving directory '/work/build.CoreELEC-Amlogic-no.aarch64-22/build/binutils-2.47/.x86_64-linux-gnu/libsframe'
make: Leaving directory '/work/build.CoreELEC-Amlogic-no.aarch64-22/build/binutils-2.47/.x86_64-linux-gnu/libsframe'
make: Entering directory '/work/build.CoreELEC-Amlogic-no.aarch64-22/build/binutils-2.47/.x86_64-linux-gnu/bfd'
make  install-recursive
make[1]: Entering directory '/work/build.CoreELEC-Amlogic-no.aarch64-22/build/binutils-2.47/.x86_64-linux-gnu/bfd'
Making install in po
make[2]: Entering directory '/work/build.CoreELEC-Amlogic-no.aarch64-22/build/binutils-2.47/.x86_64-linux-gnu/bfd/po'
make[2]: Nothing to be done for 'install'.
make[2]: Leaving directory '/work/build.CoreELEC-Amlogic-no.aarch64-22/build/binutils-2.47/.x86_64-linux-gnu/bfd/po'
make[2]: Entering directory '/work/build.CoreELEC-Amlogic-no.aarch64-22/build/binutils-2.47/.x86_64-linux-gnu/bfd'
make[3]: Entering directory '/work/build.CoreELEC-Amlogic-no.aarch64-22/build/binutils-2.47/.x86_64-linux-gnu/bfd'
make[3]: Nothing to be done for 'install-exec-am'.
 /usr/bin/mkdir -p '/work/build.CoreELEC-Amlogic-no.aarch64-22/toolchain/x86_64-linux-gnu/aarch64-libreelec-linux-gnu/include'
 /usr/bin/install -c -m 644 bfd.h /work/build.CoreELEC-Amlogic-no.aarch64-22/build/binutils-2.47/bfd/../include/ansidecl.h /work/build.CoreELEC-Amlogic-no.aarch64-22/build/binutils-2.47/bfd/../include/symcat.h /work/build.CoreELEC-Amlogic-no.aarch64-22/build/binutils-2.47/bfd/../include/diagnostics.h /work/build.CoreELEC-Amlogic-no.aarch64-22/build/binutils-2.47/bfd/../include/bfdlink.h /work/build.CoreELEC-Amlogic-no.aarch64-22/build/binutils-2.47/bfd/../include/plugin-api.h '/work/build.CoreELEC-Amlogic-no.aarch64-22/toolchain/x86_64-linux-gnu/aarch64-libreelec-linux-gnu/include'
 /usr/bin/mkdir -p '/work/build.CoreELEC-Amlogic-no.aarch64-22/toolchain/x86_64-linux-gnu/aarch64-libreelec-linux-gnu/lib'
 /bin/dash ./libtool   --mode=install /usr/bin/install -c   libbfd.la '/work/build.CoreELEC-Amlogic-no.aarch64-22/toolchain/x86_64-linux-gnu/aarch64-libreelec-linux-gnu/lib'
libtool: install: warning: relinking `libbfd.la'
libtool: install: (cd /work/build.CoreELEC-Amlogic-no.aarch64-22/build/binutils-2.47/.x86_64-linux-gnu/bfd; /bin/dash /work/build.CoreELEC-Amlogic-no.aarch64-22/build/binutils-2.47/.x86_64-linux-gnu/bfd/libtool  --silent --tag CC --mode=relink /work/build.CoreELEC-Amlogic-no.aarch64-22/toolchain/bin/host-gcc -W -Wall -Wstrict-prototypes -Wmissing-prototypes -Wshadow -Wstack-usage=262144 -I/work/build.CoreELEC-Amlogic-no.aarch64-22/build/binutils-2.47/bfd/../zlib -I/work/build.CoreELEC-Amlogic-no.aarch64-22/toolchain/include -g -O2 -release 2.47.20260726 -o libbfd.la -rpath /work/build.CoreELEC-Amlogic-no.aarch64-22/toolchain/x86_64-linux-gnu/aarch64-libreelec-linux-gnu/lib archive.lo archures.lo bfd.lo bfdio.lo cache.lo coff-bfd.lo compress.lo corefile.lo format.lo hash.lo libbfd.lo linker.lo merge.lo opncls.lo reloc.lo section.lo simple.lo stab-syms.lo stabs.lo syms.lo targets.lo binary.lo ihex.lo srec.lo tekhex.lo verilog.lo elf64-aarch64.lo elfxx-aarch64.lo elf-ifunc.lo elf64.lo elf-attrs.lo elf-sframe.lo elf.lo elflink.lo elf-strtab.lo elf-eh-frame.lo elf-properties.lo dwarf1.lo dwarf2.lo elf32-aarch64.lo elf32.lo elf32-arm.lo pei-aarch64.lo pe-aarch64igen.lo cofflink.lo coffgen.lo pe-aarch64.lo elf64-gen.lo elf32-gen.lo plugin.lo cpu-aarch64.lo cpu-arm.lo archive64.lo -L/work/build.CoreELEC-Amlogic-no.aarch64-22/build/binutils-2.47/.x86_64-linux-gnu/bfd/../libiberty/pic -liberty -Wl,-lc,--as-needed,-lm,--no-as-needed -L./../zlib -lz -L/work/build.CoreELEC-Amlogic-no.aarch64-22/toolchain/lib -lzstd ../libsframe/libsframe.la )
libtool: install: /usr/bin/install -c .libs/libbfd-2.47.20260726.soT /work/build.CoreELEC-Amlogic-no.aarch64-22/toolchain/x86_64-linux-gnu/aarch64-libreelec-linux-gnu/lib/libbfd-2.47.20260726.so
libtool: install: (cd /work/build.CoreELEC-Amlogic-no.aarch64-22/toolchain/x86_64-linux-gnu/aarch64-libreelec-linux-gnu/lib && { ln -s -f libbfd-2.47.20260726.so libbfd.so || { rm -f libbfd.so && ln -s libbfd-2.47.20260726.so libbfd.so; }; })
libtool: install: /usr/bin/install -c .libs/libbfd.lai /work/build.CoreELEC-Amlogic-no.aarch64-22/toolchain/x86_64-linux-gnu/aarch64-libreelec-linux-gnu/lib/libbfd.la
libtool: install: /usr/bin/install -c .libs/libbfd.a /work/build.CoreELEC-Amlogic-no.aarch64-22/toolchain/x86_64-linux-gnu/aarch64-libreelec-linux-gnu/lib/libbfd.a
libtool: install: chmod 644 /work/build.CoreELEC-Amlogic-no.aarch64-22/toolchain/x86_64-linux-gnu/aarch64-libreelec-linux-gnu/lib/libbfd.a
libtool: install: ranlib --plugin /usr/libexec/gcc/x86_64-linux-gnu/14/liblto_plugin.so /work/build.CoreELEC-Amlogic-no.aarch64-22/toolchain/x86_64-linux-gnu/aarch64-libreelec-linux-gnu/lib/libbfd.a
libtool: finish: PATH="/work/build.CoreELEC-Amlogic-no.aarch64-22/toolchain/bin:/work/build.CoreELEC-Amlogic-no.aarch64-22/toolchain/sbin:/usr/local/bin:/usr/bin:/bin:/usr/local/games:/usr/games:/sbin" ldconfig -n /work/build.CoreELEC-Amlogic-no.aarch64-22/toolchain/x86_64-linux-gnu/aarch64-libreelec-linux-gnu/lib
----------------------------------------------------------------------
Libraries have been installed in:
   /work/build.CoreELEC-Amlogic-no.aarch64-22/toolchain/x86_64-linux-gnu/aarch64-libreelec-linux-gnu/lib

If you ever happen to want to link against installed libraries
in a given directory, LIBDIR, you must either use libtool, and
specify the full pathname of the library, or use the `-LLIBDIR'
flag during linking and do at least one of the following:
   - add LIBDIR to the `LD_LIBRARY_PATH' environment variable
     during execution
   - add LIBDIR to the `LD_RUN_PATH' environment variable
     during linking
   - use the `-Wl,-rpath -Wl,LIBDIR' linker flag
   - have your system administrator add LIBDIR to `/etc/ld.so.conf'

See any operating system documentation about shared libraries for
more information, such as the ld(1) and ld.so(8) manual pages.
----------------------------------------------------------------------
make[3]: Leaving directory '/work/build.CoreELEC-Amlogic-no.aarch64-22/build/binutils-2.47/.x86_64-linux-gnu/bfd'
make[2]: Leaving directory '/work/build.CoreELEC-Amlogic-no.aarch64-22/build/binutils-2.47/.x86_64-linux-gnu/bfd'
make[1]: Leaving directory '/work/build.CoreELEC-Amlogic-no.aarch64-22/build/binutils-2.47/.x86_64-linux-gnu/bfd'
make: Leaving directory '/work/build.CoreELEC-Amlogic-no.aarch64-22/build/binutils-2.47/.x86_64-linux-gnu/bfd'
make[1]: Entering directory '/work/build.CoreELEC-Amlogic-no.aarch64-22/build/binutils-2.47/.x86_64-linux-gnu'
/bin/dash /work/build.CoreELEC-Amlogic-no.aarch64-22/build/binutils-2.47/mkinstalldirs /work/build.CoreELEC-Amlogic-no.aarch64-22/toolchain /work/build.CoreELEC-Amlogic-no.aarch64-22/toolchain
make[2]: Entering directory '/work/build.CoreELEC-Amlogic-no.aarch64-22/build/binutils-2.47/.x86_64-linux-gnu/libsframe'
make[3]: Entering directory '/work/build.CoreELEC-Amlogic-no.aarch64-22/build/binutils-2.47/.x86_64-linux-gnu/libsframe'
 /usr/bin/mkdir -p '/work/build.CoreELEC-Amlogic-no.aarch64-22/toolchain/lib'
 /bin/dash ./libtool   --mode=install /usr/bin/install -c   libsframe.la '/work/build.CoreELEC-Amlogic-no.aarch64-22/toolchain/lib'
libtool: install: /usr/bin/install -c .libs/libsframe.so.3.0.0 /work/build.CoreELEC-Amlogic-no.aarch64-22/toolchain/lib/libsframe.so.3.0.0
libtool: install: (cd /work/build.CoreELEC-Amlogic-no.aarch64-22/toolchain/lib && { ln -s -f libsframe.so.3.0.0 libsframe.so.3 || { rm -f libsframe.so.3 && ln -s libsframe.so.3.0.0 libsframe.so.3; }; })
libtool: install: (cd /work/build.CoreELEC-Amlogic-no.aarch64-22/toolchain/lib && { ln -s -f libsframe.so.3.0.0 libsframe.so || { rm -f libsframe.so && ln -s libsframe.so.3.0.0 libsframe.so; }; })
libtool: install: /usr/bin/install -c .libs/libsframe.lai /work/build.CoreELEC-Amlogic-no.aarch64-22/toolchain/lib/libsframe.la
libtool: install: /usr/bin/install -c .libs/libsframe.a /work/build.CoreELEC-Amlogic-no.aarch64-22/toolchain/lib/libsframe.a
libtool: install: chmod 644 /work/build.CoreELEC-Amlogic-no.aarch64-22/toolchain/lib/libsframe.a
libtool: install: ranlib --plugin /usr/libexec/gcc/x86_64-linux-gnu/14/liblto_plugin.so /work/build.CoreELEC-Amlogic-no.aarch64-22/toolchain/lib/libsframe.a
libtool: finish: PATH="/work/build.CoreELEC-Amlogic-no.aarch64-22/toolchain/bin:/work/build.CoreELEC-Amlogic-no.aarch64-22/toolchain/sbin:/usr/local/bin:/usr/bin:/bin:/usr/local/games:/usr/games:/sbin" ldconfig -n /work/build.CoreELEC-Amlogic-no.aarch64-22/toolchain/lib
----------------------------------------------------------------------
Libraries have been installed in:
   /work/build.CoreELEC-Amlogic-no.aarch64-22/toolchain/lib

If you ever happen to want to link against installed libraries
in a given directory, LIBDIR, you must either use libtool, and
specify the full pathname of the library, or use the `-LLIBDIR'
flag during linking and do at least one of the following:
   - add LIBDIR to the `LD_LIBRARY_PATH' environment variable
     during execution
   - add LIBDIR to the `LD_RUN_PATH' environment variable
     during linking
   - use the `-Wl,-rpath -Wl,LIBDIR' linker flag
   - have your system administrator add LIBDIR to `/etc/ld.so.conf'

See any operating system documentation about shared libraries for
more information, such as the ld(1) and ld.so(8) manual pages.
----------------------------------------------------------------------
 /usr/bin/mkdir -p '/work/build.CoreELEC-Amlogic-no.aarch64-22/toolchain/include'
 /usr/bin/install -c -m 644 /work/build.CoreELEC-Amlogic-no.aarch64-22/build/binutils-2.47/libsframe/../include/sframe.h /work/build.CoreELEC-Amlogic-no.aarch64-22/build/binutils-2.47/libsframe/../include/sframe-api.h '/work/build.CoreELEC-Amlogic-no.aarch64-22/toolchain/include'
 /usr/bin/mkdir -p '/work/build.CoreELEC-Amlogic-no.aarch64-22/toolchain/share/info'
 /usr/bin/install -c -m 644 /work/build.CoreELEC-Amlogic-no.aarch64-22/build/binutils-2.47/libsframe/doc/sframe-spec.info '/work/build.CoreELEC-Amlogic-no.aarch64-22/toolchain/share/info'
make[3]: Leaving directory '/work/build.CoreELEC-Amlogic-no.aarch64-22/build/binutils-2.47/.x86_64-linux-gnu/libsframe'
make[2]: Leaving directory '/work/build.CoreELEC-Amlogic-no.aarch64-22/build/binutils-2.47/.x86_64-linux-gnu/libsframe'
make[2]: Entering directory '/work/build.CoreELEC-Amlogic-no.aarch64-22/build/binutils-2.47/.x86_64-linux-gnu/bfd'
make  install-recursive
make[3]: Entering directory '/work/build.CoreELEC-Amlogic-no.aarch64-22/build/binutils-2.47/.x86_64-linux-gnu/bfd'
Making install in po
make[4]: Entering directory '/work/build.CoreELEC-Amlogic-no.aarch64-22/build/binutils-2.47/.x86_64-linux-gnu/bfd/po'
make[4]: Nothing to be done for 'install'.
make[4]: Leaving directory '/work/build.CoreELEC-Amlogic-no.aarch64-22/build/binutils-2.47/.x86_64-linux-gnu/bfd/po'
make[4]: Entering directory '/work/build.CoreELEC-Amlogic-no.aarch64-22/build/binutils-2.47/.x86_64-linux-gnu/bfd'
make[5]: Entering directory '/work/build.CoreELEC-Amlogic-no.aarch64-22/build/binutils-2.47/.x86_64-linux-gnu/bfd'
make[5]: Nothing to be done for 'install-exec-am'.
 /usr/bin/mkdir -p '/work/build.CoreELEC-Amlogic-no.aarch64-22/toolchain/x86_64-linux-gnu/aarch64-libreelec-linux-gnu/include'
 /usr/bin/install -c -m 644 bfd.h /work/build.CoreELEC-Amlogic-no.aarch64-22/build/binutils-2.47/bfd/../include/ansidecl.h /work/build.CoreELEC-Amlogic-no.aarch64-22/build/binutils-2.47/bfd/../include/symcat.h /work/build.CoreELEC-Amlogic-no.aarch64-22/build/binutils-2.47/bfd/../include/diagnostics.h /work/build.CoreELEC-Amlogic-no.aarch64-22/build/binutils-2.47/bfd/../include/bfdlink.h /work/build.CoreELEC-Amlogic-no.aarch64-22/build/binutils-2.47/bfd/../include/plugin-api.h '/work/build.CoreELEC-Amlogic-no.aarch64-22/toolchain/x86_64-linux-gnu/aarch64-libreelec-linux-gnu/include'
 /usr/bin/mkdir -p '/work/build.CoreELEC-Amlogic-no.aarch64-22/toolchain/x86_64-linux-gnu/aarch64-libreelec-linux-gnu/lib'
 /bin/dash ./libtool   --mode=install /usr/bin/install -c   libbfd.la '/work/build.CoreELEC-Amlogic-no.aarch64-22/toolchain/x86_64-linux-gnu/aarch64-libreelec-linux-gnu/lib'
libtool: install: warning: relinking `libbfd.la'
libtool: install: (cd /work/build.CoreELEC-Amlogic-no.aarch64-22/build/binutils-2.47/.x86_64-linux-gnu/bfd; /bin/dash /work/build.CoreELEC-Amlogic-no.aarch64-22/build/binutils-2.47/.x86_64-linux-gnu/bfd/libtool  --silent --tag CC --mode=relink /work/build.CoreELEC-Amlogic-no.aarch64-22/toolchain/bin/host-gcc -W -Wall -Wstrict-prototypes -Wmissing-prototypes -Wshadow -Wstack-usage=262144 -I/work/build.CoreELEC-Amlogic-no.aarch64-22/build/binutils-2.47/bfd/../zlib -I/work/build.CoreELEC-Amlogic-no.aarch64-22/toolchain/include -g -O2 -release 2.47.20260726 -o libbfd.la -rpath /work/build.CoreELEC-Amlogic-no.aarch64-22/toolchain/x86_64-linux-gnu/aarch64-libreelec-linux-gnu/lib archive.lo archures.lo bfd.lo bfdio.lo cache.lo coff-bfd.lo compress.lo corefile.lo format.lo hash.lo libbfd.lo linker.lo merge.lo opncls.lo reloc.lo section.lo simple.lo stab-syms.lo stabs.lo syms.lo targets.lo binary.lo ihex.lo srec.lo tekhex.lo verilog.lo elf64-aarch64.lo elfxx-aarch64.lo elf-ifunc.lo elf64.lo elf-attrs.lo elf-sframe.lo elf.lo elflink.lo elf-strtab.lo elf-eh-frame.lo elf-properties.lo dwarf1.lo dwarf2.lo elf32-aarch64.lo elf32.lo elf32-arm.lo pei-aarch64.lo pe-aarch64igen.lo cofflink.lo coffgen.lo pe-aarch64.lo elf64-gen.lo elf32-gen.lo plugin.lo cpu-aarch64.lo cpu-arm.lo archive64.lo -L/work/build.CoreELEC-Amlogic-no.aarch64-22/build/binutils-2.47/.x86_64-linux-gnu/bfd/../libiberty/pic -liberty -Wl,-lc,--as-needed,-lm,--no-as-needed -L./../zlib -lz -L/work/build.CoreELEC-Amlogic-no.aarch64-22/toolchain/lib -lzstd ../libsframe/libsframe.la )
libtool: install: /usr/bin/install -c .libs/libbfd-2.47.20260726.soT /work/build.CoreELEC-Amlogic-no.aarch64-22/toolchain/x86_64-linux-gnu/aarch64-libreelec-linux-gnu/lib/libbfd-2.47.20260726.so
libtool: install: (cd /work/build.CoreELEC-Amlogic-no.aarch64-22/toolchain/x86_64-linux-gnu/aarch64-libreelec-linux-gnu/lib && { ln -s -f libbfd-2.47.20260726.so libbfd.so || { rm -f libbfd.so && ln -s libbfd-2.47.20260726.so libbfd.so; }; })
libtool: install: /usr/bin/install -c .libs/libbfd.lai /work/build.CoreELEC-Amlogic-no.aarch64-22/toolchain/x86_64-linux-gnu/aarch64-libreelec-linux-gnu/lib/libbfd.la
libtool: install: /usr/bin/install -c .libs/libbfd.a /work/build.CoreELEC-Amlogic-no.aarch64-22/toolchain/x86_64-linux-gnu/aarch64-libreelec-linux-gnu/lib/libbfd.a
libtool: install: chmod 644 /work/build.CoreELEC-Amlogic-no.aarch64-22/toolchain/x86_64-linux-gnu/aarch64-libreelec-linux-gnu/lib/libbfd.a
libtool: install: ranlib --plugin /usr/libexec/gcc/x86_64-linux-gnu/14/liblto_plugin.so /work/build.CoreELEC-Amlogic-no.aarch64-22/toolchain/x86_64-linux-gnu/aarch64-libreelec-linux-gnu/lib/libbfd.a
libtool: finish: PATH="/work/build.CoreELEC-Amlogic-no.aarch64-22/toolchain/bin:/work/build.CoreELEC-Amlogic-no.aarch64-22/toolchain/sbin:/usr/local/bin:/usr/bin:/bin:/usr/local/games:/usr/games:/sbin" ldconfig -n /work/build.CoreELEC-Amlogic-no.aarch64-22/toolchain/x86_64-linux-gnu/aarch64-libreelec-linux-gnu/lib
----------------------------------------------------------------------
Libraries have been installed in:
   /work/build.CoreELEC-Amlogic-no.aarch64-22/toolchain/x86_64-linux-gnu/aarch64-libreelec-linux-gnu/lib

If you ever happen to want to link against installed libraries
in a given directory, LIBDIR, you must either use libtool, and
specify the full pathname of the library, or use the `-LLIBDIR'
flag during linking and do at least one of the following:
   - add LIBDIR to the `LD_LIBRARY_PATH' environment variable
     during execution
   - add LIBDIR to the `LD_RUN_PATH' environment variable
     during linking
   - use the `-Wl,-rpath -Wl,LIBDIR' linker flag
   - have your system administrator add LIBDIR to `/etc/ld.so.conf'

See any operating system documentation about shared libraries for
more information, such as the ld(1) and ld.so(8) manual pages.
----------------------------------------------------------------------
make[5]: Leaving directory '/work/build.CoreELEC-Amlogic-no.aarch64-22/build/binutils-2.47/.x86_64-linux-gnu/bfd'
make[4]: Leaving directory '/work/build.CoreELEC-Amlogic-no.aarch64-22/build/binutils-2.47/.x86_64-linux-gnu/bfd'
make[3]: Leaving directory '/work/build.CoreELEC-Amlogic-no.aarch64-22/build/binutils-2.47/.x86_64-linux-gnu/bfd'
make[2]: Leaving directory '/work/build.CoreELEC-Amlogic-no.aarch64-22/build/binutils-2.47/.x86_64-linux-gnu/bfd'
make[2]: Entering directory '/work/build.CoreELEC-Amlogic-no.aarch64-22/build/binutils-2.47/.x86_64-linux-gnu/opcodes'
Making install in .
make[3]: Entering directory '/work/build.CoreELEC-Amlogic-no.aarch64-22/build/binutils-2.47/.x86_64-linux-gnu/opcodes'
make[4]: Entering directory '/work/build.CoreELEC-Amlogic-no.aarch64-22/build/binutils-2.47/.x86_64-linux-gnu/opcodes'
make[4]: Nothing to be done for 'install-exec-am'.
 /usr/bin/mkdir -p '/work/build.CoreELEC-Amlogic-no.aarch64-22/toolchain/x86_64-linux-gnu/aarch64-libreelec-linux-gnu/include'
 /usr/bin/install -c -m 644 /work/build.CoreELEC-Amlogic-no.aarch64-22/build/binutils-2.47/opcodes/../include/dis-asm.h '/work/build.CoreELEC-Amlogic-no.aarch64-22/toolchain/x86_64-linux-gnu/aarch64-libreelec-linux-gnu/include'
 /usr/bin/mkdir -p '/work/build.CoreELEC-Amlogic-no.aarch64-22/toolchain/x86_64-linux-gnu/aarch64-libreelec-linux-gnu/lib'
 /bin/dash ./libtool   --mode=install /usr/bin/install -c   libopcodes.la '/work/build.CoreELEC-Amlogic-no.aarch64-22/toolchain/x86_64-linux-gnu/aarch64-libreelec-linux-gnu/lib'
libtool: install: warning: relinking `libopcodes.la'
libtool: install: (cd /work/build.CoreELEC-Amlogic-no.aarch64-22/build/binutils-2.47/.x86_64-linux-gnu/opcodes; /bin/dash /work/build.CoreELEC-Amlogic-no.aarch64-22/build/binutils-2.47/.x86_64-linux-gnu/opcodes/libtool  --silent --tag CC --mode=relink /work/build.CoreELEC-Amlogic-no.aarch64-22/toolchain/bin/host-gcc -W -Wall -Wstrict-prototypes -Wmissing-prototypes -Wshadow -Wstack-usage=262144 -g -O2 -release 2.47.20260726 -o libopcodes.la -rpath /work/build.CoreELEC-Amlogic-no.aarch64-22/toolchain/x86_64-linux-gnu/aarch64-libreelec-linux-gnu/lib dis-buf.lo disassemble.lo dis-init.lo aarch64-asm.lo aarch64-dis.lo aarch64-opc.lo aarch64-asm-2.lo aarch64-dis-2.lo aarch64-opc-2.lo arm-dis.lo ../bfd/libbfd.la -L/work/build.CoreELEC-Amlogic-no.aarch64-22/build/binutils-2.47/.x86_64-linux-gnu/opcodes/../libiberty/pic -liberty -Wl,-lc,--as-needed,-lm,--no-as-needed )
libtool: install: /usr/bin/install -c .libs/libopcodes-2.47.20260726.soT /work/build.CoreELEC-Amlogic-no.aarch64-22/toolchain/x86_64-linux-gnu/aarch64-libreelec-linux-gnu/lib/libopcodes-2.47.20260726.so
libtool: install: (cd /work/build.CoreELEC-Amlogic-no.aarch64-22/toolchain/x86_64-linux-gnu/aarch64-libreelec-linux-gnu/lib && { ln -s -f libopcodes-2.47.20260726.so libopcodes.so || { rm -f libopcodes.so && ln -s libopcodes-2.47.20260726.so libopcodes.so; }; })
libtool: install: /usr/bin/install -c .libs/libopcodes.lai /work/build.CoreELEC-Amlogic-no.aarch64-22/toolchain/x86_64-linux-gnu/aarch64-libreelec-linux-gnu/lib/libopcodes.la
libtool: install: /usr/bin/install -c .libs/libopcodes.a /work/build.CoreELEC-Amlogic-no.aarch64-22/toolchain/x86_64-linux-gnu/aarch64-libreelec-linux-gnu/lib/libopcodes.a
libtool: install: chmod 644 /work/build.CoreELEC-Amlogic-no.aarch64-22/toolchain/x86_64-linux-gnu/aarch64-libreelec-linux-gnu/lib/libopcodes.a
libtool: install: ranlib --plugin /usr/libexec/gcc/x86_64-linux-gnu/14/liblto_plugin.so /work/build.CoreELEC-Amlogic-no.aarch64-22/toolchain/x86_64-linux-gnu/aarch64-libreelec-linux-gnu/lib/libopcodes.a
libtool: finish: PATH="/work/build.CoreELEC-Amlogic-no.aarch64-22/toolchain/bin:/work/build.CoreELEC-Amlogic-no.aarch64-22/toolchain/sbin:/usr/local/bin:/usr/bin:/bin:/usr/local/games:/usr/games:/sbin" ldconfig -n /work/build.CoreELEC-Amlogic-no.aarch64-22/toolchain/x86_64-linux-gnu/aarch64-libreelec-linux-gnu/lib
----------------------------------------------------------------------
Libraries have been installed in:
   /work/build.CoreELEC-Amlogic-no.aarch64-22/toolchain/x86_64-linux-gnu/aarch64-libreelec-linux-gnu/lib

If you ever happen to want to link against installed libraries
in a given directory, LIBDIR, you must either use libtool, and
specify the full pathname of the library, or use the `-LLIBDIR'
flag during linking and do at least one of the following:
   - add LIBDIR to the `LD_LIBRARY_PATH' environment variable
     during execution
   - add LIBDIR to the `LD_RUN_PATH' environment variable
     during linking
   - use the `-Wl,-rpath -Wl,LIBDIR' linker flag
   - have your system administrator add LIBDIR to `/etc/ld.so.conf'

See any operating system documentation about shared libraries for
more information, such as the ld(1) and ld.so(8) manual pages.
----------------------------------------------------------------------
make[4]: Leaving directory '/work/build.CoreELEC-Amlogic-no.aarch64-22/build/binutils-2.47/.x86_64-linux-gnu/opcodes'
make[3]: Leaving directory '/work/build.CoreELEC-Amlogic-no.aarch64-22/build/binutils-2.47/.x86_64-linux-gnu/opcodes'
Making install in po
make[3]: Entering directory '/work/build.CoreELEC-Amlogic-no.aarch64-22/build/binutils-2.47/.x86_64-linux-gnu/opcodes/po'
make[3]: Nothing to be done for 'install'.
make[3]: Leaving directory '/work/build.CoreELEC-Amlogic-no.aarch64-22/build/binutils-2.47/.x86_64-linux-gnu/opcodes/po'
make[2]: Leaving directory '/work/build.CoreELEC-Amlogic-no.aarch64-22/build/binutils-2.47/.x86_64-linux-gnu/opcodes'
make[2]: Entering directory '/work/build.CoreELEC-Amlogic-no.aarch64-22/build/binutils-2.47/.x86_64-linux-gnu/binutils'
make  install-recursive
make[3]: Entering directory '/work/build.CoreELEC-Amlogic-no.aarch64-22/build/binutils-2.47/.x86_64-linux-gnu/binutils'
Making install in po
make[4]: Entering directory '/work/build.CoreELEC-Amlogic-no.aarch64-22/build/binutils-2.47/.x86_64-linux-gnu/binutils/po'
make[4]: Nothing to be done for 'install'.
make[4]: Leaving directory '/work/build.CoreELEC-Amlogic-no.aarch64-22/build/binutils-2.47/.x86_64-linux-gnu/binutils/po'
make[4]: Entering directory '/work/build.CoreELEC-Amlogic-no.aarch64-22/build/binutils-2.47/.x86_64-linux-gnu/binutils'
make[5]: Entering directory '/work/build.CoreELEC-Amlogic-no.aarch64-22/build/binutils-2.47/.x86_64-linux-gnu/binutils'
 /usr/bin/mkdir -p '/work/build.CoreELEC-Amlogic-no.aarch64-22/toolchain/bin'
  /bin/dash ./libtool   --mode=install /usr/bin/install -c size '/work/build.CoreELEC-Amlogic-no.aarch64-22/toolchain/bin/./aarch64-libreelec-linux-gnu-size'
libtool: install: /usr/bin/install -c .libs/size /work/build.CoreELEC-Amlogic-no.aarch64-22/toolchain/bin/./aarch64-libreelec-linux-gnu-size
  /bin/dash ./libtool   --mode=install /usr/bin/install -c objdump '/work/build.CoreELEC-Amlogic-no.aarch64-22/toolchain/bin/./aarch64-libreelec-linux-gnu-objdump'
libtool: install: warning: `../libctf/libctf.la' has not been installed in `/work/build.CoreELEC-Amlogic-no.aarch64-22/toolchain/lib'
libtool: install: /usr/bin/install -c .libs/objdump /work/build.CoreELEC-Amlogic-no.aarch64-22/toolchain/bin/./aarch64-libreelec-linux-gnu-objdump
  /bin/dash ./libtool   --mode=install /usr/bin/install -c ar '/work/build.CoreELEC-Amlogic-no.aarch64-22/toolchain/bin/./aarch64-libreelec-linux-gnu-ar'
libtool: install: /usr/bin/install -c .libs/ar /work/build.CoreELEC-Amlogic-no.aarch64-22/toolchain/bin/./aarch64-libreelec-linux-gnu-ar
  /bin/dash ./libtool   --mode=install /usr/bin/install -c strings '/work/build.CoreELEC-Amlogic-no.aarch64-22/toolchain/bin/./aarch64-libreelec-linux-gnu-strings'
libtool: install: /usr/bin/install -c .libs/strings /work/build.CoreELEC-Amlogic-no.aarch64-22/toolchain/bin/./aarch64-libreelec-linux-gnu-strings
  /bin/dash ./libtool   --mode=install /usr/bin/install -c ranlib '/work/build.CoreELEC-Amlogic-no.aarch64-22/toolchain/bin/./aarch64-libreelec-linux-gnu-ranlib'
libtool: install: /usr/bin/install -c .libs/ranlib /work/build.CoreELEC-Amlogic-no.aarch64-22/toolchain/bin/./aarch64-libreelec-linux-gnu-ranlib
  /bin/dash ./libtool   --mode=install /usr/bin/install -c objcopy '/work/build.CoreELEC-Amlogic-no.aarch64-22/toolchain/bin/./aarch64-libreelec-linux-gnu-objcopy'
libtool: install: /usr/bin/install -c .libs/objcopy /work/build.CoreELEC-Amlogic-no.aarch64-22/toolchain/bin/./aarch64-libreelec-linux-gnu-objcopy
  /bin/dash ./libtool   --mode=install /usr/bin/install -c addr2line '/work/build.CoreELEC-Amlogic-no.aarch64-22/toolchain/bin/./aarch64-libreelec-linux-gnu-addr2line'
libtool: install: /usr/bin/install -c .libs/addr2line /work/build.CoreELEC-Amlogic-no.aarch64-22/toolchain/bin/./aarch64-libreelec-linux-gnu-addr2line
  /bin/dash ./libtool   --mode=install /usr/bin/install -c readelf '/work/build.CoreELEC-Amlogic-no.aarch64-22/toolchain/bin/./aarch64-libreelec-linux-gnu-readelf'
libtool: install: warning: `../libctf/libctf-nobfd.la' has not been installed in `/work/build.CoreELEC-Amlogic-no.aarch64-22/toolchain/lib'
libtool: install: /usr/bin/install -c .libs/readelf /work/build.CoreELEC-Amlogic-no.aarch64-22/toolchain/bin/./aarch64-libreelec-linux-gnu-readelf
  /bin/dash ./libtool   --mode=install /usr/bin/install -c elfedit '/work/build.CoreELEC-Amlogic-no.aarch64-22/toolchain/bin/./aarch64-libreelec-linux-gnu-elfedit'
libtool: install: /usr/bin/install -c elfedit /work/build.CoreELEC-Amlogic-no.aarch64-22/toolchain/bin/./aarch64-libreelec-linux-gnu-elfedit
  /bin/dash ./libtool  --mode=install /usr/bin/install -c nm-new /work/build.CoreELEC-Amlogic-no.aarch64-22/toolchain/bin/aarch64-libreelec-linux-gnu-nm
libtool: install: /usr/bin/install -c .libs/nm-new /work/build.CoreELEC-Amlogic-no.aarch64-22/toolchain/bin/aarch64-libreelec-linux-gnu-nm
  /bin/dash ./libtool  --mode=install /usr/bin/install -c strip-new /work/build.CoreELEC-Amlogic-no.aarch64-22/toolchain/bin/aarch64-libreelec-linux-gnu-strip
libtool: install: /usr/bin/install -c .libs/strip-new /work/build.CoreELEC-Amlogic-no.aarch64-22/toolchain/bin/aarch64-libreelec-linux-gnu-strip
  /bin/dash ./libtool  --mode=install /usr/bin/install -c cxxfilt /work/build.CoreELEC-Amlogic-no.aarch64-22/toolchain/bin/aarch64-libreelec-linux-gnu-c++filt
libtool: install: /usr/bin/install -c .libs/cxxfilt /work/build.CoreELEC-Amlogic-no.aarch64-22/toolchain/bin/aarch64-libreelec-linux-gnu-c++filt
/bin/dash /work/build.CoreELEC-Amlogic-no.aarch64-22/build/binutils-2.47/binutils/../mkinstalldirs /work/build.CoreELEC-Amlogic-no.aarch64-22/toolchain/aarch64-libreelec-linux-gnu/bin
mkdir -p -- /work/build.CoreELEC-Amlogic-no.aarch64-22/toolchain/aarch64-libreelec-linux-gnu/bin
for i in nm-new strip-new ar ranlib dlltool windres objdump objcopy readelf; do \
  if [ -f $i ]; then \
    j=`echo $i | sed -e 's/-new//'`; \
    k=`echo $j | sed 's&^&aarch64-libreelec-linux-gnu-&'`; \
    if [ "/work/build.CoreELEC-Amlogic-no.aarch64-22/toolchain/bin/$k" != "/work/build.CoreELEC-Amlogic-no.aarch64-22/toolchain/aarch64-libreelec-linux-gnu/bin/$j" ]; then \
      rm -f /work/build.CoreELEC-Amlogic-no.aarch64-22/toolchain/aarch64-libreelec-linux-gnu/bin/$j; \
      ln /work/build.CoreELEC-Amlogic-no.aarch64-22/toolchain/bin/$k /work/build.CoreELEC-Amlogic-no.aarch64-22/toolchain/aarch64-libreelec-linux-gnu/bin/$j >/dev/null 2>/dev/null \
	||  /bin/dash ./libtool --mode=install /usr/bin/install -c $i /work/build.CoreELEC-Amlogic-no.aarch64-22/toolchain/aarch64-libreelec-linux-gnu/bin/$j; \
    fi; \
  else true; \
  fi; \
done
 /usr/bin/mkdir -p '/work/build.CoreELEC-Amlogic-no.aarch64-22/toolchain/share/info'
 /usr/bin/install -c -m 644 /work/build.CoreELEC-Amlogic-no.aarch64-22/build/binutils-2.47/binutils/doc/binutils.info '/work/build.CoreELEC-Amlogic-no.aarch64-22/toolchain/share/info'
 /usr/bin/mkdir -p '/work/build.CoreELEC-Amlogic-no.aarch64-22/toolchain/share/man/man1'
 /usr/bin/install -c -m 644 'doc/addr2line.1' '/work/build.CoreELEC-Amlogic-no.aarch64-22/toolchain/share/man/man1/aarch64-libreelec-linux-gnu-addr2line.1'
 /usr/bin/install -c -m 644 'doc/ar.1' '/work/build.CoreELEC-Amlogic-no.aarch64-22/toolchain/share/man/man1/aarch64-libreelec-linux-gnu-ar.1'
 /usr/bin/install -c -m 644 'doc/dlltool.1' '/work/build.CoreELEC-Amlogic-no.aarch64-22/toolchain/share/man/man1/aarch64-libreelec-linux-gnu-dlltool.1'
 /usr/bin/install -c -m 644 'doc/nm.1' '/work/build.CoreELEC-Amlogic-no.aarch64-22/toolchain/share/man/man1/aarch64-libreelec-linux-gnu-nm.1'
 /usr/bin/install -c -m 644 'doc/objcopy.1' '/work/build.CoreELEC-Amlogic-no.aarch64-22/toolchain/share/man/man1/aarch64-libreelec-linux-gnu-objcopy.1'
 /usr/bin/install -c -m 644 'doc/objdump.1' '/work/build.CoreELEC-Amlogic-no.aarch64-22/toolchain/share/man/man1/aarch64-libreelec-linux-gnu-objdump.1'
 /usr/bin/install -c -m 644 'doc/ranlib.1' '/work/build.CoreELEC-Amlogic-no.aarch64-22/toolchain/share/man/man1/aarch64-libreelec-linux-gnu-ranlib.1'
 /usr/bin/install -c -m 644 'doc/readelf.1' '/work/build.CoreELEC-Amlogic-no.aarch64-22/toolchain/share/man/man1/aarch64-libreelec-linux-gnu-readelf.1'
 /usr/bin/install -c -m 644 'doc/size.1' '/work/build.CoreELEC-Amlogic-no.aarch64-22/toolchain/share/man/man1/aarch64-libreelec-linux-gnu-size.1'
 /usr/bin/install -c -m 644 'doc/strings.1' '/work/build.CoreELEC-Amlogic-no.aarch64-22/toolchain/share/man/man1/aarch64-libreelec-linux-gnu-strings.1'
 /usr/bin/install -c -m 644 'doc/strip.1' '/work/build.CoreELEC-Amlogic-no.aarch64-22/toolchain/share/man/man1/aarch64-libreelec-linux-gnu-strip.1'
 /usr/bin/install -c -m 644 'doc/elfedit.1' '/work/build.CoreELEC-Amlogic-no.aarch64-22/toolchain/share/man/man1/aarch64-libreelec-linux-gnu-elfedit.1'
 /usr/bin/install -c -m 644 'doc/windres.1' '/work/build.CoreELEC-Amlogic-no.aarch64-22/toolchain/share/man/man1/aarch64-libreelec-linux-gnu-windres.1'
 /usr/bin/install -c -m 644 'doc/windmc.1' '/work/build.CoreELEC-Amlogic-no.aarch64-22/toolchain/share/man/man1/aarch64-libreelec-linux-gnu-windmc.1'
 /usr/bin/install -c -m 644 'doc/c++filt.1' '/work/build.CoreELEC-Amlogic-no.aarch64-22/toolchain/share/man/man1/aarch64-libreelec-linux-gnu-c++filt.1'
make[5]: Leaving directory '/work/build.CoreELEC-Amlogic-no.aarch64-22/build/binutils-2.47/.x86_64-linux-gnu/binutils'
make[4]: Leaving directory '/work/build.CoreELEC-Amlogic-no.aarch64-22/build/binutils-2.47/.x86_64-linux-gnu/binutils'
make[3]: Leaving directory '/work/build.CoreELEC-Amlogic-no.aarch64-22/build/binutils-2.47/.x86_64-linux-gnu/binutils'
make[2]: Leaving directory '/work/build.CoreELEC-Amlogic-no.aarch64-22/build/binutils-2.47/.x86_64-linux-gnu/binutils'
make[2]: Entering directory '/work/build.CoreELEC-Amlogic-no.aarch64-22/build/binutils-2.47/.x86_64-linux-gnu/etc'
make[3]: Entering directory '/work/build.CoreELEC-Amlogic-no.aarch64-22/build/binutils-2.47/.x86_64-linux-gnu/etc'
make[3]: Nothing to be done for 'install-exec-am'.
make[3]: Nothing to be done for 'install-data-am'.
make[3]: Leaving directory '/work/build.CoreELEC-Amlogic-no.aarch64-22/build/binutils-2.47/.x86_64-linux-gnu/etc'
make[2]: Leaving directory '/work/build.CoreELEC-Amlogic-no.aarch64-22/build/binutils-2.47/.x86_64-linux-gnu/etc'
make[2]: Entering directory '/work/build.CoreELEC-Amlogic-no.aarch64-22/build/binutils-2.47/.x86_64-linux-gnu/gas'
Making install in po
make[3]: Entering directory '/work/build.CoreELEC-Amlogic-no.aarch64-22/build/binutils-2.47/.x86_64-linux-gnu/gas/po'
make[3]: Nothing to be done for 'install'.
make[3]: Leaving directory '/work/build.CoreELEC-Amlogic-no.aarch64-22/build/binutils-2.47/.x86_64-linux-gnu/gas/po'
make[3]: Entering directory '/work/build.CoreELEC-Amlogic-no.aarch64-22/build/binutils-2.47/.x86_64-linux-gnu/gas'
  GEN      doc/asconfig.texi
make[4]: Entering directory '/work/build.CoreELEC-Amlogic-no.aarch64-22/build/binutils-2.47/.x86_64-linux-gnu/gas'
/bin/dash /work/build.CoreELEC-Amlogic-no.aarch64-22/build/binutils-2.47/gas/../mkinstalldirs /work/build.CoreELEC-Amlogic-no.aarch64-22/toolchain/bin
  /bin/dash ./libtool  --mode=install /usr/bin/install -c as-new /work/build.CoreELEC-Amlogic-no.aarch64-22/toolchain/bin/aarch64-libreelec-linux-gnu-as
libtool: install: /usr/bin/install -c .libs/as-new /work/build.CoreELEC-Amlogic-no.aarch64-22/toolchain/bin/aarch64-libreelec-linux-gnu-as
/bin/dash /work/build.CoreELEC-Amlogic-no.aarch64-22/build/binutils-2.47/gas/../mkinstalldirs /work/build.CoreELEC-Amlogic-no.aarch64-22/toolchain/aarch64-libreelec-linux-gnu/bin
n=`echo as | sed 's&^&aarch64-libreelec-linux-gnu-&'`; \
if [ "/work/build.CoreELEC-Amlogic-no.aarch64-22/toolchain/bin/$n" != "/work/build.CoreELEC-Amlogic-no.aarch64-22/toolchain/aarch64-libreelec-linux-gnu/bin/as" ]; then \
  rm -f /work/build.CoreELEC-Amlogic-no.aarch64-22/toolchain/aarch64-libreelec-linux-gnu/bin/as; \
  ln /work/build.CoreELEC-Amlogic-no.aarch64-22/toolchain/bin/$n /work/build.CoreELEC-Amlogic-no.aarch64-22/toolchain/aarch64-libreelec-linux-gnu/bin/as >/dev/null 2>/dev/null \
    ||  /bin/dash ./libtool --mode=install /usr/bin/install -c as-new /work/build.CoreELEC-Amlogic-no.aarch64-22/toolchain/aarch64-libreelec-linux-gnu/bin/as; \
else \
  true ; \
fi
  GEN      doc/asconfig.texi
 /usr/bin/mkdir -p '/work/build.CoreELEC-Amlogic-no.aarch64-22/toolchain/share/info'
 /usr/bin/install -c -m 644 /work/build.CoreELEC-Amlogic-no.aarch64-22/build/binutils-2.47/gas/doc/as.info '/work/build.CoreELEC-Amlogic-no.aarch64-22/toolchain/share/info'
 /usr/bin/mkdir -p '/work/build.CoreELEC-Amlogic-no.aarch64-22/toolchain/share/man/man1'
 /usr/bin/install -c -m 644 'doc/as.1' '/work/build.CoreELEC-Amlogic-no.aarch64-22/toolchain/share/man/man1/aarch64-libreelec-linux-gnu-as.1'
make[4]: Leaving directory '/work/build.CoreELEC-Amlogic-no.aarch64-22/build/binutils-2.47/.x86_64-linux-gnu/gas'
make[3]: Leaving directory '/work/build.CoreELEC-Amlogic-no.aarch64-22/build/binutils-2.47/.x86_64-linux-gnu/gas'
make[2]: Leaving directory '/work/build.CoreELEC-Amlogic-no.aarch64-22/build/binutils-2.47/.x86_64-linux-gnu/gas'
make[2]: Entering directory '/work/build.CoreELEC-Amlogic-no.aarch64-22/build/binutils-2.47/.x86_64-linux-gnu/gold'
Making install in po
make[3]: Entering directory '/work/build.CoreELEC-Amlogic-no.aarch64-22/build/binutils-2.47/.x86_64-linux-gnu/gold/po'
make[3]: Nothing to be done for 'install'.
make[3]: Leaving directory '/work/build.CoreELEC-Amlogic-no.aarch64-22/build/binutils-2.47/.x86_64-linux-gnu/gold/po'
Making install in testsuite
make[3]: Entering directory '/work/build.CoreELEC-Amlogic-no.aarch64-22/build/binutils-2.47/.x86_64-linux-gnu/gold/testsuite'
Makefile:4047: warning: overriding recipe for target 'incremental_comdat_test_1'
Makefile:4039: warning: ignoring old recipe for target 'incremental_comdat_test_1'
Makefile:4059: warning: overriding recipe for target 'incremental_common_test_1'
Makefile:4051: warning: ignoring old recipe for target 'incremental_common_test_1'
Makefile:4071: warning: overriding recipe for target 'incremental_copy_test'
Makefile:4063: warning: ignoring old recipe for target 'incremental_copy_test'
Makefile:4083: warning: overriding recipe for target 'incremental_test_2'
Makefile:4075: warning: ignoring old recipe for target 'incremental_test_2'
Makefile:4095: warning: overriding recipe for target 'incremental_test_3'
Makefile:4087: warning: ignoring old recipe for target 'incremental_test_3'
Makefile:4107: warning: overriding recipe for target 'incremental_test_4'
Makefile:4099: warning: ignoring old recipe for target 'incremental_test_4'
Makefile:4119: warning: overriding recipe for target 'incremental_test_5'
Makefile:4111: warning: ignoring old recipe for target 'incremental_test_5'
Makefile:4131: warning: overriding recipe for target 'incremental_test_6'
Makefile:4123: warning: ignoring old recipe for target 'incremental_test_6'
Makefile:4399: warning: overriding recipe for target 'pr17704a_test'
Makefile:4391: warning: ignoring old recipe for target 'pr17704a_test'
make  install-am
make[4]: Entering directory '/work/build.CoreELEC-Amlogic-no.aarch64-22/build/binutils-2.47/.x86_64-linux-gnu/gold/testsuite'
Makefile:4047: warning: overriding recipe for target 'incremental_comdat_test_1'
Makefile:4039: warning: ignoring old recipe for target 'incremental_comdat_test_1'
Makefile:4059: warning: overriding recipe for target 'incremental_common_test_1'
Makefile:4051: warning: ignoring old recipe for target 'incremental_common_test_1'
Makefile:4071: warning: overriding recipe for target 'incremental_copy_test'
Makefile:4063: warning: ignoring old recipe for target 'incremental_copy_test'
Makefile:4083: warning: overriding recipe for target 'incremental_test_2'
Makefile:4075: warning: ignoring old recipe for target 'incremental_test_2'
Makefile:4095: warning: overriding recipe for target 'incremental_test_3'
Makefile:4087: warning: ignoring old recipe for target 'incremental_test_3'
Makefile:4107: warning: overriding recipe for target 'incremental_test_4'
Makefile:4099: warning: ignoring old recipe for target 'incremental_test_4'
Makefile:4119: warning: overriding recipe for target 'incremental_test_5'
Makefile:4111: warning: ignoring old recipe for target 'incremental_test_5'
Makefile:4131: warning: overriding recipe for target 'incremental_test_6'
Makefile:4123: warning: ignoring old recipe for target 'incremental_test_6'
Makefile:4399: warning: overriding recipe for target 'pr17704a_test'
Makefile:4391: warning: ignoring old recipe for target 'pr17704a_test'
make[5]: Entering directory '/work/build.CoreELEC-Amlogic-no.aarch64-22/build/binutils-2.47/.x86_64-linux-gnu/gold/testsuite'
Makefile:4047: warning: overriding recipe for target 'incremental_comdat_test_1'
Makefile:4039: warning: ignoring old recipe for target 'incremental_comdat_test_1'
Makefile:4059: warning: overriding recipe for target 'incremental_common_test_1'
Makefile:4051: warning: ignoring old recipe for target 'incremental_common_test_1'
Makefile:4071: warning: overriding recipe for target 'incremental_copy_test'
Makefile:4063: warning: ignoring old recipe for target 'incremental_copy_test'
Makefile:4083: warning: overriding recipe for target 'incremental_test_2'
Makefile:4075: warning: ignoring old recipe for target 'incremental_test_2'
Makefile:4095: warning: overriding recipe for target 'incremental_test_3'
Makefile:4087: warning: ignoring old recipe for target 'incremental_test_3'
Makefile:4107: warning: overriding recipe for target 'incremental_test_4'
Makefile:4099: warning: ignoring old recipe for target 'incremental_test_4'
Makefile:4119: warning: overriding recipe for target 'incremental_test_5'
Makefile:4111: warning: ignoring old recipe for target 'incremental_test_5'
Makefile:4131: warning: overriding recipe for target 'incremental_test_6'
Makefile:4123: warning: ignoring old recipe for target 'incremental_test_6'
Makefile:4399: warning: overriding recipe for target 'pr17704a_test'
Makefile:4391: warning: ignoring old recipe for target 'pr17704a_test'
make[5]: Nothing to be done for 'install-exec-am'.
make[5]: Nothing to be done for 'install-data-am'.
make[5]: Leaving directory '/work/build.CoreELEC-Amlogic-no.aarch64-22/build/binutils-2.47/.x86_64-linux-gnu/gold/testsuite'
make[4]: Leaving directory '/work/build.CoreELEC-Amlogic-no.aarch64-22/build/binutils-2.47/.x86_64-linux-gnu/gold/testsuite'
make[3]: Leaving directory '/work/build.CoreELEC-Amlogic-no.aarch64-22/build/binutils-2.47/.x86_64-linux-gnu/gold/testsuite'
make[3]: Entering directory '/work/build.CoreELEC-Amlogic-no.aarch64-22/build/binutils-2.47/.x86_64-linux-gnu/gold'
make[4]: Entering directory '/work/build.CoreELEC-Amlogic-no.aarch64-22/build/binutils-2.47/.x86_64-linux-gnu/gold'
 /usr/bin/mkdir -p '/work/build.CoreELEC-Amlogic-no.aarch64-22/toolchain/bin'
  /usr/bin/install -c dwp '/work/build.CoreELEC-Amlogic-no.aarch64-22/toolchain/bin/./aarch64-libreelec-linux-gnu-dwp'
/bin/dash /work/build.CoreELEC-Amlogic-no.aarch64-22/build/binutils-2.47/gold/../mkinstalldirs /work/build.CoreELEC-Amlogic-no.aarch64-22/toolchain/bin /work/build.CoreELEC-Amlogic-no.aarch64-22/toolchain/aarch64-libreelec-linux-gnu/bin
n=`echo ld.gold | sed 's&^&aarch64-libreelec-linux-gnu-&'`; \
 /usr/bin/install -c \
  ld-new /work/build.CoreELEC-Amlogic-no.aarch64-22/toolchain/bin/${n}; \
if test "/work/build.CoreELEC-Amlogic-no.aarch64-22/toolchain/bin" != "/work/build.CoreELEC-Amlogic-no.aarch64-22/toolchain/aarch64-libreelec-linux-gnu/bin"; then \
  rm -f /work/build.CoreELEC-Amlogic-no.aarch64-22/toolchain/aarch64-libreelec-linux-gnu/bin/ld.gold; \
  ln /work/build.CoreELEC-Amlogic-no.aarch64-22/toolchain/bin/${n} /work/build.CoreELEC-Amlogic-no.aarch64-22/toolchain/aarch64-libreelec-linux-gnu/bin/ld.gold >/dev/null 2>/dev/null \
  ||  /usr/bin/install -c ld-new /work/build.CoreELEC-Amlogic-no.aarch64-22/toolchain/aarch64-libreelec-linux-gnu/bin/ld.gold; \
fi; \
if test "x" = "xyes"; then \
  ld=`echo ld | sed 's&^&aarch64-libreelec-linux-gnu-&'`; \
  rm -f /work/build.CoreELEC-Amlogic-no.aarch64-22/toolchain/bin/${ld}; \
  ln /work/build.CoreELEC-Amlogic-no.aarch64-22/toolchain/bin/${n} /work/build.CoreELEC-Amlogic-no.aarch64-22/toolchain/bin/${ld} >/dev/null 2>/dev/null \
  ||  /usr/bin/install -c ld-new /work/build.CoreELEC-Amlogic-no.aarch64-22/toolchain/bin/${ld}; \
  if test "/work/build.CoreELEC-Amlogic-no.aarch64-22/toolchain/bin" != "/work/build.CoreELEC-Amlogic-no.aarch64-22/toolchain/aarch64-libreelec-linux-gnu/bin"; then \
    rm -f /work/build.CoreELEC-Amlogic-no.aarch64-22/toolchain/aarch64-libreelec-linux-gnu/bin/ld; \
    ln /work/build.CoreELEC-Amlogic-no.aarch64-22/toolchain/bin/${n} /work/build.CoreELEC-Amlogic-no.aarch64-22/toolchain/aarch64-libreelec-linux-gnu/bin/ld >/dev/null 2>/dev/null \
    ||  /usr/bin/install -c ld-new /work/build.CoreELEC-Amlogic-no.aarch64-22/toolchain/aarch64-libreelec-linux-gnu/bin/ld; \
  fi; \
fi
make[4]: Nothing to be done for 'install-data-am'.
make[4]: Leaving directory '/work/build.CoreELEC-Amlogic-no.aarch64-22/build/binutils-2.47/.x86_64-linux-gnu/gold'
make[3]: Leaving directory '/work/build.CoreELEC-Amlogic-no.aarch64-22/build/binutils-2.47/.x86_64-linux-gnu/gold'
make[2]: Leaving directory '/work/build.CoreELEC-Amlogic-no.aarch64-22/build/binutils-2.47/.x86_64-linux-gnu/gold'
make[2]: Entering directory '/work/build.CoreELEC-Amlogic-no.aarch64-22/build/binutils-2.47/.x86_64-linux-gnu/gprof'
make  install-recursive
make[3]: Entering directory '/work/build.CoreELEC-Amlogic-no.aarch64-22/build/binutils-2.47/.x86_64-linux-gnu/gprof'
Making install in po
make[4]: Entering directory '/work/build.CoreELEC-Amlogic-no.aarch64-22/build/binutils-2.47/.x86_64-linux-gnu/gprof/po'
make[4]: Nothing to be done for 'install'.
make[4]: Leaving directory '/work/build.CoreELEC-Amlogic-no.aarch64-22/build/binutils-2.47/.x86_64-linux-gnu/gprof/po'
Making install in testsuite
make[4]: Entering directory '/work/build.CoreELEC-Amlogic-no.aarch64-22/build/binutils-2.47/.x86_64-linux-gnu/gprof/testsuite'
make[5]: Entering directory '/work/build.CoreELEC-Amlogic-no.aarch64-22/build/binutils-2.47/.x86_64-linux-gnu/gprof/testsuite'
make[5]: Nothing to be done for 'install-exec-am'.
make[5]: Nothing to be done for 'install-data-am'.
make[5]: Leaving directory '/work/build.CoreELEC-Amlogic-no.aarch64-22/build/binutils-2.47/.x86_64-linux-gnu/gprof/testsuite'
make[4]: Leaving directory '/work/build.CoreELEC-Amlogic-no.aarch64-22/build/binutils-2.47/.x86_64-linux-gnu/gprof/testsuite'
make[4]: Entering directory '/work/build.CoreELEC-Amlogic-no.aarch64-22/build/binutils-2.47/.x86_64-linux-gnu/gprof'
make[5]: Entering directory '/work/build.CoreELEC-Amlogic-no.aarch64-22/build/binutils-2.47/.x86_64-linux-gnu/gprof'
 /usr/bin/mkdir -p '/work/build.CoreELEC-Amlogic-no.aarch64-22/toolchain/bin'
  /bin/dash ./libtool   --mode=install /usr/bin/install -c gprof '/work/build.CoreELEC-Amlogic-no.aarch64-22/toolchain/bin/./aarch64-libreelec-linux-gnu-gprof'
libtool: install: /usr/bin/install -c .libs/gprof /work/build.CoreELEC-Amlogic-no.aarch64-22/toolchain/bin/./aarch64-libreelec-linux-gnu-gprof
 /usr/bin/mkdir -p '/work/build.CoreELEC-Amlogic-no.aarch64-22/toolchain/share/info'
 /usr/bin/install -c -m 644 /work/build.CoreELEC-Amlogic-no.aarch64-22/build/binutils-2.47/gprof/gprof.info '/work/build.CoreELEC-Amlogic-no.aarch64-22/toolchain/share/info'
 /usr/bin/mkdir -p '/work/build.CoreELEC-Amlogic-no.aarch64-22/toolchain/share/man/man1'
 /usr/bin/install -c -m 644 '/work/build.CoreELEC-Amlogic-no.aarch64-22/build/binutils-2.47/gprof/gprof.1' '/work/build.CoreELEC-Amlogic-no.aarch64-22/toolchain/share/man/man1/aarch64-libreelec-linux-gnu-gprof.1'
make[5]: Leaving directory '/work/build.CoreELEC-Amlogic-no.aarch64-22/build/binutils-2.47/.x86_64-linux-gnu/gprof'
make[4]: Leaving directory '/work/build.CoreELEC-Amlogic-no.aarch64-22/build/binutils-2.47/.x86_64-linux-gnu/gprof'
make[3]: Leaving directory '/work/build.CoreELEC-Amlogic-no.aarch64-22/build/binutils-2.47/.x86_64-linux-gnu/gprof'
make[2]: Leaving directory '/work/build.CoreELEC-Amlogic-no.aarch64-22/build/binutils-2.47/.x86_64-linux-gnu/gprof'
make[2]: Entering directory '/work/build.CoreELEC-Amlogic-no.aarch64-22/build/binutils-2.47/.x86_64-linux-gnu/gprofng'
Making install in libcollector
make[3]: Entering directory '/work/build.CoreELEC-Amlogic-no.aarch64-22/build/binutils-2.47/.x86_64-linux-gnu/gprofng/libcollector'
make[4]: Entering directory '/work/build.CoreELEC-Amlogic-no.aarch64-22/build/binutils-2.47/.x86_64-linux-gnu/gprofng/libcollector'
 /usr/bin/mkdir -p '/work/build.CoreELEC-Amlogic-no.aarch64-22/toolchain/lib/gprofng'
 /bin/dash ./libtool   --mode=install /usr/bin/install -c   libgp-collector.la libgp-collectorAPI.la libgp-heap.la libgp-sync.la libgp-iotrace.la '/work/build.CoreELEC-Amlogic-no.aarch64-22/toolchain/lib/gprofng'
libtool: install: /usr/bin/install -c .libs/libgp-collector.so /work/build.CoreELEC-Amlogic-no.aarch64-22/toolchain/lib/gprofng/libgp-collector.so
libtool: install: /usr/bin/install -c .libs/libgp-collector.lai /work/build.CoreELEC-Amlogic-no.aarch64-22/toolchain/lib/gprofng/libgp-collector.la
libtool: install: /usr/bin/install -c .libs/libgp-collectorAPI.so /work/build.CoreELEC-Amlogic-no.aarch64-22/toolchain/lib/gprofng/libgp-collectorAPI.so
libtool: install: /usr/bin/install -c .libs/libgp-collectorAPI.lai /work/build.CoreELEC-Amlogic-no.aarch64-22/toolchain/lib/gprofng/libgp-collectorAPI.la
libtool: install: /usr/bin/install -c .libs/libgp-heap.so /work/build.CoreELEC-Amlogic-no.aarch64-22/toolchain/lib/gprofng/libgp-heap.so
libtool: install: /usr/bin/install -c .libs/libgp-heap.lai /work/build.CoreELEC-Amlogic-no.aarch64-22/toolchain/lib/gprofng/libgp-heap.la
libtool: install: /usr/bin/install -c .libs/libgp-sync.so /work/build.CoreELEC-Amlogic-no.aarch64-22/toolchain/lib/gprofng/libgp-sync.so
libtool: install: /usr/bin/install -c .libs/libgp-sync.lai /work/build.CoreELEC-Amlogic-no.aarch64-22/toolchain/lib/gprofng/libgp-sync.la
libtool: install: /usr/bin/install -c .libs/libgp-iotrace.so /work/build.CoreELEC-Amlogic-no.aarch64-22/toolchain/lib/gprofng/libgp-iotrace.so
libtool: install: /usr/bin/install -c .libs/libgp-iotrace.lai /work/build.CoreELEC-Amlogic-no.aarch64-22/toolchain/lib/gprofng/libgp-iotrace.la
libtool: install: /usr/bin/install -c .libs/libgp-collector.a /work/build.CoreELEC-Amlogic-no.aarch64-22/toolchain/lib/gprofng/libgp-collector.a
libtool: install: chmod 644 /work/build.CoreELEC-Amlogic-no.aarch64-22/toolchain/lib/gprofng/libgp-collector.a
libtool: install: ranlib --plugin /usr/libexec/gcc/x86_64-linux-gnu/14/liblto_plugin.so /work/build.CoreELEC-Amlogic-no.aarch64-22/toolchain/lib/gprofng/libgp-collector.a
libtool: install: /usr/bin/install -c .libs/libgp-collectorAPI.a /work/build.CoreELEC-Amlogic-no.aarch64-22/toolchain/lib/gprofng/libgp-collectorAPI.a
libtool: install: chmod 644 /work/build.CoreELEC-Amlogic-no.aarch64-22/toolchain/lib/gprofng/libgp-collectorAPI.a
libtool: install: ranlib --plugin /usr/libexec/gcc/x86_64-linux-gnu/14/liblto_plugin.so /work/build.CoreELEC-Amlogic-no.aarch64-22/toolchain/lib/gprofng/libgp-collectorAPI.a
libtool: install: /usr/bin/install -c .libs/libgp-heap.a /work/build.CoreELEC-Amlogic-no.aarch64-22/toolchain/lib/gprofng/libgp-heap.a
libtool: install: chmod 644 /work/build.CoreELEC-Amlogic-no.aarch64-22/toolchain/lib/gprofng/libgp-heap.a
libtool: install: ranlib --plugin /usr/libexec/gcc/x86_64-linux-gnu/14/liblto_plugin.so /work/build.CoreELEC-Amlogic-no.aarch64-22/toolchain/lib/gprofng/libgp-heap.a
libtool: install: /usr/bin/install -c .libs/libgp-sync.a /work/build.CoreELEC-Amlogic-no.aarch64-22/toolchain/lib/gprofng/libgp-sync.a
libtool: install: chmod 644 /work/build.CoreELEC-Amlogic-no.aarch64-22/toolchain/lib/gprofng/libgp-sync.a
libtool: install: ranlib --plugin /usr/libexec/gcc/x86_64-linux-gnu/14/liblto_plugin.so /work/build.CoreELEC-Amlogic-no.aarch64-22/toolchain/lib/gprofng/libgp-sync.a
libtool: install: /usr/bin/install -c .libs/libgp-iotrace.a /work/build.CoreELEC-Amlogic-no.aarch64-22/toolchain/lib/gprofng/libgp-iotrace.a
libtool: install: chmod 644 /work/build.CoreELEC-Amlogic-no.aarch64-22/toolchain/lib/gprofng/libgp-iotrace.a
libtool: install: ranlib --plugin /usr/libexec/gcc/x86_64-linux-gnu/14/liblto_plugin.so /work/build.CoreELEC-Amlogic-no.aarch64-22/toolchain/lib/gprofng/libgp-iotrace.a
libtool: finish: PATH="/work/build.CoreELEC-Amlogic-no.aarch64-22/toolchain/bin:/work/build.CoreELEC-Amlogic-no.aarch64-22/toolchain/sbin:/usr/local/bin:/usr/bin:/bin:/usr/local/games:/usr/games:/sbin" ldconfig -n /work/build.CoreELEC-Amlogic-no.aarch64-22/toolchain/lib/gprofng
----------------------------------------------------------------------
Libraries have been installed in:
   /work/build.CoreELEC-Amlogic-no.aarch64-22/toolchain/lib/gprofng

If you ever happen to want to link against installed libraries
in a given directory, LIBDIR, you must either use libtool, and
specify the full pathname of the library, or use the `-LLIBDIR'
flag during linking and do at least one of the following:
   - add LIBDIR to the `LD_LIBRARY_PATH' environment variable
     during execution
   - add LIBDIR to the `LD_RUN_PATH' environment variable
     during linking
   - use the `-Wl,-rpath -Wl,LIBDIR' linker flag
   - have your system administrator add LIBDIR to `/etc/ld.so.conf'

See any operating system documentation about shared libraries for
more information, such as the ld(1) and ld.so(8) manual pages.
----------------------------------------------------------------------
for f in libgp-collector libgp-heap libgp-sync libgp-iotrace ; do \
  rm -f //work/build.CoreELEC-Amlogic-no.aarch64-22/toolchain/lib/gprofng/$f.la //work/build.CoreELEC-Amlogic-no.aarch64-22/toolchain/lib/gprofng/$f.a ; \
done
 /usr/bin/mkdir -p '/work/build.CoreELEC-Amlogic-no.aarch64-22/toolchain/include'
 /usr/bin/install -c -m 644 /work/build.CoreELEC-Amlogic-no.aarch64-22/build/binutils-2.47/gprofng/libcollector/../../include/collectorAPI.h /work/build.CoreELEC-Amlogic-no.aarch64-22/build/binutils-2.47/gprofng/libcollector/../../include/libcollector.h /work/build.CoreELEC-Amlogic-no.aarch64-22/build/binutils-2.47/gprofng/libcollector/../../include/libfcollector.h '/work/build.CoreELEC-Amlogic-no.aarch64-22/toolchain/include'
make[4]: Leaving directory '/work/build.CoreELEC-Amlogic-no.aarch64-22/build/binutils-2.47/.x86_64-linux-gnu/gprofng/libcollector'
make[3]: Leaving directory '/work/build.CoreELEC-Amlogic-no.aarch64-22/build/binutils-2.47/.x86_64-linux-gnu/gprofng/libcollector'
Making install in src
make[3]: Entering directory '/work/build.CoreELEC-Amlogic-no.aarch64-22/build/binutils-2.47/.x86_64-linux-gnu/gprofng/src'
make  install-am
make[4]: Entering directory '/work/build.CoreELEC-Amlogic-no.aarch64-22/build/binutils-2.47/.x86_64-linux-gnu/gprofng/src'
make[5]: Entering directory '/work/build.CoreELEC-Amlogic-no.aarch64-22/build/binutils-2.47/.x86_64-linux-gnu/gprofng/src'
 /usr/bin/mkdir -p '/work/build.CoreELEC-Amlogic-no.aarch64-22/toolchain/lib'
 /bin/dash ../libtool   --mode=install /usr/bin/install -c   libgprofng.la '/work/build.CoreELEC-Amlogic-no.aarch64-22/toolchain/lib'
libtool: install: warning: relinking `libgprofng.la'
libtool: install: (cd /work/build.CoreELEC-Amlogic-no.aarch64-22/build/binutils-2.47/.x86_64-linux-gnu/gprofng/src; /bin/dash /work/build.CoreELEC-Amlogic-no.aarch64-22/build/binutils-2.47/.x86_64-linux-gnu/gprofng/libtool  --tag CXX --mode=relink /work/build.CoreELEC-Amlogic-no.aarch64-22/toolchain/bin/host-g++ -Wall -pthread -Wno-switch -fno-lto -g -O2 -version-info 0:0:0 -o libgprofng.la -rpath /work/build.CoreELEC-Amlogic-no.aarch64-22/toolchain/lib Application.lo BaseMetric.lo BaseMetricTreeNode.lo CallStack.lo CatchOutOfMemory.lo ClassFile.lo Command.lo CompCom.lo DataObject.lo DataSpace.lo Data_window.lo DataStream.lo DbeApplication.lo DbeFile.lo DbeJarFile.lo DbeLock.lo DbeSession.lo DbeThread.lo DbeView.lo DerivedMetrics.lo Disasm.lo Dwarf.lo DwarfLib.lo Elf.lo Emsg.lo Experiment.lo Exp_Layout.lo ExpGroup.lo Expression.lo FileData.lo Filter.lo FilterSet.lo Function.lo HeapMap.lo HeapData.lo HeapActivity.lo Hist_data.lo IndexObject.lo IOActivity.lo LoadObject.lo MachineModel.lo MemObject.lo MemorySpace.lo Metric.lo MetricList.lo Module.lo Ovw_data.lo PRBTree.lo PathTree.lo PreviewExp.lo Print.lo SAXParserFactory.lo Sample.lo Settings.lo SourceFile.lo Stabs.lo Stats_data.lo StringBuilder.lo Symbol.lo Table.lo QLParser.tab.lo dbe_collctrl.lo i18n.lo parse.lo UserLabel.lo util.lo Dbe.lo gmon_io.lo gmon_basic_blocks.lo gmon_call_graph.lo gmon_hist.lo gmon_symtab.lo gmon_cg_arcs.lo gmon_corefile.lo libgprofng_la-dbe_hwcdrv.lo libgprofng_la-dbe_hwcfuncs.lo libgprofng_la-dbe_hwctable.lo libgprofng_la-gethrtime.lo ../../opcodes/libopcodes.la ../../bfd/libbfd.la -L../../libiberty/pic -liberty -lpthread -ldl )
libtool: relink: /work/build.CoreELEC-Amlogic-no.aarch64-22/toolchain/bin/host-g++  -fPIC -DPIC -shared -nostdlib /usr/lib/gcc/x86_64-linux-gnu/14/../../../x86_64-linux-gnu/crti.o /usr/lib/gcc/x86_64-linux-gnu/14/crtbeginS.o  .libs/Application.o .libs/BaseMetric.o .libs/BaseMetricTreeNode.o .libs/CallStack.o .libs/CatchOutOfMemory.o .libs/ClassFile.o .libs/Command.o .libs/CompCom.o .libs/DataObject.o .libs/DataSpace.o .libs/Data_window.o .libs/DataStream.o .libs/DbeApplication.o .libs/DbeFile.o .libs/DbeJarFile.o .libs/DbeLock.o .libs/DbeSession.o .libs/DbeThread.o .libs/DbeView.o .libs/DerivedMetrics.o .libs/Disasm.o .libs/Dwarf.o .libs/DwarfLib.o .libs/Elf.o .libs/Emsg.o .libs/Experiment.o .libs/Exp_Layout.o .libs/ExpGroup.o .libs/Expression.o .libs/FileData.o .libs/Filter.o .libs/FilterSet.o .libs/Function.o .libs/HeapMap.o .libs/HeapData.o .libs/HeapActivity.o .libs/Hist_data.o .libs/IndexObject.o .libs/IOActivity.o .libs/LoadObject.o .libs/MachineModel.o .libs/MemObject.o .libs/MemorySpace.o .libs/Metric.o .libs/MetricList.o .libs/Module.o .libs/Ovw_data.o .libs/PRBTree.o .libs/PathTree.o .libs/PreviewExp.o .libs/Print.o .libs/SAXParserFactory.o .libs/Sample.o .libs/Settings.o .libs/SourceFile.o .libs/Stabs.o .libs/Stats_data.o .libs/StringBuilder.o .libs/Symbol.o .libs/Table.o .libs/QLParser.tab.o .libs/dbe_collctrl.o .libs/i18n.o .libs/parse.o .libs/UserLabel.o .libs/util.o .libs/Dbe.o .libs/gmon_io.o .libs/gmon_basic_blocks.o .libs/gmon_call_graph.o .libs/gmon_hist.o .libs/gmon_symtab.o .libs/gmon_cg_arcs.o .libs/gmon_corefile.o .libs/libgprofng_la-dbe_hwcdrv.o .libs/libgprofng_la-dbe_hwcfuncs.o .libs/libgprofng_la-dbe_hwctable.o .libs/libgprofng_la-gethrtime.o   -Wl,-rpath -Wl,/work/build.CoreELEC-Amlogic-no.aarch64-22/toolchain/x86_64-linux-gnu/aarch64-libreelec-linux-gnu/lib -Wl,-rpath -Wl,/work/build.CoreELEC-Amlogic-no.aarch64-22/toolchain/lib -L/work/build.CoreELEC-Amlogic-no.aarch64-22/build/binutils-2.47/.x86_64-linux-gnu/bfd/.libs -L/work/build.CoreELEC-Amlogic-no.aarch64-22/build/binutils-2.47/.x86_64-linux-gnu/libsframe/.libs -L/work/build.CoreELEC-Amlogic-no.aarch64-22/toolchain/x86_64-linux-gnu/aarch64-libreelec-linux-gnu/lib -lopcodes -L/work/build.CoreELEC-Amlogic-no.aarch64-22/build/binutils-2.47/.x86_64-linux-gnu/bfd/../libiberty/pic -L/work/build.CoreELEC-Amlogic-no.aarch64-22/build/binutils-2.47/.x86_64-linux-gnu/zlib -L/work/build.CoreELEC-Amlogic-no.aarch64-22/toolchain/lib -L/work/build.CoreELEC-Amlogic-no.aarch64-22/build/binutils-2.47/.x86_64-linux-gnu/opcodes/../libiberty/pic -lbfd -lz -lzstd -lsframe -L/work/build.CoreELEC-Amlogic-no.aarch64-22/build/binutils-2.47/.x86_64-linux-gnu/libiberty/pic -liberty -lpthread -ldl -L/usr/lib/gcc/x86_64-linux-gnu/14 -L/usr/lib/gcc/x86_64-linux-gnu/14/../../../x86_64-linux-gnu -L/usr/lib/gcc/x86_64-linux-gnu/14/../../../../lib -L/lib/x86_64-linux-gnu -L/lib/../lib -L/usr/lib/x86_64-linux-gnu -L/usr/lib/../lib -L/usr/lib/gcc/x86_64-linux-gnu/14/../../.. -lstdc++ -lm -lc -lgcc_s /usr/lib/gcc/x86_64-linux-gnu/14/crtendS.o /usr/lib/gcc/x86_64-linux-gnu/14/../../../x86_64-linux-gnu/crtn.o  -pthread -g -O2   -pthread -Wl,-soname -Wl,libgprofng.so.0 -o .libs/libgprofng.so.0.0.0
libtool: install: /usr/bin/install -c .libs/libgprofng.so.0.0.0T /work/build.CoreELEC-Amlogic-no.aarch64-22/toolchain/lib/libgprofng.so.0.0.0
libtool: install: (cd /work/build.CoreELEC-Amlogic-no.aarch64-22/toolchain/lib && { ln -s -f libgprofng.so.0.0.0 libgprofng.so.0 || { rm -f libgprofng.so.0 && ln -s libgprofng.so.0.0.0 libgprofng.so.0; }; })
libtool: install: (cd /work/build.CoreELEC-Amlogic-no.aarch64-22/toolchain/lib && { ln -s -f libgprofng.so.0.0.0 libgprofng.so || { rm -f libgprofng.so && ln -s libgprofng.so.0.0.0 libgprofng.so; }; })
libtool: install: /usr/bin/install -c .libs/libgprofng.lai /work/build.CoreELEC-Amlogic-no.aarch64-22/toolchain/lib/libgprofng.la
libtool: install: /usr/bin/install -c .libs/libgprofng.a /work/build.CoreELEC-Amlogic-no.aarch64-22/toolchain/lib/libgprofng.a
libtool: install: chmod 644 /work/build.CoreELEC-Amlogic-no.aarch64-22/toolchain/lib/libgprofng.a
libtool: install: ranlib --plugin /usr/libexec/gcc/x86_64-linux-gnu/14/liblto_plugin.so /work/build.CoreELEC-Amlogic-no.aarch64-22/toolchain/lib/libgprofng.a
libtool: finish: PATH="/work/build.CoreELEC-Amlogic-no.aarch64-22/toolchain/bin:/work/build.CoreELEC-Amlogic-no.aarch64-22/toolchain/sbin:/usr/local/bin:/usr/bin:/bin:/usr/local/games:/usr/games:/sbin" ldconfig -n /work/build.CoreELEC-Amlogic-no.aarch64-22/toolchain/lib
----------------------------------------------------------------------
Libraries have been installed in:
   /work/build.CoreELEC-Amlogic-no.aarch64-22/toolchain/lib

If you ever happen to want to link against installed libraries
in a given directory, LIBDIR, you must either use libtool, and
specify the full pathname of the library, or use the `-LLIBDIR'
flag during linking and do at least one of the following:
   - add LIBDIR to the `LD_LIBRARY_PATH' environment variable
     during execution
   - add LIBDIR to the `LD_RUN_PATH' environment variable
     during linking
   - use the `-Wl,-rpath -Wl,LIBDIR' linker flag
   - have your system administrator add LIBDIR to `/etc/ld.so.conf'

See any operating system documentation about shared libraries for
more information, such as the ld(1) and ld.so(8) manual pages.
----------------------------------------------------------------------
 /usr/bin/mkdir -p '/work/build.CoreELEC-Amlogic-no.aarch64-22/toolchain/bin'
  /bin/dash ../libtool   --mode=install /usr/bin/install -c gprofng-archive '/work/build.CoreELEC-Amlogic-no.aarch64-22/toolchain/bin/./aarch64-libreelec-linux-gnu-gprofng-archive'
libtool: install: /usr/bin/install -c .libs/gprofng-archive /work/build.CoreELEC-Amlogic-no.aarch64-22/toolchain/bin/./aarch64-libreelec-linux-gnu-gprofng-archive
  /bin/dash ../libtool   --mode=install /usr/bin/install -c gprofng-collect-app '/work/build.CoreELEC-Amlogic-no.aarch64-22/toolchain/bin/./aarch64-libreelec-linux-gnu-gprofng-collect-app'
libtool: install: /usr/bin/install -c .libs/gprofng-collect-app /work/build.CoreELEC-Amlogic-no.aarch64-22/toolchain/bin/./aarch64-libreelec-linux-gnu-gprofng-collect-app
  /bin/dash ../libtool   --mode=install /usr/bin/install -c gprofng '/work/build.CoreELEC-Amlogic-no.aarch64-22/toolchain/bin/./aarch64-libreelec-linux-gnu-gprofng'
libtool: install: /usr/bin/install -c .libs/gprofng /work/build.CoreELEC-Amlogic-no.aarch64-22/toolchain/bin/./aarch64-libreelec-linux-gnu-gprofng
  /bin/dash ../libtool   --mode=install /usr/bin/install -c gprofng-display-text '/work/build.CoreELEC-Amlogic-no.aarch64-22/toolchain/bin/./aarch64-libreelec-linux-gnu-gprofng-display-text'
libtool: install: /usr/bin/install -c .libs/gprofng-display-text /work/build.CoreELEC-Amlogic-no.aarch64-22/toolchain/bin/./aarch64-libreelec-linux-gnu-gprofng-display-text
  /bin/dash ../libtool   --mode=install /usr/bin/install -c gprofng-display-src '/work/build.CoreELEC-Amlogic-no.aarch64-22/toolchain/bin/./aarch64-libreelec-linux-gnu-gprofng-display-src'
libtool: install: /usr/bin/install -c .libs/gprofng-display-src /work/build.CoreELEC-Amlogic-no.aarch64-22/toolchain/bin/./aarch64-libreelec-linux-gnu-gprofng-display-src
  /bin/dash ../libtool   --mode=install /usr/bin/install -c gprofng-gmon '/work/build.CoreELEC-Amlogic-no.aarch64-22/toolchain/bin/./aarch64-libreelec-linux-gnu-gprofng-gmon'
libtool: install: /usr/bin/install -c .libs/gprofng-gmon /work/build.CoreELEC-Amlogic-no.aarch64-22/toolchain/bin/./aarch64-libreelec-linux-gnu-gprofng-gmon
/bin/dash /work/build.CoreELEC-Amlogic-no.aarch64-22/build/binutils-2.47/gprofng/../mkinstalldirs /work/build.CoreELEC-Amlogic-no.aarch64-22/toolchain/bin
for i in gp-{archive,collect-app,display-html,display-src,display-text}; do \
	oldname=`echo $i | sed 's&^&aarch64-libreelec-linux-gnu-&'`; \
	rm -f /work/build.CoreELEC-Amlogic-no.aarch64-22/toolchain/bin/$oldname ; \
	ln -s `echo $oldname | sed 's&gp-&gprofng-&'` /work/build.CoreELEC-Amlogic-no.aarch64-22/toolchain/bin/$oldname; \
done
 /usr/bin/mkdir -p '/work/build.CoreELEC-Amlogic-no.aarch64-22/toolchain/etc'
 /usr/bin/install -c -m 644 /work/build.CoreELEC-Amlogic-no.aarch64-22/build/binutils-2.47/gprofng/src/gprofng.rc '/work/build.CoreELEC-Amlogic-no.aarch64-22/toolchain/etc'
make[5]: Leaving directory '/work/build.CoreELEC-Amlogic-no.aarch64-22/build/binutils-2.47/.x86_64-linux-gnu/gprofng/src'
make[4]: Leaving directory '/work/build.CoreELEC-Amlogic-no.aarch64-22/build/binutils-2.47/.x86_64-linux-gnu/gprofng/src'
make[3]: Leaving directory '/work/build.CoreELEC-Amlogic-no.aarch64-22/build/binutils-2.47/.x86_64-linux-gnu/gprofng/src'
Making install in gp-display-html
make[3]: Entering directory '/work/build.CoreELEC-Amlogic-no.aarch64-22/build/binutils-2.47/.x86_64-linux-gnu/gprofng/gp-display-html'
make[4]: Entering directory '/work/build.CoreELEC-Amlogic-no.aarch64-22/build/binutils-2.47/.x86_64-linux-gnu/gprofng/gp-display-html'
 /usr/bin/mkdir -p '/work/build.CoreELEC-Amlogic-no.aarch64-22/toolchain/bin'
 /usr/bin/install -c gprofng-display-html '/work/build.CoreELEC-Amlogic-no.aarch64-22/toolchain/bin/./aarch64-libreelec-linux-gnu-gprofng-display-html'
make[4]: Nothing to be done for 'install-data-am'.
make[4]: Leaving directory '/work/build.CoreELEC-Amlogic-no.aarch64-22/build/binutils-2.47/.x86_64-linux-gnu/gprofng/gp-display-html'
make[3]: Leaving directory '/work/build.CoreELEC-Amlogic-no.aarch64-22/build/binutils-2.47/.x86_64-linux-gnu/gprofng/gp-display-html'
Making install in doc
make[3]: Entering directory '/work/build.CoreELEC-Amlogic-no.aarch64-22/build/binutils-2.47/.x86_64-linux-gnu/gprofng/doc'
restore=: && backupdir=".am$$" && \
rm -rf $backupdir && mkdir $backupdir && \
if (true --split-size=5000000 --split-size=5000000 --version) >/dev/null 2>&1; then \
  for f in gprofng.info gprofng.info-[0-9] gprofng.info-[0-9][0-9] gprofng.i[0-9] gprofng.i[0-9][0-9]; do \
    if test -f $f; then mv $f $backupdir; restore=mv; else :; fi; \
  done; \
else :; fi && \
if true --split-size=5000000 --split-size=5000000   -I /work/build.CoreELEC-Amlogic-no.aarch64-22/build/binutils-2.47/gprofng/doc \
 -o gprofng.info `test -f 'gprofng_ug.texi' || echo '/work/build.CoreELEC-Amlogic-no.aarch64-22/build/binutils-2.47/gprofng/doc/'`gprofng_ug.texi; \
then \
  rc=0; \
else \
  rc=$?; \
  $restore $backupdir/* `echo "./gprofng.info" | sed 's|[^/]*$||'`; \
fi; \
rm -rf $backupdir; exit $rc
make[4]: Entering directory '/work/build.CoreELEC-Amlogic-no.aarch64-22/build/binutils-2.47/.x86_64-linux-gnu/gprofng/doc'
make[4]: Nothing to be done for 'install-exec-am'.
( tar czf examples.tar.gz /work/build.CoreELEC-Amlogic-no.aarch64-22/build/binutils-2.47/gprofng/doc/../examples )
tar: Removing leading `/work/build.CoreELEC-Amlogic-no.aarch64-22/build/binutils-2.47/gprofng/doc/../' from member names
/bin/dash /work/build.CoreELEC-Amlogic-no.aarch64-22/build/binutils-2.47/gprofng/../mkinstalldirs /work/build.CoreELEC-Amlogic-no.aarch64-22/toolchain/share/doc//gprofng
mkdir -p -- /work/build.CoreELEC-Amlogic-no.aarch64-22/toolchain/share/doc//gprofng
/usr/bin/install -c -m 644 examples.tar.gz /work/build.CoreELEC-Amlogic-no.aarch64-22/toolchain/share/doc//gprofng
restore=: && backupdir=".am$$" && \
rm -rf $backupdir && mkdir $backupdir && \
if (true --split-size=5000000 --split-size=5000000 --version) >/dev/null 2>&1; then \
  for f in gprofng.info gprofng.info-[0-9] gprofng.info-[0-9][0-9] gprofng.i[0-9] gprofng.i[0-9][0-9]; do \
    if test -f $f; then mv $f $backupdir; restore=mv; else :; fi; \
  done; \
else :; fi && \
if true --split-size=5000000 --split-size=5000000   -I /work/build.CoreELEC-Amlogic-no.aarch64-22/build/binutils-2.47/gprofng/doc \
 -o gprofng.info `test -f 'gprofng_ug.texi' || echo '/work/build.CoreELEC-Amlogic-no.aarch64-22/build/binutils-2.47/gprofng/doc/'`gprofng_ug.texi; \
then \
  rc=0; \
else \
  rc=$?; \
  $restore $backupdir/* `echo "./gprofng.info" | sed 's|[^/]*$||'`; \
fi; \
rm -rf $backupdir; exit $rc
 /usr/bin/mkdir -p '/work/build.CoreELEC-Amlogic-no.aarch64-22/toolchain/share/info'
 /usr/bin/mkdir -p '/work/build.CoreELEC-Amlogic-no.aarch64-22/toolchain/share/man/man1'
 /usr/bin/install -c -m 644 '/work/build.CoreELEC-Amlogic-no.aarch64-22/build/binutils-2.47/gprofng/doc/gprofng.1' '/work/build.CoreELEC-Amlogic-no.aarch64-22/toolchain/share/man/man1/aarch64-libreelec-linux-gnu-gprofng.1'
 /usr/bin/install -c -m 644 '/work/build.CoreELEC-Amlogic-no.aarch64-22/build/binutils-2.47/gprofng/doc/gprofng-archive.1' '/work/build.CoreELEC-Amlogic-no.aarch64-22/toolchain/share/man/man1/aarch64-libreelec-linux-gnu-gprofng-archive.1'
 /usr/bin/install -c -m 644 '/work/build.CoreELEC-Amlogic-no.aarch64-22/build/binutils-2.47/gprofng/doc/gprofng-collect-app.1' '/work/build.CoreELEC-Amlogic-no.aarch64-22/toolchain/share/man/man1/aarch64-libreelec-linux-gnu-gprofng-collect-app.1'
 /usr/bin/install -c -m 644 '/work/build.CoreELEC-Amlogic-no.aarch64-22/build/binutils-2.47/gprofng/doc/gprofng-display-html.1' '/work/build.CoreELEC-Amlogic-no.aarch64-22/toolchain/share/man/man1/aarch64-libreelec-linux-gnu-gprofng-display-html.1'
 /usr/bin/install -c -m 644 '/work/build.CoreELEC-Amlogic-no.aarch64-22/build/binutils-2.47/gprofng/doc/gprofng-display-src.1' '/work/build.CoreELEC-Amlogic-no.aarch64-22/toolchain/share/man/man1/aarch64-libreelec-linux-gnu-gprofng-display-src.1'
 /usr/bin/install -c -m 644 '/work/build.CoreELEC-Amlogic-no.aarch64-22/build/binutils-2.47/gprofng/doc/gprofng-display-text.1' '/work/build.CoreELEC-Amlogic-no.aarch64-22/toolchain/share/man/man1/aarch64-libreelec-linux-gnu-gprofng-display-text.1'
 /usr/bin/install -c -m 644 '/work/build.CoreELEC-Amlogic-no.aarch64-22/build/binutils-2.47/gprofng/doc/gprofng-display-gmon.1' '/work/build.CoreELEC-Amlogic-no.aarch64-22/toolchain/share/man/man1/aarch64-libreelec-linux-gnu-gprofng-display-gmon.1'
make[4]: Leaving directory '/work/build.CoreELEC-Amlogic-no.aarch64-22/build/binutils-2.47/.x86_64-linux-gnu/gprofng/doc'
make[3]: Leaving directory '/work/build.CoreELEC-Amlogic-no.aarch64-22/build/binutils-2.47/.x86_64-linux-gnu/gprofng/doc'
make[3]: Entering directory '/work/build.CoreELEC-Amlogic-no.aarch64-22/build/binutils-2.47/.x86_64-linux-gnu/gprofng'
make[4]: Entering directory '/work/build.CoreELEC-Amlogic-no.aarch64-22/build/binutils-2.47/.x86_64-linux-gnu/gprofng'
make[4]: Nothing to be done for 'install-exec-am'.
make[4]: Nothing to be done for 'install-data-am'.
make[4]: Leaving directory '/work/build.CoreELEC-Amlogic-no.aarch64-22/build/binutils-2.47/.x86_64-linux-gnu/gprofng'
make[3]: Leaving directory '/work/build.CoreELEC-Amlogic-no.aarch64-22/build/binutils-2.47/.x86_64-linux-gnu/gprofng'
make[2]: Leaving directory '/work/build.CoreELEC-Amlogic-no.aarch64-22/build/binutils-2.47/.x86_64-linux-gnu/gprofng'
make[2]: Entering directory '/work/build.CoreELEC-Amlogic-no.aarch64-22/build/binutils-2.47/.x86_64-linux-gnu/libctf'
make[3]: Entering directory '/work/build.CoreELEC-Amlogic-no.aarch64-22/build/binutils-2.47/.x86_64-linux-gnu/libctf'
make[4]: Entering directory '/work/build.CoreELEC-Amlogic-no.aarch64-22/build/binutils-2.47/.x86_64-linux-gnu/libctf'
 /usr/bin/mkdir -p '/work/build.CoreELEC-Amlogic-no.aarch64-22/toolchain/lib'
 /bin/dash ./libtool   --mode=install /usr/bin/install -c   libctf.la libctf-nobfd.la '/work/build.CoreELEC-Amlogic-no.aarch64-22/toolchain/lib'
libtool: install: warning: relinking `libctf.la'
libtool: install: (cd /work/build.CoreELEC-Amlogic-no.aarch64-22/build/binutils-2.47/.x86_64-linux-gnu/libctf; /bin/dash /work/build.CoreELEC-Amlogic-no.aarch64-22/build/binutils-2.47/.x86_64-linux-gnu/libctf/libtool  --silent --tag CC --mode=relink /work/build.CoreELEC-Amlogic-no.aarch64-22/toolchain/bin/host-gcc -std=gnu99 -Wall -W -Wall -Wno-narrowing -Wwrite-strings -Wmissing-format-attribute -Wstrict-prototypes -Wmissing-prototypes -Wold-style-definition -pedantic -Wno-long-long -I/work/build.CoreELEC-Amlogic-no.aarch64-22/build/binutils-2.47/libctf/../zlib -g -O2 -version-info 0:0:0 -Wl,--version-script=/work/build.CoreELEC-Amlogic-no.aarch64-22/build/binutils-2.47/libctf/libctf.ver -o libctf.la -rpath /work/build.CoreELEC-Amlogic-no.aarch64-22/toolchain/lib libctf_la-ctf-archive.lo libctf_la-ctf-dump.lo libctf_la-ctf-create.lo libctf_la-ctf-decl.lo libctf_la-ctf-error.lo libctf_la-ctf-hash.lo libctf_la-ctf-labels.lo libctf_la-ctf-dedup.lo libctf_la-ctf-link.lo libctf_la-ctf-lookup.lo libctf_la-ctf-open.lo libctf_la-ctf-serialize.lo libctf_la-ctf-sha1.lo libctf_la-ctf-string.lo libctf_la-ctf-subr.lo libctf_la-ctf-types.lo libctf_la-ctf-util.lo libctf_la-ctf-open-bfd.lo -L/work/build.CoreELEC-Amlogic-no.aarch64-22/build/binutils-2.47/.x86_64-linux-gnu/libctf/../libiberty/pic -liberty ../bfd/libbfd.la -L/work/build.CoreELEC-Amlogic-no.aarch64-22/build/binutils-2.47/.x86_64-linux-gnu/libctf/../libiberty/pic -liberty -L./../zlib -lz )
libtool: install: /usr/bin/install -c .libs/libctf.so.0.0.0T /work/build.CoreELEC-Amlogic-no.aarch64-22/toolchain/lib/libctf.so.0.0.0
libtool: install: (cd /work/build.CoreELEC-Amlogic-no.aarch64-22/toolchain/lib && { ln -s -f libctf.so.0.0.0 libctf.so.0 || { rm -f libctf.so.0 && ln -s libctf.so.0.0.0 libctf.so.0; }; })
libtool: install: (cd /work/build.CoreELEC-Amlogic-no.aarch64-22/toolchain/lib && { ln -s -f libctf.so.0.0.0 libctf.so || { rm -f libctf.so && ln -s libctf.so.0.0.0 libctf.so; }; })
libtool: install: /usr/bin/install -c .libs/libctf.lai /work/build.CoreELEC-Amlogic-no.aarch64-22/toolchain/lib/libctf.la
libtool: install: /usr/bin/install -c .libs/libctf-nobfd.so.0.0.0 /work/build.CoreELEC-Amlogic-no.aarch64-22/toolchain/lib/libctf-nobfd.so.0.0.0
libtool: install: (cd /work/build.CoreELEC-Amlogic-no.aarch64-22/toolchain/lib && { ln -s -f libctf-nobfd.so.0.0.0 libctf-nobfd.so.0 || { rm -f libctf-nobfd.so.0 && ln -s libctf-nobfd.so.0.0.0 libctf-nobfd.so.0; }; })
libtool: install: (cd /work/build.CoreELEC-Amlogic-no.aarch64-22/toolchain/lib && { ln -s -f libctf-nobfd.so.0.0.0 libctf-nobfd.so || { rm -f libctf-nobfd.so && ln -s libctf-nobfd.so.0.0.0 libctf-nobfd.so; }; })
libtool: install: /usr/bin/install -c .libs/libctf-nobfd.lai /work/build.CoreELEC-Amlogic-no.aarch64-22/toolchain/lib/libctf-nobfd.la
libtool: install: /usr/bin/install -c .libs/libctf.a /work/build.CoreELEC-Amlogic-no.aarch64-22/toolchain/lib/libctf.a
libtool: install: chmod 644 /work/build.CoreELEC-Amlogic-no.aarch64-22/toolchain/lib/libctf.a
libtool: install: ranlib --plugin /usr/libexec/gcc/x86_64-linux-gnu/14/liblto_plugin.so /work/build.CoreELEC-Amlogic-no.aarch64-22/toolchain/lib/libctf.a
libtool: install: /usr/bin/install -c .libs/libctf-nobfd.a /work/build.CoreELEC-Amlogic-no.aarch64-22/toolchain/lib/libctf-nobfd.a
libtool: install: chmod 644 /work/build.CoreELEC-Amlogic-no.aarch64-22/toolchain/lib/libctf-nobfd.a
libtool: install: ranlib --plugin /usr/libexec/gcc/x86_64-linux-gnu/14/liblto_plugin.so /work/build.CoreELEC-Amlogic-no.aarch64-22/toolchain/lib/libctf-nobfd.a
libtool: finish: PATH="/work/build.CoreELEC-Amlogic-no.aarch64-22/toolchain/bin:/work/build.CoreELEC-Amlogic-no.aarch64-22/toolchain/sbin:/usr/local/bin:/usr/bin:/bin:/usr/local/games:/usr/games:/sbin" ldconfig -n /work/build.CoreELEC-Amlogic-no.aarch64-22/toolchain/lib
----------------------------------------------------------------------
Libraries have been installed in:
   /work/build.CoreELEC-Amlogic-no.aarch64-22/toolchain/lib

If you ever happen to want to link against installed libraries
in a given directory, LIBDIR, you must either use libtool, and
specify the full pathname of the library, or use the `-LLIBDIR'
flag during linking and do at least one of the following:
   - add LIBDIR to the `LD_LIBRARY_PATH' environment variable
     during execution
   - add LIBDIR to the `LD_RUN_PATH' environment variable
     during linking
   - use the `-Wl,-rpath -Wl,LIBDIR' linker flag
   - have your system administrator add LIBDIR to `/etc/ld.so.conf'

See any operating system documentation about shared libraries for
more information, such as the ld(1) and ld.so(8) manual pages.
----------------------------------------------------------------------
 /usr/bin/mkdir -p '/work/build.CoreELEC-Amlogic-no.aarch64-22/toolchain/include'
 /usr/bin/install -c -m 644 /work/build.CoreELEC-Amlogic-no.aarch64-22/build/binutils-2.47/libctf/../include/ctf.h /work/build.CoreELEC-Amlogic-no.aarch64-22/build/binutils-2.47/libctf/../include/ctf-api.h '/work/build.CoreELEC-Amlogic-no.aarch64-22/toolchain/include'
 /usr/bin/mkdir -p '/work/build.CoreELEC-Amlogic-no.aarch64-22/toolchain/share/info'
 /usr/bin/install -c -m 644 /work/build.CoreELEC-Amlogic-no.aarch64-22/build/binutils-2.47/libctf/doc/ctf-spec.info '/work/build.CoreELEC-Amlogic-no.aarch64-22/toolchain/share/info'
make[4]: Leaving directory '/work/build.CoreELEC-Amlogic-no.aarch64-22/build/binutils-2.47/.x86_64-linux-gnu/libctf'
make[3]: Leaving directory '/work/build.CoreELEC-Amlogic-no.aarch64-22/build/binutils-2.47/.x86_64-linux-gnu/libctf'
make[2]: Leaving directory '/work/build.CoreELEC-Amlogic-no.aarch64-22/build/binutils-2.47/.x86_64-linux-gnu/libctf'
make[2]: Entering directory '/work/build.CoreELEC-Amlogic-no.aarch64-22/build/binutils-2.47/.x86_64-linux-gnu/ld'
make  install-recursive
make[3]: Entering directory '/work/build.CoreELEC-Amlogic-no.aarch64-22/build/binutils-2.47/.x86_64-linux-gnu/ld'
Making install in po
make[4]: Entering directory '/work/build.CoreELEC-Amlogic-no.aarch64-22/build/binutils-2.47/.x86_64-linux-gnu/ld/po'
make[4]: Nothing to be done for 'install'.
make[4]: Leaving directory '/work/build.CoreELEC-Amlogic-no.aarch64-22/build/binutils-2.47/.x86_64-linux-gnu/ld/po'
make[4]: Entering directory '/work/build.CoreELEC-Amlogic-no.aarch64-22/build/binutils-2.47/.x86_64-linux-gnu/ld'
make[5]: Entering directory '/work/build.CoreELEC-Amlogic-no.aarch64-22/build/binutils-2.47/.x86_64-linux-gnu/ld'
 /usr/bin/mkdir -p '/work/build.CoreELEC-Amlogic-no.aarch64-22/toolchain/bin'
  /bin/dash ./libtool   --mode=install /usr/bin/install -c ld-new '/work/build.CoreELEC-Amlogic-no.aarch64-22/toolchain/bin/./aarch64-libreelec-linux-gnu-ld.bfd'
libtool: install: /usr/bin/install -c .libs/ld-new /work/build.CoreELEC-Amlogic-no.aarch64-22/toolchain/bin/./aarch64-libreelec-linux-gnu-ld.bfd
/bin/dash /work/build.CoreELEC-Amlogic-no.aarch64-22/build/binutils-2.47/ld/../mkinstalldirs /work/build.CoreELEC-Amlogic-no.aarch64-22/toolchain/aarch64-libreelec-linux-gnu/bin
n=`echo ld.bfd | sed 's/^ld-new$/ld.bfd/;s&^&aarch64-libreelec-linux-gnu-&'`; \
if test "/work/build.CoreELEC-Amlogic-no.aarch64-22/toolchain/bin" != "/work/build.CoreELEC-Amlogic-no.aarch64-22/toolchain/aarch64-libreelec-linux-gnu/bin"; then \
  rm -f /work/build.CoreELEC-Amlogic-no.aarch64-22/toolchain/aarch64-libreelec-linux-gnu/bin/ld.bfd; \
  ln /work/build.CoreELEC-Amlogic-no.aarch64-22/toolchain/bin/$n /work/build.CoreELEC-Amlogic-no.aarch64-22/toolchain/aarch64-libreelec-linux-gnu/bin/ld.bfd >/dev/null 2>/dev/null \
  ||  /bin/dash ./libtool --mode=install /usr/bin/install -c ld-new /work/build.CoreELEC-Amlogic-no.aarch64-22/toolchain/aarch64-libreelec-linux-gnu/bin/ld.bfd; \
fi; \
if test "xyes" = "xyes"; then \
  ld=`echo ld | sed 's/^ld-new$/ld.bfd/;s&^&aarch64-libreelec-linux-gnu-&'`; \
  rm -f /work/build.CoreELEC-Amlogic-no.aarch64-22/toolchain/bin/$ld; \
  ln /work/build.CoreELEC-Amlogic-no.aarch64-22/toolchain/bin/$n /work/build.CoreELEC-Amlogic-no.aarch64-22/toolchain/bin/$ld >/dev/null 2>/dev/null \
  ||  /bin/dash ./libtool --mode=install /usr/bin/install -c ld-new /work/build.CoreELEC-Amlogic-no.aarch64-22/toolchain/bin/$ld; \
  if test "/work/build.CoreELEC-Amlogic-no.aarch64-22/toolchain/bin" != "/work/build.CoreELEC-Amlogic-no.aarch64-22/toolchain/aarch64-libreelec-linux-gnu/bin"; then \
    rm -f /work/build.CoreELEC-Amlogic-no.aarch64-22/toolchain/aarch64-libreelec-linux-gnu/bin/ld; \
    ln /work/build.CoreELEC-Amlogic-no.aarch64-22/toolchain/bin/$n /work/build.CoreELEC-Amlogic-no.aarch64-22/toolchain/aarch64-libreelec-linux-gnu/bin/ld >/dev/null 2>/dev/null \
    ||  /bin/dash ./libtool --mode=install /usr/bin/install -c ld-new /work/build.CoreELEC-Amlogic-no.aarch64-22/toolchain/aarch64-libreelec-linux-gnu/bin/ld; \
  fi; \
fi
 /usr/bin/mkdir -p '/work/build.CoreELEC-Amlogic-no.aarch64-22/toolchain/lib/bfd-plugins'
 /bin/dash ./libtool   --mode=install /usr/bin/install -c   libdep.la '/work/build.CoreELEC-Amlogic-no.aarch64-22/toolchain/lib/bfd-plugins'
libtool: install: /usr/bin/install -c .libs/libdep.so /work/build.CoreELEC-Amlogic-no.aarch64-22/toolchain/lib/bfd-plugins/libdep.so
libtool: install: /usr/bin/install -c .libs/libdep.lai /work/build.CoreELEC-Amlogic-no.aarch64-22/toolchain/lib/bfd-plugins/libdep.la
libtool: install: warning: remember to run `libtool --finish /nowhere'
/bin/dash /work/build.CoreELEC-Amlogic-no.aarch64-22/build/binutils-2.47/ld/../mkinstalldirs /work/build.CoreELEC-Amlogic-no.aarch64-22/toolchain/aarch64-libreelec-linux-gnu/lib/ldscripts
mkdir -p -- /work/build.CoreELEC-Amlogic-no.aarch64-22/toolchain/aarch64-libreelec-linux-gnu/lib/ldscripts
for f in ldscripts/* ; do \
  case $f in \
    stamp) ;; \
    *) /usr/bin/install -c -m 644 $f /work/build.CoreELEC-Amlogic-no.aarch64-22/toolchain/aarch64-libreelec-linux-gnu/lib/$f ; \
  esac \
done
rm -f /work/build.CoreELEC-Amlogic-no.aarch64-22/toolchain/lib/bfd-plugins/libdep.la
rm -f /work/build.CoreELEC-Amlogic-no.aarch64-22/toolchain/lib/bfd-plugins/libdep.dll.a
 /usr/bin/mkdir -p '/work/build.CoreELEC-Amlogic-no.aarch64-22/toolchain/share/info'
 /usr/bin/install -c -m 644 /work/build.CoreELEC-Amlogic-no.aarch64-22/build/binutils-2.47/ld/ld.info /work/build.CoreELEC-Amlogic-no.aarch64-22/build/binutils-2.47/ld/ldint.info '/work/build.CoreELEC-Amlogic-no.aarch64-22/toolchain/share/info'
 /usr/bin/mkdir -p '/work/build.CoreELEC-Amlogic-no.aarch64-22/toolchain/share/man/man1'
 /usr/bin/install -c -m 644 '/work/build.CoreELEC-Amlogic-no.aarch64-22/build/binutils-2.47/ld/ld.1' '/work/build.CoreELEC-Amlogic-no.aarch64-22/toolchain/share/man/man1/aarch64-libreelec-linux-gnu-ld.1'
make[5]: Leaving directory '/work/build.CoreELEC-Amlogic-no.aarch64-22/build/binutils-2.47/.x86_64-linux-gnu/ld'
make[4]: Leaving directory '/work/build.CoreELEC-Amlogic-no.aarch64-22/build/binutils-2.47/.x86_64-linux-gnu/ld'
make[3]: Leaving directory '/work/build.CoreELEC-Amlogic-no.aarch64-22/build/binutils-2.47/.x86_64-linux-gnu/ld'
make[2]: Leaving directory '/work/build.CoreELEC-Amlogic-no.aarch64-22/build/binutils-2.47/.x86_64-linux-gnu/ld'
make[2]: Entering directory '/work/build.CoreELEC-Amlogic-no.aarch64-22/build/binutils-2.47/.x86_64-linux-gnu/libiberty'
make[3]: Entering directory '/work/build.CoreELEC-Amlogic-no.aarch64-22/build/binutils-2.47/.x86_64-linux-gnu/libiberty/testsuite'
make[3]: Nothing to be done for 'all'.
make[3]: Leaving directory '/work/build.CoreELEC-Amlogic-no.aarch64-22/build/binutils-2.47/.x86_64-linux-gnu/libiberty/testsuite'
if test -n ""; then \
	/bin/dash /work/build.CoreELEC-Amlogic-no.aarch64-22/build/binutils-2.47/libiberty/../mkinstalldirs /work/build.CoreELEC-Amlogic-no.aarch64-22/toolchain/lib/`/work/build.CoreELEC-Amlogic-no.aarch64-22/toolchain/bin/host-gcc -g -O2     -print-multi-os-directory`; \
	/usr/bin/install -c -m 644 ./libiberty.a /work/build.CoreELEC-Amlogic-no.aarch64-22/toolchain/lib/`/work/build.CoreELEC-Amlogic-no.aarch64-22/toolchain/bin/host-gcc -g -O2     -print-multi-os-directory`/./libiberty.an; \
	( cd /work/build.CoreELEC-Amlogic-no.aarch64-22/toolchain/lib/`/work/build.CoreELEC-Amlogic-no.aarch64-22/toolchain/bin/host-gcc -g -O2     -print-multi-os-directory` ; chmod 644 ./libiberty.an ;ranlib --plugin /usr/libexec/gcc/x86_64-linux-gnu/14/liblto_plugin.so ./libiberty.an ); \
	mv -f /work/build.CoreELEC-Amlogic-no.aarch64-22/toolchain/lib/`/work/build.CoreELEC-Amlogic-no.aarch64-22/toolchain/bin/host-gcc -g -O2     -print-multi-os-directory`/./libiberty.an /work/build.CoreELEC-Amlogic-no.aarch64-22/toolchain/lib/`/work/build.CoreELEC-Amlogic-no.aarch64-22/toolchain/bin/host-gcc -g -O2     -print-multi-os-directory`/./libiberty.a; \
	case "" in \
	  /*)    thd=;; \
	  *)     thd=/work/build.CoreELEC-Amlogic-no.aarch64-22/toolchain/include/;; \
	esac; \
	/bin/dash /work/build.CoreELEC-Amlogic-no.aarch64-22/build/binutils-2.47/libiberty/../mkinstalldirs ${thd}; \
	for h in /work/build.CoreELEC-Amlogic-no.aarch64-22/build/binutils-2.47/libiberty/../include/ansidecl.h /work/build.CoreELEC-Amlogic-no.aarch64-22/build/binutils-2.47/libiberty/../include/demangle.h /work/build.CoreELEC-Amlogic-no.aarch64-22/build/binutils-2.47/libiberty/../include/doubly-linked-list.h /work/build.CoreELEC-Amlogic-no.aarch64-22/build/binutils-2.47/libiberty/../include/dyn-string.h /work/build.CoreELEC-Amlogic-no.aarch64-22/build/binutils-2.47/libiberty/../include/fibheap.h /work/build.CoreELEC-Amlogic-no.aarch64-22/build/binutils-2.47/libiberty/../include/floatformat.h /work/build.CoreELEC-Amlogic-no.aarch64-22/build/binutils-2.47/libiberty/../include/hashtab.h /work/build.CoreELEC-Amlogic-no.aarch64-22/build/binutils-2.47/libiberty/../include/libiberty.h /work/build.CoreELEC-Amlogic-no.aarch64-22/build/binutils-2.47/libiberty/../include/objalloc.h /work/build.CoreELEC-Amlogic-no.aarch64-22/build/binutils-2.47/libiberty/../include/partition.h /work/build.CoreELEC-Amlogic-no.aarch64-22/build/binutils-2.47/libiberty/../include/safe-ctype.h /work/build.CoreELEC-Amlogic-no.aarch64-22/build/binutils-2.47/libiberty/../include/sort.h /work/build.CoreELEC-Amlogic-no.aarch64-22/build/binutils-2.47/libiberty/../include/splay-tree.h /work/build.CoreELEC-Amlogic-no.aarch64-22/build/binutils-2.47/libiberty/../include/timeval-utils.h; do \
	  /usr/bin/install -c -m 644 $h ${thd}; \
	done; \
fi
make[3]: Entering directory '/work/build.CoreELEC-Amlogic-no.aarch64-22/build/binutils-2.47/.x86_64-linux-gnu/libiberty/testsuite'
make[3]: Nothing to be done for 'install'.
make[3]: Leaving directory '/work/build.CoreELEC-Amlogic-no.aarch64-22/build/binutils-2.47/.x86_64-linux-gnu/libiberty/testsuite'
make[2]: Leaving directory '/work/build.CoreELEC-Amlogic-no.aarch64-22/build/binutils-2.47/.x86_64-linux-gnu/libiberty'
make[1]: Nothing to be done for 'install-target'.
make[1]: Leaving directory '/work/build.CoreELEC-Amlogic-no.aarch64-22/build/binutils-2.47/.x86_64-linux-gnu'
