./scripts/image mkimage

 =================================================================================
 Configuration for CoreELEC (community)
 =================================================================================

 Buildsystem configuration:
 ======================================================
 - CPU:					 cortex-a53
 - Kernel Architecture:			 arm64
 - Userland Architecture:		 aarch64
 - CPU features:			 64bit neon
 - LTO (Link Time Optimization) support: yes
 - GOLD (Google Linker) Support:	 yes
 - MOLD (Modern Linker) Support:	 no
 - Default Linker:			 gold
 - Accelerated arm libc functions:	 
 - LLVM support:			 no
 - DEBUG:				 no
 - CFLAGS:				 -march=armv8-a+crc+fp+simd -mabi=lp64 -Wno-psabi -mtune=cortex-a53 -mno-outline-atomics -Wall -pipe  -O2 -fomit-frame-pointer -DNDEBUG
 - LDFLAGS:				 -Wl,--as-needed -fuse-ld=gold
 - Local Ccache:			 no
 - CONFIG_SHELL:			 /bin/dash

 Misc. hardware configuration:
 ======================================================
 - ALSA support:			 yes
 - Pulseaudio support:			 yes
 - Bluetooth support:			 yes
 - VFD panel support:			 
 - Include driver:			 gpu-aml
 - Include driver:			 openvfd-driver
 - Include driver:			 media_modules-aml
 - Include driver:			 wifi_dummy-aml
 - Include driver:			 ap6xxx-aml
 - Include driver:			 aic8800-sdio
 - Include driver:			 RTW88
 - Include driver:			 RTL8189FS
 - Include driver:			 RTL8852BE-aml
 - Include driver:			 RTL8723DS-aml
 - Include driver:			 RTL8733BS
 - Include driver:			 RTL8851BU
 - Include driver:			 RTL8852BS-aml
 - Include driver:			 mt76
 - Include driver:			 mt7668-wifi-bt
 - Include driver:			 w1-aml
 - Include driver:			 w2-aml
 - Include driver:			 aml_bt
 - Include driver:			 EA6X21QX
 - Include driver:			 uwe5631-aml
 - Include firmware:			 misc-firmware
 - Include firmware:			 wlan-firmware
 - Include firmware:			 dvb-firmware
 - Include firmware:			 brcmfmac_sdio-firmware-aml
 - Include firmware:			 rtkbt-firmware-aml
 - Include firmware:			 qca-firmware-aml

 Image Filesystems:
 ======================================================
 - Flash Size (MiB): 			 512
 - Storage Size (MiB): 			 
 - SquashFS Compression Method: 	 lzo

 Misc. Filesystems:
 ======================================================
 - Swap Support:			 yes
   - Swapfile default size:		 128
 - exFAT Support (via Fuse):		 yes
 - NTFS Support (via Fuse):		 

 Network service configuration:
 ======================================================
 - Avahi (Zeroconf) support:		 yes
 - NFS mounting support:		 yes
 - SAMBA mounting support:		 yes
 - SAMBA server support:		 yes
 - SFTP server support:			 yes
 - OpenVPN support:			 yes
 - WireGuard support:			 yes

 Graphic configuration:
 ======================================================
 - Graphic Drivers:			 
 - Display Server:			 no
 - Window Manager / Compositor:		 none
 - OpenGL (GLX) support (provider):	 no
 - OpenGL ES support (provider):	 yes (opengl-meson)
 - Vulkan API support (provider):	 no

 Video Acceleration configuration:
 ======================================================
 - VA-API Support:			 no

 OS configuration:
 ======================================================
 - OEM Support:				 no
 - Default ROOT Password:		 coreelec
 - Bootloader:				 u-boot
 - UDevil support:			 yes
 - Installer support:			 no
 - Include package:			 u-boot-script
 - Include package:			 dtc
 - Include package:			 CoreELEC-Debug-Scripts
 - Include package:			 inject_bl301
 - Include package:			 ceemmc
 - Include package:			 nfs-utils
 - Include package:			 dtb-xml
 - Include package:			 megatools
 - Include package:			 tmate
 - Include package:			 parse-android-dynparts
 - Include package:			 aml_recovery

 Kodi Hardware configuration:
 ======================================================
 - Video Acceleration provider:		 libamcodec
 - Remote support:			 yes
 - CEC Adapter support:			 yes
 - CEC Framework support:		 no
 - Kodi Joystick support:		 yes

 Kodi Software configuration:
 ======================================================
 - Kodi Blu-ray support:		 yes
   - Blu-ray BD+ support:		 yes
   - Blu-ray AACS support:		 yes
 - Kodi DVDCSS support:			 yes
 - Kodi Airplay support:		 yes
 - Kodi Airtunes support:		 yes
 - Kodi NFS support:			 yes
 - Kodi MySQL support:			 mariadb
 - Kodi Optical Drive support:		 yes
 - Kodi SAMBA client support:		 yes
 - Kodi UPNP support:			 yes
 - Kodi Webserver support:		 yes
 - Include Skin:			 Estuary
 - Default Skin:			 Estuary
 - Include extra fonts:			 yes

 =================================================================================
 End Configuration for CoreELEC
 =================================================================================



Packages loaded : 1117
Build trigger(s): 1 [image]
Package steps   : 370

<<< openssl:host seq 1 <<<
>>> openssl:host seq 1 >>>
[001/370] [DONE] build   openssl:host
<<< configtools:host seq 3 <<<
>>> configtools:host seq 3 >>>
[002/370] [DONE] build   configtools:host
<<< clang:host seq 4 <<<
>>> clang:host seq 4 >>>
[003/370] [DONE] build   clang:host
<<< bkeymaps:init seq 5 <<<
>>> bkeymaps:init seq 5 >>>
[004/370] [DONE] build   bkeymaps:init
<<< make:host seq 2 <<<
>>> make:host seq 2 >>>
[005/370] [DONE] build   make:host
<<< CoreELEC-Debug-Scripts:target seq 9 <<<
[1;32mINSTALL[0m      CoreELEC-Debug-Scripts [1;37m(target)[0m
>>> CoreELEC-Debug-Scripts:target seq 9 >>>
[006/370] [DONE] install CoreELEC-Debug-Scripts:target
<<< texturecache.py:target seq 10 <<<
[1;32mINSTALL[0m      texturecache.py [1;37m(target)[0m
>>> texturecache.py:target seq 10 >>>
[007/370] [DONE] install texturecache.py:target
<<< alsa-ucm-conf:target seq 12 <<<
[1;32mINSTALL[0m      alsa-ucm-conf [1;37m(target)[0m
>>> alsa-ucm-conf:target seq 12 >>>
[008/370] [DONE] install alsa-ucm-conf:target
<<< pkg-config:host seq 14 <<<
>>> pkg-config:host seq 14 >>>
[009/370] [DONE] build   pkg-config:host
<<< xxHash:host seq 15 <<<
>>> xxHash:host seq 15 >>>
[010/370] [DONE] build   xxHash:host
<<< gettext:host seq 16 <<<
>>> gettext:host seq 16 >>>
[011/370] [DONE] build   gettext:host
<<< kernel-firmware:target seq 6 <<<
[1;32mINSTALL[0m      kernel-firmware [1;37m(target)[0m
>>> kernel-firmware:target seq 6 >>>
[012/370] [DONE] install kernel-firmware:target
<<< alsa-topology-conf:target seq 11 <<<
[1;32mINSTALL[0m      alsa-topology-conf [1;37m(target)[0m
>>> alsa-topology-conf:target seq 11 >>>
[013/370] [DONE] install alsa-topology-conf:target
<<< cmake:host seq 17 <<<
>>> cmake:host seq 17 >>>
[014/370] [DONE] build   cmake:host
<<< wireless-regdb:target seq 8 <<<
[1;32mINSTALL[0m      wireless-regdb [1;37m(target)[0m
>>> wireless-regdb:target seq 8 >>>
[015/370] [DONE] install wireless-regdb:target
<<< entropy:target seq 7 <<<
[1;32mINSTALL[0m      entropy [1;37m(target)[0m
>>> entropy:target seq 7 >>>
[016/370] [DONE] install entropy:target
<<< ir-bpf-decoders:target seq 13 <<<
[1;32mINSTALL[0m      ir-bpf-decoders [1;37m(target)[0m
>>> ir-bpf-decoders:target seq 13 >>>
[017/370] [DONE] install ir-bpf-decoders:target
<<< zstd:host seq 18 <<<
>>> zstd:host seq 18 >>>
[018/370] [DONE] build   zstd:host
<<< libfmt:host seq 19 <<<
>>> libfmt:host seq 19 >>>
[019/370] [DONE] build   libfmt:host
<<< ccache:host seq 20 <<<
>>> ccache:host seq 20 >>>
[020/370] [DONE] build   ccache:host
<<< gcc-linaro-arm-eabi:host seq 31 <<<
>>> gcc-linaro-arm-eabi:host seq 31 >>>
[021/370] [DONE] build   gcc-linaro-arm-eabi:host
<<< asn1c:host seq 36 <<<
>>> asn1c:host seq 36 >>>
[022/370] [DONE] build   asn1c:host
<<< autoconf-archive:host seq 23 <<<
>>> autoconf-archive:host seq 23 >>>
[023/370] [DONE] build   autoconf-archive:host
<<< gcc-linaro-aarch64-elf:host seq 30 <<<
>>> gcc-linaro-aarch64-elf:host seq 30 >>>
[024/370] [DONE] build   gcc-linaro-aarch64-elf:host
<<< ncurses:host seq 34 <<<
>>> ncurses:host seq 34 >>>
[025/370] [DONE] build   ncurses:host
<<< zlib:host seq 25 <<<
>>> zlib:host seq 25 >>>
[026/370] [DONE] build   zlib:host
<<< mpdecimal:host seq 27 <<<
>>> mpdecimal:host seq 27 >>>
[027/370] [DONE] build   mpdecimal:host
<<< gcc7-linaro-aarch64-elf:host seq 32 <<<
>>> gcc7-linaro-aarch64-elf:host seq 32 >>>
[028/370] [DONE] build   gcc7-linaro-aarch64-elf:host
<<< gcc-riscv-none-embed:host seq 33 <<<
>>> gcc-riscv-none-embed:host seq 33 >>>
[029/370] [DONE] build   gcc-riscv-none-embed:host
<<< sed:host seq 28 <<<
>>> sed:host seq 28 >>>
[030/370] [DONE] build   sed:host
<<< 7-zip:host seq 21 <<<
>>> 7-zip:host seq 21 >>>
[031/370] [DONE] build   7-zip:host
<<< swig:host seq 37 <<<
>>> swig:host seq 37 >>>
[032/370] [DONE] build   swig:host
<<< intltool:host seq 24 <<<
>>> intltool:host seq 24 >>>
[033/370] [DONE] build   intltool:host
<<< m4:host seq 22 <<<
>>> m4:host seq 22 >>>
[034/370] [DONE] build   m4:host
<<< bzip2:host seq 26 <<<
>>> bzip2:host seq 26 >>>
[035/370] [DONE] build   bzip2:host
<<< libcap:host seq 29 <<<
>>> libcap:host seq 29 >>>
[036/370] [DONE] build   libcap:host
<<< nspr:host seq 35 <<<
>>> nspr:host seq 35 >>>
[037/370] [DONE] build   nspr:host
<<< pigz:host seq 38 <<<
>>> pigz:host seq 38 >>>
[038/370] [DONE] build   pigz:host
<<< giflib:host seq 40 <<<
>>> giflib:host seq 40 >>>
[039/370] [DONE] build   giflib:host
<<< libpng:host seq 39 <<<
>>> libpng:host seq 39 >>>
[040/370] [DONE] build   libpng:host
<<< gmp:host seq 43 <<<
>>> gmp:host seq 43 >>>
[041/370] [DONE] build   gmp:host
<<< bison:host seq 42 <<<
>>> bison:host seq 42 >>>
[042/370] [DONE] build   bison:host
<<< autoconf:host seq 41 <<<
>>> autoconf:host seq 41 >>>
[043/370] [DONE] build   autoconf:host
<<< nss:host seq 44 <<<
>>> nss:host seq 44 >>>
[044/370] [DONE] build   nss:host
<<< mpfr:host seq 45 <<<
>>> mpfr:host seq 45 >>>
[045/370] [DONE] build   mpfr:host
<<< automake:host seq 46 <<<
>>> automake:host seq 46 >>>
[046/370] [DONE] build   automake:host
<<< mpc:host seq 47 <<<
>>> mpc:host seq 47 >>>
[047/370] [DONE] build   mpc:host
<<< elfutils:host seq 49 <<<
>>> elfutils:host seq 49 >>>
[048/370] [DONE] build   elfutils:host
<<< libtool:host seq 48 <<<
>>> libtool:host seq 48 >>>
[049/370] [DONE] build   libtool:host
<<< libffi:host seq 51 <<<
>>> libffi:host seq 51 >>>
[050/370] [DONE] build   libffi:host
<<< autotools:host seq 50 <<<
>>> autotools:host seq 50 >>>
[051/370] [DONE] build   autotools:host
<<< util-linux:host seq 52 <<<
>>> util-linux:host seq 52 >>>
[052/370] [DONE] build   util-linux:host
<<< mtools:host seq 57 <<<
>>> mtools:host seq 57 >>>
[053/370] [DONE] build   mtools:host
<<< dosfstools:host seq 56 <<<
>>> dosfstools:host seq 56 >>>
[054/370] [DONE] build   dosfstools:host
<<< flex:host seq 53 <<<
>>> flex:host seq 53 >>>
[055/370] [DONE] build   flex:host
<<< patchelf:host seq 55 <<<
>>> patchelf:host seq 55 >>>
[056/370] [DONE] build   patchelf:host
<<< rsync:host seq 54 <<<
>>> rsync:host seq 54 >>>
[057/370] [DONE] build   rsync:host
<<< e2fsprogs:host seq 58 <<<
>>> e2fsprogs:host seq 58 >>>
[058/370] [DONE] build   e2fsprogs:host
<<< Python3:host seq 59 <<<
>>> Python3:host seq 59 >>>
[059/370] [DONE] build   Python3:host
<<< parted:host seq 60 <<<
>>> parted:host seq 60 >>>
[060/370] [DONE] build   parted:host
<<< populatefs:host seq 62 <<<
>>> populatefs:host seq 62 >>>
[061/370] [DONE] build   populatefs:host
<<< flit:host seq 64 <<<
>>> flit:host seq 64 >>>
[062/370] [DONE] build   flit:host
<<< pyinstaller:host seq 66 <<<
>>> pyinstaller:host seq 66 >>>
[063/370] [DONE] build   pyinstaller:host
<<< pypackaging:host seq 68 <<<
>>> pypackaging:host seq 68 >>>
[064/370] [DONE] build   pypackaging:host
<<< pyproject-hooks:host seq 67 <<<
>>> pyproject-hooks:host seq 67 >>>
[065/370] [DONE] build   pyproject-hooks:host
<<< pybuild:host seq 69 <<<
>>> pybuild:host seq 69 >>>
[066/370] [DONE] build   pybuild:host
<<< linux:host seq 61 <<<
>>> linux:host seq 61 >>>
[067/370] [DONE] build   linux:host
<<< setuptools:host seq 70 <<<
>>> setuptools:host seq 70 >>>
[068/370] [DONE] build   setuptools:host
<<< MarkupSafe:host seq 73 <<<
>>> MarkupSafe:host seq 73 >>>
[069/370] [DONE] build   MarkupSafe:host
<<< calver:host seq 76 <<<
>>> calver:host seq 76 >>>
[070/370] [DONE] build   calver:host
<<< meson:host seq 72 <<<
>>> meson:host seq 72 >>>
[071/370] [DONE] build   meson:host
<<< python-pathspec:host seq 75 <<<
>>> python-pathspec:host seq 75 >>>
[072/370] [DONE] build   python-pathspec:host
<<< setuptools-scm:host seq 74 <<<
>>> setuptools-scm:host seq 74 >>>
[073/370] [DONE] build   setuptools-scm:host
<<< Jinja2:host seq 77 <<<
>>> Jinja2:host seq 77 >>>
[074/370] [DONE] build   Jinja2:host
<<< trove-classifiers:host seq 78 <<<
>>> trove-classifiers:host seq 78 >>>
[075/370] [DONE] build   trove-classifiers:host
<<< pluggy:host seq 79 <<<
>>> pluggy:host seq 79 >>>
[076/370] [DONE] build   pluggy:host
<<< hatchling:host seq 80 <<<
>>> hatchling:host seq 80 >>>
[077/370] [DONE] build   hatchling:host
<<< hatch-vcs:host seq 81 <<<
>>> hatch-vcs:host seq 81 >>>
[078/370] [DONE] build   hatch-vcs:host
<<< scikit-build-core:host seq 82 <<<
>>> scikit-build-core:host seq 82 >>>
[079/370] [DONE] build   scikit-build-core:host
<<< pybind11:host seq 83 <<<
>>> pybind11:host seq 83 >>>
[080/370] [DONE] build   pybind11:host
<<< ninja:host seq 63 <<<
[1;33mBUILD[0m      ninja [1;37m(host)[0m
    [1;35mTOOLCHAIN[0m      manual
[1/35] CXX build/browse.o
[2/35] CXX build/depfile_parser.o
[3/35] CXX build/lexer.o
[4/35] CXX build/build_log.o
[5/35] CXX build/clean.o
[6/35] CXX build/clparser.o
[7/35] CXX build/debug_flags.o
[8/35] CXX build/deps_log.o
[9/35] CXX build/dyndep.o
[10/35] CXX build/missing_deps.o
[11/35] CXX build/metrics.o
[12/35] CXX build/status_printer.o
[13/35] CXX build/graph.o
[14/35] CXX build/string_piece_util.o
[15/35] CXX build/version.o
[16/35] CXX build/jobserver-posix.o
[17/35] CXX build/util.o
[18/35] CXX build/subprocess-posix.o
[19/35] CXX build/ninja.o
[20/35] CXX build/json.o
[21/35] CXX build/elide_middle.o
[22/35] CXX build/edit_distance.o
[23/35] CXX build/line_printer.o
[24/35] CXX build/disk_interface.o
[25/35] CXX build/parser.o
[26/35] CXX build/jobserver.o
[27/35] CXX build/graphviz.o
[28/35] CXX build/eval_env.o
[29/35] CXX build/real_command_runner.o
[30/35] CXX build/dyndep_parser.o
[31/35] CXX build/state.o
[32/35] CXX build/manifest_parser.o
[33/35] CXX build/build.o
[34/35] AR build/libninja.a
[35/35] LINK ninja
bootstrapping ninja...
warning: A compatible version of re2c (>= 0.15.3) was not found; changes to src/*.in.cc will not affect your build.
wrote build.ninja.
bootstrap complete.  rebuilding...
>>> ninja:host seq 63 >>>
[081/370] [DONE] build   ninja:host
<<< dtc:host seq 89 <<<
[1;36mGET[0m      dtc (archive)
    [1;36mGET[0m      dtc [primary] https://www.kernel.org/pub/software/utils/dtc/dtc-1.8.1.tar.xz
  % Total    % Received % Xferd  Average Speed   Time    Time     Time  Current
                                 Dload  Upload   Total   Spent    Left  Speed

  0     0    0     0    0     0      0      0 --:--:-- --:--:-- --:--:--     0
100  173k  100  173k    0     0  2904k      0 --:--:-- --:--:-- --:--:-- 2948k
    [1;32mINFO[0m      Calculated checksum: 23526015a6f1550e0541a53fe7acea1b5a11e3697cdf3a3bdc076abc38f6045d
[1;36mUNPACK[0m      dtc
    [1;32mAPPLY PATCH [1;37m(common)[0m[0m      packages/tools/dtc/patches/dtc-0003-Add-Amlogic-multi-dtb-and-add-gzipped-dtb-support.patch
patching file fdtget.c
patching file fdtput.c
patching file gzip.c
patching file gzip.h
patching file meson.build
patching file util.c
patching file util.h
[1;33mBUILD[0m      dtc [1;37m(host)[0m
    [1;35mTOOLCHAIN[0m      meson (auto-detect)
Executing (host): meson setup --prefix=/work/build.CoreELEC-Amlogic-no.aarch64-22/toolchain --bindir=/work/build.CoreELEC-Amlogic-no.aarch64-22/toolchain/bin --sbindir=/work/build.CoreELEC-Amlogic-no.aarch64-22/toolchain/sbin --sysconfdir=/work/build.CoreELEC-Amlogic-no.aarch64-22/toolchain/etc --libdir=/work/build.CoreELEC-Amlogic-no.aarch64-22/toolchain/lib --libexecdir=/work/build.CoreELEC-Amlogic-no.aarch64-22/toolchain/lib --localstatedir=/work/build.CoreELEC-Amlogic-no.aarch64-22/toolchain/var --buildtype=plain --wrap-mode=nodownload --native-file=/work/build.CoreELEC-Amlogic-no.aarch64-22/build/dtc-1.8.1/.x86_64-linux-gnu/meson.conf -Dtests=false
 -Dpython=disabled /work/build.CoreELEC-Amlogic-no.aarch64-22/build/dtc-1.8.1
The Meson build system
Version: 1.12.0
Source dir: /work/build.CoreELEC-Amlogic-no.aarch64-22/build/dtc-1.8.1
Build dir: /work/build.CoreELEC-Amlogic-no.aarch64-22/build/dtc-1.8.1/.x86_64-linux-gnu
Build type: native build
Project name: dtc
Project version: 1.8.1
C compiler for the host machine: /work/build.CoreELEC-Amlogic-no.aarch64-22/toolchain/bin/host-gcc (gcc 14.2.0 "gcc (Debian 14.2.0-19) 14.2.0")
C linker for the host machine: /work/build.CoreELEC-Amlogic-no.aarch64-22/toolchain/bin/host-gcc ld.bfd 2.44
Host machine cpu family: x86_64
Host machine cpu: x86_64
Library z found: YES
Compiler for C supports arguments -Wnested-externs: YES 
Compiler for C supports arguments -Wstrict-prototypes: YES 
Compiler for C supports arguments -Wmissing-prototypes: YES 
Compiler for C supports arguments -Wredundant-decls: YES 
Compiler for C supports arguments -Wshadow: YES 
Compiler for C supports arguments -Wsuggest-attribute=format: YES 
Compiler for C supports arguments -Wwrite-strings: YES 
Compiler for C supports arguments -Wdiscarded-qualifiers: YES 
Found pkg-config: YES (/work/build.CoreELEC-Amlogic-no.aarch64-22/toolchain/bin/pkg-config) 0.29.2
Found CMake: -DCMAKE_INSTALL_PREFIX=/work/build.CoreELEC-Amlogic-no.aarch64-22/toolchain (4.4.3)
Run-time dependency yaml-0.1 found: NO  (tried pkg-config and cmake)
Run-time dependency valgrind found: NO  (tried pkg-config)
Program python found: NO (disabled by: python )
Program swig skipped: feature python disabled
Compiler for C supports link arguments -Wl,--version-script=/work/build.CoreELEC-Amlogic-no.aarch64-22/build/dtc-1.8.1/libfdt/version.lds: YES 
Compiler for C supports link arguments -Wl,--no-undefined: YES 
Found pkg-config: YES (/work/build.CoreELEC-Amlogic-no.aarch64-22/toolchain/bin/pkg-config) 0.29.2
Program flex found: YES (/work/build.CoreELEC-Amlogic-no.aarch64-22/toolchain/bin/flex)
Program bison found: YES (/work/build.CoreELEC-Amlogic-no.aarch64-22/toolchain/bin/bison)
Check usable header "fnmatch.h" : YES 
Build targets in project: 9

dtc 1.8.1

  User defined options
    Native files : /work/build.CoreELEC-Amlogic-no.aarch64-22/build/dtc-1.8.1/.x86_64-linux-gnu/meson.conf
    bindir       : /work/build.CoreELEC-Amlogic-no.aarch64-22/toolchain/bin
    buildtype    : plain
    libdir       : /work/build.CoreELEC-Amlogic-no.aarch64-22/toolchain/lib
    libexecdir   : /work/build.CoreELEC-Amlogic-no.aarch64-22/toolchain/lib
    localstatedir: /work/build.CoreELEC-Amlogic-no.aarch64-22/toolchain/var
    prefix       : /work/build.CoreELEC-Amlogic-no.aarch64-22/toolchain
    python       : disabled
    sbindir      : /work/build.CoreELEC-Amlogic-no.aarch64-22/toolchain/sbin
    sysconfdir   : /work/build.CoreELEC-Amlogic-no.aarch64-22/toolchain/etc
    tests        : false
    wrap_mode    : nodownload

Found ninja-1.13.2 at /work/build.CoreELEC-Amlogic-no.aarch64-22/toolchain/bin/ninja
Executing (host): ninja 
[1/51] Generating 'dtc.p/dtc-lexer.l.lex.c'
[2/51] Generating 'convert-dtsv0.p/convert-dtsv0-lexer.l.lex.c'
[3/51] Generating from 'dtc-parser.y'
[4/51] Compiling C object libfdt/libfdt.so.1.8.1.p/fdt_check.c.o
[5/51] Generating version_gen.h with a custom command
[6/51] Compiling C object libfdt/libfdt.so.1.8.1.p/fdt_empty_tree.c.o
[7/51] Compiling C object libfdt/libfdt.so.1.8.1.p/fdt_overlay.c.o
[8/51] Compiling C object libfdt/libfdt.so.1.8.1.p/fdt_rw.c.o
[9/51] Compiling C object libfdt/libfdt.so.1.8.1.p/fdt_strerror.c.o
[10/51] Compiling C object libfdt/libfdt.so.1.8.1.p/fdt_wip.c.o
[11/51] Compiling C object libfdt/libfdt.so.1.8.1.p/fdt_addresses.c.o
[12/51] Compiling C object libfdt/libfdt.so.1.8.1.p/fdt_sw.c.o
[13/51] Compiling C object libfdt/libfdt.so.1.8.1.p/fdt_ro.c.o
[14/51] Compiling C object libfdt/libfdt.so.1.8.1.p/fdt.c.o
[15/51] Linking static target libfdt/libfdt.a
[16/51] Linking target libfdt/libfdt.so.1.8.1
[17/51] Compiling C object fdtget.p/util.c.o
[18/51] Compiling C object convert-dtsv0.p/gzip.c.o
[19/51] Compiling C object dtc.p/treesource.c.o
[20/51] Compiling C object fdtget.p/gzip.c.o
[21/51] Compiling C object fdtput.p/gzip.c.o
[22/51] Compiling C object dtc.p/dtc.c.o
[23/51] Compiling C object fdtoverlay.p/gzip.c.o
[24/51] Compiling C object fdtdump.p/gzip.c.o
[25/51] Compiling C object convert-dtsv0.p/srcpos.c.o
[26/51] Compiling C object dtc.p/meson-generated_dtc-parser.tab.c.o
[27/51] Compiling C object dtc.p/srcpos.c.o
[28/51] Compiling C object dtc.p/fstree.c.o
[29/51] Generating symbol file libfdt/libfdt.so.1.8.1.p/libfdt.so.1.8.1.symbols
[30/51] Compiling C object dtc.p/flattree.c.o
[31/51] Compiling C object dtc.p/gzip.c.o
[32/51] Compiling C object fdtget.p/fdtget.c.o
[33/51] Compiling C object fdtdump.p/fdtdump.c.o
[34/51] Compiling C object dtc.p/util.c.o
[35/51] Compiling C object fdtput.p/util.c.o
[36/51] Compiling C object convert-dtsv0.p/util.c.o
[37/51] Compiling C object dtc.p/livetree.c.o
[38/51] Compiling C object fdtdump.p/util.c.o
[39/51] Compiling C object dtc.p/data.c.o
[40/51] Compiling C object fdtoverlay.p/fdtoverlay.c.o
[41/51] Compiling C object fdtoverlay.p/util.c.o
[42/51] Linking target fdtget
[43/51] Compiling C object dtc.p/checks.c.o
[44/51] Linking target fdtoverlay
[45/51] Linking target fdtdump
[46/51] Compiling C object fdtput.p/fdtput.c.o
[47/51] Compiling C object convert-dtsv0.p/meson-generated_convert-dtsv0-lexer.l.lex.c.o
[48/51] Linking target fdtput
[49/51] Linking target convert-dtsv0
[50/51] Compiling C object dtc.p/meson-generated_dtc-lexer.l.lex.c.o
[51/51] Linking target dtc
>>> dtc:host seq 89 >>>
[082/370] [DONE] build   dtc:host
<<< pax-utils:host seq 85 <<<
[1;36mGET[0m      pax-utils (archive)
    [1;36mGET[0m      pax-utils [primary] https://gitweb.gentoo.org/proj/pax-utils.git/snapshot/pax-utils-1.3.11.tar.bz2
  % Total    % Received % Xferd  Average Speed   Time    Time     Time  Current
                                 Dload  Upload   Total   Spent    Left  Speed

  0     0    0     0    0     0      0      0 --:--:-- --:--:-- --:--:--     0
100  125k  100  125k    0     0   378k      0 --:--:-- --:--:-- --:--:--  378k
    [1;32mINFO[0m      Calculated checksum: 68dad469c2f780ed85ee490179131e57400532e18ddd6193d3d13dadb122d3c1
[1;36mUNPACK[0m      pax-utils
[1;33mBUILD[0m      pax-utils [1;37m(host)[0m
    [1;35mTOOLCHAIN[0m      meson (auto-detect)
Executing (host): meson setup --prefix=/work/build.CoreELEC-Amlogic-no.aarch64-22/toolchain --bindir=/work/build.CoreELEC-Amlogic-no.aarch64-22/toolchain/bin --sbindir=/work/build.CoreELEC-Amlogic-no.aarch64-22/toolchain/sbin --sysconfdir=/work/build.CoreELEC-Amlogic-no.aarch64-22/toolchain/etc --libdir=/work/build.CoreELEC-Amlogic-no.aarch64-22/toolchain/lib --libexecdir=/work/build.CoreELEC-Amlogic-no.aarch64-22/toolchain/lib --localstatedir=/work/build.CoreELEC-Amlogic-no.aarch64-22/toolchain/var --buildtype=plain --wrap-mode=nodownload --native-file=/work/build.CoreELEC-Amlogic-no.aarch64-22/build/pax-utils-1.3.11/.x86_64-linux-gnu/meson.conf -Duse_libcap=disabled -Duse_fuzzing=false /work/build.CoreELEC-Amlogic-no.aarch64-22/build/pax-utils-1.3.11
The Meson build system
Version: 1.12.0
Source dir: /work/build.CoreELEC-Amlogic-no.aarch64-22/build/pax-utils-1.3.11
Build dir: /work/build.CoreELEC-Amlogic-no.aarch64-22/build/pax-utils-1.3.11/.x86_64-linux-gnu
Build type: native build
Project name: pax-utils
Project version: 1.3.11
C compiler for the host machine: /work/build.CoreELEC-Amlogic-no.aarch64-22/toolchain/bin/host-gcc (gcc 14.2.0 "gcc (Debian 14.2.0-19) 14.2.0")
C linker for the host machine: /work/build.CoreELEC-Amlogic-no.aarch64-22/toolchain/bin/host-gcc ld.bfd 2.44
Host machine cpu family: x86_64
Host machine cpu: x86_64
Dependency libcap for host machine skipped: feature use_libcap disabled
Found git repository at /work
Has header "endian.h" : YES 
Has header "byteswap.h" : YES 
Has header "sys/endian.h" : NO 
Has header "sys/isa_defs.h" : NO 
Has header "machine/endian.h" : NO 
Has header "linux/seccomp.h" : YES 
Has header "linux/securebits.h" : YES 
Has header "sys/prctl.h" : YES 
Has header "elf-hints.h" : NO 
Has header "glob.h" : YES 
Configuring config.h using configuration
Fetching value of define "__svr4__" : (undefined) 
Program xmlto found: NO
Configuring pax-utils.docbook using configuration
Build targets in project: 6

pax-utils 1.3.11

  User defined options
    Native files : /work/build.CoreELEC-Amlogic-no.aarch64-22/build/pax-utils-1.3.11/.x86_64-linux-gnu/meson.conf
    bindir       : /work/build.CoreELEC-Amlogic-no.aarch64-22/toolchain/bin
    buildtype    : plain
    libdir       : /work/build.CoreELEC-Amlogic-no.aarch64-22/toolchain/lib
    libexecdir   : /work/build.CoreELEC-Amlogic-no.aarch64-22/toolchain/lib
    localstatedir: /work/build.CoreELEC-Amlogic-no.aarch64-22/toolchain/var
    prefix       : /work/build.CoreELEC-Amlogic-no.aarch64-22/toolchain
    sbindir      : /work/build.CoreELEC-Amlogic-no.aarch64-22/toolchain/sbin
    sysconfdir   : /work/build.CoreELEC-Amlogic-no.aarch64-22/toolchain/etc
    use_fuzzing  : false
    use_libcap   : disabled
    wrap_mode    : nodownload

Found ninja-1.13.2 at /work/build.CoreELEC-Amlogic-no.aarch64-22/toolchain/bin/ninja
Executing (host): ninja 
[1/20] Generating pax_utils_version.h with a custom command
[2/20] Compiling C object libcommon.a.p/security.c.o
[3/20] Compiling C object libcommon.a.p/xfuncs.c.o
[4/20] Compiling C object pspax.p/paxldso.c.o
[5/20] Compiling C object dumpelf.p/paxldso.c.o
[6/20] Compiling C object libcommon.a.p/paxinc.c.o
[7/20] Linking static target libcommon.a
[8/20] Compiling C object scanelf.p/paxldso.c.o
[9/20] Compiling C object pspax.p/paxelf.c.o
[10/20] Compiling C object scanmacho.p/paxmacho.c.o
[11/20] Compiling C object dumpelf.p/paxelf.c.o
[12/20] Compiling C object pspax.p/pspax.c.o
[13/20] Compiling C object scanelf.p/paxelf.c.o
[14/20] Compiling C object scanmacho.p/scanmacho.c.o
[15/20] Compiling C object dumpelf.p/dumpelf.c.o
[16/20] Linking target pspax
[17/20] Linking target scanmacho
[18/20] Linking target dumpelf
[19/20] Compiling C object scanelf.p/scanelf.c.o
[20/20] Linking target scanelf
[1/21] Generating pax_utils_version.h with a custom command
[1/2] Installing files
Installing pspax to /work/build.CoreELEC-Amlogic-no.aarch64-22/toolchain/bin
Installing scanelf to /work/build.CoreELEC-Amlogic-no.aarch64-22/toolchain/bin
Installing dumpelf to /work/build.CoreELEC-Amlogic-no.aarch64-22/toolchain/bin
Installing scanmacho to /work/build.CoreELEC-Amlogic-no.aarch64-22/toolchain/bin
Installing /work/build.CoreELEC-Amlogic-no.aarch64-22/build/pax-utils-1.3.11/lddtree.py to /work/build.CoreELEC-Amlogic-no.aarch64-22/toolchain/bin
Installing /work/build.CoreELEC-Amlogic-no.aarch64-22/build/pax-utils-1.3.11/symtree.sh to /work/build.CoreELEC-Amlogic-no.aarch64-22/toolchain/bin
>>> pax-utils:host seq 85 >>>
[083/370] [DONE] build   pax-utils:host
<<< expat:host seq 94 <<<
[1;36mGET[0m      expat (archive)
    [1;36mGET[0m      expat [primary] https://github.com/libexpat/libexpat/releases/download/R_2_8_4/expat-2.8.4.tar.xz
  % Total    % Received % Xferd  Average Speed   Time    Time     Time  Current
                                 Dload  Upload   Total   Spent    Left  Speed

  0     0    0     0    0     0      0      0 --:--:-- --:--:-- --:--:--     0
  0     0    0     0    0     0      0      0 --:--:-- --:--:-- --:--:--     0

100  507k  100  507k    0     0  1048k      0 --:--:-- --:--:-- --:--:-- 1048k
    [1;32mINFO[0m      Calculated checksum: 656ae1cc8da3b4ea513bb4e254f33e6243938084c0ec6239da873376b09985a7
[1;36mUNPACK[0m      expat
    [1;33mFIXCONFIG[0m      /work/build.CoreELEC-Amlogic-no.aarch64-22/build/expat-2.8.4/conftools/
[1;33mBUILD[0m      expat [1;37m(host)[0m
    [1;35mTOOLCHAIN[0m      cmake (auto-detect)
Executing (host): cmake -GNinja -DCMAKE_TOOLCHAIN_FILE=/work/build.CoreELEC-Amlogic-no.aarch64-22/toolchain/etc/cmake-x86_64-linux-gnu.conf -DCMAKE_INSTALL_PREFIX=/work/build.CoreELEC-Amlogic-no.aarch64-22/toolchain -DCMAKE_BUILD_TYPE=Release -DEXPAT_BUILD_DOCS=OFF -DEXPAT_BUILD_TOOLS=OFF -DEXPAT_BUILD_EXAMPLES=OFF -DEXPAT_BUILD_TESTS=OFF -DEXPAT_SHARED_LIBS=ON /work/build.CoreELEC-Amlogic-no.aarch64-22/build/expat-2.8.4
-- The C compiler identification is GNU 14.2.0
-- Detecting C compiler ABI info
-- Detecting C compiler ABI info - done
-- Check for working C compiler: /work/build.CoreELEC-Amlogic-no.aarch64-22/toolchain/bin/host-gcc - skipped
-- Detecting C compile features
-- Detecting C compile features - done
-- Looking for dlfcn.h
-- Looking for dlfcn.h - found
-- Looking for fcntl.h
-- Looking for fcntl.h - found
-- Looking for inttypes.h
-- Looking for inttypes.h - found
-- Looking for memory.h
-- Looking for memory.h - found
-- Looking for stdint.h
-- Looking for stdint.h - found
-- Looking for stdlib.h
-- Looking for stdlib.h - found
-- Looking for strings.h
-- Looking for strings.h - found
-- Looking for string.h
-- Looking for string.h - found
-- Looking for sys/stat.h
-- Looking for sys/stat.h - found
-- Looking for sys/types.h
-- Looking for sys/types.h - found
-- Looking for unistd.h
-- Looking for unistd.h - found
-- Looking for getpagesize
-- Looking for getpagesize - not found
-- Looking for mmap
-- Looking for mmap - found
-- Looking for getrandom
-- Looking for getrandom - found
-- Performing Test HAVE_ARC4RANDOM_BUF
-- Performing Test HAVE_ARC4RANDOM_BUF - Success
-- Performing Test HAVE_ARC4RANDOM
-- Performing Test HAVE_ARC4RANDOM - Success
-- Looking for 4 include files stdlib.h, ..., float.h
-- Looking for 4 include files stdlib.h, ..., float.h - found
-- Performing Test HAVE_OFF_T
-- Performing Test HAVE_OFF_T - Success
-- Performing Test HAVE_GETENTROPY
-- Performing Test HAVE_GETENTROPY - Success
-- Performing Test HAVE_SYSCALL_GETRANDOM
-- Performing Test HAVE_SYSCALL_GETRANDOM - Success
-- Performing Test _FLAG_DETECTION_UNUSABLE
-- Performing Test _FLAG_DETECTION_UNUSABLE - Failed
-- Performing Test FLAG_WSTRICT_ALIASING
-- Performing Test FLAG_WSTRICT_ALIASING - Success
-- Performing Test FLAG_WIMPLICIT_FALLTHROUGH
-- Performing Test FLAG_WIMPLICIT_FALLTHROUGH - Success
-- Performing Test FLAG_VISIBILITY
-- Performing Test FLAG_VISIBILITY - Success
-- Looking for cos in m
-- Looking for cos in m - found
-- ===========================================================================
-- 
-- CMake version in use ......... 4.4.3
-- 
-- Configuration
--   Generator .................. Ninja
--   Build type ................. Release
--   Prefix ..................... /work/build.CoreELEC-Amlogic-no.aarch64-22/toolchain
--   Shared libraries ........... ON
--   Character type ............. char (UTF-8)
--   Library name postfix ....... 
-- 
--   Build documentation ........ OFF
--   Build examples ............. OFF
--   Build fuzzers .............. OFF
--   Build tests ................ OFF
--   Build tools (xmlwf) ........ OFF
--   Build pkg-config file ...... ON
--   Install files .............. ON
-- 
--   Features
--     // Advanced options, changes not advised
--     Attributes info .......... OFF
--     Context bytes ............ 1024
--     DTD support .............. ON
--     General entities ......... ON
--     Large size ............... OFF
--     Minimum size ............. OFF
--     Namespace support ........ ON
-- 
--   Entropy sources
--     arc4random ............... 1
--     arc4random_buf ........... 1
--     getentropy ............... 1
--     getrandom ................ 1
--     syscall SYS_getrandom .... 1
--     /dev/urandom ............. OFF
-- 
-- ===========================================================================
-- Configuring done (17.2s)
-- Generating done (0.0s)
-- Build files have been written to: /work/build.CoreELEC-Amlogic-no.aarch64-22/build/expat-2.8.4/.x86_64-linux-gnu
Executing (host): ninja 
[1/9] Building C object CMakeFiles/expat.dir/lib/random_arc4random_buf.c.o
[2/9] Building C object CMakeFiles/expat.dir/lib/random_getentropy.c.o
[3/9] Building C object CMakeFiles/expat.dir/lib/random_getrandom.c.o
[4/9] Building C object CMakeFiles/expat.dir/lib/random_arc4random.c.o
[5/9] Building C object CMakeFiles/expat.dir/lib/xmlrole.c.o
[6/9] Building C object CMakeFiles/expat.dir/lib/xmlparse.c.o
[7/9] Building C object CMakeFiles/expat.dir/lib/xmltok.c.o
[8/9] Linking C shared library libexpat.so.1.12.4
[9/9] Creating library symlink libexpat.so.1 libexpat.so
[0/1] Install the project...
-- Install configuration: "Release"
-- Installing: /work/build.CoreELEC-Amlogic-no.aarch64-22/toolchain/include/expat_config.h
-- Installing: /work/build.CoreELEC-Amlogic-no.aarch64-22/toolchain/lib/libexpat.so.1.12.4
-- Installing: /work/build.CoreELEC-Amlogic-no.aarch64-22/toolchain/lib/libexpat.so.1
-- Installing: /work/build.CoreELEC-Amlogic-no.aarch64-22/toolchain/lib/libexpat.so
-- Installing: /work/build.CoreELEC-Amlogic-no.aarch64-22/toolchain/include/expat.h
-- Installing: /work/build.CoreELEC-Amlogic-no.aarch64-22/toolchain/include/expat_external.h
-- Installing: /work/build.CoreELEC-Amlogic-no.aarch64-22/toolchain/lib/pkgconfig/expat.pc
-- Installing: /work/build.CoreELEC-Amlogic-no.aarch64-22/toolchain/share/doc/expat/AUTHORS
-- Installing: /work/build.CoreELEC-Amlogic-no.aarch64-22/toolchain/share/doc/expat/changelog
-- Installing: /work/build.CoreELEC-Amlogic-no.aarch64-22/toolchain/lib/cmake/expat-2.8.4/expat-config.cmake
-- Installing: /work/build.CoreELEC-Amlogic-no.aarch64-22/toolchain/lib/cmake/expat-2.8.4/expat-config-version.cmake
-- Installing: /work/build.CoreELEC-Amlogic-no.aarch64-22/toolchain/lib/cmake/expat-2.8.4/expat.cmake
-- Installing: /work/build.CoreELEC-Amlogic-no.aarch64-22/toolchain/lib/cmake/expat-2.8.4/expat-release.cmake
>>> expat:host seq 94 >>>
[084/370] [DONE] build   expat:host
<<< kmod:host seq 88 <<<
[1;36mGET[0m      kmod (archive)
    [1;36mGET[0m      kmod [primary] https://www.kernel.org/pub/linux/utils/kernel/kmod/kmod-34.2.tar.xz
  % Total    % Received % Xferd  Average Speed   Time    Time     Time  Current
                                 Dload  Upload   Total   Spent    Left  Speed

  0     0    0     0    0     0      0      0 --:--:-- --:--:-- --:--:--     0
100  433k  100  433k    0     0  4123k      0 --:--:-- --:--:-- --:--:-- 4127k
    [1;32mINFO[0m      Calculated checksum: 5a5d5073070cc7e0c7a7a3c6ec2a0e1780850c8b47b3e3892226b93ffcb9cb54
[1;36mUNPACK[0m      kmod
    [1;32mAPPLY PATCH [1;37m(common)[0m[0m      packages/sysutils/kmod/patches/0001-fix-pkgconf.patch
patching file libkmod/libkmod.pc.in
    [1;33mFIXCONFIG[0m      /work/build.CoreELEC-Amlogic-no.aarch64-22/build/kmod-34.2/build-aux/
[1;33mBUILD[0m      kmod [1;37m(host)[0m
    [1;35mTOOLCHAIN[0m      meson (auto-detect)
Executing (host): meson setup --prefix=/work/build.CoreELEC-Amlogic-no.aarch64-22/toolchain --bindir=/work/build.CoreELEC-Amlogic-no.aarch64-22/toolchain/bin --sbindir=/work/build.CoreELEC-Amlogic-no.aarch64-22/toolchain/sbin --sysconfdir=/work/build.CoreELEC-Amlogic-no.aarch64-22/toolchain/etc --libdir=/work/build.CoreELEC-Amlogic-no.aarch64-22/toolchain/lib --libexecdir=/work/build.CoreELEC-Amlogic-no.aarch64-22/toolchain/lib --localstatedir=/work/build.CoreELEC-Amlogic-no.aarch64-22/toolchain/var --buildtype=plain --wrap-mode=nodownload --native-file=/work/build.CoreELEC-Amlogic-no.aarch64-22/build/kmod-34.2/.x86_64-linux-gnu/meson.conf -Dbashcompletiondir=no -Dfishcompletiondir=no -Dzshcompletiondir=no -Dzstd=disabled -Dxz=disabled -Dzlib=disabled -Dopenssl=enabled -Dtools=true -Ddebug-messages=false -Dbuild-tests=false -Dmanpages=false -Ddocs=false -Dlogging=false /work/build.CoreELEC-Amlogic-no.aarch64-22/build/kmod-34.2
The Meson build system
Version: 1.12.0
Source dir: /work/build.CoreELEC-Amlogic-no.aarch64-22/build/kmod-34.2
Build dir: /work/build.CoreELEC-Amlogic-no.aarch64-22/build/kmod-34.2/.x86_64-linux-gnu
Build type: native build
Project name: kmod
Project version: 34.2
C compiler for the host machine: /work/build.CoreELEC-Amlogic-no.aarch64-22/toolchain/bin/host-gcc (gcc 14.2.0 "gcc (Debian 14.2.0-19) 14.2.0")
C linker for the host machine: /work/build.CoreELEC-Amlogic-no.aarch64-22/toolchain/bin/host-gcc ld.bfd 2.44
Host machine cpu family: x86_64
Host machine cpu: x86_64
Checking for function "open64" : YES 
Checking for function "stat64" : YES 
Checking for function "fopen64" : YES 
Checking for function "__stat64_time64" : NO 
Checking for function "secure_getenv" : YES 
Checking whether type "struct stat" has member "st_mtim" : YES 
Header "string.h" has symbol "basename" : YES 
Header "sys/stat.h" has symbol "__xstat" : NO 
Checking if "_Static_assert" compiles: YES 
Checking if "_Noreturn" compiles: YES 
Compiler for C supports arguments -fdata-sections: YES 
Compiler for C supports arguments -fdiagnostics-show-option: YES 
Compiler for C supports arguments -ffunction-sections: YES 
Compiler for C supports arguments -fno-common: YES 
Compiler for C supports arguments -Wchar-subscripts: YES 
Compiler for C supports arguments -Wdeclaration-after-statement: YES 
Compiler for C supports arguments -Wendif-labels: YES 
Compiler for C supports arguments -Wfloat-equal: YES 
Compiler for C supports arguments -Wformat=2: YES 
Compiler for C supports arguments -Wformat-nonliteral: YES 
Compiler for C supports arguments -Wformat-security: YES 
Compiler for C supports arguments -Winit-self: YES 
Compiler for C supports arguments -Wlogical-op: YES 
Compiler for C supports arguments -Wmissing-declarations: YES 
Compiler for C supports arguments -Wmissing-include-dirs: YES 
Compiler for C supports arguments -Wmissing-noreturn: YES 
Compiler for C supports arguments -Wmissing-prototypes: YES 
Compiler for C supports arguments -Wnested-externs: YES 
Compiler for C supports arguments -Wno-unused-parameter: YES 
Compiler for C supports arguments -Wno-attributes=clang::suppress: YES 
Compiler for C supports arguments -Wold-style-definition: YES 
Compiler for C supports arguments -Wpointer-arith: YES 
Compiler for C supports arguments -Wredundant-decls: YES 
Compiler for C supports arguments -Wshadow: YES 
Compiler for C supports arguments -Wsign-compare: YES 
Compiler for C supports arguments -Wstrict-aliasing=3: YES 
Compiler for C supports arguments -Wstrict-prototypes: YES 
Compiler for C supports arguments -Wtype-limits: YES 
Compiler for C supports arguments -Wundef: YES 
Compiler for C supports arguments -Wuninitialized: YES 
Compiler for C supports arguments -Wvla: YES 
Compiler for C supports arguments -Wwrite-strings: YES 
Compiler for C supports link arguments -Wl,--gc-sections: YES 
Dependency libzstd for host machine skipped: feature zstd disabled
Dependency liblzma for host machine skipped: feature xz disabled
Dependency zlib for host machine skipped: feature zlib disabled
Found pkg-config: YES (/work/build.CoreELEC-Amlogic-no.aarch64-22/toolchain/bin/pkg-config) 0.29.2
Run-time dependency libcrypto found: YES 3.6.4
Configuring config.h using configuration
Checking for function "dlopen" : YES 
Found pkg-config: YES (/work/build.CoreELEC-Amlogic-no.aarch64-22/toolchain/bin/pkg-config) 0.29.2
Build targets in project: 10

kmod 34.2

  Directories
    prefix           : /work/build.CoreELEC-Amlogic-no.aarch64-22/toolchain
    sysconfdir       : /work/build.CoreELEC-Amlogic-no.aarch64-22/toolchain/etc
    bindir           : /work/build.CoreELEC-Amlogic-no.aarch64-22/toolchain/bin
    sbindir          : /work/build.CoreELEC-Amlogic-no.aarch64-22/toolchain/sbin
    includedir       : /work/build.CoreELEC-Amlogic-no.aarch64-22/toolchain/include
    libdir           : /work/build.CoreELEC-Amlogic-no.aarch64-22/toolchain/lib
    datadir          : /work/build.CoreELEC-Amlogic-no.aarch64-22/toolchain/share

  Kmod specific
    distconfdir      : /work/build.CoreELEC-Amlogic-no.aarch64-22/toolchain/lib
    moduledir        : /lib/modules

  Shell completions
    bashcompletiondir: no
    fishcompletiondir: no
    zshcompletiondir : no

  Options
    tools            : true
    logging          : false
    debug-messages   : false
    build-tests      : false
    manpages         : false
    docs             : false
    dlopen           :

    features         : -ZSTD -XZ -ZLIB +OPENSSL

  User defined options
    Native files     : /work/build.CoreELEC-Amlogic-no.aarch64-22/build/kmod-34.2/.x86_64-linux-gnu/meson.conf
    bashcompletiondir: no
    bindir           : /work/build.CoreELEC-Amlogic-no.aarch64-22/toolchain/bin
    build-tests      : false
    buildtype        : plain
    debug-messages   : false
    docs             : false
    fishcompletiondir: no
    libdir           : /work/build.CoreELEC-Amlogic-no.aarch64-22/toolchain/lib
    libexecdir       : /work/build.CoreELEC-Amlogic-no.aarch64-22/toolchain/lib
    localstatedir    : /work/build.CoreELEC-Amlogic-no.aarch64-22/toolchain/var
    logging          : false
    manpages         : false
    openssl          : enabled
    prefix           : /work/build.CoreELEC-Amlogic-no.aarch64-22/toolchain
    sbindir          : /work/build.CoreELEC-Amlogic-no.aarch64-22/toolchain/sbin
    sysconfdir       : /work/build.CoreELEC-Amlogic-no.aarch64-22/toolchain/etc
    tools            : true
    wrap_mode        : nodownload
    xz               : disabled
    zlib             : disabled
    zshcompletiondir : no
    zstd             : disabled

Found ninja-1.13.2 at /work/build.CoreELEC-Amlogic-no.aarch64-22/toolchain/bin/ninja
Executing (host): ninja 
[1/33] Compiling C object libshared.a.p/shared_array.c.o
[2/33] Compiling C object kmod.p/tools_kmod.c.o
[3/33] Compiling C object libkmod.so.2.5.1.p/libkmod_libkmod-file.c.o
[4/33] Compiling C object libkmod.so.2.5.1.p/libkmod_libkmod-builtin.c.o
[5/33] Compiling C object libshared.a.p/shared_hash.c.o
[6/33] Compiling C object kmod.p/tools_insmod.c.o
[7/33] Compiling C object kmod.p/tools_rmmod.c.o
[8/33] Compiling C object libkmod.so.2.5.1.p/libkmod_libkmod.c.o
[9/33] Compiling C object kmod.p/tools_log.c.o
[10/33] Compiling C object libkmod.so.2.5.1.p/libkmod_libkmod-list.c.o
[11/33] Compiling C object kmod.p/tools_opt.c.o
[12/33] Compiling C object kmod.p/tools_lsmod.c.o
[13/33] Compiling C object kmod.p/tools_static-nodes.c.o
[14/33] Compiling C object libshared.a.p/shared_strbuf.c.o
[15/33] Compiling C object kmod.p/tools_modinfo.c.o
[16/33] Compiling C object libshared.a.p/shared_util.c.o
[17/33] Compiling C object kmod.p/tools_modprobe.c.o
[18/33] Compiling C object libkmod.so.2.5.1.p/libkmod_libkmod-signature.c.o
[19/33] Linking static target libshared.a
[20/33] Compiling C object libkmod.so.2.5.1.p/libkmod_libkmod-elf.c.o
[21/33] Compiling C object libkmod.so.2.5.1.p/libkmod_libkmod-config.c.o
[22/33] Compiling C object libkmod.so.2.5.1.p/libkmod_libkmod-index.c.o
[23/33] Compiling C object libkmod.so.2.5.1.p/libkmod_libkmod-module.c.o
[24/33] Linking static target libkmod-internal.a
[25/33] Linking target libkmod.so.2.5.1
[26/33] Compiling C object kmod.p/tools_depmod.c.o
[27/33] Linking target kmod
[28/33] Generating depmod with a custom command
[29/33] Generating insmod with a custom command
[30/33] Generating lsmod with a custom command
[31/33] Generating modinfo with a custom command
[32/33] Generating modprobe with a custom command
[33/33] Generating rmmod with a custom command
[0/1] Installing files
Installing libkmod.so.2.5.1 to /work/build.CoreELEC-Amlogic-no.aarch64-22/toolchain/lib
Installing kmod to /work/build.CoreELEC-Amlogic-no.aarch64-22/toolchain/bin
Installing /work/build.CoreELEC-Amlogic-no.aarch64-22/build/kmod-34.2/libkmod/libkmod.h to /work/build.CoreELEC-Amlogic-no.aarch64-22/toolchain/include
Installing new directory /work/build.CoreELEC-Amlogic-no.aarch64-22/toolchain/etc/depmod.d
Installing new directory /work/build.CoreELEC-Amlogic-no.aarch64-22/toolchain/etc/modprobe.d
Installing new directory /work/build.CoreELEC-Amlogic-no.aarch64-22/toolchain/lib/depmod.d
Installing new directory /work/build.CoreELEC-Amlogic-no.aarch64-22/toolchain/lib/modprobe.d
Installing /work/build.CoreELEC-Amlogic-no.aarch64-22/build/kmod-34.2/.x86_64-linux-gnu/meson-private/libkmod.pc to /work/build.CoreELEC-Amlogic-no.aarch64-22/toolchain/lib/pkgconfig
Installing /work/build.CoreELEC-Amlogic-no.aarch64-22/build/kmod-34.2/.x86_64-linux-gnu/meson-private/kmod.pc to /work/build.CoreELEC-Amlogic-no.aarch64-22/toolchain/share/pkgconfig
Installing symlink pointing to libkmod.so.2.5.1 to /work/build.CoreELEC-Amlogic-no.aarch64-22/toolchain/lib/libkmod.so.2
Installing symlink pointing to libkmod.so.2 to /work/build.CoreELEC-Amlogic-no.aarch64-22/toolchain/lib/libkmod.so
Running custom install script '/usr/bin/sh -c mkdir -p "$DESTDIR/work/build.CoreELEC-Amlogic-no.aarch64-22/toolchain/sbin"'
Running custom install script '/usr/bin/sh -c ln -sfr "$DESTDIR/work/build.CoreELEC-Amlogic-no.aarch64-22/toolchain/bin/kmod" "$DESTDIR/work/build.CoreELEC-Amlogic-no.aarch64-22/toolchain/sbin/depmod"'
Running custom install script '/usr/bin/sh -c ln -sfr "$DESTDIR/work/build.CoreELEC-Amlogic-no.aarch64-22/toolchain/bin/kmod" "$DESTDIR/work/build.CoreELEC-Amlogic-no.aarch64-22/toolchain/sbin/insmod"'
Running custom install script '/usr/bin/sh -c ln -sfr "$DESTDIR/work/build.CoreELEC-Amlogic-no.aarch64-22/toolchain/bin/kmod" "$DESTDIR/work/build.CoreELEC-Amlogic-no.aarch64-22/toolchain/sbin/lsmod"'
Running custom install script '/usr/bin/sh -c ln -sfr "$DESTDIR/work/build.CoreELEC-Amlogic-no.aarch64-22/toolchain/bin/kmod" "$DESTDIR/work/build.CoreELEC-Amlogic-no.aarch64-22/toolchain/sbin/modinfo"'
Running custom install script '/usr/bin/sh -c ln -sfr "$DESTDIR/work/build.CoreELEC-Amlogic-no.aarch64-22/toolchain/bin/kmod" "$DESTDIR/work/build.CoreELEC-Amlogic-no.aarch64-22/toolchain/sbin/modprobe"'
Running custom install script '/usr/bin/sh -c ln -sfr "$DESTDIR/work/build.CoreELEC-Amlogic-no.aarch64-22/toolchain/bin/kmod" "$DESTDIR/work/build.CoreELEC-Amlogic-no.aarch64-22/toolchain/sbin/rmmod"'
>>> kmod:host seq 88 >>>
[085/370] [DONE] build   kmod:host
<<< libjpeg-turbo:host seq 92 <<<
[1;36mGET[0m      libjpeg-turbo (archive)
    [1;36mGET[0m      libjpeg-turbo [primary] https://github.com/libjpeg-turbo/libjpeg-turbo/releases/download/3.2.0/libjpeg-turbo-3.2.0.tar.gz
  % Total    % Received % Xferd  Average Speed   Time    Time     Time  Current
                                 Dload  Upload   Total   Spent    Left  Speed

  0     0    0     0    0     0      0      0 --:--:-- --:--:-- --:--:--     0
  0     0    0     0    0     0      0      0 --:--:-- --:--:-- --:--:--     0

100 2478k  100 2478k    0     0  5371k      0 --:--:-- --:--:-- --:--:-- 5371k
    [1;32mINFO[0m      Calculated checksum: 6f30092cef9fb839779646608f4ee14ae3cbac989c47fa05e841b0841f09878e
[1;36mUNPACK[0m      libjpeg-turbo
[1;33mBUILD[0m      libjpeg-turbo [1;37m(host)[0m
    [1;35mTOOLCHAIN[0m      cmake (auto-detect)
Executing (host): cmake -GNinja -DCMAKE_TOOLCHAIN_FILE=/work/build.CoreELEC-Amlogic-no.aarch64-22/toolchain/etc/cmake-x86_64-linux-gnu.conf -DCMAKE_INSTALL_PREFIX=/work/build.CoreELEC-Amlogic-no.aarch64-22/toolchain -DCMAKE_BUILD_TYPE=Release -DENABLE_STATIC=ON -DENABLE_SHARED=OFF -DWITH_JPEG8=ON -DWITH_SIMD=OFF /work/build.CoreELEC-Amlogic-no.aarch64-22/build/libjpeg-turbo-3.2.0
-- The C compiler identification is GNU 14.2.0
-- Detecting C compiler ABI info
-- Detecting C compiler ABI info - done
-- Check for working C compiler: /work/build.CoreELEC-Amlogic-no.aarch64-22/toolchain/bin/host-gcc - skipped
-- Detecting C compile features
-- Detecting C compile features - done
-- CMAKE_BUILD_TYPE = Release
-- VERSION = 3.2.0, BUILD = 20260906
-- 64-bit build (x86_64)
-- CMAKE_INSTALL_PREFIX = /work/build.CoreELEC-Amlogic-no.aarch64-22/toolchain
-- CMAKE_INSTALL_BINDIR = bin (/work/build.CoreELEC-Amlogic-no.aarch64-22/toolchain/bin)
-- CMAKE_INSTALL_DATAROOTDIR = share (/work/build.CoreELEC-Amlogic-no.aarch64-22/toolchain/share)
-- CMAKE_INSTALL_DOCDIR = share/doc/libjpeg-turbo (/work/build.CoreELEC-Amlogic-no.aarch64-22/toolchain/share/doc/libjpeg-turbo)
-- CMAKE_INSTALL_INCLUDEDIR = include (/work/build.CoreELEC-Amlogic-no.aarch64-22/toolchain/include)
-- CMAKE_INSTALL_LIBDIR = lib (/work/build.CoreELEC-Amlogic-no.aarch64-22/toolchain/lib)
-- CMAKE_INSTALL_MANDIR = share/man (/work/build.CoreELEC-Amlogic-no.aarch64-22/toolchain/share/man)
-- Shared libraries disabled (ENABLE_SHARED = 0)
-- Static libraries enabled (ENABLE_STATIC = 1)
-- Arithmetic decoding support enabled (WITH_ARITH_DEC = 1)
-- Arithmetic encoding support enabled (WITH_ARITH_ENC = 1)
-- TurboJPEG API library enabled (WITH_TURBOJPEG = 1)
-- TurboJPEG Java Native Access interfaces (TurboJPEG/JNA) disabled
   (WITH_JNA = )
-- Command-line tools enabled (WITH_TOOLS = 1)
-- Regression tests enabled (WITH_TESTS = 1)
-- Emulating libjpeg API/ABI v8.0 (WITH_JPEG7 = 0, WITH_JPEG8 = 1)
-- libjpeg API shared library version = 8.3.2
-- Compiler flags = -O2 -Wall -pipe -I/work/build.CoreELEC-Amlogic-no.aarch64-22/toolchain/include -Wno-format-security -march=native -fPIC -DPIC 
-- Linker flags = -Wl,-rpath,/work/build.CoreELEC-Amlogic-no.aarch64-22/toolchain/lib -L/work/build.CoreELEC-Amlogic-no.aarch64-22/toolchain/lib -fPIC 
-- Looking for sys/types.h
-- Looking for sys/types.h - found
-- Looking for stdint.h
-- Looking for stdint.h - found
-- Looking for stddef.h
-- Looking for stddef.h - found
-- Check size of size_t
-- Check size of size_t - done
-- Check size of unsigned long
-- Check size of unsigned long - done
-- Performing Test HAVE_BUILTIN_CTZL
-- Performing Test HAVE_BUILTIN_CTZL - Success
-- Performing Test HIDDEN_WORKS
-- Performing Test HIDDEN_WORKS - Success
-- HIDDEN = __attribute__((visibility("hidden")))
-- Performing Test INLINE_WORKS
-- Performing Test INLINE_WORKS - Success
-- INLINE = __inline__ __attribute__((always_inline)) (FORCE_INLINE = 1)
-- Performing Test HAVE_THREAD_LOCAL
-- Performing Test HAVE_THREAD_LOCAL - Success
-- THREAD_LOCAL = __thread
-- Performing Test HAVE_VERSION_SCRIPT
-- Performing Test HAVE_VERSION_SCRIPT - Success
-- Linker supports GNU-style version scripts
-- CMAKE_EXECUTABLE_SUFFIX = 
-- SIMD extensions: None (WITH_SIMD = 0)
-- System-supplied libspng disabled (WITH_SYSTEM_SPNG = 0)
-- System-supplied zlib disabled (WITH_SYSTEM_ZLIB = 0)
-- Looking for fmemopen
-- Looking for fmemopen - found
-- FLOATTEST8 = no-fp-contract
-- FLOATTEST12 = no-fp-contract
-- RPM architecture = x86_64, DEB architecture = amd64
-- Configuring done (1.2s)
-- Generating done (0.1s)
-- Build files have been written to: /work/build.CoreELEC-Amlogic-no.aarch64-22/build/libjpeg-turbo-3.2.0/.x86_64-linux-gnu
Executing (host): ninja 
[1/311] Building C object CMakeFiles/jpeg-static.dir/src/wrapper/jcapistd-16.c.o
[2/311] Building C object CMakeFiles/jpeg-static.dir/src/wrapper/jclossls-12.c.o
[3/311] Building C object CMakeFiles/jpeg-static.dir/src/jcomapi.c.o
[4/311] Building C object CMakeFiles/jpeg-static.dir/src/wrapper/jcmainct-16.c.o
[5/311] Building C object CMakeFiles/jpeg-static.dir/src/wrapper/jcdiffct-12.c.o
[6/311] Building C object CMakeFiles/jpeg-static.dir/src/jcicc.c.o
[7/311] Building C object CMakeFiles/jpeg-static.dir/src/wrapper/jcprepct-12.c.o
[8/311] Building C object CMakeFiles/jpeg-static.dir/src/wrapper/jcmainct-12.c.o
[9/311] Building C object CMakeFiles/jpeg-static.dir/src/jcapimin.c.o
[10/311] Building C object CMakeFiles/jpeg-static.dir/src/wrapper/jccolor-16.c.o
[11/311] Building C object CMakeFiles/jpeg-static.dir/src/jcparam.c.o
[12/311] Building C object CMakeFiles/jpeg-static.dir/src/jcphuff.c.o
[13/311] Building C object CMakeFiles/jpeg-static.dir/src/wrapper/jcdiffct-16.c.o
[14/311] Building C object CMakeFiles/jpeg-static.dir/src/wrapper/jclossls-16.c.o
[15/311] Building C object CMakeFiles/jpeg-static.dir/src/jcinit.c.o
[16/311] Building C object CMakeFiles/jpeg-static.dir/src/jcmaster.c.o
[17/311] Building C object CMakeFiles/jpeg-static.dir/src/wrapper/jcdctmgr-8.c.o
[18/311] Building C object CMakeFiles/jpeg-static.dir/src/jcmarker.c.o
[19/311] Building C object CMakeFiles/jpeg-static.dir/src/wrapper/jccolor-12.c.o
[20/311] Building C object CMakeFiles/jpeg-static.dir/src/jclhuff.c.o
[21/311] Building C object CMakeFiles/jpeg-static.dir/src/wrapper/jcprepct-16.c.o
[22/311] Building C object CMakeFiles/jpeg-static.dir/src/wrapper/jcapistd-8.c.o
[23/311] Building C object CMakeFiles/jpeg-static.dir/src/wrapper/jcapistd-12.c.o
[24/311] Building C object CMakeFiles/jpeg-static.dir/src/wrapper/jccolor-8.c.o
[25/311] Building C object CMakeFiles/jpeg-static.dir/src/wrapper/jcdiffct-8.c.o
[26/311] Building C object CMakeFiles/jpeg-static.dir/src/wrapper/jcmainct-8.c.o
[27/311] Building C object CMakeFiles/jpeg-static.dir/src/wrapper/jcprepct-8.c.o
[28/311] Building C object CMakeFiles/jpeg-static.dir/src/wrapper/jccoefct-8.c.o
[29/311] Building C object CMakeFiles/jpeg-static.dir/src/wrapper/jccoefct-12.c.o
[30/311] Building C object CMakeFiles/jpeg-static.dir/src/wrapper/jcsample-8.c.o
[31/311] Building C object CMakeFiles/jpeg-static.dir/src/jdapimin.c.o
[32/311] Building C object CMakeFiles/jpeg-static.dir/src/wrapper/jdapistd-16.c.o
[33/311] Building C object CMakeFiles/jpeg-static.dir/src/jdatasrc.c.o
[34/311] Building C object CMakeFiles/jpeg-static.dir/src/wrapper/jddctmgr-8.c.o
[35/311] Building C object CMakeFiles/jpeg-static.dir/src/wrapper/jclossls-8.c.o
[36/311] Building C object CMakeFiles/jpeg-static.dir/src/jctrans.c.o
[37/311] Building C object CMakeFiles/jpeg-static.dir/src/wrapper/jddctmgr-12.c.o
[38/311] Building C object CMakeFiles/jpeg-static.dir/src/wrapper/jcdctmgr-12.c.o
[39/311] Building C object CMakeFiles/jpeg-static.dir/src/wrapper/jcsample-16.c.o
[40/311] Building C object CMakeFiles/jpeg-static.dir/src/wrapper/jcsample-12.c.o
[41/311] Building C object CMakeFiles/jpeg-static.dir/src/wrapper/jdapistd-12.c.o
[42/311] Building C object CMakeFiles/jpeg-static.dir/src/jdatadst.c.o
[43/311] Building C object CMakeFiles/jpeg-static.dir/src/wrapper/jddiffct-16.c.o
[44/311] Building C object CMakeFiles/jpeg-static.dir/src/wrapper/jddiffct-8.c.o
[45/311] Building C object CMakeFiles/jpeg-static.dir/src/wrapper/jdapistd-8.c.o
[46/311] Building C object CMakeFiles/jpeg-static.dir/src/wrapper/jddiffct-12.c.o
[47/311] Building C object CMakeFiles/jpeg-static.dir/src/jdlhuff.c.o
[48/311] Building C object CMakeFiles/jpeg-static.dir/src/jdicc.c.o
[49/311] Building C object CMakeFiles/jpeg-static.dir/src/wrapper/jdmainct-8.c.o
[50/311] Building C object CMakeFiles/jpeg-static.dir/src/jdinput.c.o
[51/311] Building C object CMakeFiles/jpeg-static.dir/src/wrapper/jdlossls-12.c.o
[52/311] Building C object CMakeFiles/jpeg-static.dir/src/wrapper/jdcoefct-12.c.o
[53/311] Building C object CMakeFiles/jpeg-static.dir/src/jerror.c.o
[54/311] Building C object CMakeFiles/jpeg-static.dir/src/wrapper/jdpostct-16.c.o
[55/311] Building C object CMakeFiles/jpeg-static.dir/src/wrapper/jdmainct-12.c.o
[56/311] Building C object CMakeFiles/jpeg-static.dir/src/wrapper/jdpostct-12.c.o
[57/311] Building C object CMakeFiles/jpeg-static.dir/src/wrapper/jdlossls-8.c.o
[58/311] Building C object CMakeFiles/jpeg-static.dir/src/wrapper/jfdctint-8.c.o
[59/311] Building C object CMakeFiles/jpeg-static.dir/src/wrapper/jidctflt-12.c.o
[60/311] Building C object CMakeFiles/jpeg-static.dir/src/wrapper/jdcolor-8.c.o
[61/311] Building C object CMakeFiles/jpeg-static.dir/src/wrapper/jdsample-12.c.o
[62/311] Building C object CMakeFiles/jpeg-static.dir/src/jfdctflt.c.o
[63/311] Building C object CMakeFiles/jpeg-static.dir/src/wrapper/jdmainct-16.c.o
[64/311] Building C object CMakeFiles/jpeg-static.dir/src/jdmaster.c.o
[65/311] Building C object CMakeFiles/jpeg-static.dir/src/jdtrans.c.o
[66/311] Building C object CMakeFiles/jpeg-static.dir/src/wrapper/jdpostct-8.c.o
[67/311] Building C object CMakeFiles/jpeg-static.dir/src/wrapper/jdsample-8.c.o
[68/311] Building C object CMakeFiles/jpeg-static.dir/src/wrapper/jdlossls-16.c.o
[69/311] Building C object CMakeFiles/jpeg-static.dir/src/jdmarker.c.o
[70/311] Building C object CMakeFiles/jpeg-static.dir/src/wrapper/jdcoefct-8.c.o
[71/311] Building C object CMakeFiles/jpeg-static.dir/src/wrapper/jfdctint-12.c.o
[72/311] Building C object CMakeFiles/jpeg-static.dir/src/wrapper/jidctfst-8.c.o
[73/311] Building C object CMakeFiles/jpeg-static.dir/src/wrapper/jdcolor-16.c.o
[74/311] Building C object CMakeFiles/jpeg-static.dir/src/wrapper/jdsample-16.c.o
[75/311] Building C object CMakeFiles/jpeg-static.dir/src/wrapper/jfdctfst-12.c.o
[76/311] Building C object CMakeFiles/jpeg-static.dir/src/wrapper/jfdctfst-8.c.o
[77/311] Building C object CMakeFiles/jpeg-static.dir/src/jdphuff.c.o
[78/311] Building C object CMakeFiles/jpeg-static.dir/src/wrapper/jidctflt-8.c.o
[79/311] Building C object CMakeFiles/jpeg-static.dir/src/wrapper/jidctred-8.c.o
[80/311] Building C object CMakeFiles/jpeg-static.dir/src/jdhuff.c.o
[81/311] Building C object CMakeFiles/jpeg-static.dir/src/wrapper/jidctfst-12.c.o
[82/311] Building C object CMakeFiles/jpeg-static.dir/src/wrapper/jdmerge-12.c.o
[83/311] Building C object CMakeFiles/jpeg-static.dir/src/wrapper/jdmerge-8.c.o
[84/311] Building C object CMakeFiles/jpeg-static.dir/src/jmemmgr.c.o
[85/311] Building C object CMakeFiles/jpeg-static.dir/src/wrapper/jutils-8.c.o
[86/311] Building C object CMakeFiles/turbojpeg-static.dir/src/wrapper/jccolor-12.c.o
[87/311] Building C object CMakeFiles/turbojpeg-static.dir/src/wrapper/jcdctmgr-8.c.o
[88/311] Building C object CMakeFiles/jpeg-static.dir/src/wrapper/jidctred-12.c.o
[89/311] Building C object CMakeFiles/turbojpeg-static.dir/src/wrapper/jccoefct-12.c.o
[90/311] Building C object CMakeFiles/turbojpeg-static.dir/src/jcapimin.c.o
[91/311] Building C object CMakeFiles/turbojpeg-static.dir/src/wrapper/jcapistd-8.c.o
[92/311] Building C object CMakeFiles/turbojpeg-static.dir/src/wrapper/jcapistd-12.c.o
[93/311] Building C object CMakeFiles/jpeg-static.dir/src/jpeg_nbits.c.o
[94/311] Building C object CMakeFiles/turbojpeg-static.dir/src/wrapper/jcdiffct-12.c.o
[95/311] Building C object CMakeFiles/jpeg-static.dir/src/wrapper/jutils-12.c.o
[96/311] Building C object CMakeFiles/turbojpeg-static.dir/src/wrapper/jccolor-8.c.o
[97/311] Building C object CMakeFiles/turbojpeg-static.dir/src/wrapper/jccolor-16.c.o
[98/311] Building C object CMakeFiles/turbojpeg-static.dir/src/wrapper/jcdiffct-16.c.o
[99/311] Building C object CMakeFiles/jpeg-static.dir/src/wrapper/jquant1-8.c.o
[100/311] Building C object CMakeFiles/jpeg-static.dir/src/wrapper/jutils-16.c.o
[101/311] Building C object CMakeFiles/jpeg-static.dir/src/jaricom.c.o
[102/311] Building C object CMakeFiles/turbojpeg-static.dir/src/wrapper/jcapistd-16.c.o
[103/311] Building C object CMakeFiles/turbojpeg-static.dir/src/wrapper/jcdiffct-8.c.o
[104/311] Building C object CMakeFiles/turbojpeg-static.dir/src/jcicc.c.o
[105/311] Building C object CMakeFiles/turbojpeg-static.dir/src/wrapper/jclossls-12.c.o
[106/311] Building C object CMakeFiles/turbojpeg-static.dir/src/wrapper/jcmainct-8.c.o
[107/311] Building C object CMakeFiles/jpeg-static.dir/src/jmemnobs.c.o
[108/311] Building C object CMakeFiles/jpeg-static.dir/src/wrapper/jquant1-12.c.o
[109/311] Building C object CMakeFiles/turbojpeg-static.dir/src/jcparam.c.o
[110/311] Building C object CMakeFiles/turbojpeg-static.dir/src/wrapper/jcsample-8.c.o
[111/311] Building C object CMakeFiles/turbojpeg-static.dir/src/wrapper/jcdctmgr-12.c.o
[112/311] Building C object CMakeFiles/turbojpeg-static.dir/src/jcphuff.c.o
[113/311] Building C object CMakeFiles/turbojpeg-static.dir/src/wrapper/jcmainct-12.c.o
[114/311] Building C object CMakeFiles/turbojpeg-static.dir/src/jcmaster.c.o
[115/311] Building C object CMakeFiles/turbojpeg-static.dir/src/wrapper/jcsample-12.c.o
[116/311] Building C object CMakeFiles/turbojpeg-static.dir/src/wrapper/jcsample-16.c.o
[117/311] Building C object CMakeFiles/turbojpeg-static.dir/src/wrapper/jcmainct-16.c.o
[118/311] Building C object CMakeFiles/turbojpeg-static.dir/src/wrapper/jcprepct-12.c.o
[119/311] Building C object CMakeFiles/turbojpeg-static.dir/src/wrapper/jclossls-8.c.o
[120/311] Building C object CMakeFiles/turbojpeg-static.dir/src/wrapper/jclossls-16.c.o
[121/311] Building C object CMakeFiles/turbojpeg-static.dir/src/wrapper/jccoefct-8.c.o
[122/311] Building C object CMakeFiles/turbojpeg-static.dir/src/jcinit.c.o
[123/311] Building C object CMakeFiles/jpeg-static.dir/src/wrapper/jdcolor-12.c.o
[124/311] Building C object CMakeFiles/turbojpeg-static.dir/src/jcmarker.c.o
[125/311] Building C object CMakeFiles/turbojpeg-static.dir/src/jcomapi.c.o
[126/311] Building C object CMakeFiles/turbojpeg-static.dir/src/wrapper/jdapistd-8.c.o
[127/311] Building C object CMakeFiles/jpeg-static.dir/src/jcarith.c.o
[128/311] Building C object CMakeFiles/turbojpeg-static.dir/src/wrapper/jcprepct-16.c.o
[129/311] Building C object CMakeFiles/turbojpeg-static.dir/src/wrapper/jdcoefct-12.c.o
[130/311] Building C object CMakeFiles/turbojpeg-static.dir/src/wrapper/jdapistd-12.c.o
[131/311] Building C object CMakeFiles/turbojpeg-static.dir/src/jclhuff.c.o
[132/311] Building C object CMakeFiles/turbojpeg-static.dir/src/jctrans.c.o
[133/311] Building C object CMakeFiles/turbojpeg-static.dir/src/jdapimin.c.o
[134/311] Building C object CMakeFiles/turbojpeg-static.dir/src/wrapper/jdapistd-16.c.o
[135/311] Building C object CMakeFiles/turbojpeg-static.dir/src/jdatadst.c.o
[136/311] Building C object CMakeFiles/turbojpeg-static.dir/src/jdatasrc.c.o
[137/311] Building C object CMakeFiles/jpeg-static.dir/src/wrapper/jquant2-8.c.o
[138/311] Building C object CMakeFiles/jpeg-static.dir/src/jdarith.c.o
[139/311] Building C object CMakeFiles/turbojpeg-static.dir/src/wrapper/jcprepct-8.c.o
[140/311] Building C object CMakeFiles/turbojpeg-static.dir/src/wrapper/jddctmgr-8.c.o
[141/311] Building C object CMakeFiles/turbojpeg-static.dir/src/wrapper/jddctmgr-12.c.o
[142/311] Building C object CMakeFiles/turbojpeg-static.dir/src/wrapper/jddiffct-8.c.o
[143/311] Building C object CMakeFiles/turbojpeg-static.dir/src/jdhuff.c.o
[144/311] Building C object CMakeFiles/turbojpeg-static.dir/src/wrapper/jdcoefct-8.c.o
[145/311] Building C object CMakeFiles/turbojpeg-static.dir/src/wrapper/jdcolor-16.c.o
[146/311] Building C object CMakeFiles/turbojpeg-static.dir/src/jdinput.c.o
[147/311] Building C object CMakeFiles/turbojpeg-static.dir/src/wrapper/jdcolor-8.c.o
[148/311] Building C object CMakeFiles/turbojpeg-static.dir/src/wrapper/jdlossls-16.c.o
[149/311] Building C object CMakeFiles/turbojpeg-static.dir/src/jdlhuff.c.o
[150/311] Building C object CMakeFiles/turbojpeg-static.dir/src/jdphuff.c.o
[151/311] Building C object CMakeFiles/turbojpeg-static.dir/src/wrapper/jdmainct-12.c.o
[152/311] Building C object CMakeFiles/turbojpeg-static.dir/src/jdicc.c.o
[153/311] Building C object CMakeFiles/turbojpeg-static.dir/src/wrapper/jdlossls-12.c.o
[154/311] Building C object CMakeFiles/turbojpeg-static.dir/src/jdmaster.c.o
[155/311] Building C object CMakeFiles/jpeg-static.dir/src/wrapper/jidctint-12.c.o
[156/311] Building C object CMakeFiles/jpeg-static.dir/src/wrapper/jquant2-12.c.o
[157/311] Building C object CMakeFiles/turbojpeg-static.dir/src/wrapper/jddiffct-12.c.o
[158/311] Building C object CMakeFiles/turbojpeg-static.dir/src/wrapper/jddiffct-16.c.o
[159/311] Building C object CMakeFiles/turbojpeg-static.dir/src/wrapper/jdmainct-8.c.o
[160/311] Building C object CMakeFiles/turbojpeg-static.dir/src/wrapper/jdlossls-8.c.o
[161/311] Building C object CMakeFiles/turbojpeg-static.dir/src/wrapper/jdsample-16.c.o
[162/311] Building C object CMakeFiles/turbojpeg-static.dir/src/jerror.c.o
[163/311] Building C object CMakeFiles/turbojpeg-static.dir/src/wrapper/jfdctfst-8.c.o
[164/311] Building C object CMakeFiles/turbojpeg-static.dir/src/wrapper/jdpostct-8.c.o
[165/311] Building C object CMakeFiles/turbojpeg-static.dir/src/wrapper/jidctfst-12.c.o
[166/311] Building C object CMakeFiles/turbojpeg-static.dir/src/wrapper/jdmainct-16.c.o
[167/311] Building C object CMakeFiles/turbojpeg-static.dir/src/jdtrans.c.o
[168/311] Building C object CMakeFiles/turbojpeg-static.dir/src/wrapper/jidctint-12.c.o
[169/311] Building C object CMakeFiles/turbojpeg-static.dir/src/wrapper/jdpostct-12.c.o
[170/311] Building C object CMakeFiles/turbojpeg-static.dir/src/wrapper/jdpostct-16.c.o
[171/311] Building C object CMakeFiles/turbojpeg-static.dir/src/wrapper/jidctflt-8.c.o
[172/311] Building C object CMakeFiles/turbojpeg-static.dir/src/wrapper/jfdctint-8.c.o
[173/311] Building C object CMakeFiles/turbojpeg-static.dir/src/jpeg_nbits.c.o
[174/311] Building C object CMakeFiles/turbojpeg-static.dir/src/wrapper/jutils-8.c.o
[175/311] Building C object CMakeFiles/turbojpeg-static.dir/src/jfdctflt.c.o
[176/311] Building C object CMakeFiles/turbojpeg-static.dir/src/wrapper/jidctred-8.c.o
[177/311] Building C object CMakeFiles/turbojpeg-static.dir/src/wrapper/jfdctfst-12.c.o
[178/311] Building C object CMakeFiles/turbojpeg-static.dir/src/jmemnobs.c.o
[179/311] Building C object CMakeFiles/turbojpeg-static.dir/src/wrapper/jquant2-8.c.o
[180/311] Building C object CMakeFiles/turbojpeg-static.dir/src/wrapper/jquant2-12.c.o
[181/311] Building C object CMakeFiles/turbojpeg-static.dir/src/wrapper/jutils-16.c.o
[182/311] Building C object CMakeFiles/turbojpeg-static.dir/src/jdarith.c.o
[183/311] Building C object CMakeFiles/turbojpeg-static.dir/src/jcarith.c.o
[184/311] Building C object CMakeFiles/turbojpeg-static.dir/src/wrapper/jidctflt-12.c.o
[185/311] Building C object CMakeFiles/turbojpeg-static.dir/src/wrapper/jdsample-12.c.o
[186/311] Building C object CMakeFiles/turbojpeg-static.dir/src/wrapper/jdsample-8.c.o
[187/311] Building C object CMakeFiles/turbojpeg-static.dir/src/wrapper/jfdctint-12.c.o
[188/311] Building C object CMakeFiles/turbojpeg-static.dir/src/wrapper/jutils-12.c.o
[189/311] Building C object CMakeFiles/turbojpeg-static.dir/src/wrapper/jquant1-12.c.o
[190/311] Building C object CMakeFiles/turbojpeg-static.dir/src/wrapper/jquant1-8.c.o
[191/311] Building C object CMakeFiles/turbojpeg-static.dir/src/wrapper/jdmerge-8.c.o
[192/311] Building C object CMakeFiles/turbojpeg-static.dir/src/wrapper/jdcolor-12.c.o
[193/311] Building C object CMakeFiles/turbojpeg-static.dir/src/wrapper/jidctfst-8.c.o
[194/311] Building C object CMakeFiles/turbojpeg-static.dir/src/wrapper/jidctred-12.c.o
[195/311] Building C object CMakeFiles/turbojpeg-static.dir/src/jdatasrc-tj.c.o
[196/311] Building C object CMakeFiles/turbojpeg-static.dir/src/jmemmgr.c.o
[197/311] Building C object CMakeFiles/turbojpeg-static.dir/src/jdmarker.c.o
[198/311] Building C object CMakeFiles/turbojpeg-static.dir/src/jaricom.c.o
[199/311] Building C object CMakeFiles/jpeg-static.dir/src/wrapper/jidctint-8.c.o
[200/311] Building C object CMakeFiles/turbojpeg-static.dir/src/wrapper/jdmerge-12.c.o
[201/311] Building C object CMakeFiles/turbojpeg-static.dir/src/jdatadst-tj.c.o
[202/311] Building C object CMakeFiles/turbojpeg-static.dir/src/wrbmp.c.o
[203/311] Building C object CMakeFiles/turbojpeg-static.dir/src/wrapper/rdpng-16.c.o
[204/311] Building C object CMakeFiles/turbojpeg-static.dir/src/wrapper/rdppm-8.c.o
[205/311] Building C object CMakeFiles/turbojpeg-static.dir/src/rdbmp.c.o
[206/311] Building C object CMakeFiles/turbojpeg-static.dir/src/wrapper/wrpng-12.c.o
[207/311] Building C object src/spng/CMakeFiles/zlib-static.dir/zlib/crc32.c.o
[208/311] Building C object CMakeFiles/turbojpeg-static.dir/src/wrapper/rdpng-8.c.o
[209/311] Building C object CMakeFiles/turbojpeg-static.dir/src/wrapper/wrpng-8.c.o
[210/311] Building C object CMakeFiles/turbojpeg-static.dir/src/wrapper/wrpng-16.c.o
[211/311] Building C object src/spng/CMakeFiles/zlib-static.dir/zlib/compress.c.o
[212/311] Building C object src/spng/CMakeFiles/zlib-static.dir/zlib/inffast.c.o
[213/311] Building C object CMakeFiles/turbojpeg-static.dir/src/wrapper/wrppm-16.c.o
[214/311] Building C object CMakeFiles/turbojpeg-static.dir/src/wrapper/wrppm-8.c.o
[215/311] Building C object CMakeFiles/tjbench-static.dir/src/tjutil.c.o
[216/311] Building C object src/spng/CMakeFiles/zlib-static.dir/zlib/deflate.c.o
[217/311] Building C object src/spng/CMakeFiles/zlib-static.dir/zlib/adler32.c.o
[218/311] Building C object CMakeFiles/tjunittest-static.dir/src/tjutil.c.o
[219/311] Building C object CMakeFiles/turbojpeg-static.dir/src/wrapper/rdppm-12.c.o
[220/311] Building C object CMakeFiles/turbojpeg-static.dir/src/wrapper/rdppm-16.c.o
[221/311] Building C object CMakeFiles/turbojpeg-static.dir/src/wrapper/wrppm-12.c.o
[222/311] Building C object src/spng/CMakeFiles/zlib-static.dir/zlib/inftrees.c.o
[223/311] Building C object src/spng/CMakeFiles/zlib-static.dir/zlib/zutil.c.o
[224/311] Building C object CMakeFiles/tjunittest-static.dir/src/md5/md5hl.c.o
[225/311] Building C object CMakeFiles/turbojpeg-static.dir/src/wrapper/rdpng-12.c.o
[226/311] Building C object CMakeFiles/tjunittest-static.dir/src/md5/md5.c.o
[227/311] Building C object src/spng/CMakeFiles/zlib-static.dir/zlib/inflate.c.o
[228/311] Building C object src/spng/CMakeFiles/zlib-static.dir/zlib/trees.c.o
[229/311] Building C object CMakeFiles/cjpeg-static.dir/src/rdbmp.c.o
[230/311] Building C object CMakeFiles/turbojpeg-static.dir/src/transupp.c.o
[231/311] Building C object CMakeFiles/cjpeg-static.dir/src/cdjpeg.c.o
[232/311] Building C object CMakeFiles/tjunittest-static.dir/src/tjunittest.c.o
[233/311] Building C object CMakeFiles/cjpeg-static.dir/src/rdswitch.c.o
[234/311] Building C object CMakeFiles/djpeg-static.dir/src/cdjpeg.c.o
[235/311] Building C object CMakeFiles/cjpeg-static.dir/src/rdtarga.c.o
[236/311] Building C object CMakeFiles/djpeg-static.dir/src/wrapper/wrpng-12.c.o
[237/311] Building C object CMakeFiles/djpeg-static.dir/src/wrbmp.c.o
[238/311] Building C object CMakeFiles/djpeg-static.dir/src/wrapper/wrppm-8.c.o
[239/311] Building C object CMakeFiles/cjpeg-static.dir/src/rdgif.c.o
[240/311] Building C object CMakeFiles/jpegtran-static.dir/src/transupp.c.o
[241/311] Building C object CMakeFiles/djpeg-static.dir/src/rdswitch.c.o
[242/311] Building C object CMakeFiles/bmpsizetest-static.dir/src/wrbmp.c.o
[243/311] Building C object CMakeFiles/cjpeg-static.dir/src/wrapper/rdpng-12.c.o
[244/311] Building C object CMakeFiles/djpeg-static.dir/src/wrapper/rdcolmap-8.c.o
[245/311] Building C object CMakeFiles/djpeg-static.dir/src/wrapper/wrpng-8.c.o
[246/311] Building C object CMakeFiles/bmpsizetest-static.dir/src/wrapper/wrgif-8.c.o
[247/311] Building C object CMakeFiles/bmpsizetest-static.dir/src/wrapper/wrgif-12.c.o
[248/311] Building C object CMakeFiles/cjpeg-static.dir/src/cjpeg.c.o
[249/311] Building C object CMakeFiles/djpeg-static.dir/src/wrapper/wrgif-12.c.o
[250/311] Building C object CMakeFiles/djpeg-static.dir/src/wrapper/rdcolmap-12.c.o
[251/311] Building C object CMakeFiles/cjpeg-static.dir/src/wrapper/rdpng-16.c.o
[252/311] Building C object CMakeFiles/djpeg-static.dir/src/wrapper/wrgif-8.c.o
[253/311] Building C object CMakeFiles/bmpsizetest-static.dir/src/wrapper/rdpng-12.c.o
[254/311] Building C object CMakeFiles/bmpsizetest-static.dir/src/rdgif.c.o
[255/311] Building C object CMakeFiles/bmpsizetest-static.dir/src/wrapper/wrppm-16.c.o
[256/311] Building C object CMakeFiles/cjpeg-static.dir/src/wrapper/rdpng-8.c.o
[257/311] Building C object CMakeFiles/djpeg-static.dir/src/wrapper/wrppm-16.c.o
[258/311] Building C object CMakeFiles/bmpsizetest-static.dir/src/rdtarga.c.o
[259/311] Building C object CMakeFiles/bmpsizetest-static.dir/src/wrtarga.c.o
[260/311] Building C object CMakeFiles/djpeg-static.dir/src/wrtarga.c.o
[261/311] Building C object CMakeFiles/djpeg-static.dir/src/wrapper/wrppm-12.c.o
[262/311] Building C object CMakeFiles/jpegtran-static.dir/src/rdswitch.c.o
[263/311] Building C object CMakeFiles/cjpeg-static.dir/src/wrapper/rdppm-12.c.o
[264/311] Building C object CMakeFiles/bmpsizetest-static.dir/src/wrapper/rdppm-12.c.o
[265/311] Building C object src/md5/CMakeFiles/md5cmp.dir/md5hl.c.o
[266/311] Building C object CMakeFiles/bmpsizetest-static.dir/src/wrapper/rdpng-8.c.o
[267/311] Building C object src/md5/CMakeFiles/md5cmp.dir/md5.c.o
[268/311] Building C object CMakeFiles/bmpsizetest-static.dir/src/wrapper/wrppm-12.c.o
[269/311] Building C object src/md5/CMakeFiles/md5sum.dir/md5.c.o
[270/311] Building C object src/md5/CMakeFiles/md5sum.dir/md5hl.c.o
[271/311] Building C object CMakeFiles/bmpsizetest-static.dir/src/wrapper/wrpng-16.c.o
[272/311] Building C object CMakeFiles/jpegtran-static.dir/src/cdjpeg.c.o
[273/311] Building C object CMakeFiles/bmpsizetest-static.dir/src/wrapper/rdpng-16.c.o
[274/311] Building C object CMakeFiles/djpeg-static.dir/src/wrapper/wrpng-16.c.o
[275/311] Building C object CMakeFiles/cjpeg-static.dir/src/wrapper/rdppm-16.c.o
[276/311] Building C object CMakeFiles/jpegtran-static.dir/src/jpegtran.c.o
[277/311] Building C object CMakeFiles/example-static.dir/src/example.c.o
[278/311] Building C object CMakeFiles/bmpsizetest-static.dir/src/rdbmp.c.o
[279/311] Building C object CMakeFiles/bmpsizetest-static.dir/src/wrapper/wrpng-12.c.o
[280/311] Building C object CMakeFiles/rdjpgcom.dir/src/rdjpgcom.c.o
[281/311] Building C object src/md5/CMakeFiles/md5sum.dir/md5sum.c.o
[282/311] Building C object CMakeFiles/djpeg-static.dir/src/djpeg.c.o
[283/311] Linking C executable rdjpgcom
[284/311] Linking C executable test/md5sum
[285/311] Building C object CMakeFiles/wrjpgcom.dir/src/wrjpgcom.c.o
[286/311] Building C object CMakeFiles/cjpeg-static.dir/src/wrapper/rdppm-8.c.o
[287/311] Building C object CMakeFiles/bmpsizetest-static.dir/src/bmpsizetest.c.o
[288/311] Building C object CMakeFiles/bmpsizetest-static.dir/src/wrapper/wrppm-8.c.o
[289/311] Building C object CMakeFiles/bmpsizetest-static.dir/src/wrapper/rdppm-16.c.o
[290/311] Building C object src/md5/CMakeFiles/md5cmp.dir/md5cmp.c.o
[291/311] Building C object CMakeFiles/jpeg-static.dir/src/jchuff.c.o
[292/311] Building C object CMakeFiles/strtest.dir/src/strtest.c.o
[293/311] Building C object CMakeFiles/turbojpeg-static.dir/src/wrapper/jidctint-8.c.o
[294/311] Building C object CMakeFiles/bmpsizetest-static.dir/src/wrapper/rdppm-8.c.o
[295/311] Linking C executable wrjpgcom
[296/311] Building C object CMakeFiles/bmpsizetest-static.dir/src/wrapper/wrpng-8.c.o
[297/311] Linking C executable test/md5cmp
[298/311] Linking C executable strtest
[299/311] Linking C static library libjpeg.a
[300/311] Linking C executable example-static
[301/311] Linking C executable jpegtran-static
[302/311] Building C object CMakeFiles/tjbench-static.dir/src/tjbench.c.o
[303/311] Building C object CMakeFiles/turbojpeg-static.dir/src/turbojpeg.c.o
[304/311] Building C object src/spng/CMakeFiles/spng-static.dir/spng.c.o
[305/311] Linking C executable bmpsizetest-static
[306/311] Linking C executable cjpeg-static
[307/311] Linking C executable djpeg-static
[308/311] Building C object CMakeFiles/turbojpeg-static.dir/src/jchuff.c.o
[309/311] Linking C static library libturbojpeg.a
[310/311] Linking C executable tjunittest-static
[311/311] Linking C executable tjbench-static
[0/1] Install the project...
-- Install configuration: "Release"
-- Installing: /work/build.CoreELEC-Amlogic-no.aarch64-22/toolchain/lib/libturbojpeg.a
-- Installing: /work/build.CoreELEC-Amlogic-no.aarch64-22/toolchain/bin/tjbench
-- Installing: /work/build.CoreELEC-Amlogic-no.aarch64-22/toolchain/include/turbojpeg.h
-- Installing: /work/build.CoreELEC-Amlogic-no.aarch64-22/toolchain/lib/libjpeg.a
-- Installing: /work/build.CoreELEC-Amlogic-no.aarch64-22/toolchain/bin/cjpeg
-- Installing: /work/build.CoreELEC-Amlogic-no.aarch64-22/toolchain/bin/djpeg
-- Installing: /work/build.CoreELEC-Amlogic-no.aarch64-22/toolchain/bin/jpegtran
-- Installing: /work/build.CoreELEC-Amlogic-no.aarch64-22/toolchain/bin/rdjpgcom
-- Installing: /work/build.CoreELEC-Amlogic-no.aarch64-22/toolchain/bin/wrjpgcom
-- Installing: /work/build.CoreELEC-Amlogic-no.aarch64-22/toolchain/share/doc/libjpeg-turbo/README.ijg
-- Installing: /work/build.CoreELEC-Amlogic-no.aarch64-22/toolchain/share/doc/libjpeg-turbo/README.md
-- Installing: /work/build.CoreELEC-Amlogic-no.aarch64-22/toolchain/share/doc/libjpeg-turbo/example.c
-- Installing: /work/build.CoreELEC-Amlogic-no.aarch64-22/toolchain/share/doc/libjpeg-turbo/libjpeg.txt
-- Installing: /work/build.CoreELEC-Amlogic-no.aarch64-22/toolchain/share/doc/libjpeg-turbo/structure.txt
-- Installing: /work/build.CoreELEC-Amlogic-no.aarch64-22/toolchain/share/doc/libjpeg-turbo/usage.txt
-- Installing: /work/build.CoreELEC-Amlogic-no.aarch64-22/toolchain/share/doc/libjpeg-turbo/wizard.txt
-- Installing: /work/build.CoreELEC-Amlogic-no.aarch64-22/toolchain/share/doc/libjpeg-turbo/LICENSE.md
-- Installing: /work/build.CoreELEC-Amlogic-no.aarch64-22/toolchain/share/doc/libjpeg-turbo/tjcomp.c
-- Installing: /work/build.CoreELEC-Amlogic-no.aarch64-22/toolchain/share/doc/libjpeg-turbo/tjdecomp.c
-- Installing: /work/build.CoreELEC-Amlogic-no.aarch64-22/toolchain/share/doc/libjpeg-turbo/tjtran.c
-- Installing: /work/build.CoreELEC-Amlogic-no.aarch64-22/toolchain/share/man/man1/cjpeg.1
-- Installing: /work/build.CoreELEC-Amlogic-no.aarch64-22/toolchain/share/man/man1/djpeg.1
-- Installing: /work/build.CoreELEC-Amlogic-no.aarch64-22/toolchain/share/man/man1/jpegtran.1
-- Installing: /work/build.CoreELEC-Amlogic-no.aarch64-22/toolchain/share/man/man1/rdjpgcom.1
-- Installing: /work/build.CoreELEC-Amlogic-no.aarch64-22/toolchain/share/man/man1/wrjpgcom.1
-- Installing: /work/build.CoreELEC-Amlogic-no.aarch64-22/toolchain/lib/pkgconfig/libjpeg.pc
-- Installing: /work/build.CoreELEC-Amlogic-no.aarch64-22/toolchain/lib/pkgconfig/libturbojpeg.pc
-- Installing: /work/build.CoreELEC-Amlogic-no.aarch64-22/toolchain/lib/cmake/libjpeg-turbo/libjpeg-turboConfig.cmake
-- Installing: /work/build.CoreELEC-Amlogic-no.aarch64-22/toolchain/lib/cmake/libjpeg-turbo/libjpeg-turboConfigVersion.cmake
-- Installing: /work/build.CoreELEC-Amlogic-no.aarch64-22/toolchain/lib/cmake/libjpeg-turbo/libjpeg-turboTargets.cmake
-- Installing: /work/build.CoreELEC-Amlogic-no.aarch64-22/toolchain/lib/cmake/libjpeg-turbo/libjpeg-turboTargets-release.cmake
-- Installing: /work/build.CoreELEC-Amlogic-no.aarch64-22/toolchain/include/jconfig.h
-- Installing: /work/build.CoreELEC-Amlogic-no.aarch64-22/toolchain/include/jerror.h
-- Installing: /work/build.CoreELEC-Amlogic-no.aarch64-22/toolchain/include/jmorecfg.h
-- Installing: /work/build.CoreELEC-Amlogic-no.aarch64-22/toolchain/include/jpeglib.h
>>> libjpeg-turbo:host seq 92 >>>
[086/370] [DONE] build   libjpeg-turbo:host
<<< libxml2:host seq 84 <<<
[1;36mGET[0m      libxml2 (archive)
    [1;36mGET[0m      libxml2 [primary] https://gitlab.gnome.org/GNOME/libxml2/-/archive/v2.15.3/libxml2-v2.15.3.tar.bz2
  % Total    % Received % Xferd  Average Speed   Time    Time     Time  Current
                                 Dload  Upload   Total   Spent    Left  Speed

  0     0    0     0    0     0      0      0 --:--:-- --:--:-- --:--:--     0
100 2261k  100 2261k    0     0  9048k      0 --:--:-- --:--:-- --:--:-- 9083k
    [1;32mINFO[0m      Calculated checksum: 635685ed77c202daf4d20e1427f70ba75c15b8ed8093afec581c8a8022763202
[1;36mUNPACK[0m      libxml2
[1;33mBUILD[0m      libxml2 [1;37m(host)[0m
    [1;35mTOOLCHAIN[0m      cmake
Executing (host): cmake -GNinja -DCMAKE_TOOLCHAIN_FILE=/work/build.CoreELEC-Amlogic-no.aarch64-22/toolchain/etc/cmake-x86_64-linux-gnu.conf -DCMAKE_INSTALL_PREFIX=/work/build.CoreELEC-Amlogic-no.aarch64-22/toolchain -DCMAKE_BUILD_TYPE=Release -DBUILD_SHARED_LIBS=ON -DLIBXML2_WITH_ICONV=OFF -DLIBXML2_WITH_ICU=OFF -DLIBXML2_WITH_TESTS=OFF -DLIBXML2_WITH_THREADS=ON -DLIBXML2_WITH_PYTHON=OFF -DLIBXML2_WITH_ZLIB=OFF /work/build.CoreELEC-Amlogic-no.aarch64-22/build/libxml2-2.15.3
-- The C compiler identification is GNU 14.2.0
-- Detecting C compiler ABI info
-- Detecting C compiler ABI info - done
-- Check for working C compiler: /work/build.CoreELEC-Amlogic-no.aarch64-22/toolchain/bin/host-gcc - skipped
-- Detecting C compile features
-- Detecting C compile features - done
-- Found PkgConfig: /work/build.CoreELEC-Amlogic-no.aarch64-22/toolchain/bin/pkg-config (found version "0.29.2")
-- Performing Test CMAKE_HAVE_LIBC_PTHREAD
-- Performing Test CMAKE_HAVE_LIBC_PTHREAD - Success
-- Found Threads: TRUE
-- Performing Test HAVE_FUNC_ATTRIBUTE_DESTRUCTOR
-- Performing Test HAVE_FUNC_ATTRIBUTE_DESTRUCTOR - Success
-- Looking for getentropy
-- Looking for getentropy - found
-- Looking for glob
-- Looking for glob - found
-- Looking for mmap
-- Looking for mmap - found
-- Looking for include file stdint.h
-- Looking for include file stdint.h - found
-- Looking for dlopen
-- Looking for dlopen - found
-- Configuring done (8.5s)
-- Generating done (0.3s)
-- Build files have been written to: /work/build.CoreELEC-Amlogic-no.aarch64-22/build/libxml2-2.15.3/.x86_64-linux-gnu
Executing (host): ninja 
[1/45] Building C object CMakeFiles/LibXml2.dir/entities.c.o
[2/45] Building C object CMakeFiles/LibXml2.dir/list.c.o
[3/45] Building C object CMakeFiles/LibXml2.dir/chvalid.c.o
[4/45] Building C object CMakeFiles/LibXml2.dir/buf.c.o
[5/45] Building C object CMakeFiles/LibXml2.dir/error.c.o
[6/45] Building C object CMakeFiles/LibXml2.dir/xmlmodule.c.o
[7/45] Building C object CMakeFiles/LibXml2.dir/xmlmemory.c.o
[8/45] Building C object CMakeFiles/LibXml2.dir/threads.c.o
[9/45] Building C object CMakeFiles/LibXml2.dir/globals.c.o
[10/45] Building C object CMakeFiles/LibXml2.dir/dict.c.o
[11/45] Building C object CMakeFiles/LibXml2.dir/hash.c.o
[12/45] Building C object CMakeFiles/LibXml2.dir/xmlstring.c.o
[13/45] Building C object CMakeFiles/LibXml2.dir/xmlIO.c.o
[14/45] Building C object CMakeFiles/LibXml2.dir/xlink.c.o
[15/45] Building C object CMakeFiles/LibXml2.dir/HTMLtree.c.o
[16/45] Building C object CMakeFiles/LibXml2.dir/pattern.c.o
[17/45] Building C object CMakeFiles/xmllint.dir/lintmain.c.o
[18/45] Building C object CMakeFiles/xmllint.dir/shell.c.o
[19/45] Building C object CMakeFiles/xmlcatalog.dir/xmlcatalog.c.o
[20/45] Building C object CMakeFiles/LibXml2.dir/xmlsave.c.o
[21/45] Building C object CMakeFiles/LibXml2.dir/xpointer.c.o
[22/45] Building C object CMakeFiles/LibXml2.dir/parserInternals.c.o
[23/45] Building C object CMakeFiles/LibXml2.dir/c14n.c.o
[24/45] Building C object CMakeFiles/LibXml2.dir/HTMLparser.c.o
[25/45] Building C object CMakeFiles/LibXml2.dir/debugXML.c.o
[26/45] Building C object CMakeFiles/LibXml2.dir/SAX2.c.o
[27/45] Building C object CMakeFiles/LibXml2.dir/encoding.c.o
[28/45] Building C object CMakeFiles/LibXml2.dir/catalog.c.o
[29/45] Building C object CMakeFiles/LibXml2.dir/xmlregexp.c.o
[30/45] Building C object CMakeFiles/LibXml2.dir/xmlreader.c.o
[31/45] Building C object CMakeFiles/LibXml2.dir/xmlwriter.c.o
[32/45] Building C object CMakeFiles/xmllint.dir/xmllint.c.o
[33/45] Building C object CMakeFiles/LibXml2.dir/xinclude.c.o
[34/45] Building C object CMakeFiles/LibXml2.dir/uri.c.o
[35/45] Building C object CMakeFiles/LibXml2.dir/valid.c.o
[36/45] Building C object CMakeFiles/LibXml2.dir/tree.c.o
[37/45] Building C object CMakeFiles/LibXml2.dir/xmlschemastypes.c.o
[38/45] Building C object CMakeFiles/LibXml2.dir/parser.c.o
[39/45] Building C object CMakeFiles/LibXml2.dir/xpath.c.o
[40/45] Building C object CMakeFiles/LibXml2.dir/relaxng.c.o
[41/45] Building C object CMakeFiles/LibXml2.dir/xmlschemas.c.o
[42/45] Linking C shared library libxml2.so.16.1.3
[43/45] Creating library symlink libxml2.so.16 libxml2.so
[44/45] Linking C executable xmlcatalog
[45/45] Linking C executable xmllint
[0/1] Install the project...
-- Install configuration: "Release"
-- Installing: /work/build.CoreELEC-Amlogic-no.aarch64-22/toolchain/include/libxml2/libxml/c14n.h
-- Installing: /work/build.CoreELEC-Amlogic-no.aarch64-22/toolchain/include/libxml2/libxml/catalog.h
-- Installing: /work/build.CoreELEC-Amlogic-no.aarch64-22/toolchain/include/libxml2/libxml/chvalid.h
-- Installing: /work/build.CoreELEC-Amlogic-no.aarch64-22/toolchain/include/libxml2/libxml/debugXML.h
-- Installing: /work/build.CoreELEC-Amlogic-no.aarch64-22/toolchain/include/libxml2/libxml/dict.h
-- Installing: /work/build.CoreELEC-Amlogic-no.aarch64-22/toolchain/include/libxml2/libxml/encoding.h
-- Installing: /work/build.CoreELEC-Amlogic-no.aarch64-22/toolchain/include/libxml2/libxml/entities.h
-- Installing: /work/build.CoreELEC-Amlogic-no.aarch64-22/toolchain/include/libxml2/libxml/globals.h
-- Installing: /work/build.CoreELEC-Amlogic-no.aarch64-22/toolchain/include/libxml2/libxml/hash.h
-- Installing: /work/build.CoreELEC-Amlogic-no.aarch64-22/toolchain/include/libxml2/libxml/HTMLparser.h
-- Installing: /work/build.CoreELEC-Amlogic-no.aarch64-22/toolchain/include/libxml2/libxml/HTMLtree.h
-- Installing: /work/build.CoreELEC-Amlogic-no.aarch64-22/toolchain/include/libxml2/libxml/list.h
-- Installing: /work/build.CoreELEC-Amlogic-no.aarch64-22/toolchain/include/libxml2/libxml/nanoftp.h
-- Installing: /work/build.CoreELEC-Amlogic-no.aarch64-22/toolchain/include/libxml2/libxml/nanohttp.h
-- Installing: /work/build.CoreELEC-Amlogic-no.aarch64-22/toolchain/include/libxml2/libxml/parser.h
-- Installing: /work/build.CoreELEC-Amlogic-no.aarch64-22/toolchain/include/libxml2/libxml/parserInternals.h
-- Installing: /work/build.CoreELEC-Amlogic-no.aarch64-22/toolchain/include/libxml2/libxml/pattern.h
-- Installing: /work/build.CoreELEC-Amlogic-no.aarch64-22/toolchain/include/libxml2/libxml/relaxng.h
-- Installing: /work/build.CoreELEC-Amlogic-no.aarch64-22/toolchain/include/libxml2/libxml/SAX.h
-- Installing: /work/build.CoreELEC-Amlogic-no.aarch64-22/toolchain/include/libxml2/libxml/SAX2.h
-- Installing: /work/build.CoreELEC-Amlogic-no.aarch64-22/toolchain/include/libxml2/libxml/schemasInternals.h
-- Installing: /work/build.CoreELEC-Amlogic-no.aarch64-22/toolchain/include/libxml2/libxml/schematron.h
-- Installing: /work/build.CoreELEC-Amlogic-no.aarch64-22/toolchain/include/libxml2/libxml/threads.h
-- Installing: /work/build.CoreELEC-Amlogic-no.aarch64-22/toolchain/include/libxml2/libxml/tree.h
-- Installing: /work/build.CoreELEC-Amlogic-no.aarch64-22/toolchain/include/libxml2/libxml/uri.h
-- Installing: /work/build.CoreELEC-Amlogic-no.aarch64-22/toolchain/include/libxml2/libxml/valid.h
-- Installing: /work/build.CoreELEC-Amlogic-no.aarch64-22/toolchain/include/libxml2/libxml/xinclude.h
-- Installing: /work/build.CoreELEC-Amlogic-no.aarch64-22/toolchain/include/libxml2/libxml/xlink.h
-- Installing: /work/build.CoreELEC-Amlogic-no.aarch64-22/toolchain/include/libxml2/libxml/xmlIO.h
-- Installing: /work/build.CoreELEC-Amlogic-no.aarch64-22/toolchain/include/libxml2/libxml/xmlautomata.h
-- Installing: /work/build.CoreELEC-Amlogic-no.aarch64-22/toolchain/include/libxml2/libxml/xmlerror.h
-- Installing: /work/build.CoreELEC-Amlogic-no.aarch64-22/toolchain/include/libxml2/libxml/xmlexports.h
-- Installing: /work/build.CoreELEC-Amlogic-no.aarch64-22/toolchain/include/libxml2/libxml/xmlmemory.h
-- Installing: /work/build.CoreELEC-Amlogic-no.aarch64-22/toolchain/include/libxml2/libxml/xmlmodule.h
-- Installing: /work/build.CoreELEC-Amlogic-no.aarch64-22/toolchain/include/libxml2/libxml/xmlreader.h
-- Installing: /work/build.CoreELEC-Amlogic-no.aarch64-22/toolchain/include/libxml2/libxml/xmlregexp.h
-- Installing: /work/build.CoreELEC-Amlogic-no.aarch64-22/toolchain/include/libxml2/libxml/xmlsave.h
-- Installing: /work/build.CoreELEC-Amlogic-no.aarch64-22/toolchain/include/libxml2/libxml/xmlschemas.h
-- Installing: /work/build.CoreELEC-Amlogic-no.aarch64-22/toolchain/include/libxml2/libxml/xmlschemastypes.h
-- Installing: /work/build.CoreELEC-Amlogic-no.aarch64-22/toolchain/include/libxml2/libxml/xmlstring.h
-- Installing: /work/build.CoreELEC-Amlogic-no.aarch64-22/toolchain/include/libxml2/libxml/xmlunicode.h
-- Installing: /work/build.CoreELEC-Amlogic-no.aarch64-22/toolchain/include/libxml2/libxml/xmlwriter.h
-- Installing: /work/build.CoreELEC-Amlogic-no.aarch64-22/toolchain/include/libxml2/libxml/xpath.h
-- Installing: /work/build.CoreELEC-Amlogic-no.aarch64-22/toolchain/include/libxml2/libxml/xpathInternals.h
-- Installing: /work/build.CoreELEC-Amlogic-no.aarch64-22/toolchain/include/libxml2/libxml/xpointer.h
-- Installing: /work/build.CoreELEC-Amlogic-no.aarch64-22/toolchain/lib/libxml2.so.16.1.3
-- Installing: /work/build.CoreELEC-Amlogic-no.aarch64-22/toolchain/lib/libxml2.so.16
-- Installing: /work/build.CoreELEC-Amlogic-no.aarch64-22/toolchain/lib/libxml2.so
-- Installing: /work/build.CoreELEC-Amlogic-no.aarch64-22/toolchain/bin/xmllint
-- Set non-toolchain portion of runtime path of "/work/build.CoreELEC-Amlogic-no.aarch64-22/toolchain/bin/xmllint" to ""
-- Installing: /work/build.CoreELEC-Amlogic-no.aarch64-22/toolchain/bin/xmlcatalog
-- Set non-toolchain portion of runtime path of "/work/build.CoreELEC-Amlogic-no.aarch64-22/toolchain/bin/xmlcatalog" to ""
-- Installing: /work/build.CoreELEC-Amlogic-no.aarch64-22/toolchain/lib/cmake/libxml2/libxml2-config.cmake
-- Installing: /work/build.CoreELEC-Amlogic-no.aarch64-22/toolchain/lib/cmake/libxml2/libxml2-config-version.cmake
-- Installing: /work/build.CoreELEC-Amlogic-no.aarch64-22/toolchain/lib/cmake/libxml2/libxml2-export.cmake
-- Installing: /work/build.CoreELEC-Amlogic-no.aarch64-22/toolchain/lib/cmake/libxml2/libxml2-export-release.cmake
-- Installing: /work/build.CoreELEC-Amlogic-no.aarch64-22/toolchain/include/libxml2/libxml/xmlversion.h
-- Installing: /work/build.CoreELEC-Amlogic-no.aarch64-22/toolchain/lib/pkgconfig/libxml-2.0.pc
-- Installing: /work/build.CoreELEC-Amlogic-no.aarch64-22/toolchain/bin/xml2-config
>>> libxml2:host seq 84 >>>
[087/370] [DONE] build   libxml2:host
<<< fakeroot:host seq 87 <<<
[1;36mGET[0m      fakeroot (archive)
    [1;36mGET[0m      fakeroot [primary] http://ftp.debian.org/debian/pool/main/f/fakeroot/fakeroot_2.1.4.orig.tar.xz
  % Total    % Received % Xferd  Average Speed   Time    Time     Time  Current
                                 Dload  Upload   Total   Spent    Left  Speed

  0     0    0     0    0     0      0      0 --:--:-- --:--:-- --:--:--     0
100  113k  100  113k    0     0  1934k      0 --:--:-- --:--:-- --:--:-- 1948k
    [1;32mINFO[0m      Calculated checksum: 0822bd5a9f0cf19d2ba0546b88b0432d4d3d9917db62c57b74044ccadba06e49
[1;36mUNPACK[0m      fakeroot
[1;33mBUILD[0m      fakeroot [1;37m(host)[0m
    [1;35mTOOLCHAIN[0m      meson (auto-detect)
Executing (host): meson setup --prefix=/work/build.CoreELEC-Amlogic-no.aarch64-22/toolchain --bindir=/work/build.CoreELEC-Amlogic-no.aarch64-22/toolchain/bin --sbindir=/work/build.CoreELEC-Amlogic-no.aarch64-22/toolchain/sbin --sysconfdir=/work/build.CoreELEC-Amlogic-no.aarch64-22/toolchain/etc --libdir=/work/build.CoreELEC-Amlogic-no.aarch64-22/toolchain/lib --libexecdir=/work/build.CoreELEC-Amlogic-no.aarch64-22/toolchain/lib --localstatedir=/work/build.CoreELEC-Amlogic-no.aarch64-22/toolchain/var --buildtype=plain --wrap-mode=nodownload --native-file=/work/build.CoreELEC-Amlogic-no.aarch64-22/build/fakeroot-2.1.4/.x86_64-linux-gnu/meson.conf -Ddocs=false /work/build.CoreELEC-Amlogic-no.aarch64-22/build/fakeroot-2.1.4
The Meson build system
Version: 1.12.0
Source dir: /work/build.CoreELEC-Amlogic-no.aarch64-22/build/fakeroot-2.1.4
Build dir: /work/build.CoreELEC-Amlogic-no.aarch64-22/build/fakeroot-2.1.4/.x86_64-linux-gnu
Build type: native build
Project name: fakeroot
Project version: 2.1.4
C compiler for the host machine: /work/build.CoreELEC-Amlogic-no.aarch64-22/toolchain/bin/host-gcc (gcc 14.2.0 "gcc (Debian 14.2.0-19) 14.2.0")
C linker for the host machine: /work/build.CoreELEC-Amlogic-no.aarch64-22/toolchain/bin/host-gcc ld.bfd 2.44
Host machine cpu family: x86_64
Host machine cpu: x86_64
Checking if "SysV IPC message queues work" runs: YES
Message: IPC method: sysv
Message: Shebang shell: /bin/sh
Message: Program prefix: 
Message: Program suffix: 
Message: Transformed fakeroot name: fakeroot
Message: Transformed faked name: faked
Message: Transformed fakeroot release name: fakeroot-0
Library dl found: YES
Has header "fcntl.h" : YES 
Has header "unistd.h" : YES 
Has header "features.h" : YES 
Has header "sys/feature_tests.h" : NO 
Has header "pthread.h" : YES 
Has header "stdint.h" : YES 
Has header "inttypes.h" : YES 
Has header "grp.h" : YES 
Has header "endian.h" : YES 
Has header "machine/endian.h" : NO 
Has header "sys/sysmacros.h" : YES 
Has header "sys/socket.h" : YES 
Has header "sys/acl.h" : NO 
Has header "sys/capability.h" : YES 
Has header "sys/xattr.h" : YES 
Has header "fts.h" : YES 
Has header "ftw.h" : YES 
Has header "sys/types.h" : YES 
Has header "dirent.h" : YES 
Has header "sys/stat.h" : YES 
Has header "sys/ipc.h" : YES 
Has header "sys/msg.h" : YES 
Has header "sys/sem.h" : YES 
Checking for type "mode_t" : YES 
Checking for type "off_t" : YES 
Checking for type "size_t" : YES 
Checking for type "id_t" : YES 
Checking for function "setenv" : YES 
Checking for function "fchmodat" : YES 
Checking for function "fchownat" : YES 
Checking for function "fstatat" : YES 
Checking for function "mkdirat" : YES 
Checking for function "mknodat" : YES 
Checking for function "openat" : YES 
Checking for function "renameat" : YES 
Checking for function "renameat2" : YES 
Checking for function "unlinkat" : YES 
Checking for function "lchmod" : YES 
Checking for function "fgetattrlist" : NO 
Checking for function "capset" : YES 
Checking for function "listxattr" : YES 
Checking for function "llistxattr" : YES 
Checking for function "flistxattr" : YES 
Checking for function "getxattr" : YES 
Checking for function "lgetxattr" : YES 
Checking for function "fgetxattr" : YES 
Checking for function "setxattr" : YES 
Checking for function "lsetxattr" : YES 
Checking for function "fsetxattr" : YES 
Checking for function "removexattr" : YES 
Checking for function "lremovexattr" : YES 
Checking for function "fremovexattr" : YES 
Checking for function "statx" : YES 
Checking for function "strdup" : YES 
Checking for function "strstr" : YES 
Checking for function "getresuid" : YES 
Checking for function "setresuid" : YES 
Checking for function "getresgid" : YES 
Checking for function "setresgid" : YES 
Checking for function "setfsuid" : YES 
Checking for function "setfsgid" : YES 
Checking for function "fts_read" : YES 
Checking for function "fts_children" : YES 
Checking for function "close_range" : YES 
Checking for function "nftw" : YES 
Checking for function "setenv" : YES 
Checking for function "unsetenv" : YES 
Header "stdlib.h" has symbol "setenv" : YES 
Header "stdlib.h" has symbol "unsetenv" : YES 
Library acl found: NO
Checking for function "acl_get_fd" : NO 
Library sec found: NO
Checking for function "acl_trivial" : NO 
Checking for type "acl_t" : NO 
Checking if "__builtin_expect" links: NO 
Checking if "readlink(ssize_t,void*,size_t)" compiles: NO 
Checking if "readlink(ssize_t,void*,int)" compiles: NO 
Checking if "readlink(ssize_t,char*,size_t)" compiles: YES 
Checking if "setgroups(size_t,...)" compiles: YES 
Checking if "union semun" compiles: NO 
Checking for function "__xmknod" : YES 
Checking if "__xmknod dev_t*" compiles: YES 
Checking for function "__xmknodat" : YES 
Checking if "__xmknodat dev_t*" compiles: YES 
Checking if "initgroups gid_t" compiles: YES 
Checking if "setreuid uid_t" compiles: YES 
Checking if "setregid gid_t" compiles: YES 
Checking if "stat struct stat*" compiles: YES 
Checking whether type "struct dirent" has member "d_off" : YES 
Checking whether type "struct dirent" has member "d_type" : YES 
Checking if "ac_check_funcs __xstat" links: YES 
Checking if "ac_check_funcs __fxstat" links: YES 
Checking if "ac_check_funcs __lxstat" links: YES 
Checking if "ac_check_funcs __fxstatat" links: YES 
Checking if "ac_check_funcs __xstat64" links: YES 
Checking if "ac_check_funcs __fxstat64" links: YES 
Checking if "ac_check_funcs __lxstat64" links: YES 
Checking if "ac_check_funcs __fxstatat64" links: YES 
Checking if "ac_check_funcs __xmknod" links: YES 
Checking if "ac_check_funcs __xmknodat" links: YES 
Checking if "ac_check_funcs __stat64_time64" links: NO 
Checking if "ac_check_funcs stat64_time64" links: NO 
Checking if "ac_check_funcs __fstat64_time64" links: NO 
Checking if "ac_check_funcs fstat64_time64" links: NO 
Checking if "ac_check_funcs __lstat64_time64" links: NO 
Checking if "ac_check_funcs lstat64_time64" links: NO 
Checking if "ac_check_funcs __fstatat64_time64" links: NO 
Checking if "ac_check_funcs fstatat64_time64" links: NO 
Configuring fakerootconfig.h using configuration
Configuring config.h using configuration
Program python3 found: YES (/work/build.CoreELEC-Amlogic-no.aarch64-22/toolchain/bin/python3)
Configuring fakeroot using configuration
Configuring defs using configuration
Program sh found: YES (/usr/bin/sh)
Program t.chmod_dev found: YES (/work/build.CoreELEC-Amlogic-no.aarch64-22/build/fakeroot-2.1.4/test/t.chmod_dev)
Program t.chmod_symlink found: YES (/work/build.CoreELEC-Amlogic-no.aarch64-22/build/fakeroot-2.1.4/test/t.chmod_symlink)
Program t.chown found: YES (/work/build.CoreELEC-Amlogic-no.aarch64-22/build/fakeroot-2.1.4/test/t.chown)
Program t.cp-a found: YES (/work/build.CoreELEC-Amlogic-no.aarch64-22/build/fakeroot-2.1.4/test/t.cp-a)
Program t.echoarg found: YES (/work/build.CoreELEC-Amlogic-no.aarch64-22/build/fakeroot-2.1.4/test/t.echoarg)
Program t.falsereturn found: YES (/work/build.CoreELEC-Amlogic-no.aarch64-22/build/fakeroot-2.1.4/test/t.falsereturn)
Program t.mknod found: YES (/work/build.CoreELEC-Amlogic-no.aarch64-22/build/fakeroot-2.1.4/test/t.mknod)
Program t.no_ld_preload found: YES (/work/build.CoreELEC-Amlogic-no.aarch64-22/build/fakeroot-2.1.4/test/t.no_ld_preload)
Program t.no_ld_preload_link found: YES (/work/build.CoreELEC-Amlogic-no.aarch64-22/build/fakeroot-2.1.4/test/t.no_ld_preload_link)
Program t.no_ld_preload_typeswitch found: YES (/work/build.CoreELEC-Amlogic-no.aarch64-22/build/fakeroot-2.1.4/test/t.no_ld_preload_typeswitch)
Program t.option found: YES (/work/build.CoreELEC-Amlogic-no.aarch64-22/build/fakeroot-2.1.4/test/t.option)
Program t.perlstat found: YES (/work/build.CoreELEC-Amlogic-no.aarch64-22/build/fakeroot-2.1.4/test/t.perlstat)
Program t.tar found: YES (/work/build.CoreELEC-Amlogic-no.aarch64-22/build/fakeroot-2.1.4/test/t.tar)
Program t.touchinstall found: YES (/work/build.CoreELEC-Amlogic-no.aarch64-22/build/fakeroot-2.1.4/test/t.touchinstall)
Program t.truereturn found: YES (/work/build.CoreELEC-Amlogic-no.aarch64-22/build/fakeroot-2.1.4/test/t.truereturn)
Program t.xattr found: YES (/work/build.CoreELEC-Amlogic-no.aarch64-22/build/fakeroot-2.1.4/test/t.xattr)
Program t.xattr2 found: YES (/work/build.CoreELEC-Amlogic-no.aarch64-22/build/fakeroot-2.1.4/test/t.xattr2)
Build targets in project: 6

fakeroot 2.1.4

  User defined options
    Native files : /work/build.CoreELEC-Amlogic-no.aarch64-22/build/fakeroot-2.1.4/.x86_64-linux-gnu/meson.conf
    bindir       : /work/build.CoreELEC-Amlogic-no.aarch64-22/toolchain/bin
    buildtype    : plain
    docs         : false
    libdir       : /work/build.CoreELEC-Amlogic-no.aarch64-22/toolchain/lib
    libexecdir   : /work/build.CoreELEC-Amlogic-no.aarch64-22/toolchain/lib
    localstatedir: /work/build.CoreELEC-Amlogic-no.aarch64-22/toolchain/var
    prefix       : /work/build.CoreELEC-Amlogic-no.aarch64-22/toolchain
    sbindir      : /work/build.CoreELEC-Amlogic-no.aarch64-22/toolchain/sbin
    sysconfdir   : /work/build.CoreELEC-Amlogic-no.aarch64-22/toolchain/etc
    wrap_mode    : nodownload

Found ninja-1.13.2 at /work/build.CoreELEC-Amlogic-no.aarch64-22/toolchain/bin/ninja
Executing (host): ninja 
[1/12] Generating wrap_headers with a custom command
[2/12] Compiling C object simple.p/simple.c.o
[3/12] Linking target simple
[4/12] Compiling C object libfakeroot-0.so.p/libfakeroot_time64_entry.c.o
[5/12] Compiling C object libfakeroot_time64.a.p/libfakeroot_time64.c.o
In file included from ../libfakeroot_time64.c:19:
./wrapped.h:235:100: warning: 'struct FTW' declared inside parameter list will not be visible outside of this definition or declaration
  235 | extern int (*next_nftw)(const char *path, int (*fn)(const char *, const struct stat *, int, struct FTW *), int fd_limit, int flags);
      |                                                                                                    ^~~
./wrapped.h:239:97: warning: 'struct statx' declared inside parameter list will not be visible outside of this definition or declaration
  239 | extern int (*next_statx)(int dir_fd, const char *pathname, int flags, unsigned int mask, struct statx *buf);
      |                                                                                                 ^~~~~
[6/12] Linking static target libfakeroot_time64.a
[7/12] Compiling C object libcommunicate.a.p/communicate.c.o
[8/12] Linking static target libcommunicate.a
[9/12] Compiling C object faked.p/faked.c.o
../faked.c: In function 'save_database':
../faked.c:620:23: warning: format '%llx' expects argument of type 'long long unsigned int', but argument 3 has type 'long unsigned int' [-Wformat=]
  620 |     fprintf(f,"dev=%llx,ino=%llu,mode=%llo,uid=%llu,gid=%llu,nlink=%llu,rdev=%llu\n",
      |                    ~~~^
      |                       |
      |                       long long unsigned int
      |                    %lx
  621 |             (uint64_t) i->buf.dev,(uint64_t) i->buf.ino,(uint64_t) i->buf.mode,
      |             ~~~~~~~~~~~~~~~~~~~~~
      |             |
      |             long unsigned int
../faked.c:620:32: warning: format '%llu' expects argument of type 'long long unsigned int', but argument 4 has type 'long unsigned int' [-Wformat=]
  620 |     fprintf(f,"dev=%llx,ino=%llu,mode=%llo,uid=%llu,gid=%llu,nlink=%llu,rdev=%llu\n",
      |                             ~~~^
      |                                |
      |                                long long unsigned int
      |                             %lu
  621 |             (uint64_t) i->buf.dev,(uint64_t) i->buf.ino,(uint64_t) i->buf.mode,
      |                                   ~~~~~~~~~~~~~~~~~~~~~
      |                                   |
      |                                   long unsigned int
../faked.c:620:42: warning: format '%llo' expects argument of type 'long long unsigned int', but argument 5 has type 'long unsigned int' [-Wformat=]
  620 |     fprintf(f,"dev=%llx,ino=%llu,mode=%llo,uid=%llu,gid=%llu,nlink=%llu,rdev=%llu\n",
      |                                       ~~~^
      |                                          |
      |                                          long long unsigned int
      |                                       %lo
  621 |             (uint64_t) i->buf.dev,(uint64_t) i->buf.ino,(uint64_t) i->buf.mode,
      |                                                         ~~~~~~~~~~~~~~~~~~~~~~
      |                                                         |
      |                                                         long unsigned int
../faked.c:620:51: warning: format '%llu' expects argument of type 'long long unsigned int', but argument 6 has type 'long unsigned int' [-Wformat=]
  620 |     fprintf(f,"dev=%llx,ino=%llu,mode=%llo,uid=%llu,gid=%llu,nlink=%llu,rdev=%llu\n",
      |                                                ~~~^
      |                                                   |
      |                                                   long long unsigned int
      |                                                %lu
  621 |             (uint64_t) i->buf.dev,(uint64_t) i->buf.ino,(uint64_t) i->buf.mode,
  622 |             (uint64_t) i->buf.uid,(uint64_t) i->buf.gid,(uint64_t) i->buf.nlink,
      |             ~~~~~~~~~~~~~~~~~~~~~                  
      |             |
      |             long unsigned int
../faked.c:620:60: warning: format '%llu' expects argument of type 'long long unsigned int', but argument 7 has type 'long unsigned int' [-Wformat=]
  620 |     fprintf(f,"dev=%llx,ino=%llu,mode=%llo,uid=%llu,gid=%llu,nlink=%llu,rdev=%llu\n",
      |                                                         ~~~^
      |                                                            |
      |                                                            long long unsigned int
      |                                                         %lu
  621 |             (uint64_t) i->buf.dev,(uint64_t) i->buf.ino,(uint64_t) i->buf.mode,
  622 |             (uint64_t) i->buf.uid,(uint64_t) i->buf.gid,(uint64_t) i->buf.nlink,
      |                                   ~~~~~~~~~~~~~~~~~~~~~     
      |                                   |
      |                                   long unsigned int
../faked.c:620:71: warning: format '%llu' expects argument of type 'long long unsigned int', but argument 8 has type 'long unsigned int' [-Wformat=]
  620 |     fprintf(f,"dev=%llx,ino=%llu,mode=%llo,uid=%llu,gid=%llu,nlink=%llu,rdev=%llu\n",
      |                                                                    ~~~^
      |                                                                       |
      |                                                                       long long unsigned int
      |                                                                    %lu
  621 |             (uint64_t) i->buf.dev,(uint64_t) i->buf.ino,(uint64_t) i->buf.mode,
  622 |             (uint64_t) i->buf.uid,(uint64_t) i->buf.gid,(uint64_t) i->buf.nlink,
      |                                                         ~~~~~~~~~~~~~~~~~~~~~~~
      |                                                         |
      |                                                         long unsigned int
../faked.c:620:81: warning: format '%llu' expects argument of type 'long long unsigned int', but argument 9 has type 'long unsigned int' [-Wformat=]
  620 |     fprintf(f,"dev=%llx,ino=%llu,mode=%llo,uid=%llu,gid=%llu,nlink=%llu,rdev=%llu\n",
      |                                                                              ~~~[088/370] [DONE] build   fakeroot:host
^
      |                                                                                 |
      |                                                                                 long long unsigned int
      |                                                                              %lu
......
  623 |             (uint64_t) i->buf.rdev);
      |             ~~~~~~~~~~~~~~~~~~~~~~                                               
      |             |
      |             long unsigned int
../faked.c: In function 'load_database':
../faked.c:661:21: warning: format '%llx' expects argument of type 'long long unsigned int *', but argument 2 has type 'uint64_t *' {aka 'long unsigned int *'} [-Wformat=]
  661 |     r=scanf("dev=%llx,ino=%llu,mode=%llo,uid=%llu,gid=%llu,nlink=%llu,rdev=%llu\n",
      |                  ~~~^
      |                     |
      |                     long long unsigned int *
      |                  %lx
  662 |             &stdev, &stino, &stmode, &stuid, &stgid, &stnlink, &strdev);
      |             ~~~~~~   
      |             |
      |             uint64_t * {aka long unsigned int *}
../faked.c:661:30: warning: format '%llu' expects argument of type 'long long unsigned int *', but argument 3 has type 'uint64_t *' {aka 'long unsigned int *'} [-Wformat=]
  661 |     r=scanf("dev=%llx,ino=%llu,mode=%llo,uid=%llu,gid=%llu,nlink=%llu,rdev=%llu\n",
      |                           ~~~^
      |                              |
      |                              long long unsigned int *
      |                           %lu
  662 |             &stdev, &stino, &stmode, &stuid, &stgid, &stnlink, &strdev);
      |                     ~~~~~~    
      |                     |
      |                     uint64_t * {aka long unsigned int *}
../faked.c:661:40: warning: format '%llo' expects argument of type 'long long unsigned int *', but argument 4 has type 'uint64_t *' {aka 'long unsigned int *'} [-Wformat=]
  661 |     r=scanf("dev=%llx,ino=%llu,mode=%llo,uid=%llu,gid=%llu,nlink=%llu,rdev=%llu\n",
      |                                     ~~~^
      |                                        |
      |                                        long long unsigned int *
      |                                     %lo
  662 |             &stdev, &stino, &stmode, &stuid, &stgid, &stnlink, &strdev);
      |                             ~~~~~~~     
      |                             |
      |                             uint64_t * {aka long unsigned int *}
../faked.c:661:49: warning: format '%llu' expects argument of type 'long long unsigned int *', but argument 5 has type 'uint64_t *' {aka 'long unsigned int *'} [-Wformat=]
  661 |     r=scanf("dev=%llx,ino=%llu,mode=%llo,uid=%llu,gid=%llu,nlink=%llu,rdev=%llu\n",
      |                                              ~~~^
      |                                                 |
      |                                                 long long unsigned int *
      |                                              %lu
  662 |             &stdev, &stino, &stmode, &stuid, &stgid, &stnlink, &strdev);
      |                                      ~~~~~~      
      |                                      |
      |                                      uint64_t * {aka long unsigned int *}
../faked.c:661:58: warning: format '%llu' expects argument of type 'long long unsigned int *', but argument 6 has type 'uint64_t *' {aka 'long unsigned int *'} [-Wformat=]
  661 |     r=scanf("dev=%llx,ino=%llu,mode=%llo,uid=%llu,gid=%llu,nlink=%llu,rdev=%llu\n",
      |                                                       ~~~^
      |                                                          |
      |                                                          long long unsigned int *
      |                                                       %lu
  662 |             &stdev, &stino, &stmode, &stuid, &stgid, &stnlink, &strdev);
      |                                              ~~~~~~       
      |                                              |
      |                                              uint64_t * {aka long unsigned int *}
../faked.c:661:69: warning: format '%llu' expects argument of type 'long long unsigned int *', but argument 7 has type 'uint64_t *' {aka 'long unsigned int *'} [-Wformat=]
  661 |     r=scanf("dev=%llx,ino=%llu,mode=%llo,uid=%llu,gid=%llu,nlink=%llu,rdev=%llu\n",
      |                                                                  ~~~^
      |                                                                     |
      |                                                                     long long unsigned int *
      |                                                                  %lu
  662 |             &stdev, &stino, &stmode, &stuid, &stgid, &stnlink, &strdev);
      |                                                      ~~~~~~~~        
      |                                                      |
      |                                                      uint64_t * {aka long unsigned int *}
../faked.c:661:79: warning: format '%llu' expects argument of type 'long long unsigned int *', but argument 8 has type 'uint64_t *' {aka 'long unsigned int *'} [-Wformat=]
  661 |     r=scanf("dev=%llx,ino=%llu,mode=%llo,uid=%llu,gid=%llu,nlink=%llu,rdev=%llu\n",
      |                                                                            ~~~^
      |                                                                               |
      |                                                                               long long unsigned int *
      |                                                                            %lu
  662 |             &stdev, &stino, &stmode, &stuid, &stgid, &stnlink, &strdev);
      |                                                                ~~~~~~~         
      |                                                                |
      |                                                                uint64_t * {aka long unsigned int *}
../faked.c: In function 'debug_stat':
../faked.c:688:31: warning: format '%llx' expects argument of type 'long long unsigned int', but argument 3 has type 'fake_dev_t' {aka 'long unsigned int'} [-Wformat=]
  688 |   fprintf(stderr,"dev:ino=(%llx:%lli), mode=0%lo, own=(%li,%li), nlink=%li, rdev=%lli\n",
      |                            ~~~^
      |                               |
      |                               long long unsigned int
      |                            %lx
  689 |           st->dev,
      |           ~~~~~~~              
      |             |
      |             fake_dev_t {aka long unsigned int}
../faked.c:688:36: warning: format '%lli' expects argument of type 'long long int', but argument 4 has type 'fake_ino_t' {aka 'long unsigned int'} [-Wformat=]
  688 |   fprintf(stderr,"dev:ino=(%llx:%lli), mode=0%lo, own=(%li,%li), nlink=%li, rdev=%lli\n",
      |                                 ~~~^
      |                                    |
      |                                    long long int
      |                                 %li
  689 |           st->dev,
  690 |           st->ino,
      |           ~~~~~~~                   
      |             |
      |             fake_ino_t {aka long unsigned int}
../faked.c:688:85: warning: format '%lli' expects argument of type 'long long int', but argument 9 has type 'fake_dev_t' {aka 'long unsigned int'} [-Wformat=]
  688 |   fprintf(stderr,"dev:ino=(%llx:%lli), mode=0%lo, own=(%li,%li), nlink=%li, rdev=%lli\n",
      |                                                                                  ~~~^
      |                                                                                     |
      |                                                                                     long long int
      |                                                                                  %li
......
  695 |           st->rdev);
      |           ~~~~~~~~                                                                   
      |             |
      |             fake_dev_t {aka long unsigned int}
../faked.c: In function 'process_setxattr':
../faked.c:952:17: warning: unused variable 'new_node' [-Wunused-variable]
  952 |   xattr_node_t *new_node = NULL;
      |                 ^~~~~~~~
../faked.c:951:18: warning: unused variable 'x_ref' [-Wunused-variable]
  951 |   xattr_node_t **x_ref = NULL;
      |                  ^~~~~
[10/12] Linking target faked
[11/12] Compiling C object libfakeroot-0.so.p/libfakeroot.c.o
../libfakeroot.c: In function 'load_library_symbols':
../libfakeroot.c:315:15: warning: variable 'msg' set but not used [-Wunused-but-set-variable]
  315 |   const char *msg;
      |               ^~~
../libfakeroot.c: In function 'getgroups':
../libfakeroot.c:1749:12: warning: 'list' may be used uninitialized [-Wmaybe-uninitialized]
 1749 |     return next_setgroups(size, list);
      |            ^~~~~~~~~~~~~~~~~~~~~~~~~~
../libfakeroot.c:1747:31: note: accessing argument 2 of a function declared with attribute 'access (write_only, 2, 1)'
 1747 | int getgroups(int size, gid_t list[]){
      |                         ~~~~~~^~~~~~
[12/12] Linking target libfakeroot-0.so
[0/1] Installing files
Installing libfakeroot-0.so to /work/build.CoreELEC-Amlogic-no.aarch64-22/toolchain/lib
Installing faked to /work/build.CoreELEC-Amlogic-no.aarch64-22/toolchain/bin
Installing /work/build.CoreELEC-Amlogic-no.aarch64-22/build/fakeroot-2.1.4/.x86_64-linux-gnu/scripts/fakeroot to /work/build.CoreELEC-Amlogic-no.aarch64-22/toolchain/bin
Installing symlink pointing to libfakeroot-0.so to /work/build.CoreELEC-Amlogic-no.aarch64-22/toolchain/lib/libfakeroot.so
>>> fakeroot:host seq 87 >>>
<<< libxslt:host seq 95 <<<
[1;36mGET[0m      libxslt (archive)
    [1;36mGET[0m      libxslt [primary] https://download.gnome.org/sources/libxslt/1.1/libxslt-1.1.45.tar.xz
  % Total    % Received % Xferd  Average Speed   Time    Time     Time  Current
                                 Dload  Upload   Total   Spent    Left  Speed

  0     0    0     0    0     0      0      0 --:--:-- --:--:-- --:--:--     0
  0     0    0     0    0     0      0      0 --:--:-- --:--:-- --:--:--     0
 52 1484k   52  783k    0     0   576k      0  0:00:02  0:00:01  0:00:01  576k
100 1484k  100 1484k    0     0   953k      0  0:00:01  0:00:01 --:--:--  952k
    [1;32mINFO[0m      Calculated checksum: 9acfe68419c4d06a45c550321b3212762d92f41465062ca4ea19e632ee5d216e
[1;36mUNPACK[0m      libxslt
    [1;33mFIXCONFIG[0m      /work/build.CoreELEC-Amlogic-no.aarch64-22/build/libxslt-1.1.45/
[1;33mBUILD[0m      libxslt [1;37m(host)[0m
    [1;35mTOOLCHAIN[0m      cmake (auto-detect)
Executing (host): cmake -GNinja -DCMAKE_TOOLCHAIN_FILE=/work/build.CoreELEC-Amlogic-no.aarch64-22/toolchain/etc/cmake-x86_64-linux-gnu.conf -DCMAKE_INSTALL_PREFIX=/work/build.CoreELEC-Amlogic-no.aarch64-22/toolchain -DCMAKE_BUILD_TYPE=Release -DBUILD_SHARED_LIBS=ON -DLIBXSLT_WITH_DEBUGGER=OFF -DLIBXSLT_WITH_CRYPTO=OFF -DLIBXSLT_WITH_MODULES=OFF -DLIBXSLT_WITH_PROFILER=ON -DLIBXSLT_WITH_PYTHON=OFF -DLIBXSLT_WITH_TESTS=OFF -DLIBXSLT_WITH_THREADS=ON -DLIBXSLT_WITH_XSLT_DEBUG=OFF /work/build.CoreELEC-Amlogic-no.aarch64-22/build/libxslt-1.1.45
-- The C compiler identification is GNU 14.2.0
-- Detecting C compiler ABI info
-- Detecting C compiler ABI info - done
-- Check for working C compiler: /work/build.CoreELEC-Amlogic-no.aarch64-22/toolchain/bin/host-gcc - skipped
-- Detecting C compile features
-- Detecting C compile features - done
-- Performing Test CMAKE_HAVE_LIBC_PTHREAD
-- Performing Test CMAKE_HAVE_LIBC_PTHREAD - Success
-- Found Threads: TRUE
-- Looking for clock_gettime
-- Looking for clock_gettime - found
-- Looking for ftime
-- Looking for ftime - found
-- Looking for gettimeofday
-- Looking for gettimeofday - found
-- Looking for gmtime_r
-- Looking for gmtime_r - found
-- Looking for include file inttypes.h
-- Looking for include file inttypes.h - found
-- Looking for pthread_join in pthread
-- Looking for pthread_join in pthread - found
-- Looking for include file locale.h
-- Looking for include file locale.h - found
-- Looking for localtime_r
-- Looking for localtime_r - found
-- Looking for include file pthread.h
-- Looking for include file pthread.h - found
-- Looking for snprintf
-- Looking for snprintf - found
-- Looking for stat
-- Looking for stat - found
-- Looking for strxfrm_l
-- Looking for strxfrm_l - found
-- Looking for include file sys/select.h
-- Looking for include file sys/select.h - found
-- Looking for include file sys/stat.h
-- Looking for include file sys/stat.h - found
-- Looking for include file sys/timeb.h
-- Looking for include file sys/timeb.h - found
-- Looking for include file sys/time.h
-- Looking for include file sys/time.h - found
-- Looking for include file sys/types.h
-- Looking for include file sys/types.h - found
-- Looking for include file unistd.h
-- Looking for include file unistd.h - found
-- Looking for vsnprintf
-- Looking for vsnprintf - found
-- Looking for include file xlocale.h
-- Looking for include file xlocale.h - not found
-- Looking for _stat
-- Looking for _stat - not found
-- Performing Test __EXTENSIONS__
-- Performing Test __EXTENSIONS__ - Success
-- Looking for include file minix/config.h
-- Looking for include file minix/config.h - not found
-- Performing Test FLAG_UNDEFINED_VERSION
-- Performing Test FLAG_UNDEFINED_VERSION - Success
-- Configuring done (2.0s)
-- Generating done (0.0s)
-- Build files have been written to: /work/build.CoreELEC-Amlogic-no.aarch64-22/build/libxslt-1.1.45/.x86_64-linux-gnu
Executing (host): ninja 
[1/35] Building C object CMakeFiles/LibExslt.dir/libexslt/crypto.c.o
[2/35] Building C object CMakeFiles/LibExslt.dir/libexslt/common.c.o
[3/35] Building C object CMakeFiles/LibXslt.dir/libxslt/security.c.o
[4/35] Building C object CMakeFiles/LibXslt.dir/libxslt/xsltlocale.c.o
[5/35] Building C object CMakeFiles/LibXslt.dir/libxslt/documents.c.o
[6/35] Building C object CMakeFiles/LibXslt.dir/libxslt/extra.c.o
[7/35] Building C object CMakeFiles/LibXslt.dir/libxslt/imports.c.o
[8/35] Building C object CMakeFiles/LibXslt.dir/libxslt/namespaces.c.o
[9/35] Building C object CMakeFiles/LibXslt.dir/libxslt/attrvt.c.o
[10/35] Building C object CMakeFiles/LibXslt.dir/libxslt/templates.c.o
[11/35] Building C object CMakeFiles/LibExslt.dir/libexslt/exslt.c.o
[12/35] Building C object CMakeFiles/LibXslt.dir/libxslt/keys.c.o
[13/35] Building C object CMakeFiles/LibXslt.dir/libxslt/attributes.c.o
[14/35] Building C object CMakeFiles/LibExslt.dir/libexslt/saxon.c.o
[15/35] Building C object CMakeFiles/LibExslt.dir/libexslt/sets.c.o
[16/35] Building C object CMakeFiles/LibExslt.dir/libexslt/dynamic.c.o
[17/35] Building C object CMakeFiles/LibXslt.dir/libxslt/functions.c.o
[18/35] Building C object CMakeFiles/LibXslt.dir/libxslt/extensions.c.o
[19/35] Building C object CMakeFiles/LibExslt.dir/libexslt/functions.c.o
[20/35] Building C object CMakeFiles/LibExslt.dir/libexslt/strings.c.o
[21/35] Building C object CMakeFiles/xsltproc.dir/xsltproc/xsltproc.c.o
[22/35] Building C object CMakeFiles/LibXslt.dir/libxslt/variables.c.o
[23/35] Building C object CMakeFiles/LibXslt.dir/libxslt/numbers.c.o
[24/35] Building C object CMakeFiles/LibXslt.dir/libxslt/preproc.c.o
[25/35] Building C object CMakeFiles/LibExslt.dir/libexslt/math.c.o
[26/35] Building C object CMakeFiles/LibXslt.dir/libxslt/xslt.c.o
[27/35] Building C object CMakeFiles/LibXslt.dir/libxslt/pattern.c.o
[28/35] Building C object CMakeFiles/LibXslt.dir/libxslt/xsltutils.c.o
[29/35] Building C object CMakeFiles/LibXslt.dir/libxslt/transform.c.o
[30/35] Linking C shared library libxslt.so.1.1.45
[31/35] Creating library symlink libxslt.so.1 libxslt.so
[32/35] Building C object CMakeFiles/LibExslt.dir/libexslt/date.c.o
[33/35] Linking C shared library libexslt.so.0.8.25
[34/35] Creating library symlink libexslt.so.0 libexslt.so
[35/35] Linking C executable xsltproc
[0/1] Install the project...
-- Install configuration: "Release"
-- Installing: /work/build.CoreELEC-Amlogic-no.aarch64-22/toolchain/include/libxslt/attributes.h
-- Installing: /work/build.CoreELEC-Amlogic-no.aarch64-22/toolchain/include/libxslt/documents.h
-- Installing: /work/build.CoreELEC-Amlogic-no.aarch64-22/toolchain/include/libxslt/extensions.h
-- Installing: /work/build.CoreELEC-Amlogic-no.aarch64-22/toolchain/include/libxslt/extra.h
-- Installing: /work/build.CoreELEC-Amlogic-no.aarch64-22/toolchain/include/libxslt/functions.h
-- Installing: /work/build.CoreELEC-Amlogic-no.aarch64-22/toolchain/include/libxslt/imports.h
-- Installing: /work/build.CoreELEC-Amlogic-no.aarch64-22/toolchain/include/libxslt/keys.h
-- Installing: /work/build.CoreELEC-Amlogic-no.aarch64-22/toolchain/include/libxslt/namespaces.h
-- Installing: /work/build.CoreELEC-Amlogic-no.aarch64-22/toolchain/include/libxslt/numbersInternals.h
-- Installing: /work/build.CoreELEC-Amlogic-no.aarch64-22/toolchain/include/libxslt/pattern.h
-- Installing: /work/build.CoreELEC-Amlogic-no.aarch64-22/toolchain/include/libxslt/preproc.h
-- Installing: /work/build.CoreELEC-Amlogic-no.aarch64-22/toolchain/include/libxslt/security.h
-- Installing: /work/build.CoreELEC-Amlogic-no.aarch64-22/toolchain/include/libxslt/templates.h
-- Installing: /work/build.CoreELEC-Amlogic-no.aarch64-22/toolchain/include/libxslt/transform.h
-- Installing: /work/build.CoreELEC-Amlogic-no.aarch64-22/toolchain/include/libxslt/transformInternals.h
-- Installing: /work/build.CoreELEC-Amlogic-no.aarch64-22/toolchain/include/libxslt/variables.h
-- Installing: /work/build.CoreELEC-Amlogic-no.aarch64-22/toolchain/include/libxslt/xslt.h
-- Installing: /work/build.CoreELEC-Amlogic-no.aarch64-22/toolchain/include/libxslt/xsltconfig.h
-- Installing: /work/build.CoreELEC-Amlogic-no.aarch64-22/toolchain/include/libxslt/xsltexports.h
-- Installing: /work/build.CoreELEC-Amlogic-no.aarch64-22/toolchain/include/libxslt/xsltInternals.h
-- Installing: /work/build.CoreELEC-Amlogic-no.aarch64-22/toolchain/include/libxslt/xsltlocale.h
-- Installing: /work/build.CoreELEC-Amlogic-no.aarch64-22/toolchain/include/libxslt/xsltutils.h
-- Installing: /work/build.CoreELEC-Amlogic-no.aarch64-22/toolchain/lib/libxslt.so.1.1.45
-- Installing: /work/build.CoreELEC-Amlogic-no.aarch64-22/toolchain/lib/libxslt.so.1
-- Installing: /work/build.CoreELEC-Amlogic-no.aarch64-22/toolchain/lib/libxslt.so
-- Installing: /work/build.CoreELEC-Amlogic-no.aarch64-22/toolchain/include/libexslt/exslt.h
-- Installing: /work/build.CoreELEC-Amlogic-no.aarch64-22/toolchain/include/libexslt/exsltconfig.h
-- Installing: /work/build.CoreELEC-Amlogic-no.aarch64-22/toolchain/include/libexslt/exsltexports.h
-- Installing: /work/build.CoreELEC-Amlogic-no.aarch64-22/toolchain/lib/libexslt.so.0.8.25
-- Installing: /work/build.CoreELEC-Amlogic-no.aarch64-22/toolchain/lib/libexslt.so.0
-- Set non-toolchain portion of runtime path of "/work/build.CoreELEC-Amlogic-no.aarch64-22/toolchain/lib/libexslt.so.0.8.25" to ""
-- Installing: /work/build.CoreELEC-Amlogic-no.aarch64-22/toolchain/lib/libexslt.so
-- Installing: /work/build.CoreELEC-Amlogic-no.aarch64-22/toolchain/bin/xsltproc
-- Set non-toolchain portion of runtime path of "/work/build.CoreELEC-Amlogic-no.aarch64-22/toolchain/bin/xsltproc" to ""
-- Installing: /work/build.CoreELEC-Amlogic-no.aarch64-22/toolchain/share/man/man3/libexslt.3
-- Installing: /work/build.CoreELEC-Amlogic-no.aarch64-22/toolchain/share/man/man3/libxslt.3
-- Installing: /work/build.CoreELEC-Amlogic-no.aarch64-22/toolchain/share/man/man1/xsltproc.1
-- Installing: /work/build.CoreELEC-Amlogic-no.aarch64-22/toolchain/share/doc/libxslt
-- Installing: /work/build.CoreELEC-Amlogic-no.aarch64-22/toolchain/share/doc/libxslt/EXSLT
-- Installing: /work/build.CoreELEC-Amlogic-no.aarch64-22/toolchain/share/doc/libxslt/EXSLT/libexslt-api.xml
-- Installing: /work/build.CoreELEC-Amlogic-no.aarch64-22/toolchain/share/doc/libxslt/EXSLT/devhelp
-- Installing: /work/build.CoreELEC-Amlogic-no.aarch64-22/toolchain/share/doc/libxslt/EXSLT/devhelp/libexslt.devhelp2
-- Installing: /work/build.CoreELEC-Amlogic-no.aarch64-22/toolchain/share/doc/libxslt/EXSLT/devhelp/general.html
-- Installing: /work/build.CoreELEC-Amlogic-no.aarch64-22/toolchain/share/doc/libxslt/EXSLT/devhelp/index.html
-- Installing: /work/build.CoreELEC-Amlogic-no.aarch64-22/toolchain/share/doc/libxslt/EXSLT/devhelp/libexslt-exsltexports.html
-- Installing: /work/build.CoreELEC-Amlogic-no.aarch64-22/toolchain/share/doc/libxslt/EXSLT/devhelp/libexslt-exslt.html
-- Installing: /work/build.CoreELEC-Amlogic-no.aarch64-22/toolchain/share/doc/libxslt/EXSLT/devhelp/home.png
-- Installing: /work/build.CoreELEC-Amlogic-no.aarch64-22/toolchain/share/doc/libxslt/EXSLT/devhelp/left.png
-- Installing: /work/build.CoreELEC-Amlogic-no.aarch64-22/toolchain/share/doc/libxslt/EXSLT/devhelp/right.png
-- Installing: /work/build.CoreELEC-Amlogic-no.aarch64-22/toolchain/share/doc/libxslt/EXSLT/devhelp/up.png
-- Installing: /work/build.CoreELEC-Amlogic-no.aarch64-22/toolchain/share/doc/libxslt/EXSLT/devhelp/style.css
-- Installing: /work/build.CoreELEC-Amlogic-no.aarch64-22/toolchain/share/doc/libxslt/EXSLT/devhelp/devhelp2.xsl
-- Installing: /work/build.CoreELEC-Amlogic-no.aarch64-22/toolchain/share/doc/libxslt/EXSLT/devhelp/html.xsl
-- Installing: /work/build.CoreELEC-Amlogic-no.aarch64-22/toolchain/share/doc/libxslt/tutorial
-- Installing: /work/build.CoreELEC-Amlogic-no.aarch64-22/toolchain/share/doc/libxslt/tutorial/images
-- Installing: /work/build.CoreELEC-Amlogic-no.aarch64-22/toolchain/share/doc/libxslt/tutorial/images/callouts
-- Installing: /work/build.CoreELEC-Amlogic-no.aarch64-22/toolchain/share/doc/libxslt/tutorial/images/callouts/1.png
-- Installing: /work/build.CoreELEC-Amlogic-no.aarch64-22/toolchain/share/doc/libxslt/tutorial/images/callouts/10.png
-- Installing: /work/build.CoreELEC-Amlogic-no.aarch64-22/toolchain/share/doc/libxslt/tutorial/images/callouts/2.png
-- Installing: /work/build.CoreELEC-Amlogic-no.aarch64-22/toolchain/share/doc/libxslt/tutorial/images/callouts/3.png
-- Installing: /work/build.CoreELEC-Amlogic-no.aarch64-22/toolchain/share/doc/libxslt/tutorial/images/callouts/4.png
-- Installing: /work/build.CoreELEC-Amlogic-no.aarch64-22/toolchain/share/doc/libxslt/tutorial/images/callouts/5.png
-- Installing: /work/build.CoreELEC-Amlogic-no.aarch64-22/toolchain/share/doc/libxslt/tutorial/images/callouts/6.png
-- Installing: /work/build.CoreELEC-Amlogic-no.aarch64-22/toolchain/share/doc/libxslt/tutorial/images/callouts/7.png
-- Installing: /work/build.CoreELEC-Amlogic-no.aarch64-22/toolchain/share/doc/libxslt/tutorial/images/callouts/8.png
-- Installing: /work/build.CoreELEC-Amlogic-no.aarch64-22/toolchain/share/doc/libxslt/tutorial/images/callouts/9.png
-- Installing: /work/build.CoreELEC-Amlogic-no.aarch64-22/toolchain/share/doc/libxslt/tutorial/libxslt_tutorial.c
-- Installing: /work/build.CoreELEC-Amlogic-no.aarch64-22/toolchain/share/doc/libxslt/tutorial/libxslttutorial.html
-- Installing: /work/build.CoreELEC-Amlogic-no.aarch64-22/toolchain/share/doc/libxslt/tutorial/libxslttutorial.xml
-- Installing: /work/build.CoreELEC-Amlogic-no.aarch64-22/toolchain/share/doc/libxslt/tutorial2
-- Installing: /work/build.CoreELEC-Amlogic-no.aarch64-22/toolchain/share/doc/libxslt/tutorial2/libxslt_pipes.c
-- Installing: /work/build.CoreELEC-Amlogic-no.aarch64-22/toolchain/share/doc/libxslt/tutorial2/libxslt_pipes.html
-- Installing: /work/build.CoreELEC-Amlogic-no.aarch64-22/toolchain/share/doc/libxslt/tutorial2/libxslt_pipes.xml
-- Installing: /work/build.CoreELEC-Amlogic-no.aarch64-22/toolchain/share/doc/libxslt/xsltproc.html
-- Installing: /work/build.CoreELEC-Amlogic-no.aarch64-22/toolchain/share/doc/libxslt/xsltproc.1
-- Installing: /work/build.CoreELEC-Amlogic-no.aarch64-22/toolchain/share/doc/libxslt/apibuild.py
-- Installing: /work/build.CoreELEC-Amlogic-no.aarch64-22/toolchain/share/doc/libxslt/libxslt-api.xml
-- Installing: /work/build.CoreELEC-Amlogic-no.aarch64-22/toolchain/share/doc/libxslt/xsltproc.xml
-- Installing: /work/build.CoreELEC-Amlogic-no.aarch64-22/toolchain/share/doc/libxslt/devhelp
-- Installing: /work/build.CoreELEC-Amlogic-no.aarch64-22/toolchain/share/doc/libxslt/devhelp/libxslt.devhelp2
-- Installing: /work/build.CoreELEC-Amlogic-no.aarch64-22/toolchain/share/doc/libxslt/devhelp/general.html
-- Installing: /work/build.CoreELEC-Amlogic-no.aarch64-22/toolchain/share/doc/libxslt/devhelp/index.html
-- Installing: /work/build.CoreELEC-Amlogic-no.aarch64-22/toolchain/share/doc/libxslt/devhelp/libxslt-attributes.html
-- Installing: /work/build.CoreELEC-Amlogic-no.aarch64-22/toolchain/share/doc/libxslt/devhelp/libxslt-documents.html
-- Installing: /work/build.CoreELEC-Amlogic-no.aarch64-22/toolchain/share/doc/libxslt/devhelp/libxslt-extensions.html
-- Installing: /work/build.CoreELEC-Amlogic-no.aarch64-22/toolchain/share/doc/libxslt/devhelp/libxslt-extra.html
-- Installing: /work/build.CoreELEC-Amlogic-no.aarch64-22/toolchain/share/doc/libxslt/devhelp/libxslt-functions.html
-- Installing: /work/build.CoreELEC-Amlogic-no.aarch64-22/toolchain/share/doc/libxslt/devhelp/libxslt-imports.html
-- Installing: /work/build.CoreELEC-Amlogic-no.aarch64-22/toolchain/share/doc/libxslt/devhelp/libxslt-keys.html
-- Installing: /work/build.CoreELEC-Amlogic-no.aarch64-22/toolchain/share/doc/libxslt/devhelp/libxslt-namespaces.html
-- Installing: /work/build.CoreELEC-Amlogic-no.aarch64-22/toolchain/share/doc/libxslt/devhelp/libxslt-numbersInternals.html
-- Installing: /work/build.CoreELEC-Amlogic-no.aarch64-22/toolchain/share/doc/libxslt/devhelp/libxslt-pattern.html
-- Installing: /work/build.CoreELEC-Amlogic-no.aarch64-22/toolchain/share/doc/libxslt/devhelp/libxslt-preproc.html
-- Installing: /work/build.CoreELEC-Amlogic-no.aarch64-22/toolchain/share/doc/libxslt/devhelp/libxslt-security.html
-- Installing: /work/build.CoreELEC-Amlogic-no.aarch64-22/toolchain/share/doc/libxslt/devhelp/libxslt-templates.html
-- Installing: /work/build.CoreELEC-Amlogic-no.aarch64-22/tool[089/370] [DONE] build   libxslt:host
chain/share/doc/libxslt/devhelp/libxslt-transform.html
-- Installing: /work/build.CoreELEC-Amlogic-no.aarch64-22/toolchain/share/doc/libxslt/devhelp/libxslt-variables.html
-- Installing: /work/build.CoreELEC-Amlogic-no.aarch64-22/toolchain/share/doc/libxslt/devhelp/libxslt-xsltexports.html
-- Installing: /work/build.CoreELEC-Amlogic-no.aarch64-22/toolchain/share/doc/libxslt/devhelp/libxslt-xslt.html
-- Installing: /work/build.CoreELEC-Amlogic-no.aarch64-22/toolchain/share/doc/libxslt/devhelp/libxslt-xsltInternals.html
-- Installing: /work/build.CoreELEC-Amlogic-no.aarch64-22/toolchain/share/doc/libxslt/devhelp/libxslt-xsltlocale.html
-- Installing: /work/build.CoreELEC-Amlogic-no.aarch64-22/toolchain/share/doc/libxslt/devhelp/libxslt-xsltutils.html
-- Installing: /work/build.CoreELEC-Amlogic-no.aarch64-22/toolchain/share/doc/libxslt/devhelp/home.png
-- Installing: /work/build.CoreELEC-Amlogic-no.aarch64-22/toolchain/share/doc/libxslt/devhelp/left.png
-- Installing: /work/build.CoreELEC-Amlogic-no.aarch64-22/toolchain/share/doc/libxslt/devhelp/right.png
-- Installing: /work/build.CoreELEC-Amlogic-no.aarch64-22/toolchain/share/doc/libxslt/devhelp/up.png
-- Installing: /work/build.CoreELEC-Amlogic-no.aarch64-22/toolchain/share/doc/libxslt/devhelp/style.css
-- Installing: /work/build.CoreELEC-Amlogic-no.aarch64-22/toolchain/share/doc/libxslt/devhelp/devhelp2.xsl
-- Installing: /work/build.CoreELEC-Amlogic-no.aarch64-22/toolchain/share/doc/libxslt/devhelp/html.xsl
-- Installing: /work/build.CoreELEC-Amlogic-no.aarch64-22/toolchain/lib/cmake/libxslt-1.1.45/libxslt-config.cmake
-- Installing: /work/build.CoreELEC-Amlogic-no.aarch64-22/toolchain/lib/cmake/libxslt-1.1.45/libxslt-config-version.cmake
-- Installing: /work/build.CoreELEC-Amlogic-no.aarch64-22/toolchain/lib/cmake/libxslt-1.1.45/libxslt-export.cmake
-- Installing: /work/build.CoreELEC-Amlogic-no.aarch64-22/toolchain/lib/cmake/libxslt-1.1.45/libxslt-export-release.cmake
-- Installing: /work/build.CoreELEC-Amlogic-no.aarch64-22/toolchain/lib/pkgconfig/libxslt.pc
-- Installing: /work/build.CoreELEC-Amlogic-no.aarch64-22/toolchain/lib/pkgconfig/libexslt.pc
-- Installing: /work/build.CoreELEC-Amlogic-no.aarch64-22/toolchain/bin/xslt-config
-- Installing: /work/build.CoreELEC-Amlogic-no.aarch64-22/toolchain/lib/xsltConf.sh
>>> libxslt:host seq 95 >>>
<<< flatbuffers:host seq 93 <<<
[1;36mGET[0m      flatbuffers (archive)
    [1;36mGET[0m      flatbuffers [primary] https://github.com/google/flatbuffers/archive/v25.12.19.tar.gz
  % Total    % Received % Xferd  Average Speed   Time    Time     Time  Current
                                 Dload  Upload   Total   Spent    Left  Speed

  0     0    0     0    0     0      0      0 --:--:-- --:--:-- --:--:--     0
  0     0    0     0    0     0      0      0 --:--:-- --:--:-- --:--:--     0

 10 2300k   10  237k    0     0   272k      0  0:00:08 --:--:--  0:00:08  272k
100 2300k  100 2300k    0     0  2192k      0  0:00:01  0:00:01 --:--:-- 11.3M
    [1;32mINFO[0m      Calculated checksum: f81c3162b1046fe8b84b9a0dbdd383e24fdbcf88583b9cb6028f90d04d90696a
[1;36mUNPACK[0m      flatbuffers
[1;33mBUILD[0m      flatbuffers [1;37m(host)[0m
    [1;35mTOOLCHAIN[0m      cmake (auto-detect)
Executing (host): cmake -GNinja -DCMAKE_TOOLCHAIN_FILE=/work/build.CoreELEC-Amlogic-no.aarch64-22/toolchain/etc/cmake-x86_64-linux-gnu.conf -DCMAKE_INSTALL_PREFIX=/work/build.CoreELEC-Amlogic-no.aarch64-22/toolchain -DCMAKE_BUILD_TYPE=Release -DFLATBUFFERS_CODE_COVERAGE=OFF -DFLATBUFFERS_BUILD_TESTS=OFF -DFLATBUFFERS_INSTALL=ON -DFLATBUFFERS_BUILD_FLATLIB=OFF -DFLATBUFFERS_BUILD_FLATC=ON -DFLATBUFFERS_BUILD_FLATHASH=OFF -DFLATBUFFERS_BUILD_GRPCTEST=OFF -DFLATBUFFERS_BUILD_SHAREDLIB=OFF /work/build.CoreELEC-Amlogic-no.aarch64-22/build/flatbuffers-25.12.19
-- Proceeding with version: 25.12.19.0
-- The CXX compiler identification is GNU 14.2.0
-- Detecting CXX compiler ABI info
-- Detecting CXX compiler ABI info - done
-- Check for working CXX compiler: /work/build.CoreELEC-Amlogic-no.aarch64-22/toolchain/bin/host-g++ - skipped
-- Detecting CXX compile features
-- Detecting CXX compile features - done
-- Looking for strtof_l
-- Looking for strtof_l - found
-- Looking for strtoull_l
-- Looking for strtoull_l - found
-- Looking for realpath
-- Looking for realpath - found
-- CMAKE_CXX_FLAGS: -O2 -Wall -pipe -I/work/build.CoreELEC-Amlogic-no.aarch64-22/toolchain/include -Wno-format-security -march=native -std=c++11
-- Configuring done (0.6s)
-- Generating done (0.0s)
-- Build files have been written to: /work/build.CoreELEC-Amlogic-no.aarch64-22/build/flatbuffers-25.12.19/.x86_64-linux-gnu
Executing (host): ninja 
[1/38] Building CXX object CMakeFiles/flatc.dir/src/file_manager.cpp.o
[2/38] Building CXX object CMakeFiles/flatc.dir/src/file_name_manager.cpp.o
[3/38] Building CXX object CMakeFiles/flatc.dir/src/util.cpp.o
[4/38] Building CXX object CMakeFiles/flatc.dir/include/codegen/python.cc.o
[5/38] Building CXX object CMakeFiles/flatc.dir/src/idl_gen_binary.cpp.o
[6/38] Building CXX object CMakeFiles/flatc.dir/src/flatc_main.cpp.o
[7/38] Building CXX object CMakeFiles/flatc.dir/src/code_generators.cpp.o
[8/38] Building CXX object CMakeFiles/flatc.dir/src/idl_gen_php.cpp.o
[9/38] Building CXX object CMakeFiles/flatc.dir/src/idl_gen_fbs.cpp.o
[10/38] Building CXX object CMakeFiles/flatc.dir/src/annotated_binary_text_gen.cpp.o
[11/38] Building CXX object CMakeFiles/flatc.dir/src/reflection.cpp.o
[12/38] Building CXX object CMakeFiles/flatc.dir/src/idl_gen_grpc.cpp.o
[13/38] Building CXX object CMakeFiles/flatc.dir/grpc/src/compiler/cpp_generator.cc.o
[14/38] Building CXX object CMakeFiles/flatc.dir/src/idl_gen_json_schema.cpp.o
[15/38] Building CXX object CMakeFiles/flatc.dir/grpc/src/compiler/go_generator.cc.o
[16/38] Building CXX object CMakeFiles/flatc.dir/src/idl_gen_lobster.cpp.o
[17/38] Building CXX object CMakeFiles/flatc.dir/src/idl_gen_text.cpp.o
[18/38] Building CXX object CMakeFiles/flatc.dir/src/idl_gen_dart.cpp.o
[19/38] Building CXX object CMakeFiles/flatc.dir/grpc/src/compiler/swift_generator.cc.o
[20/38] Building CXX object CMakeFiles/flatc.dir/src/idl_gen_kotlin_kmp.cpp.o
[21/38] Building CXX object CMakeFiles/flatc.dir/grpc/src/compiler/java_generator.cc.o
[22/38] Building CXX object CMakeFiles/flatc.dir/src/idl_gen_go.cpp.o
[23/38] Building CXX object CMakeFiles/flatc.dir/src/binary_annotator.cpp.o
[24/38] Building CXX object CMakeFiles/flatc.dir/src/idl_gen_kotlin.cpp.o
[25/38] Building CXX object CMakeFiles/flatc.dir/src/bfbs_gen_nim.cpp.o
[26/38] Building CXX object CMakeFiles/flatc.dir/grpc/src/compiler/python_generator.cc.o
[27/38] Building CXX object CMakeFiles/flatc.dir/src/flatc.cpp.o
[28/38] Building CXX object CMakeFiles/flatc.dir/grpc/src/compiler/ts_generator.cc.o
[29/38] Building CXX object CMakeFiles/flatc.dir/src/bfbs_gen_lua.cpp.o
[30/38] Building CXX object CMakeFiles/flatc.dir/src/idl_gen_python.cpp.o
[31/38] Building CXX object CMakeFiles/flatc.dir/src/idl_gen_ts.cpp.o
[32/38] Building CXX object CMakeFiles/flatc.dir/src/idl_gen_java.cpp.o
[33/38] Building CXX object CMakeFiles/flatc.dir/src/idl_gen_swift.cpp.o
[34/38] Building CXX object CMakeFiles/flatc.dir/src/idl_gen_csharp.cpp.o
[35/38] Building CXX object CMakeFiles/flatc.dir/src/idl_gen_rust.cpp.o
[36/38] Building CXX object CMakeFiles/flatc.dir/src/idl_gen_cpp.cpp.o
[37/38] Building CXX object CMakeFiles/flatc.dir/src/idl_parser.cpp.o
[38/38] Linking CXX executable flatc
[0/1] Install the project...
-- Install configuration: "Release"
-- Installing: /work/build.CoreELEC-Amlogic-no.aarch64-22/toolchain/include/flatbuffers
-- Installing: /work/build.CoreELEC-Amlogic-no.aarch64-22/toolchain/include/flatbuffers/allocator.h
-- Installing: /work/build.CoreELEC-Amlogic-no.aarch64-22/toolchain/include/flatbuffers/array.h
-- Installing: /work/build.CoreELEC-Amlogic-no.aarch64-22/toolchain/include/flatbuffers/base.h
-- Installing: /work/build.CoreELEC-Amlogic-no.aarch64-22/toolchain/include/flatbuffers/buffer.h
-- Installing: /work/build.CoreELEC-Amlogic-no.aarch64-22/toolchain/include/flatbuffers/buffer_ref.h
-- Installing: /work/build.CoreELEC-Amlogic-no.aarch64-22/toolchain/include/flatbuffers/code_generator.h
-- Installing: /work/build.CoreELEC-Amlogic-no.aarch64-22/toolchain/include/flatbuffers/code_generators.h
-- Installing: /work/build.CoreELEC-Amlogic-no.aarch64-22/toolchain/include/flatbuffers/default_allocator.h
-- Installing: /work/build.CoreELEC-Amlogic-no.aarch64-22/toolchain/include/flatbuffers/detached_buffer.h
-- Installing: /work/build.CoreELEC-Amlogic-no.aarch64-22/toolchain/include/flatbuffers/file_manager.h
-- Installing: /work/build.CoreELEC-Amlogic-no.aarch64-22/toolchain/include/flatbuffers/flatbuffer_builder.h
-- Installing: /work/build.CoreELEC-Amlogic-no.aarch64-22/toolchain/include/flatbuffers/flatbuffers.h
-- Installing: /work/build.CoreELEC-Amlogic-no.aarch64-22/toolchain/include/flatbuffers/flatc.h
-- Installing: /work/build.CoreELEC-Amlogic-no.aarch64-22/toolchain/include/flatbuffers/flex_flat_util.h
-- Installing: /work/build.CoreELEC-Amlogic-no.aarch64-22/toolchain/include/flatbuffers/flexbuffers.h
-- Installing: /work/build.CoreELEC-Amlogic-no.aarch64-22/toolchain/include/flatbuffers/grpc.h
-- Installing: /work/build.CoreELEC-Amlogic-no.aarch64-22/toolchain/include/flatbuffers/hash.h
-- Installing: /work/build.CoreELEC-Amlogic-no.aarch64-22/toolchain/include/flatbuffers/idl.h
-- Installing: /work/build.CoreELEC-Amlogic-no.aarch64-22/toolchain/include/flatbuffers/minireflect.h
-- Installing: /work/build.CoreELEC-Amlogic-no.aarch64-22/toolchain/include/flatbuffers/pch
-- Installing: /work/build.CoreELEC-Amlogic-no.aarch64-22/toolchain/include/flatbuffers/pch/flatc_pch.h
-- Installing: /work/build.CoreELEC-Amlogic-no.aarch64-22/toolchain/include/flatbuffers/pch/pch.h
-- Installing: /work/build.CoreELEC-Amlogic-no.aarch64-22/toolchain/include/flatbuffers/reflection.h
-- Installing: /work/build.CoreELEC-Amlogic-no.aarch64-22/toolchain/include/flatbuffers/reflection_generated.h
-- Installing: /work/build.CoreELEC-Amlogic-no.aarch64-22/toolchain/include/flatbuffers/registry.h
-- Installing: /work/build.CoreELEC-Amlogic-no.aarch64-22/toolchain/include/flatbuffers/stl_emulation.h
-- Installing: /work/build.CoreELEC-Amlogic-no.aarch64-22/toolchain/include/flatbuffers/string.h
-- Installing: /work/build.CoreELEC-Amlogic-no.aarch64-22/toolchain/include/flatbuffers/struct.h
-- Installing: /work/build.CoreELEC-Amlogic-no.aarch64-22/toolchain/include/flatbuffers/table.h
-- Installing: /work/build.CoreELEC-Amlogic-no.aarch64-22/toolchain/include/flatbuffers/util.h
-- Installing: /work/build.CoreELEC-Amlogic-no.aarch64-22/toolchain/include/flatbuffers/vector.h
-- Installing: /work/build.CoreELEC-Amlogic-no.aarch64-22/toolchain/include/flatbuffers/vector_downward.h
-- Installing: /work/build.CoreELEC-Amlogic-no.aarch64-22/toolchain/include/flatbuffers/verifier.h
-- Installing: /work/build.CoreELEC-Amlogic-no.aarch64-22/toolchain/lib/cmake/flatbuffers/flatbuffers-config.cmake
-- Installing: /work/build.CoreELEC-Amlogic-no.aarch64-22/toolchain/lib/cmake/flatbuffers/BuildFlatBuffers.cmake
-- Installing: /work/build.CoreELEC-Amlogic-no.aarch64-22/toolchain/lib/cmake/flatbuffers/flatbuffers-config-version.cmake
-- Installing: /work/build.CoreELEC-Amlogic-no.aarch64-22/toolchain/bin/flatc
-- Installing: /work/build.CoreELEC-Amlogic-no.aarch64-22/toolchain/lib/cmake/flatbuffers/FlatcTargets.cmake
-- Installing: /work/build.CoreELEC-Amlogic-no.aarch64-22/toolchain/lib/cmake/flatbuffers/FlatcTargets-release.cmake
>>> flatbuffers:host seq 93 >>>
[090/370] [DONE] build   flatbuffers:host
<<< pcre2:host seq 90 <<<
[1;36mGET[0m      pcre2 (archive)
    [1;36mGET[0m      pcre2 [primary] https://github.com/PCRE2Project/pcre2/releases/download/pcre2-10.48/pcre2-10.48.tar.bz2
  % Total    % Received % Xferd  Average Speed   Time    Time     Time  Current
                                 Dload  Upload   Total   Spent    Left  Speed

  0     0    0     0    0     0      0      0 --:--:-- --:--:-- --:--:--     0
  0     0    0     0    0     0      0      0 --:--:-- --:--:-- --:--:--     0

100 2161k  100 2161k    0     0  4561k      0 --:--:-- --:--:-- --:--:-- 4561k
    [1;32mINFO[0m      Calculated checksum: b6c68fdf6f3ac31388b50aa89ff0fc49c00c987c16e7b5146491d12003f2c8ed
[1;36mUNPACK[0m      pcre2
    [1;33mFIXCONFIG[0m      /work/build.CoreELEC-Amlogic-no.aarch64-22/build/pcre2-10.48/
[1;33mBUILD[0m      pcre2 [1;37m(host)[0m
    [1;35mTOOLCHAIN[0m      cmake (auto-detect)
Executing (host): cmake -GNinja -DCMAKE_TOOLCHAIN_FILE=/work/build.CoreELEC-Amlogic-no.aarch64-22/toolchain/etc/cmake-x86_64-linux-gnu.conf -DCMAKE_INSTALL_PREFIX=/work/build.CoreELEC-Amlogic-no.aarch64-22/toolchain -DCMAKE_BUILD_TYPE=Release -DBUILD_SHARED_LIBS=OFF -DBUILD_STATIC_LIBS=ON -DPCRE2_STATIC_PIC=ON -DPCRE2_BUILD_PCRE2_8=ON -DPCRE2_BUILD_PCRE2_16=ON -DPCRE2_BUILD_PCRE2_32=ON -DPCRE2_SUPPORT_JIT=ON -DPCRE2_BUILD_TESTS=OFF -DPCRE2_SUPPORT_LIBEDIT=OFF -DPCRE2_SUPPORT_LIBREADLINE=OFF /work/build.CoreELEC-Amlogic-no.aarch64-22/build/pcre2-10.48
-- Using CMake version 4.4.3 (/work/build.CoreELEC-Amlogic-no.aarch64-22/toolchain/bin/cmake)
-- The C compiler identification is GNU 14.2.0
-- Detecting C compiler ABI info
-- Detecting C compiler ABI info - done
-- Check for working C compiler: /work/build.CoreELEC-Amlogic-no.aarch64-22/toolchain/bin/host-gcc - skipped
-- Detecting C compile features
-- Detecting C compile features - done
-- Found BZip2: /work/build.CoreELEC-Amlogic-no.aarch64-22/toolchain/lib/libbz2.a (found version "1.0.8")
-- Looking for BZ2_bzCompressInit
-- Looking for BZ2_bzCompressInit - found
-- Found ZLIB: /work/build.CoreELEC-Amlogic-no.aarch64-22/toolchain/lib/libz.so (found version "1.3.2")
-- Could NOT find Readline (missing: READLINE_LIBRARY READLINE_INCLUDE_DIR) 
-- Could NOT find Editline (missing: EDITLINE_LIBRARY EDITLINE_INCLUDE_DIR) 
-- Looking for assert.h
-- Looking for assert.h - found
-- Looking for dirent.h
-- Looking for dirent.h - found
-- Looking for sys/stat.h
-- Looking for sys/stat.h - found
-- Looking for sys/types.h
-- Looking for sys/types.h - found
-- Looking for unistd.h
-- Looking for unistd.h - found
-- Looking for windows.h
-- Looking for windows.h - not found
-- Detecting platform feature test macros
-- Detecting platform feature test macros - _GNU_SOURCE
-- Looking for mkostemp
-- Looking for mkostemp - found
-- Looking for memfd_create
-- Looking for memfd_create - found
-- Looking for secure_getenv
-- Looking for secure_getenv - found
-- Looking for setrlimit
-- Looking for setrlimit - found
-- Performing Test HAVE_REALPATH
-- Performing Test HAVE_REALPATH - Success
-- Performing Test HAVE_ATTRIBUTE_UNINITIALIZED
-- Performing Test HAVE_ATTRIBUTE_UNINITIALIZED - Success
-- Performing Test HAVE_VISIBILITY
-- Performing Test HAVE_VISIBILITY - Success
-- Performing Test HAVE_BUILTIN_ASSUME
-- Performing Test HAVE_BUILTIN_ASSUME - Failed
-- Performing Test HAVE_BUILTIN_MUL_OVERFLOW
-- Performing Test HAVE_BUILTIN_MUL_OVERFLOW - Success
-- Performing Test HAVE_BUILTIN_UNREACHABLE
-- Performing Test HAVE_BUILTIN_UNREACHABLE - Success
-- Detecting linker version script support
-- Performing Test HAVE_VSCRIPT_GNU
-- Performing Test HAVE_VSCRIPT_GNU - Success
-- Performing Test HAVE_VSCRIPT_BROKEN
-- Performing Test HAVE_VSCRIPT_BROKEN - Failed
-- Detecting linker version script support - yes (--version-script)
-- Detecting if version scripts work without wildcard
-- Performing Test HAVE_VSCRIPT_NO_STAR
-- Performing Test HAVE_VSCRIPT_NO_STAR - Success
-- Detecting if version scripts work without wildcard - TRUE
-- Performing Test INTEL_CET_ENABLED
-- Performing Test INTEL_CET_ENABLED - Failed
-- Performing Test CMAKE_HAVE_LIBC_PTHREAD
-- Performing Test CMAKE_HAVE_LIBC_PTHREAD - Success
-- Found Threads: TRUE
-- 
-- 
-- PCRE2-10.48 configuration summary:
-- 
--   Install prefix .................... : /work/build.CoreELEC-Amlogic-no.aarch64-22/toolchain
--   C compiler ........................ : /work/build.CoreELEC-Amlogic-no.aarch64-22/toolchain/bin/host-gcc
--   C compiler flags .................. : -O2 -Wall -pipe -I/work/build.CoreELEC-Amlogic-no.aarch64-22/toolchain/include -Wno-format-security -march=native 
-- 
--   Build type ........................ : Release
--   Build 8 bit pcre2 library ......... : ON
--   Build 16 bit pcre2 library ........ : ON
--   Build 32 bit pcre2 library ........ : ON
--   Include debugging code ............ : IfDebugBuild
--   Enable JIT compiling support ...... : ON
--   Use SELinux allocator in JIT ...... : OFF
--   Enable Unicode support ............ : ON
--   Newline char/sequence ............. : LF
--   \R matches only ANYCRLF ........... : OFF
--   \C is disabled .................... : OFF
--   EBCDIC coding ..................... : OFF
--   EBCDIC code for NL ................ : n/a
--   EBCDIC coding ignoring compiler ... : OFF
--   Rebuild char tables ............... : OFF
--   Internal link size ................ : 2
--   Maximum variable lookbehind ....... : 255
--   Nested parentheses limit .......... : 250
--   Heap limit ........................ : 20000000
--   Match limit ....................... : 10000000
--   Match depth limit ................. : MATCH_LIMIT
--   Build shared libs ................. : OFF
--       with symbol versioning ........ : ON
--   Build static libs ................. : ON
--       with PIC enabled .............. : ON
--   Build pcre2grep ................... : ON
--   Enable JIT in pcre2grep ........... : ON
--   Enable callouts in pcre2grep ...... : ON
--   Enable callout fork in pcre2grep .. : ON
--   Initial buffer size for pcre2grep . : 20480
--   Maximum buffer size for pcre2grep . : 1048576
--   Build tests (implies pcre2test .... : OFF
--                and pcre2grep)
--   Link pcre2grep with libz .......... : ON
--   Link pcre2grep with libbz2 ........ : ON
--   Link pcre2test with libeditline ... : Library not found
--   Link pcre2test with libreadline ... : Library not found
--   Enable Valgrind support ........... : OFF
--   Use %zu and %td ................... : AUTO
-- 
-- Configuring done (17.9s)
-- Generating done (0.0s)
-- Build files have been written to: /work/build.CoreELEC-Amlogic-no.aarch64-22/build/pcre2-10.48/.x86_64-linux-gnu
Executing (host): ninja 
[1/100] Building C object CMakeFiles/pcre2-8-static.dir/src/pcre2_match_next.c.o
[2/100] Building C object CMakeFiles/pcre2-8-static.dir/src/pcre2_chkdint.c.o
[3/100] Building C object CMakeFiles/pcre2-8-static.dir/src/pcre2_error.c.o
[4/100] Building C object CMakeFiles/pcre2-8-static.dir/src/pcre2_match_data.c.o
[5/100] Building C object CMakeFiles/pcre2-8-static.dir/src/pcre2_config.c.o
[6/100] Building C object CMakeFiles/pcre2-8-static.dir/src/pcre2_chartables.c.o
[7/100] Building C object CMakeFiles/pcre2-8-static.dir/src/pcre2_pattern_info.c.o
[8/100] Building C object CMakeFiles/pcre2-8-static.dir/src/pcre2_find_bracket.c.o
[9/100] Building C object CMakeFiles/pcre2-8-static.dir/src/pcre2_maketables.c.o
[10/100] Building C object CMakeFiles/pcre2-8-static.dir/src/pcre2_ord2utf.c.o
[11/100] Building C object CMakeFiles/pcre2-8-static.dir/src/pcre2_compile_cgroup.c.o
[12/100] Building C object CMakeFiles/pcre2-8-static.dir/src/pcre2_extuni.c.o
[13/100] Building C object CMakeFiles/pcre2-16-static.dir/src/pcre2_chartables.c.o
[14/100] Building C object CMakeFiles/pcre2-8-static.dir/src/pcre2_script_run.c.o
[15/100] Building C object CMakeFiles/pcre2-8-static.dir/src/pcre2_serialize.c.o
[16/100] Building C object CMakeFiles/pcre2-16-static.dir/src/pcre2_config.c.o
[17/100] Building C object CMakeFiles/pcre2-8-static.dir/src/pcre2_string_utils.c.o
[18/100] Building C object CMakeFiles/pcre2-8-static.dir/src/pcre2_context.c.o
[19/100] Building C object CMakeFiles/pcre2-8-static.dir/src/pcre2_valid_utf.c.o
[20/100] Building C object CMakeFiles/pcre2-posix-static.dir/src/pcre2posix.c.o
[21/100] Building C object CMakeFiles/pcre2-16-static.dir/src/pcre2_compile_cgroup.c.o
[22/100] Building C object CMakeFiles/pcre2-16-static.dir/src/pcre2_error.c.o
[23/100] Building C object CMakeFiles/pcre2-16-static.dir/src/pcre2_extuni.c.o
[24/100] Building C object CMakeFiles/pcre2-8-static.dir/src/pcre2_substring.c.o
[25/100] Building C object CMakeFiles/pcre2-8-static.dir/src/pcre2_tables.c.o
[26/100] Building C object CMakeFiles/pcre2-8-static.dir/src/pcre2_newline.c.o
[27/100] Building C object CMakeFiles/pcre2-8-static.dir/src/pcre2_ucd.c.o
[28/100] Building C object CMakeFiles/pcre2-16-static.dir/src/pcre2_chkdint.c.o
[29/100] Building C object CMakeFiles/pcre2-16-static.dir/src/pcre2_context.c.o
[30/100] Building C object CMakeFiles/pcre2-8-static.dir/src/pcre2_auto_possess.c.o
[31/100] Building C object CMakeFiles/pcre2-16-static.dir/src/pcre2_find_bracket.c.o
[32/100] Building C object CMakeFiles/pcre2-16-static.dir/src/pcre2_auto_possess.c.o
[33/100] Building C object CMakeFiles/pcre2-16-static.dir/src/pcre2_match_data.c.o
[34/100] Building C object CMakeFiles/pcre2-8-static.dir/src/pcre2_xclass.c.o
[35/100] Building C object CMakeFiles/pcre2-16-static.dir/src/pcre2_ord2utf.c.o
[36/100] Building C object CMakeFiles/pcre2-16-static.dir/src/pcre2_maketables.c.o
[37/100] Building C object CMakeFiles/pcre2-16-static.dir/src/pcre2_match_next.c.o
[38/100] Building C object CMakeFiles/pcre2-16-static.dir/src/pcre2_newline.c.o
[39/100] Building C object CMakeFiles/pcre2-16-static.dir/src/pcre2_serialize.c.o
[40/100] Building C object CMakeFiles/pcre2-16-static.dir/src/pcre2_tables.c.o
[41/100] Building C object CMakeFiles/pcre2-16-static.dir/src/pcre2_string_utils.c.o
[42/100] Building C object CMakeFiles/pcre2-16-static.dir/src/pcre2_pattern_info.c.o
[43/100] Building C object CMakeFiles/pcre2-16-static.dir/src/pcre2_valid_utf.c.o
[44/100] Building C object CMakeFiles/pcre2-32-static.dir/src/pcre2_chartables.c.o
[45/100] Building C object CMakeFiles/pcre2-8-static.dir/src/pcre2_study.c.o
[46/100] Building C object CMakeFiles/pcre2-32-static.dir/src/pcre2_chkdint.c.o
[47/100] Building C object CMakeFiles/pcre2-16-static.dir/src/pcre2_convert.c.o
[48/100] Building C object CMakeFiles/pcre2-16-static.dir/src/pcre2_script_run.c.o
[49/100] Building C object CMakeFiles/pcre2-16-static.dir/src/pcre2_compile_class.c.o
[50/100] Building C object CMakeFiles/pcre2-16-static.dir/src/pcre2_ucd.c.o
[51/100] Building C object CMakeFiles/pcre2-8-static.dir/src/pcre2_convert.c.o
[52/100] Building C object CMakeFiles/pcre2-32-static.dir/src/pcre2_config.c.o
[53/100] Building C object CMakeFiles/pcre2-16-static.dir/src/pcre2_substring.c.o
[54/100] Building C object CMakeFiles/pcre2-32-static.dir/src/pcre2_compile_cgroup.c.o
[55/100] Building C object CMakeFiles/pcre2-32-static.dir/src/pcre2_error.c.o
[56/100] Building C object CMakeFiles/pcre2-32-static.dir/src/pcre2_context.c.o
[57/100] Building C object CMakeFiles/pcre2-32-static.dir/src/pcre2_match_data.c.o
[58/100] Building C object CMakeFiles/pcre2-8-static.dir/src/pcre2_substitute.c.o
[59/100] Building C object CMakeFiles/pcre2-32-static.dir/src/pcre2_find_bracket.c.o
[60/100] Building C object CMakeFiles/pcre2-8-static.dir/src/pcre2_compile_class.c.o
[61/100] Building C object CMakeFiles/pcre2-16-static.dir/src/pcre2_study.c.o
[62/100] Building C object CMakeFiles/pcre2-16-static.dir/src/pcre2_xclass.c.o
[63/100] Building C object CMakeFiles/pcre2-32-static.dir/src/pcre2_match_next.c.o
[64/100] Building C object CMakeFiles/pcre2-32-static.dir/src/pcre2_extuni.c.o
[65/100] Building C object CMakeFiles/pcre2-32-static.dir/src/pcre2_ord2utf.c.o
[66/100] Building C object CMakeFiles/pcre2-32-static.dir/src/pcre2_newline.c.o
[67/100] Building C object CMakeFiles/pcre2-32-static.dir/src/pcre2_maketables.c.o
[68/100] Building C object CMakeFiles/pcre2-32-static.dir/src/pcre2_pattern_info.c.o
[69/100] Building C object CMakeFiles/pcre2-32-static.dir/src/pcre2_serialize.c.o
[70/100] Building C object CMakeFiles/pcre2-32-static.dir/src/pcre2_tables.c.o
[71/100] Building C object CMakeFiles/pcre2-32-static.dir/src/pcre2_string_utils.c.o
[72/100] Building C object CMakeFiles/pcre2-32-static.dir/src/pcre2_valid_utf.c.o
[73/100] Building C object CMakeFiles/pcre2-32-static.dir/src/pcre2_script_run.c.o
[74/100] Building C object CMakeFiles/pcre2-32-static.dir/src/pcre2_auto_possess.c.o
[75/100] Building C object CMakeFiles/pcre2-32-static.dir/src/pcre2_ucd.c.o
[76/100] Building C object CMakeFiles/pcre2-32-static.dir/src/pcre2_xclass.c.o
[77/100] Building C object CMakeFiles/pcre2-32-static.dir/src/pcre2_substring.c.o
[78/100] Building C object CMakeFiles/pcre2-16-static.dir/src/pcre2_substitute.c.o
[79/100] Building C object CMakeFiles/pcre2-32-static.dir/src/pcre2_study.c.o
[80/100] Building C object CMakeFiles/pcre2-32-static.dir/src/pcre2_compile_class.c.o
[81/100] Building C object CMakeFiles/pcre2-32-static.dir/src/pcre2_substitute.c.o
[82/100] Building C object CMakeFiles/pcre2-32-static.dir/src/pcre2_convert.c.o
[83/100] Building C object CMakeFiles/pcre2grep.dir/src/pcre2grep.c.o
[84/100] Building C object CMakeFiles/pcre2-16-static.dir/src/pcre2_dfa_match.c.o
[85/100] Building C object CMakeFiles/pcre2-8-static.dir/src/pcre2_dfa_match.c.o
[86/100] Building C object CMakeFiles/pcre2-32-static.dir/src/pcre2_compile.c.o
[87/100] Building C object CMakeFiles/pcre2-32-static.dir/src/pcre2_dfa_match.c.o
[88/100] Building C object CMakeFiles/pcre2-8-static.dir/src/pcre2_compile.c.o
[89/100] Building C object CMakeFiles/pcre2-16-static.dir/src/pcre2_compile.c.o
[90/100] Building C object CMakeFiles/pcre2-16-static.dir/src/pcre2_match.c.o
[91/100] Building C object CMakeFiles/pcre2-32-static.dir/src/pcre2_match.c.o
[92/100] Building C object CMakeFiles/pcre2-8-static.dir/src/pcre2_jit_compile.c.o
[93/100] Building C object CMakeFiles/pcre2-32-static.dir/src/pcre2_jit_compile.c.o
[94/100] Linking C static library libpcre2-32.a
[95/100] Building C object CMakeFiles/pcre2-8-static.dir/src/pcre2_match.c.o
[96/100] Linking C static library libpcre2-8.a
[97/100] Linking C static library libpcre2-posix.a
[98/100] Linking C executable pcre2grep
[99/100] Building C object CMakeFiles/pcre2-16-static.dir/src/pcre2_jit_compile.c.o
[100/100] Linking C static library libpcre2-16.a
[0/1] Install the project...
-- Install configuration: "Release"
-- Installing: /work/build.CoreELEC-Amlogic-no.aarch64-22/toolchain/lib/libpcre2-8.a
-- Installing: /work/build.CoreELEC-Amlogic-no.aarch64-22/toolchain/lib/libpcre2-posix.a
-- Installing: /work/build.CoreELEC-Amlogic-no.aarch64-22/toolchain/lib/libpcre2-16.a
-- Installing: /work/build.CoreELEC-Amlogic-no.aarch64-22/toolchain/lib/libpcre2-32.a
-- Installing: /work/build.CoreELEC-Amlogic-no.aarch64-22/toolchain/bin/pcre2grep
-- Installing: /work/build.CoreELEC-Amlogic-no.aarch64-22/toolchain/lib/cmake/pcre2/pcre2-targets.cmake
-- Installing: /work/build.CoreELEC-Amlogic-no.aarch64-22/toolchain/lib/cmake/pcre2/pcre2-targets-release.cmake
-- Installing: /work/build.CoreELEC-Amlogic-no.aarch64-22/toolchain/lib/pkgconfig/libpcre2-posix.pc
-- Installing: /work/build.CoreELEC-Amlogic-no.aarch64-22/toolchain/lib/pkgconfig/libpcre2-8.pc
-- Installing: /work/build.CoreELEC-Amlogic-no.aarch64-22/toolchain/lib/pkgconfig/libpcre2-16.pc
-- Installing: /work/build.CoreELEC-Amlogic-no.aarch64-22/toolchain/lib/pkgconfig/libpcre2-32.pc
-- Installing: /work/build.CoreELEC-Amlogic-no.aarch64-22/toolchain/bin/pcre2-config
-- Installing: /work/build.CoreELEC-Amlogic-no.aarch64-22/toolchain/include/pcre2.h
-- Installing: /work/build.CoreELEC-Amlogic-no.aarch64-22/toolchain/include/pcre2posix.h
-- Installing: /work/build.CoreELEC-Amlogic-no.aarch64-22/toolchain/lib/cmake/pcre2/pcre2-config.cmake
-- Installing: /work/build.CoreELEC-Amlogic-no.aarch64-22/toolchain/lib/cmake/pcre2/pcre2-config-version.cmake
-- Installing: /work/build.CoreELEC-Amlogic-no.aarch64-22/toolchain/share/man/man1/pcre2-config.1
-- Installing: /work/build.CoreELEC-Amlogic-no.aarch64-22/toolcha[091/370] [DONE] build   pcre2:host
in/share/man/man1/pcre2grep.1
-- Installing: /work/build.CoreELEC-Amlogic-no.aarch64-22/toolchain/share/man/man1/pcre2test.1
-- Installing: /work/build.CoreELEC-Amlogic-no.aarch64-22/toolchain/share/man/man3/pcre2.3
-- Installing: /work/build.CoreELEC-Amlogic-no.aarch64-22/toolchain/share/man/man3/pcre2_callout_enumerate.3
-- Installing: /work/build.CoreELEC-Amlogic-no.aarch64-22/toolchain/share/man/man3/pcre2_code_copy.3
-- Installing: /work/build.CoreELEC-Amlogic-no.aarch64-22/toolchain/share/man/man3/pcre2_code_copy_with_tables.3
-- Installing: /work/build.CoreELEC-Amlogic-no.aarch64-22/toolchain/share/man/man3/pcre2_code_free.3
-- Installing: /work/build.CoreELEC-Amlogic-no.aarch64-22/toolchain/share/man/man3/pcre2_compile.3
-- Installing: /work/build.CoreELEC-Amlogic-no.aarch64-22/toolchain/share/man/man3/pcre2_compile_context_copy.3
-- Installing: /work/build.CoreELEC-Amlogic-no.aarch64-22/toolchain/share/man/man3/pcre2_compile_context_create.3
-- Installing: /work/build.CoreELEC-Amlogic-no.aarch64-22/toolchain/share/man/man3/pcre2_compile_context_free.3
-- Installing: /work/build.CoreELEC-Amlogic-no.aarch64-22/toolchain/share/man/man3/pcre2_config.3
-- Installing: /work/build.CoreELEC-Amlogic-no.aarch64-22/toolchain/share/man/man3/pcre2_convert_context_copy.3
-- Installing: /work/build.CoreELEC-Amlogic-no.aarch64-22/toolchain/share/man/man3/pcre2_convert_context_create.3
-- Installing: /work/build.CoreELEC-Amlogic-no.aarch64-22/toolchain/share/man/man3/pcre2_convert_context_free.3
-- Installing: /work/build.CoreELEC-Amlogic-no.aarch64-22/toolchain/share/man/man3/pcre2_converted_pattern_free.3
-- Installing: /work/build.CoreELEC-Amlogic-no.aarch64-22/toolchain/share/man/man3/pcre2_dfa_match.3
-- Installing: /work/build.CoreELEC-Amlogic-no.aarch64-22/toolchain/share/man/man3/pcre2_general_context_copy.3
-- Installing: /work/build.CoreELEC-Amlogic-no.aarch64-22/toolchain/share/man/man3/pcre2_general_context_create.3
-- Installing: /work/build.CoreELEC-Amlogic-no.aarch64-22/toolchain/share/man/man3/pcre2_general_context_free.3
-- Installing: /work/build.CoreELEC-Amlogic-no.aarch64-22/toolchain/share/man/man3/pcre2_get_error_message.3
-- Installing: /work/build.CoreELEC-Amlogic-no.aarch64-22/toolchain/share/man/man3/pcre2_get_mark.3
-- Installing: /work/build.CoreELEC-Amlogic-no.aarch64-22/toolchain/share/man/man3/pcre2_get_match_data_heapframes_size.3
-- Installing: /work/build.CoreELEC-Amlogic-no.aarch64-22/toolchain/share/man/man3/pcre2_get_match_data_size.3
-- Installing: /work/build.CoreELEC-Amlogic-no.aarch64-22/toolchain/share/man/man3/pcre2_get_ovector_count.3
-- Installing: /work/build.CoreELEC-Amlogic-no.aarch64-22/toolchain/share/man/man3/pcre2_get_ovector_pointer.3
-- Installing: /work/build.CoreELEC-Amlogic-no.aarch64-22/toolchain/share/man/man3/pcre2_get_startchar.3
-- Installing: /work/build.CoreELEC-Amlogic-no.aarch64-22/toolchain/share/man/man3/pcre2_jit_compile.3
-- Installing: /work/build.CoreELEC-Amlogic-no.aarch64-22/toolchain/share/man/man3/pcre2_jit_free_unused_memory.3
-- Installing: /work/build.CoreELEC-Amlogic-no.aarch64-22/toolchain/share/man/man3/pcre2_jit_match.3
-- Installing: /work/build.CoreELEC-Amlogic-no.aarch64-22/toolchain/share/man/man3/pcre2_jit_stack_assign.3
-- Installing: /work/build.CoreELEC-Amlogic-no.aarch64-22/toolchain/share/man/man3/pcre2_jit_stack_create.3
-- Installing: /work/build.CoreELEC-Amlogic-no.aarch64-22/toolchain/share/man/man3/pcre2_jit_stack_free.3
-- Installing: /work/build.CoreELEC-Amlogic-no.aarch64-22/toolchain/share/man/man3/pcre2_maketables.3
-- Installing: /work/build.CoreELEC-Amlogic-no.aarch64-22/toolchain/share/man/man3/pcre2_maketables_free.3
-- Installing: /work/build.CoreELEC-Amlogic-no.aarch64-22/toolchain/share/man/man3/pcre2_match.3
-- Installing: /work/build.CoreELEC-Amlogic-no.aarch64-22/toolchain/share/man/man3/pcre2_match_context_copy.3
-- Installing: /work/build.CoreELEC-Amlogic-no.aarch64-22/toolchain/share/man/man3/pcre2_match_context_create.3
-- Installing: /work/build.CoreELEC-Amlogic-no.aarch64-22/toolchain/share/man/man3/pcre2_match_context_free.3
-- Installing: /work/build.CoreELEC-Amlogic-no.aarch64-22/toolchain/share/man/man3/pcre2_match_data_create.3
-- Installing: /work/build.CoreELEC-Amlogic-no.aarch64-22/toolchain/share/man/man3/pcre2_match_data_create_from_pattern.3
-- Installing: /work/build.CoreELEC-Amlogic-no.aarch64-22/toolchain/share/man/man3/pcre2_match_data_free.3
-- Installing: /work/build.CoreELEC-Amlogic-no.aarch64-22/toolchain/share/man/man3/pcre2_next_match.3
-- Installing: /work/build.CoreELEC-Amlogic-no.aarch64-22/toolchain/share/man/man3/pcre2_pattern_convert.3
-- Installing: /work/build.CoreELEC-Amlogic-no.aarch64-22/toolchain/share/man/man3/pcre2_pattern_info.3
-- Installing: /work/build.CoreELEC-Amlogic-no.aarch64-22/toolchain/share/man/man3/pcre2_serialize_decode.3
-- Installing: /work/build.CoreELEC-Amlogic-no.aarch64-22/toolchain/share/man/man3/pcre2_serialize_encode.3
-- Installing: /work/build.CoreELEC-Amlogic-no.aarch64-22/toolchain/share/man/man3/pcre2_serialize_free.3
-- Installing: /work/build.CoreELEC-Amlogic-no.aarch64-22/toolchain/share/man/man3/pcre2_serialize_get_number_of_codes.3
-- Installing: /work/build.CoreELEC-Amlogic-no.aarch64-22/toolchain/share/man/man3/pcre2_set_bsr.3
-- Installing: /work/build.CoreELEC-Amlogic-no.aarch64-22/toolchain/share/man/man3/pcre2_set_callout.3
-- Installing: /work/build.CoreELEC-Amlogic-no.aarch64-22/toolchain/share/man/man3/pcre2_set_character_tables.3
-- Installing: /work/build.CoreELEC-Amlogic-no.aarch64-22/toolchain/share/man/man3/pcre2_set_compile_extra_options.3
-- Installing: /work/build.CoreELEC-Amlogic-no.aarch64-22/toolchain/share/man/man3/pcre2_set_compile_recursion_guard.3
-- Installing: /work/build.CoreELEC-Amlogic-no.aarch64-22/toolchain/share/man/man3/pcre2_set_depth_limit.3
-- Installing: /work/build.CoreELEC-Amlogic-no.aarch64-22/toolchain/share/man/man3/pcre2_set_glob_escape.3
-- Installing: /work/build.CoreELEC-Amlogic-no.aarch64-22/toolchain/share/man/man3/pcre2_set_glob_separator.3
-- Installing: /work/build.CoreELEC-Amlogic-no.aarch64-22/toolchain/share/man/man3/pcre2_set_heap_limit.3
-- Installing: /work/build.CoreELEC-Amlogic-no.aarch64-22/toolchain/share/man/man3/pcre2_set_match_limit.3
-- Installing: /work/build.CoreELEC-Amlogic-no.aarch64-22/toolchain/share/man/man3/pcre2_set_max_pattern_compiled_length.3
-- Installing: /work/build.CoreELEC-Amlogic-no.aarch64-22/toolchain/share/man/man3/pcre2_set_max_pattern_length.3
-- Installing: /work/build.CoreELEC-Amlogic-no.aarch64-22/toolchain/share/man/man3/pcre2_set_max_varlookbehind.3
-- Installing: /work/build.CoreELEC-Amlogic-no.aarch64-22/toolchain/share/man/man3/pcre2_set_newline.3
-- Installing: /work/build.CoreELEC-Amlogic-no.aarch64-22/toolchain/share/man/man3/pcre2_set_offset_limit.3
-- Installing: /work/build.CoreELEC-Amlogic-no.aarch64-22/toolchain/share/man/man3/pcre2_set_optimize.3
-- Installing: /work/build.CoreELEC-Amlogic-no.aarch64-22/toolchain/share/man/man3/pcre2_set_parens_nest_limit.3
-- Installing: /work/build.CoreELEC-Amlogic-no.aarch64-22/toolchain/share/man/man3/pcre2_set_recursion_limit.3
-- Installing: /work/build.CoreELEC-Amlogic-no.aarch64-22/toolchain/share/man/man3/pcre2_set_recursion_memory_management.3
-- Installing: /work/build.CoreELEC-Amlogic-no.aarch64-22/toolchain/share/man/man3/pcre2_set_substitute_callout.3
-- Installing: /work/build.CoreELEC-Amlogic-no.aarch64-22/toolchain/share/man/man3/pcre2_set_substitute_case_callout.3
-- Installing: /work/build.CoreELEC-Amlogic-no.aarch64-22/toolchain/share/man/man3/pcre2_substitute.3
-- Installing: /work/build.CoreELEC-Amlogic-no.aarch64-22/toolchain/share/man/man3/pcre2_substring_copy_byname.3
-- Installing: /work/build.CoreELEC-Amlogic-no.aarch64-22/toolchain/share/man/man3/pcre2_substring_copy_bynumber.3
-- Installing: /work/build.CoreELEC-Amlogic-no.aarch64-22/toolchain/share/man/man3/pcre2_substring_free.3
-- Installing: /work/build.CoreELEC-Amlogic-no.aarch64-22/toolchain/share/man/man3/pcre2_substring_get_byname.3
-- Installing: /work/build.CoreELEC-Amlogic-no.aarch64-22/toolchain/share/man/man3/pcre2_substring_get_bynumber.3
-- Installing: /work/build.CoreELEC-Amlogic-no.aarch64-22/toolchain/share/man/man3/pcre2_substring_length_byname.3
-- Installing: /work/build.CoreELEC-Amlogic-no.aarch64-22/toolchain/share/man/man3/pcre2_substring_length_bynumber.3
-- Installing: /work/build.CoreELEC-Amlogic-no.aarch64-22/toolchain/share/man/man3/pcre2_substring_list_free.3
-- Installing: /work/build.CoreELEC-Amlogic-no.aarch64-22/toolchain/share/man/man3/pcre2_substring_list_get.3
-- Installing: /work/build.CoreELEC-Amlogic-no.aarch64-22/toolchain/share/man/man3/pcre2_substring_nametable_scan.3
-- Installing: /work/build.CoreELEC-Amlogic-no.aarch64-22/toolchain/share/man/man3/pcre2_substring_number_from_name.3
-- Installing: /work/build.CoreELEC-Amlogic-no.aarch64-22/toolchain/share/man/man3/pcre2api.3
-- Installing: /work/build.CoreELEC-Amlogic-no.aarch64-22/toolchain/share/man/man3/pcre2build.3
-- Installing: /work/build.CoreELEC-Amlogic-no.aarch64-22/toolchain/share/man/man3/pcre2callout.3
-- Installing: /work/build.CoreELEC-Amlogic-no.aarch64-22/toolchain/share/man/man3/pcre2compat.3
-- Installing: /work/build.CoreELEC-Amlogic-no.aarch64-22/toolchain/share/man/man3/pcre2convert.3
-- Installing: /work/build.CoreELEC-Amlogic-no.aarch64-22/toolchain/share/man/man3/pcre2demo.3
-- Installing: /work/build.CoreELEC-Amlogic-no.aarch64-22/toolchain/share/man/man3/pcre2jit.3
-- Installing: /work/build.CoreELEC-Amlogic-no.aarch64-22/toolchain/share/man/man3/pcre2limits.3
-- Installing: /work/build.CoreELEC-Amlogic-no.aarch64-22/toolchain/share/man/man3/pcre2matching.3
-- Installing: /work/build.CoreELEC-Amlogic-no.aarch64-22/toolchain/share/man/man3/pcre2partial.3
-- Installing: /work/build.CoreELEC-Amlogic-no.aarch64-22/toolchain/share/man/man3/pcre2pattern.3
-- Installing: /work/build.CoreELEC-Amlogic-no.aarch64-22/toolchain/share/man/man3/pcre2perform.3
-- Installing: /work/build.CoreELEC-Amlogic-no.aarch64-22/toolchain/share/man/man3/pcre2posix.3
-- Installing: /work/build.CoreELEC-Amlogic-no.aarch64-22/toolchain/share/man/man3/pcre2sample.3
-- Installing: /work/build.CoreELEC-Amlogic-no.aarch64-22/toolchain/share/man/man3/pcre2serialize.3
-- Installing: /work/build.CoreELEC-Amlogic-no.aarch64-22/toolchain/share/man/man3/pcre2syntax.3
-- Installing: /work/build.CoreELEC-Amlogic-no.aarch64-22/toolchain/share/man/man3/pcre2unicode.3
-- Installing: /work/build.CoreELEC-Amlogic-no.aarch64-22/toolchain/share/doc/pcre2/AUTHORS.md
-- Installing: /work/build.CoreELEC-Amlogic-no.aarch64-22/toolchain/share/doc/pcre2/COPYING
-- Installing: /work/build.CoreELEC-Amlogic-no.aarch64-22/toolchain/share/doc/pcre2/ChangeLog
-- Installing: /work/build.CoreELEC-Amlogic-no.aarch64-22/toolchain/share/doc/pcre2/LICENCE.md
-- Installing: /work/build.CoreELEC-Amlogic-no.aarch64-22/toolchain/share/doc/pcre2/NEWS
-- Installing: /work/build.CoreELEC-Amlogic-no.aarch64-22/toolchain/share/doc/pcre2/README
-- Installing: /work/build.CoreELEC-Amlogic-no.aarch64-22/toolchain/share/doc/pcre2/SECURITY.md
-- Installing: /work/build.CoreELEC-Amlogic-no.aarch64-22/toolchain/share/doc/pcre2/SUPPORT-LIFECYCLE.md
-- Installing: /work/build.CoreELEC-Amlogic-no.aarch64-22/toolchain/share/doc/pcre2/pcre2-config.txt
-- Installing: /work/build.CoreELEC-Amlogic-no.aarch64-22/toolchain/share/doc/pcre2/pcre2.txt
-- Installing: /work/build.CoreELEC-Amlogic-no.aarch64-22/toolchain/share/doc/pcre2/pcre2grep.txt
-- Installing: /work/build.CoreELEC-Amlogic-no.aarch64-22/toolchain/share/doc/pcre2/pcre2test.txt
-- Installing: /work/build.CoreELEC-Amlogic-no.aarch64-22/toolchain/share/doc/pcre2/html/NON-AUTOTOOLS-BUILD.txt
-- Installing: /work/build.CoreELEC-Amlogic-no.aarch64-22/toolchain/share/doc/pcre2/html/README.txt
-- Installing: /work/build.CoreELEC-Amlogic-no.aarch64-22/toolchain/share/doc/pcre2/html/index.html
-- Installing: /work/build.CoreELEC-Amlogic-no.aarch64-22/toolchain/share/doc/pcre2/html/pcre2-config.html
-- Installing: /work/build.CoreELEC-Amlogic-no.aarch64-22/toolchain/share/doc/pcre2/html/pcre2.html
-- Installing: /work/build.CoreELEC-Amlogic-no.aarch64-22/toolchain/share/doc/pcre2/html/pcre2_callout_enumerate.html
-- Installing: /work/build.CoreELEC-Amlogic-no.aarch64-22/toolchain/share/doc/pcre2/html/pcre2_code_copy.html
-- Installing: /work/build.CoreELEC-Amlogic-no.aarch64-22/toolchain/share/doc/pcre2/html/pcre2_code_copy_with_tables.html
-- Installing: /work/build.CoreELEC-Amlogic-no.aarch64-22/toolchain/share/doc/pcre2/html/pcre2_code_free.html
-- Installing: /work/build.CoreELEC-Amlogic-no.aarch64-22/toolchain/share/doc/pcre2/html/pcre2_compile.html
-- Installing: /work/build.CoreELEC-Amlogic-no.aarch64-22/toolchain/share/doc/pcre2/html/pcre2_compile_context_copy.html
-- Installing: /work/build.CoreELEC-Amlogic-no.aarch64-22/toolchain/share/doc/pcre2/html/pcre2_compile_context_create.html
-- Installing: /work/build.CoreELEC-Amlogic-no.aarch64-22/toolchain/share/doc/pcre2/html/pcre2_compile_context_free.html
-- Installing: /work/build.CoreELEC-Amlogic-no.aarch64-22/toolchain/share/doc/pcre2/html/pcre2_config.html
-- Installing: /work/build.CoreELEC-Amlogic-no.aarch64-22/toolchain/share/doc/pcre2/html/pcre2_convert_context_copy.html
-- Installing: /work/build.CoreELEC-Amlogic-no.aarch64-22/toolchain/share/doc/pcre2/html/pcre2_convert_context_create.html
-- Installing: /work/build.CoreELEC-Amlogic-no.aarch64-22/toolchain/share/doc/pcre2/html/pcre2_convert_context_free.html
-- Installing: /work/build.CoreELEC-Amlogic-no.aarch64-22/toolchain/share/doc/pcre2/html/pcre2_converted_pattern_free.html
-- Installing: /work/build.CoreELEC-Amlogic-no.aarch64-22/toolchain/share/doc/pcre2/html/pcre2_dfa_match.html
-- Installing: /work/build.CoreELEC-Amlogic-no.aarch64-22/toolchain/share/doc/pcre2/html/pcre2_general_context_copy.html
-- Installing: /work/build.CoreELEC-Amlogic-no.aarch64-22/toolchain/share/doc/pcre2/html/pcre2_general_context_create.html
-- Installing: /work/build.CoreELEC-Amlogic-no.aarch64-22/toolchain/share/doc/pcre2/html/pcre2_general_context_free.html
-- Installing: /work/build.CoreELEC-Amlogic-no.aarch64-22/toolchain/share/doc/pcre2/html/pcre2_get_error_message.html
-- Installing: /work/build.CoreELEC-Amlogic-no.aarch64-22/toolchain/share/doc/pcre2/html/pcre2_get_mark.html
-- Installing: /work/build.CoreELEC-Amlogic-no.aarch64-22/toolchain/share/doc/pcre2/html/pcre2_get_match_data_heapframes_size.html
-- Installing: /work/build.CoreELEC-Amlogic-no.aarch64-22/toolchain/share/doc/pcre2/html/pcre2_get_match_data_size.html
-- Installing: /work/build.CoreELEC-Amlogic-no.aarch64-22/toolchain/share/doc/pcre2/html/pcre2_get_ovector_count.html
-- Installing: /work/build.CoreELEC-Amlogic-no.aarch64-22/toolchain/share/doc/pcre2/html/pcre2_get_ovector_pointer.html
-- Installing: /work/build.CoreELEC-Amlogic-no.aarch64-22/toolchain/share/doc/pcre2/html/pcre2_get_startchar.html
-- Installing: /work/build.CoreELEC-Amlogic-no.aarch64-22/toolchain/share/doc/pcre2/html/pcre2_jit_compile.html
-- Installing: /work/build.CoreELEC-Amlogic-no.aarch64-22/toolchain/share/doc/pcre2/html/pcre2_jit_free_unused_memory.html
-- Installing: /work/build.CoreELEC-Amlogic-no.aarch64-22/toolchain/share/doc/pcre2/html/pcre2_jit_match.html
-- Installing: /work/build.CoreELEC-Amlogic-no.aarch64-22/toolchain/share/doc/pcre2/html/pcre2_jit_stack_assign.html
-- Installing: /work/build.CoreELEC-Amlogic-no.aarch64-22/toolchain/share/doc/pcre2/html/pcre2_jit_stack_create.html
-- Installing: /work/build.CoreELEC-Amlogic-no.aarch64-22/toolchain/share/doc/pcre2/html/pcre2_jit_stack_free.html
-- Installing: /work/build.CoreELEC-Amlogic-no.aarch64-22/toolchain/share/doc/pcre2/html/pcre2_maketables.html
-- Installing: /work/build.CoreELEC-Amlogic-no.aarch64-22/toolchain/share/doc/pcre2/html/pcre2_maketables_free.html
-- Installing: /work/build.CoreELEC-Amlogic-no.aarch64-22/toolchain/share/doc/pcre2/html/pcre2_match.html
-- Installing: /work/build.CoreELEC-Amlogic-no.aarch64-22/toolchain/share/doc/pcre2/html/pcre2_match_context_copy.html
-- Installing: /work/build.CoreELEC-Amlogic-no.aarch64-22/toolchain/share/doc/pcre2/html/pcre2_match_context_create.html
-- Installing: /work/build.CoreELEC-Amlogic-no.aarch64-22/toolchain/share/doc/pcre2/html/pcre2_match_context_free.html
-- Installing: /work/build.CoreELEC-Amlogic-no.aarch64-22/toolchain/share/doc/pcre2/html/pcre2_match_data_create.html
-- Installing: /work/build.CoreELEC-Amlogic-no.aarch64-22/toolchain/share/doc/pcre2/html/pcre2_match_data_create_from_pattern.html
-- Installing: /work/build.CoreELEC-Amlogic-no.aarch64-22/toolchain/share/doc/pcre2/html/pcre2_match_data_free.html
-- Installing: /work/build.CoreELEC-Amlogic-no.aarch64-22/toolchain/share/doc/pcre2/html/pcre2_next_match.html
-- Installing: /work/build.CoreELEC-Amlogic-no.aarch64-22/toolchain/share/doc/pcre2/html/pcre2_pattern_convert.html
-- Installing: /work/build.CoreELEC-Amlogic-no.aarch64-22/toolchain/share/doc/pcre2/html/pcre2_pattern_info.html
-- Installing: /work/build.CoreELEC-Amlogic-no.aarch64-22/toolchain/share/doc/pcre2/html/pcre2_serialize_decode.html
-- Installing: /work/build.CoreELEC-Amlogic-no.aarch64-22/toolchain/share/doc/pcre2/html/pcre2_serialize_encode.html
-- Installing: /work/build.CoreELEC-Amlogic-no.aarch64-22/toolchain/share/doc/pcre2/html/pcre2_serialize_free.html
-- Installing: /work/build.CoreELEC-Amlogic-no.aarch64-22/toolchain/share/doc/pcre2/html/pcre2_serialize_get_number_of_codes.html
-- Installing: /work/build.CoreELEC-Amlogic-no.aarch64-22/toolchain/share/doc/pcre2/html/pcre2_set_bsr.html
-- Installing: /work/build.CoreELEC-Amlogic-no.aarch64-22/toolchain/share/doc/pcre2/html/pcre2_set_callout.html
-- Installing: /work/build.CoreELEC-Amlogic-no.aarch64-22/toolchain/share/doc/pcre2/html/pcre2_set_character_tables.html
-- Installing: /work/build.CoreELEC-Amlogic-no.aarch64-22/toolchain/share/doc/pcre2/html/pcre2_set_compile_extra_options.html
-- Installing: /work/build.CoreELEC-Amlogic-no.aarch64-22/toolchain/share/doc/pcre2/html/pcre2_set_compile_recursion_guard.html
-- Installing: /work/build.CoreELEC-Amlogic-no.aarch64-22/toolchain/share/doc/pcre2/html/pcre2_set_depth_limit.html
-- Installing: /work/build.CoreELEC-Amlogic-no.aarch64-22/toolchain/share/doc/pcre2/html/pcre2_set_glob_escape.html
-- Installing: /work/build.CoreELEC-Amlogic-no.aarch64-22/toolchain/share/doc/pcre2/html/pcre2_set_glob_separator.html
-- Installing: /work/build.CoreELEC-Amlogic-no.aarch64-22/toolchain/share/doc/pcre2/html/pcre2_set_heap_limit.html
-- Installing: /work/build.CoreELEC-Amlogic-no.aarch64-22/toolchain/share/doc/pcre2/html/pcre2_set_match_limit.html
-- Installing: /work/build.CoreELEC-Amlogic-no.aarch64-22/toolchain/share/doc/pcre2/html/pcre2_set_max_pattern_compiled_length.html
-- Installing: /work/build.CoreELEC-Amlogic-no.aarch64-22/toolchain/share/doc/pcre2/html/pcre2_set_max_pattern_length.html
-- Installing: /work/build.CoreELEC-Amlogic-no.aarch64-22/toolchain/share/doc/pcre2/html/pcre2_set_max_varlookbehind.html
-- Installing: /work/build.CoreELEC-Amlogic-no.aarch64-22/toolchain/share/doc/pcre2/html/pcre2_set_newline.html
-- Installing: /work/build.CoreELEC-Amlogic-no.aarch64-22/toolchain/share/doc/pcre2/html/pcre2_set_offset_limit.html
-- Installing: /work/build.CoreELEC-Amlogic-no.aarch64-22/toolchain/share/doc/pcre2/html/pcre2_set_optimize.html
-- Installing: /work/build.CoreELEC-Amlogic-no.aarch64-22/toolchain/share/doc/pcre2/html/pcre2_set_parens_nest_limit.html
-- Installing: /work/build.CoreELEC-Amlogic-no.aarch64-22/toolchain/share/doc/pcre2/html/pcre2_set_recursion_limit.html
-- Installing: /work/build.CoreELEC-Amlogic-no.aarch64-22/toolchain/share/doc/pcre2/html/pcre2_set_recursion_memory_management.html
-- Installing: /work/build.CoreELEC-Amlogic-no.aarch64-22/toolchain/share/doc/pcre2/html/pcre2_set_substitute_callout.html
-- Installing: /work/build.CoreELEC-Amlogic-no.aarch64-22/toolchain/share/doc/pcre2/html/pcre2_set_substitute_case_callout.html
-- Installing: /work/build.CoreELEC-Amlogic-no.aarch64-22/toolchain/share/doc/pcre2/html/pcre2_substitute.html
-- Installing: /work/build.CoreELEC-Amlogic-no.aarch64-22/toolchain/share/doc/pcre2/html/pcre2_substring_copy_byname.html
-- Installing: /work/build.CoreELEC-Amlogic-no.aarch64-22/toolchain/share/doc/pcre2/html/pcre2_substring_copy_bynumber.html
-- Installing: /work/build.CoreELEC-Amlogic-no.aarch64-22/toolchain/share/doc/pcre2/html/pcre2_substring_free.html
-- Installing: /work/build.CoreELEC-Amlogic-no.aarch64-22/toolchain/share/doc/pcre2/html/pcre2_substring_get_byname.html
-- Installing: /work/build.CoreELEC-Amlogic-no.aarch64-22/toolchain/share/doc/pcre2/html/pcre2_substring_get_bynumber.html
-- Installing: /work/build.CoreELEC-Amlogic-no.aarch64-22/toolchain/share/doc/pcre2/html/pcre2_substring_length_byname.html
-- Installing: /work/build.CoreELEC-Amlogic-no.aarch64-22/toolchain/share/doc/pcre2/html/pcre2_substring_length_bynumber.html
-- Installing: /work/build.CoreELEC-Amlogic-no.aarch64-22/toolchain/share/doc/pcre2/html/pcre2_substring_list_free.html
-- Installing: /work/build.CoreELEC-Amlogic-no.aarch64-22/toolchain/share/doc/pcre2/html/pcre2_substring_list_get.html
-- Installing: /work/build.CoreELEC-Amlogic-no.aarch64-22/toolchain/share/doc/pcre2/html/pcre2_substring_nametable_scan.html
-- Installing: /work/build.CoreELEC-Amlogic-no.aarch64-22/toolchain/share/doc/pcre2/html/pcre2_substring_number_from_name.html
-- Installing: /work/build.CoreELEC-Amlogic-no.aarch64-22/toolchain/share/doc/pcre2/html/pcre2api.html
-- Installing: /work/build.CoreELEC-Amlogic-no.aarch64-22/toolchain/share/doc/pcre2/html/pcre2build.html
-- Installing: /work/build.CoreELEC-Amlogic-no.aarch64-22/toolchain/share/doc/pcre2/html/pcre2callout.html
-- Installing: /work/build.CoreELEC-Amlogic-no.aarch64-22/toolchain/share/doc/pcre2/html/pcre2compat.html
-- Installing: /work/build.CoreELEC-Amlogic-no.aarch64-22/toolchain/share/doc/pcre2/html/pcre2convert.html
-- Installing: /work/build.CoreELEC-Amlogic-no.aarch64-22/toolchain/share/doc/pcre2/html/pcre2demo.html
-- Installing: /work/build.CoreELEC-Amlogic-no.aarch64-22/toolchain/share/doc/pcre2/html/pcre2grep.html
-- Installing: /work/build.CoreELEC-Amlogic-no.aarch64-22/toolchain/share/doc/pcre2/html/pcre2jit.html
-- Installing: /work/build.CoreELEC-Amlogic-no.aarch64-22/toolchain/share/doc/pcre2/html/pcre2limits.html
-- Installing: /work/build.CoreELEC-Amlogic-no.aarch64-22/toolchain/share/doc/pcre2/html/pcre2matching.html
-- Installing: /work/build.CoreELEC-Amlogic-no.aarch64-22/toolchain/share/doc/pcre2/html/pcre2partial.html
-- Installing: /work/build.CoreELEC-Amlogic-no.aarch64-22/toolchain/share/doc/pcre2/html/pcre2pattern.html
-- Installing: /work/build.CoreELEC-Amlogic-no.aarch64-22/toolchain/share/doc/pcre2/html/pcre2perform.html
-- Installing: /work/build.CoreELEC-Amlogic-no.aarch64-22/toolchain/share/doc/pcre2/html/pcre2posix.html
-- Installing: /work/build.CoreELEC-Amlogic-no.aarch64-22/toolchain/share/doc/pcre2/html/pcre2sample.html
-- Installing: /work/build.CoreELEC-Amlogic-no.aarch64-22/toolchain/share/doc/pcre2/html/pcre2serialize.html
-- Installing: /work/build.CoreELEC-Amlogic-no.aarch64-22/toolchain/share/doc/pcre2/html/pcre2syntax.html
-- Installing: /work/build.CoreELEC-Amlogic-no.aarch64-22/toolchain/share/doc/pcre2/html/pcre2test.html
-- Installing: /work/build.CoreELEC-Amlogic-no.aarch64-22/toolchain/share/doc/pcre2/html/pcre2unicode.html
>>> pcre2:host seq 90 >>>
<<< lzo:host seq 86 <<<
[1;36mGET[0m      lzo (archive)
    [1;36mGET[0m      lzo [primary] http://www.oberhumer.com/opensource/lzo/download/lzo-2.10.tar.gz
  % Total    % Received % Xferd  Average Speed   Time    Time     Time  Current
                                 Dload  Upload   Total   Spent    Left  Speed

  0     0    0     0    0     0      0      0 --:--:-- --:--:-- --:--:--     0
  3  586k    3 22752    0     0  26571      0  0:00:22 --:--:--  0:00:22 26548
 43  586k   43  255k    0     0   128k      0  0:00:04  0:00:01  0:00:03  128k
100  586k  100  586k    0     0   201k      0  0:00:02  0:00:02 --:--:--  201k
100  586k  100  586k    0     0   201k      0  0:00:02  0:00:02 --:--:--  201k
    [1;32mINFO[0m      Calculated checksum: c0f892943208266f9b6543b3ae308fab6284c5c90e627931446fb49b4221a072
[1;36mUNPACK[0m      lzo
    [1;32mAPPLY PATCH [1;37m(common)[0m[0m      packages/compress/lzo/patches/0001-build-with-cmake-4.0.0.patch
patching file CMakeLists.txt
    [1;33mFIXCONFIG[0m      /work/build.CoreELEC-Amlogic-no.aarch64-22/build/lzo-2.10/autoconf/
[1;33mBUILD[0m      lzo [1;37m(host)[0m
    [1;35mTOOLCHAIN[0m      cmake (auto-detect)
Executing (host): cmake -GNinja -DCMAKE_TOOLCHAIN_FILE=/work/build.CoreELEC-Amlogic-no.aarch64-22/toolchain/etc/cmake-x86_64-linux-gnu.conf -DCMAKE_INSTALL_PREFIX=/work/build.CoreELEC-Amlogic-no.aarch64-22/toolchain -DCMAKE_BUILD_TYPE=Release -DENABLE_SHARED=OFF -DENABLE_STATIC=ON /work/build.CoreELEC-Amlogic-no.aarch64-22/build/lzo-2.10
-- The C compiler identification is GNU 14.2.0
-- Detecting C compiler ABI info
-- Detecting C compiler ABI info - done
-- Check for working C compiler: /work/build.CoreELEC-Amlogic-no.aarch64-22/toolchain/bin/host-gcc - skipped
-- Detecting C compile features
-- Detecting C compile features - done
-- Found PkgConfig: /work/build.CoreELEC-Amlogic-no.aarch64-22/toolchain/bin/pkg-config (found version "0.29.2")
-- Looking for assert.h
-- Looking for assert.h - found
-- Looking for ctype.h
-- Looking for ctype.h - found
-- Looking for dirent.h
-- Looking for dirent.h - found
-- Looking for errno.h
-- Looking for errno.h - found
-- Looking for fcntl.h
-- Looking for fcntl.h - found
-- Looking for float.h
-- Looking for float.h - found
-- Looking for limits.h
-- Looking for limits.h - found
-- Looking for malloc.h
-- Looking for malloc.h - found
-- Looking for memory.h
-- Looking for memory.h - found
-- Looking for setjmp.h
-- Looking for setjmp.h - found
-- Looking for signal.h
-- Looking for signal.h - found
-- Looking for stdarg.h
-- Looking for stdarg.h - found
-- Looking for stddef.h
-- Looking for stddef.h - found
-- Looking for stdint.h
-- Looking for stdint.h - found
-- Looking for stdio.h
-- Looking for stdio.h - found
-- Looking for stdlib.h
-- Looking for stdlib.h - found
-- Looking for string.h
-- Looking for string.h - found
-- Looking for strings.h
-- Looking for strings.h - found
-- Looking for time.h
-- Looking for time.h - found
-- Looking for unistd.h
-- Looking for unistd.h - found
-- Looking for utime.h
-- Looking for utime.h - found
-- Looking for sys/mman.h
-- Looking for sys/mman.h - found
-- Looking for sys/resource.h
-- Looking for sys/resource.h - found
-- Looking for sys/stat.h
-- Looking for sys/stat.h - found
-- Looking for sys/time.h
-- Looking for sys/time.h - found
-- Looking for sys/types.h
-- Looking for sys/types.h - found
-- Looking for sys/wait.h
-- Looking for sys/wait.h - found
-- Looking for sys/types.h
-- Looking for sys/types.h - found
-- Looking for stdint.h
-- Looking for stdint.h - found
-- Looking for stddef.h
-- Looking for stddef.h - found
-- Check size of short
-- Check size of short - done
-- Check size of int
-- Check size of int - done
-- Check size of long
-- Check size of long - done
-- Check size of long long
-- Check size of long long - done
-- Check size of __int16
-- Check size of __int16 - failed
-- Check size of __int32
-- Check size of __int32 - failed
-- Check size of __int64
-- Check size of __int64 - failed
-- Check size of void *
-- Check size of void * - done
-- Check size of size_t
-- Check size of size_t - done
-- Check size of ptrdiff_t
-- Check size of ptrdiff_t - done
-- Check size of intmax_t
-- Check size of intmax_t - done
-- Check size of uintmax_t
-- Check size of uintmax_t - done
-- Check size of intptr_t
-- Check size of intptr_t - done
-- Check size of uintptr_t
-- Check size of uintptr_t - done
-- Check size of float
-- Check size of float - done
-- Check size of double
-- Check size of double - done
-- Check size of long double
-- Check size of long double - done
-- Check size of dev_t
-- Check size of dev_t - done
-- Check size of fpos_t
-- Check size of fpos_t - failed
-- Check size of mode_t
-- Check size of mode_t - done
-- Check size of off_t
-- Check size of off_t - done
-- Check size of ssize_t
-- Check size of ssize_t - done
-- Check size of time_t
-- Check size of time_t - done
-- Looking for access
-- Looking for access - found
-- Looking for alloca
-- Looking for alloca - not found
-- Looking for atexit
-- Looking for atexit - found
-- Looking for atoi
-- Looking for atoi - found
-- Looking for atol
-- Looking for atol - found
-- Looking for chmod
-- Looking for chmod - found
-- Looking for chown
-- Looking for chown - found
-- Looking for clock_getcpuclockid
-- Looking for clock_getcpuclockid - found
-- Looking for clock_getres
-- Looking for clock_getres - found
-- Looking for clock_gettime
-- Looking for clock_gettime - found
-- Looking for ctime
-- Looking for ctime - found
-- Looking for difftime
-- Looking for difftime - found
-- Looking for fstat
-- Looking for fstat - found
-- Looking for getenv
-- Looking for getenv - found
-- Looking for getpagesize
-- Looking for getpagesize - found
-- Looking for getrusage
-- Looking for getrusage - found
-- Looking for gettimeofday
-- Looking for gettimeofday - found
-- Looking for gmtime
-- Looking for gmtime - found
-- Looking for isatty
-- Looking for isatty - found
-- Looking for localtime
-- Looking for localtime - found
-- Looking for longjmp
-- Looking for longjmp - found
-- Looking for lstat
-- Looking for lstat - found
-- Looking for memcmp
-- Looking for memcmp - found
-- Looking for memcpy
-- Looking for memcpy - found
-- Looking for memmove
-- Looking for memmove - found
-- Looking for memset
-- Looking for memset - found
-- Looking for mkdir
-- Looking for mkdir - found
-- Looking for mktime
-- Looking for mktime - found
-- Looking for mmap
-- Looking for mmap - found
-- Looking for mprotect
-- Looking for mprotect - found
-- Looking for munmap
-- Looking for munmap - found
-- Looking for qsort
-- Looking for qsort - found
-- Looking for raise
-- Looking for raise - found
-- Looking for rmdir
-- Looking for rmdir - found
-- Looking for setjmp
-- Looking for setjmp - found
-- Looking for signal
-- Looking for signal - found
-- Looking for snprintf
-- Looking for snprintf - found
-- Looking for strcasecmp
-- Looking for strcasecmp - found
-- Looking for strchr
-- Looking for strchr - found
-- Looking for strdup
-- Looking for strdup - found
-- Looking for strerror
-- Looking for strerror - found
-- Looking for strftime
-- Looking for strftime - found
-- Looking for stricmp
-- Looking for stricmp - not found
-- Looking for strncasecmp
-- Looking for strncasecmp - found
-- Looking for strnicmp
-- Looking for strnicmp - not found
-- Looking for strrchr
-- Looking for strrchr - found
-- Looking for strstr
-- Looking for strstr - found
-- Looking for time
-- Looking for time - found
-- Looking for umask
-- Looking for umask - found
-- Looking for utime
-- Looking for utime - found
-- Looking for vsnprintf
-- Looking for vsnprintf - found
-- CMAKE_BUILD_TYPE = Release
-- Configuring done (24.3s)
-- Generating done (0.0s)
-- Build files have been written to: /work/build.CoreELEC-Amlogic-no.aarch64-22/build/lzo-2.10/.x86_64-linux-gnu
Executing (host): ninja 
[1/85] Building C object CMakeFiles/lzo_static_lib.dir/src/lzo1b_xx.c.o
[2/85] Building C object CMakeFiles/lzo_static_lib.dir/src/lzo1b_cc.c.o
[3/85] Building C object CMakeFiles/lzo_static_lib.dir/src/lzo1b_d1.c.o
[4/85] Building C object CMakeFiles/lzo_static_lib.dir/src/lzo1b_9.c.o
[5/85] Building C object CMakeFiles/lzo_static_lib.dir/src/lzo1b_rr.c.o
[6/85] Building C object CMakeFiles/lzo_static_lib.dir/src/lzo1c_1.c.o
[7/85] Building C object CMakeFiles/lzo_static_lib.dir/src/lzo1_99.c.o
[8/85] Building C object CMakeFiles/lzo_static_lib.dir/src/lzo1b_5.c.o
[9/85] Building C object CMakeFiles/lzo_static_lib.dir/src/lzo1b_d2.c.o
[10/85] Building C object CMakeFiles/lzo_static_lib.dir/src/lzo1b_2.c.o
[11/85] Building C object CMakeFiles/lzo_static_lib.dir/src/lzo1b_3.c.o
[12/85] Building C object CMakeFiles/lzo_static_lib.dir/src/lzo1a_99.c.o
[13/85] Building C object CMakeFiles/lzo_static_lib.dir/src/lzo1b_8.c.o
[14/85] Building C object CMakeFiles/lzo_static_lib.dir/src/lzo1b_7.c.o
[15/85] Building C object CMakeFiles/lzo_static_lib.dir/src/lzo1c_2.c.o
[16/85] Building C object CMakeFiles/lzo_static_lib.dir/src/lzo1b_9x.c.o
[17/85] Building C object CMakeFiles/lzo_static_lib.dir/src/lzo1c_cc.c.o
[18/85] Building C object CMakeFiles/lzo_static_lib.dir/src/lzo1.c.o
[19/85] Building C object CMakeFiles/lzo_static_lib.dir/src/lzo1b_1.c.o
[20/85] Building C object CMakeFiles/lzo_static_lib.dir/src/lzo1b_4.c.o
[21/85] Building C object CMakeFiles/lzo_static_lib.dir/src/lzo1b_6.c.o
[22/85] Building C object CMakeFiles/lzo_static_lib.dir/src/lzo1a.c.o
[23/85] Building C object CMakeFiles/lzo_static_lib.dir/src/lzo1c_4.c.o
[24/85] Building C object CMakeFiles/lzo_static_lib.dir/src/lzo1c_rr.c.o
[25/85] Building C object CMakeFiles/lzo_static_lib.dir/src/lzo1c_xx.c.o
[26/85] Building C object CMakeFiles/lzo_static_lib.dir/src/lzo1b_99.c.o
[27/85] Building C object CMakeFiles/lzo_static_lib.dir/src/lzo1c_3.c.o
[28/85] Building C object CMakeFiles/lzo_static_lib.dir/src/lzo1c_d1.c.o
[29/85] Building C object CMakeFiles/lzo_static_lib.dir/src/lzo1c_5.c.o
[30/85] Building C object CMakeFiles/lzo_static_lib.dir/src/lzo1c_7.c.o
[31/85] Building C object CMakeFiles/lzo_static_lib.dir/src/lzo1c_9.c.o
[32/85] Building C object CMakeFiles/lzo_static_lib.dir/src/lzo1c_99.c.o
[33/85] Building C object CMakeFiles/lzo_static_lib.dir/src/lzo1c_d2.c.o
[34/85] Building C object CMakeFiles/lzo_static_lib.dir/src/lzo1c_8.c.o
[35/85] Building C object CMakeFiles/lzo_static_lib.dir/src/lzo1f_1.c.o
[36/85] Building C object CMakeFiles/lzo_static_lib.dir/src/lzo1f_d1.c.o
[37/85] Building C object CMakeFiles/lzo_static_lib.dir/src/lzo1c_6.c.o
[38/85] Building C object CMakeFiles/lzo_static_lib.dir/src/lzo1f_d2.c.o
[39/85] Building C object CMakeFiles/lzo_static_lib.dir/src/lzo1x_d1.c.o
[40/85] Building C object CMakeFiles/lzo_static_lib.dir/src/lzo1x_1k.c.o
[41/85] Building C object CMakeFiles/lzo_static_lib.dir/src/lzo1c_9x.c.o
[42/85] Building C object CMakeFiles/lzo_static_lib.dir/src/lzo1x_1.c.o
[43/85] Building C object CMakeFiles/lzo_static_lib.dir/src/lzo1x_1o.c.o
[44/85] Building C object CMakeFiles/lzo_static_lib.dir/src/lzo1f_9x.c.o
[45/85] Building C object CMakeFiles/lzo_static_lib.dir/src/lzo1x_d2.c.o
[46/85] Building C object CMakeFiles/lzo_static_lib.dir/src/lzo1x_1l.c.o
[47/85] Building C object CMakeFiles/lzo_static_lib.dir/src/lzo1x_o.c.o
[48/85] Building C object CMakeFiles/lzo_static_lib.dir/src/lzo1y_d1.c.o
[49/85] Building C object CMakeFiles/lzo_static_lib.dir/src/lzo1z_d1.c.o
[50/85] Building C object CMakeFiles/lzo_static_lib.dir/src/lzo1y_d3.c.o
[51/85] Building C object CMakeFiles/lzo_static_lib.dir/src/lzo1x_d3.c.o
[52/85] Building C object CMakeFiles/lzo_static_lib.dir/src/lzo2a_d2.c.o
[53/85] Building C object CMakeFiles/lzo_static_lib.dir/src/lzo_ptr.c.o
[54/85] Building C object CMakeFiles/lzo_static_lib.dir/src/lzo1y_1.c.o
[55/85] Building C object CMakeFiles/lzo_static_lib.dir/src/lzo1y_d2.c.o
[56/85] Building C object CMakeFiles/lzo_static_lib.dir/src/lzo1y_o.c.o
[57/85] Building C object CMakeFiles/lzo_static_lib.dir/src/lzo1z_d2.c.o
[58/85] Building C object CMakeFiles/lzo_static_lib.dir/src/lzo_init.c.o
[59/85] Building C object CMakeFiles/lzo_static_lib.dir/src/lzo_crc.c.o
[60/85] Building C object CMakeFiles/lzo_static_lib.dir/src/lzo_str.c.o
[61/85] Building C object CMakeFiles/lzo_static_lib.dir/src/lzo_util.c.o
[62/85] Building C object CMakeFiles/lzo_static_lib.dir/src/lzo2a_d1.c.o
[63/85] Building C object CMakeFiles/lzo_static_lib.dir/src/lzo2a_9x.c.o
[64/85] Building C object CMakeFiles/lzo_static_lib.dir/src/lzo1z_d3.c.o
[65/85] Building C object CMakeFiles/testmini.dir/minilzo/testmini.c.o
[66/85] Building C object CMakeFiles/dict.dir/examples/dict.c.o
In file included from /work/build.CoreELEC-Amlogic-no.aarch64-22/build/lzo-2.10/examples/dict.c:44:
/work/build.CoreELEC-Amlogic-no.aarch64-22/build/lzo-2.10/examples/portab.h: In function 'xmalloc':
/work/build.CoreELEC-Amlogic-no.aarch64-22/build/lzo-2.10/examples/portab.h:133:25: warning: 'p' may be used uninitialized [-Wmaybe-uninitialized]
  133 |     if (len >= align && __lzo_align_gap(p, align) != 0)
      |                         ^~~~~~~~~~~~~~~~~~~~~~~~~
In file included from /work/build.CoreELEC-Amlogic-no.aarch64-22/build/lzo-2.10/examples/dict.c:35:
/work/build.CoreELEC-Amlogic-no.aarch64-22/build/lzo-2.10/include/lzo/lzoconf.h:378:22: note: by argument 1 of type 'const void *' to '__lzo_align_gap' declared here
  378 | LZO_EXTERN(unsigned) __lzo_align_gap(const lzo_voidp p, lzo_uint size);
      |                      ^~~~~~~~~~~~~~~
[67/85] Building C object CMakeFiles/overlap.dir/examples/overlap.c.o
In file included from /work/build.CoreELEC-Amlogic-no.aarch64-22/build/lzo-2.10/examples/overlap.c:45:
/work/build.CoreELEC-Amlogic-no.aarch64-22/build/lzo-2.10/examples/portab.h: In function 'xmalloc':
/work/build.CoreELEC-Amlogic-no.aarch64-22/build/lzo-2.10/examples/portab.h:133:25: warning: 'p' may be used uninitialized [-Wmaybe-uninitialized]
  133 |     if (len >= align && __lzo_align_gap(p, align) != 0)
      |                         ^~~~~~~~~~~~~~~~~~~~~~~~~
In file included from /work/build.CoreELEC-Amlogic-no.aarch64-22/build/lzo-2.10/examples/overlap.c:36:
/work/build.CoreELEC-Amlogic-no.aarch64-22/build/lzo-2.10/include/lzo/lzoconf.h:378:22: note: by argument 1 of type 'const void *' to '__lzo_align_gap' declared here
  378 | LZO_EXTERN(unsigned) __lzo_align_gap(const lzo_voidp p, lzo_uint size);
      |                      ^~~~~~~~~~~~~~~
[68/85] Building C object CMakeFiles/lzopack.dir/examples/lzopack.c.o
In file included from /work/build.CoreELEC-Amlogic-no.aarch64-22/build/lzo-2.10/examples/lzopack.c:48:
/work/build.CoreELEC-Amlogic-no.aarch64-22/build/lzo-2.10/examples/portab.h: In function 'xmalloc':
/work/build.CoreELEC-Amlogic-no.aarch64-22/build/lzo-2.10/examples/portab.h:133:25: warning: 'p' may be used uninitialized [-Wmaybe-uninitialized]
  133 |     if (len >= align && __lzo_align_gap(p, align) != 0)
      |                         ^~~~~~~~~~~~~~~~~~~~~~~~~
In file included from /work/build.CoreELEC-Amlogic-no.aarch64-22/build/lzo-2.10/examples/lzopack.c:39:
/work/build.CoreELEC-Amlogic-no.aarch64-22/build/lzo-2.10/include/lzo/lzoconf.h:378:22: note: by argument 1 of type 'const void *' to '__lzo_align_gap' declared here
  378 | LZO_EXTERN(unsigned) __lzo_align_gap(const lzo_voidp p, lzo_uint size);
      |                      ^~~~~~~~~~~~~~~
[69/85] Building C object CMakeFiles/simple.dir/examples/simple.c.o
In file included from /work/build.CoreELEC-Amlogic-no.aarch64-22/build/lzo-2.10/examples/simple.c:47:
/work/build.CoreELEC-Amlogic-no.aarch64-22/build/lzo-2.10/examples/portab.h: In function 'xmalloc':
/work/build.CoreELEC-Amlogic-no.aarch64-22/build/lzo-2.10/examples/portab.h:135:17: warning: '%s' directive argument is null [-Wformat-overflow=]
  135 |         printf("%s: C library problem: malloc() returned misaligned pointer!\n", progname);
      |                 ^~
/work/build.CoreELEC-Amlogic-no.aarch64-22/build/lzo-2.10/examples/portab.h:130:17: warning: '%s' directive argument is null [-Wformat-overflow=]
  130 |         printf("%s: out of memory\n", progname);
      |                 ^~
/work/build.CoreELEC-Amlogic-no.aarch64-22/build/lzo-2.10/examples/portab.h:133:25: warning: 'p' may be used uninitialized [-Wmaybe-uninitialized]
  133 |     if (len >= a[092/370] [DONE] build   lzo:host
lign && __lzo_align_gap(p, align) != 0)
      |                         ^~~~~~~~~~~~~~~~~~~~~~~~~
In file included from /work/build.CoreELEC-Amlogic-no.aarch64-22/build/lzo-2.10/examples/simple.c:40:
/work/build.CoreELEC-Amlogic-no.aarch64-22/build/lzo-2.10/include/lzo/lzoconf.h:378:22: note: by argument 1 of type 'const void *' to '__lzo_align_gap' declared here
  378 | LZO_EXTERN(unsigned) __lzo_align_gap(const lzo_voidp p, lzo_uint size);
      |                      ^~~~~~~~~~~~~~~
[70/85] Building C object CMakeFiles/precomp2.dir/examples/precomp2.c.o
In file included from /work/build.CoreELEC-Amlogic-no.aarch64-22/build/lzo-2.10/examples/precomp2.c:83:
/work/build.CoreELEC-Amlogic-no.aarch64-22/build/lzo-2.10/examples/portab.h: In function 'xmalloc':
/work/build.CoreELEC-Amlogic-no.aarch64-22/build/lzo-2.10/examples/portab.h:133:25: warning: 'p' may be used uninitialized [-Wmaybe-uninitialized]
  133 |     if (len >= align && __lzo_align_gap(p, align) != 0)
      |                         ^~~~~~~~~~~~~~~~~~~~~~~~~
In file included from /work/build.CoreELEC-Amlogic-no.aarch64-22/build/lzo-2.10/examples/precomp2.c:41:
/work/build.CoreELEC-Amlogic-no.aarch64-22/build/lzo-2.10/include/lzo/lzoconf.h:378:22: note: by argument 1 of type 'const void *' to '__lzo_align_gap' declared here
  378 | LZO_EXTERN(unsigned) __lzo_align_gap(const lzo_voidp p, lzo_uint size);
      |                      ^~~~~~~~~~~~~~~
[71/85] Building C object CMakeFiles/lzo_static_lib.dir/src/lzo1y_9x.c.o
[72/85] Building C object CMakeFiles/precomp.dir/examples/precomp.c.o
In file included from /work/build.CoreELEC-Amlogic-no.aarch64-22/build/lzo-2.10/examples/precomp.c:54:
/work/build.CoreELEC-Amlogic-no.aarch64-22/build/lzo-2.10/examples/portab.h: In function 'xmalloc':
/work/build.CoreELEC-Amlogic-no.aarch64-22/build/lzo-2.10/examples/portab.h:133:25: warning: 'p' may be used uninitialized [-Wmaybe-uninitialized]
  133 |     if (len >= align && __lzo_align_gap(p, align) != 0)
      |                         ^~~~~~~~~~~~~~~~~~~~~~~~~
In file included from /work/build.CoreELEC-Amlogic-no.aarch64-22/build/lzo-2.10/examples/precomp.c:38:
/work/build.CoreELEC-Amlogic-no.aarch64-22/build/lzo-2.10/include/lzo/lzoconf.h:378:22: note: by argument 1 of type 'const void *' to '__lzo_align_gap' declared here
  378 | LZO_EXTERN(unsigned) __lzo_align_gap(const lzo_voidp p, lzo_uint size);
      |                      ^~~~~~~~~~~~~~~
[73/85] Building C object CMakeFiles/lzo_static_lib.dir/src/lzo1x_9x.c.o
[74/85] Building C object CMakeFiles/lzo_static_lib.dir/src/lzo1z_9x.c.o
[75/85] Linking C static library liblzo2.a
[76/85] Linking C executable dict
[77/85] Linking C executable precomp2
[78/85] Linking C executable simple
[79/85] Linking C executable overlap
[80/85] Linking C executable lzopack
[81/85] Linking C executable precomp
[82/85] Building C object CMakeFiles/testmini.dir/minilzo/minilzo.c.o
[83/85] Linking C executable testmini
[84/85] Building C object CMakeFiles/lzotest.dir/lzotest/lzotest.c.o
/work/build.CoreELEC-Amlogic-no.aarch64-22/build/lzo-2.10/lzotest/lzotest.c: In function 'mb_alloc_extra':
/work/build.CoreELEC-Amlogic-no.aarch64-22/build/lzo-2.10/lzotest/lzotest.c:357:35: warning: '<unknown>' may be used uninitialized [-Wmaybe-uninitialized]
  357 |     if (mb->alloc_len >= align && __lzo_align_gap(mb->alloc_ptr, align) != 0) {
      |                                   ^~~~~~~~~~~~~~~~~~~~~~~~~~~~~~~~~~~~~
In file included from /work/build.CoreELEC-Amlogic-no.aarch64-22/build/lzo-2.10/lzotest/lzotest.c:29:
/work/build.CoreELEC-Amlogic-no.aarch64-22/build/lzo-2.10/include/lzo/lzoconf.h:378:22: note: by argument 1 of type 'const void *' to '__lzo_align_gap' declared here
  378 | LZO_EXTERN(unsigned) __lzo_align_gap(const lzo_voidp p, lzo_uint size);
      |                      ^~~~~~~~~~~~~~~
[85/85] Linking C executable lzotest
[0/1] Install the project...
-- Install configuration: "Release"
-- Installing: /work/build.CoreELEC-Amlogic-no.aarch64-22/toolchain/share/doc/lzo/AUTHORS
-- Installing: /work/build.CoreELEC-Amlogic-no.aarch64-22/toolchain/share/doc/lzo/COPYING
-- Installing: /work/build.CoreELEC-Amlogic-no.aarch64-22/toolchain/share/doc/lzo/NEWS
-- Installing: /work/build.CoreELEC-Amlogic-no.aarch64-22/toolchain/share/doc/lzo/THANKS
-- Installing: /work/build.CoreELEC-Amlogic-no.aarch64-22/toolchain/share/doc/lzo/LZO.FAQ
-- Installing: /work/build.CoreELEC-Amlogic-no.aarch64-22/toolchain/share/doc/lzo/LZO.TXT
-- Installing: /work/build.CoreELEC-Amlogic-no.aarch64-22/toolchain/share/doc/lzo/LZOAPI.TXT
-- Installing: /work/build.CoreELEC-Amlogic-no.aarch64-22/toolchain/include/lzo/lzo1.h
-- Installing: /work/build.CoreELEC-Amlogic-no.aarch64-22/toolchain/include/lzo/lzo1a.h
-- Installing: /work/build.CoreELEC-Amlogic-no.aarch64-22/toolchain/include/lzo/lzo1b.h
-- Installing: /work/build.CoreELEC-Amlogic-no.aarch64-22/toolchain/include/lzo/lzo1c.h
-- Installing: /work/build.CoreELEC-Amlogic-no.aarch64-22/toolchain/include/lzo/lzo1f.h
-- Installing: /work/build.CoreELEC-Amlogic-no.aarch64-22/toolchain/include/lzo/lzo1x.h
-- Installing: /work/build.CoreELEC-Amlogic-no.aarch64-22/toolchain/include/lzo/lzo1y.h
-- Installing: /work/build.CoreELEC-Amlogic-no.aarch64-22/toolchain/include/lzo/lzo1z.h
-- Installing: /work/build.CoreELEC-Amlogic-no.aarch64-22/toolchain/include/lzo/lzo2a.h
-- Installing: /work/build.CoreELEC-Amlogic-no.aarch64-22/toolchain/include/lzo/lzo_asm.h
-- Installing: /work/build.CoreELEC-Amlogic-no.aarch64-22/toolchain/include/lzo/lzoconf.h
-- Installing: /work/build.CoreELEC-Amlogic-no.aarch64-22/toolchain/include/lzo/lzodefs.h
-- Installing: /work/build.CoreELEC-Amlogic-no.aarch64-22/toolchain/include/lzo/lzoutil.h
-- Installing: /work/build.CoreELEC-Amlogic-no.aarch64-22/toolchain/lib/liblzo2.a
-- Installing: /work/build.CoreELEC-Amlogic-no.aarch64-22/toolchain/libexec/lzo/examples/lzopack
-- Installing: /work/build.CoreELEC-Amlogic-no.aarch64-22/toolchain/libexec/lzo/examples/lzotest
-- Installing: /work/build.CoreELEC-Amlogic-no.aarch64-22/toolchain/libexec/lzo/examples/simple
-- Installing: /work/build.CoreELEC-Amlogic-no.aarch64-22/toolchain/libexec/lzo/examples/testmini
-- Installing: /work/build.CoreELEC-Amlogic-no.aarch64-22/toolchain/lib/pkgconfig/lzo2.pc
>>> lzo:host seq 86 >>>
<<< xmlstarlet:host seq 97 <<<
[1;36mGET[0m      xmlstarlet (archive)
    [1;36mGET[0m      xmlstarlet [primary] https://github.com/xmlstarlet/xmlstarlet/releases/download/1.6.1/xmlstarlet-1.6.1.tar.gz
  % Total    % Received % Xferd  Average Speed   Time    Time     Time  Current
                                 Dload  Upload   Total   Spent    Left  Speed

  0     0    0     0    0     0      0      0 --:--:-- --:--:-- --:--:--     0
  0     0    0     0    0     0      0      0 --:--:-- --:--:-- --:--:--     0

100  411k  100  411k    0     0   576k      0 --:--:-- --:--:-- --:--:--  576k
    [1;32mINFO[0m      Calculated checksum: 15d838c4f3375332fd95554619179b69e4ec91418a3a5296e7c631b7ed19e7ca
[1;36mUNPACK[0m      xmlstarlet
    [1;32mAPPLY PATCH [1;37m(common)[0m[0m      packages/textproc/xmlstarlet/patches/0001-usage2c.awk-fix-wrong-basename-regexp.patch
patching file usage2c.awk
    [1;32mAPPLY PATCH [1;37m(common)[0m[0m      packages/textproc/xmlstarlet/patches/0246-fix-compile-with-libxml-2-12-0.patch
patching file src/xml_edit.c
patching file src/trans.c
patching file src/xml_format.c
    [1;32mAPPLY PATCH [1;37m(common)[0m[0m      packages/textproc/xmlstarlet/patches/0900-fix-compile-with-libxml-2-14-0.patch
patching file src/xml_pyx.c
    [1;33mFIXCONFIG[0m      /work/build.CoreELEC-Amlogic-no.aarch64-22/build/xmlstarlet-1.6.1/
[1;33mBUILD[0m      xmlstarlet [1;37m(host)[0m
    [1;35mTOOLCHAIN[0m      configure (auto-detect)
Executing (host): /work/build.CoreELEC-Amlogic-no.aarch64-22/build/xmlstarlet-1.6.1/configure --host=x86_64-linux-gnu --build=x86_64-linux-gnu --prefix=/work/build.CoreELEC-Amlogic-no.aarch64-22/toolchain --bindir=/work/build.CoreELEC-Amlogic-no.aarch64-22/toolchain/bin --sbindir=/work/build.CoreELEC-Amlogic-no.aarch64-22/toolchain/sbin --sysconfdir=/work/build.CoreELEC-Amlogic-no.aarch64-22/toolchain/etc --libexecdir=/work/build.CoreELEC-Amlogic-no.aarch64-22/toolchain/lib --localstatedir=/work/build.CoreELEC-Amlogic-no.aarch64-22/toolchain/var ac_cv_func_malloc_0_nonnull=yes ac_cv_func_realloc_0_nonnull=yes LIBXML_CONFIG=/work/build.CoreELEC-Amlogic-no.aarch64-22/toolchain/bin/xml2-config LIBXSLT_CONFIG=/work/build.CoreELEC-Amlogic-no.aarch64-22/toolchain/bin/xslt-config --with-libxml-include-prefix=/work/build.CoreELEC-Amlogic-no.aarch64-22/toolchain/include/libxml2 --with-libxml-libs-prefix=/work/build.CoreELEC-Amlogic-no.aarch64-22/toolchain/lib --with-libxslt-include-prefix=/work/build.CoreELEC-Amlogic-no.aarch64-22/toolchain/include --with-libxslt-libs-prefix=/work/build.CoreELEC-Amlogic-no.aarch64-22/toolchain/lib
checking for a BSD-compatible install... /usr/bin/install -c
checking whether build environment is sane... yes
checking for a thread-safe mkdir -p... /usr/bin/mkdir -p
checking for gawk... gawk
checking whether make sets $(MAKE)... yes
checking whether make supports nested variables... yes
checking whether make supports nested variables... (cached) yes
checking whether to enable maintainer-specific portions of Makefiles... no
checking build system type... x86_64-pc-linux-gnu
checking host system type... x86_64-pc-linux-gnu
checking for x86_64-linux-gnu-gcc... /work/build.CoreELEC-Amlogic-no.aarch64-22/toolchain/bin/host-gcc
checking whether the C compiler works... yes
checking for C compiler default output file name... a.out
checking for suffix of executables... 
checking whether we are cross compiling... no
checking for suffix of object files... o
checking whether we are using the GNU C compiler... yes
checking whether /work/build.CoreELEC-Amlogic-no.aarch64-22/toolchain/bin/host-gcc accepts -g... yes
checking for /work/build.CoreELEC-Amlogic-no.aarch64-22/toolchain/bin/host-gcc option to accept ISO C89... none needed
checking whether /work/build.CoreELEC-Amlogic-no.aarch64-22/toolchain/bin/host-gcc understands -c and -o together... yes
checking for style of include used by make... GNU
checking dependency style of /work/build.CoreELEC-Amlogic-no.aarch64-22/toolchain/bin/host-gcc... gcc3
checking for a sed that does not truncate output... /work/build.CoreELEC-Amlogic-no.aarch64-22/toolchain/bin/sed
checking for gawk... (cached) gawk
checking for xml2-config... /work/build.CoreELEC-Amlogic-no.aarch64-22/toolchain/bin/xml2-config
configure: using libxml-2.15.3
checking for xslt-config... /work/build.CoreELEC-Amlogic-no.aarch64-22/toolchain/bin/xslt-config
configure: using libxslt-1.1.45
checking for xsltproc... /work/build.CoreELEC-Amlogic-no.aarch64-22/toolchain/bin/xsltproc
checking for fop... none
checking for pdf2ps... none
checking how to run the C preprocessor... cpp
checking for grep that handles long lines and -e... /usr/bin/grep
checking for egrep... /usr/bin/grep -E
checking for ANSI C header files... yes
checking for sys/types.h... yes
checking for sys/stat.h... yes
checking for stdlib.h... yes
checking for string.h... yes
checking for memory.h... yes
checking for strings.h... yes
checking for inttypes.h... yes
checking for stdint.h... yes
checking for unistd.h... yes
checking whether lstat correctly handles trailing slash... yes
checking for stdlib.h... (cached) yes
checking for GNU libc compatible malloc... (cached) yes
checking for stdlib.h... (cached) yes
checking for GNU libc compatible realloc... (cached) yes
checking for mode_t... yes
checking for size_t... yes
checking for lstat... yes
checking for stat... yes
checking for setmode... no
checking whether O_BINARY is declared... no
checking whether exsltDateXpathCtxtRegister is declared... yes
configure: WARNING: fop not installed, unable to build pdf documentation
configure: WARNING: pdf2ps not installed, unable to build postscript documentation
checking that generated files are newer than configure... done
configure: creating ./config.status
config.status: creating xmlstarlet.spec
config.status: creating Makefile
config.status: creating solaris/package/sol8-sparc/pkginfo
config.status: creating solaris/package/sol9-sparc/pkginfo
config.status: creating config.h
config.status: executing depfiles commands
Executing (host): make 
make[1]: Entering directory '/work/build.CoreELEC-Amlogic-no.aarch64-22/build/xmlstarlet-1.6.1/.x86_64-linux-gnu'
make  all-am
make[2]: Entering directory '/work/build.CoreELEC-Amlogic-no.aarch64-22/build/xmlstarlet-1.6.1/.x86_64-linux-gnu'
  GEN      src/usage.c
version.h: #define VERSION "1.6.1"
  GEN      src/c14n-usage.c
  GEN      src/depyx-usage.c
  GEN      src/edit-usage.c
  GEN      src/elem-usage.c
  GEN      src/escape-usage.c
  GEN      src/format-usage.c
  GEN      src/ls-usage.c
  GEN      src/pyx-usage.c
  GEN      src/select-usage.c
  GEN      src/trans-usage.c
  GEN      src/unescape-usage.c
  GEN      src/validate-usage.c
  CC       src/trans.o
  CC       src/xml.o
  CC       src/xml_C14N.o
  CC       src/xml_depyx.o
  CC       src/xml_edit.o
  CC       src/xml_elem.o
  CC       src/xml_escape.o
  CC       src/xml_ls.o
  CC       src/xml_format.o
  CC       src/xml_pyx.o
  CC       src/xml_select.o
  CC       src/xml_trans.o
  CC       src/xml_validate.o
  CC       src/usage.o
  CC       src/format-usage.o
  CC       src/ls-usage.o
  CC       src/escape-usage.o
  CC       src/elem-usage.o
  CC       src/edit-usage.o
  CC       src/depyx-usage.o
  CC       src/c14n-usage.o
  CC       src/unescape-usage.o
  CC       src/validate-usage.o
  CC       src/trans-usage.o
  CC       src/select-usage.o
  CC       src/pyx-usage.o
/work/build.CoreELEC-Amlogic-no.aarch64-22/build/xmlstarlet-1.6.1/src/xml_C14N.c: In function 'c14nMain':
/work/build.CoreELEC-Amlogic-no.aarch64-22/build/xmlstarlet-1.6.1/src/xml_C14N.c:171:5: warning: 'xmlMemoryDump' is deprecated: See https://gnome.pages.gitlab.gnome.org/libxml2/html/deprecated.html [-Wdeprecated-declarations]
  171 |     xmlMemoryDump();
      |     ^~~~~~~~~~~~~
In file included from /work/build.CoreELEC-Amlogic-no.aarch64-22/build/xmlstarlet-1.6.1/src/xml_C14N.c:23:
/work/build.CoreELEC-Amlogic-no.aarch64-22/toolchain/include/libxml2/libxml/xmlmemory.h:176:9: note: declared here
  176 |         xmlMemoryDump   (void);
      |         ^~~~~~~~~~~~~
/work/build.CoreELEC-Amlogic-no.aarch64-22/build/xmlstarlet-1.6.1/src/xml_C14N.c: In function 'load_xpath_expr':
/work/build.CoreELEC-Amlogic-no.aarch64-22/build/xmlstarlet-1.6.1/src/xml_C14N.c:240:5: warning: '__xmlLoadExtDtdDefaultValue' is deprecated: See https://gnome.pages.gitlab.gnome.org/libxml2/html/deprecated.html [-Wdeprecated-declarations]
  240 |     xmlLoadExtDtdDefaultValue = XML_DETECT_IDS | XML_COMPLETE_ATTRS;
      |     ^~~~~~~~~~~~~~~~~~~~~~~~~
In file included from /work/build.CoreELEC-Amlogic-no.aarch64-22/build/xmlstarlet-1.6.1/src/xml_C14N.c:24:
/work/build.CoreELEC-Amlogic-no.aarch64-22/toolchain/include/libxml2/libxml/parser.h:1278:16: note: declared here
 1278 | XMLPUBFUN int *__xmlLoadExtDtdDefaultValue(void);
      |                ^~~~~~~~~~~~~~~~~~~~~~~~~~~
/work/build.CoreELEC-Amlogic-no.aarch64-22/build/xmlstarlet-1.6.1/src/xml_C14N.c:241:5: warning: 'xmlSubstituteEntitiesDefault' is deprecated: See https://gnome.pages.gitlab.gnome.org/libxml2/html/deprecated.html [-Wdeprecated-declarations]
  241 |     xmlSubstituteEntitiesDefault(1);
      |     ^~~~~~~~~~~~~~~~~~~~~~~~~~~~
/work/build.CoreELEC-Amlogic-no.aarch64-22/toolchain/include/libxml2/libxml/parser.h:1415:17: note: declared here
 1415 |                 xmlSubstituteEntitiesDefault(int val);
      |                 ^~~~~~~~~~~~~~~~~~~~~~~~~~~~
/work/build.CoreELEC-Amlogic-no.aarch64-22/build/xmlstarlet-1.6.1/src/xml.c: In function 'main':
/work/build.CoreELEC-Amlogic-no.aarch64-22/build/xmlstarlet-1.6.1/src/xml.c:300:43: warning: passing argument 2 of 'xmlSetStructuredErrorFunc' from incompatible pointer type [-Wincompatible-pointer-types]
  300 |     xmlSetStructuredErrorFunc(&errorInfo, reportError);
      |                                           ^~~~~~~~~~~
      |                                           |
      |                                           void (*)(void *, xmlError *) {aka void (*)(void *, struct _xmlError *)}
In file included from /work/build.CoreELEC-Amlogic-no.aarch64-22/toolchain/include/libxml2/libxml/valid.h:19,
                 from /work/build.CoreELEC-Amlogic-no.aarch64-22/toolchain/include/libxml2/libxml/parser.h:24,
                 from /work/build.CoreELEC-Amlogic-no.aarch64-22/toolchain/include/libxml2/libxml/tree.h:20,
                 from /work/build.CoreELEC-Amlogic-no.aarch64-22/toolchain/include/libxslt/xslt.h:13,
                 from /work/build.CoreELEC-Amlogic-no.aarch64-22/build/xmlstarlet-1.6.1/src/xml.c:37:
/work/build.CoreELEC-Amlogic-no.aarch64-22/toolchain/include/libxml2/libxml/xmlerror.h:1005:57: note: expected 'xmlStructuredErrorFunc' {aka 'void (*)(void *, const struct _xmlError *)'} but argument is of type 'void (*)(void *, xmlError *)' {aka 'void (*)(void *, struct _xmlError *)'}
 1005 |                                  xmlStructuredErrorFunc handler);
      |                                  ~~~~~~~~~~~~~~~~~~~~~~~^~~~~~~
/work/build.CoreELEC-Amlogic-no.aarch64-22/build/xmlstarlet-1.6.1/src/xml_ls.c: In function 'xml_print_dir':
/work/build.CoreELEC-Amlogic-no.aarch64-22/build/xmlstarlet-1.6.1/src/xml_ls.c:149:22: warning: the comparison will always evaluate as 'false' for the address of 'd_name' will never be NULL [-Waddress]
  149 |       if ((d->d_name == NULL) || !strcmp(d->d_name, ".") || !strcmp(d->d_name, ".."))
      |                      ^~
In file included from /usr/include/dirent.h:61,
                 from /work/build.CoreELEC-Amlogic-no.aarch64-22/build/xmlstarlet-1.6.1/src/xml_ls.c:33:
/usr/include/x86_64-linux-gnu/bits/dirent.h:33:10: note: 'd_name' declared here
   33 |     char d_name[256];           /* We must not include limits.h! */
      |          ^~~~~~
/work/build.CoreELEC-Amlogic-no.aarch64-22/build/xmlstarlet-1.6.1/src/trans.c: In function 'xsltInitLibXml':
/work/build.CoreELEC-Amlogic-no.aarch64-22/build/xmlstarlet-1.6.1/src/trans.c:49:5: warning: 'xmlInitMemory' is deprecated: See https://gnome.pages.gitlab.gnome.org/libxml2/html/deprecated.html [-Wdeprecated-declarations]
   49 |     xmlInitMemory();
      |     ^~~~~~~~~~~~~
In file included from /work/build.CoreELEC-Amlogic-no.aarch64-22/toolchain/include/libxml2/libxml/tree.h:33,
                 from /work/build.CoreELEC-Amlogic-no.aarch64-22/toolchain/include/libxml2/libxml/parser.h:20,
                 from /work/build.CoreELEC-Amlogic-no.aarch64-22/toolchain/include/libxml2/libxml/tree.h:20,
                 from /work/build.CoreELEC-Amlogic-no.aarch64-22/toolchain/include/libxml2/libxml/xmlsave.h:17,
                 from /work/build.CoreELEC-Amlogic-no.aarch64-22/build/xmlstarlet-1.6.1/src/trans.c:5:
/work/build.CoreELEC-Amlogic-no.aarch64-22/toolchain/include/libxml2/libxml/xmlmemory.h:148:9: note: declared here
  148 |         xmlInitMemory   (void);
      |         ^~~~~~~~~~~~~
/work/build.CoreELEC-Amlogic-no.aarch64-22/build/xmlstarlet-1.6.1/src/trans.c:56:5: warning: 'xmlLineNumbersDefault' is deprecated: See https://gnome.pages.gitlab.gnome.org/libxml2/html/deprecated.html [-Wdeprecated-declarations]
   56 |     xmlLineNumbersDefault(1);
      |     ^~~~~~~~~~~~~~~~~~~~~
/work/build.CoreELEC-Amlogic-no.aarch64-22/toolchain/include/libxml2/libxml/parser.h:1425:17: note: declared here
 1425 |                 xmlLineNumbersDefault   (int val);
      |                 ^~~~~~~~~~~~~~~~~~~~~
/work/build.CoreELEC-Amlogic-no.aarch64-22/build/xmlstarlet-1.6.1/src/trans.c:76:5: warning: 'xmlPedanticParserDefault' is deprecated: See https://gnome.pages.gitlab.gnome.org/libxml2/html/deprecated.html [-Wdeprecated-declarations]
   76 |     xmlPedanticParserDefault(0);
      |     ^~~~~~~~~~~~~~~~~~~~~~~~
/work/build.CoreELEC-Amlogic-no.aarch64-22/toolchain/include/libxml2/libxml/parser.h:1422:17: note: declared here
 1422 |                 xmlPedanticParserDefault(int val);
      |                 ^~~~~~~~~~~~~~~~~~~~~~~~
/work/build.CoreELEC-Amlogic-no.aarch64-22/build/xmlstarlet-1.6.1/src/trans.c:78:5: warning: '__xmlGetWarningsDefaultValue' is deprecated: See https://gnome.pages.gitlab.gnome.org/libxml2/html/deprecated.html [-Wdeprecated-declarations]
   78 |     xmlGetWarningsDefaultValue = 1;
      |     ^~~~~~~~~~~~~~~~~~~~~~~~~~
/work/build.CoreELEC-Amlogic-no.aarch64-22/toolchain/include/libxml2/libxml/parser.h:1272:16: note: declared here
 1272 | XMLPUBFUN int *__xmlGetWarningsDefaultValue(void);
      |                ^~~~~~~~~~~~~~~~~~~~~~~~~~~~
/work/build.CoreELEC-Amlogic-no.aarch64-22/build/xmlstarlet-1.6.1/src/trans.c:80:5: warning: '__xmlLoadExtDtdDefaultValue' is deprecated: See https://gnome.pages.gitlab.gnome.org/libxml2/html/deprecated.html [-Wdeprecated-declarations]
   80 |     xmlLoadExtDtdDefaultValue = 1;
      |     ^~~~~~~~~~~~~~~~~~~~~~~~~
/work/build.CoreELEC-Amlogic-no.aarch64-22/toolchain/include/libxml2/libxml/parser.h:1278:16: note: declared here
 1278 | XMLPUBFUN int *__xmlLoadExtDtdDefaultValue(void);
      |                ^~~~~~~~~~~~~~~~~~~~~~~~~~~
/work/build.CoreELEC-Amlogic-no.aarch64-22/build/xmlstarlet-1.6.1/src/trans.c:87:9: warning: '__xmlLoadExtDtdDefaultValue' is deprecated: See https://gnome.pages.gitlab.gnome.org/libxml2/html/deprecated.html [-Wdeprecated-declarations]
   87 |         xmlLoadExtDtdDefaultValue = XML_DETECT_IDS | XML_COMPLETE_ATTRS;
      |         ^~~~~~~~~~~~~~~~~~~~~~~~~
/work/build.CoreELEC-Amlogic-no.aarch64-22/toolchain/include/libxml2/libxml/parser.h:1278:16: note: declared here
 1278 | XMLPUBFUN int *__xmlLoadExtDtdDefaultValue(void);
      |                ^~~~~~~~~~~~~~~~~~~~~~~~~~~
/work/build.CoreELEC-Amlogic-no.aarch64-22/build/xmlstarlet-1.6.1/src/trans.c:91:9: warning: '__xmlLoadExtDtdDefaultValue' is deprecated: See https://gnome.pages.gitlab.gnome.org/libxml2/html/deprecated.html [-Wdeprecated-declarations]
   91 |         xmlLoadExtDtdDefaultValue = 0;
      |         ^~~~~~~~~~~~~~~~~~~~~~~~~
/work/build.CoreELEC-Amlogic-no.aarch64-22/toolchain/include/libxml2/libxml/parser.h:1278:16: note: declared here
 1278 | XMLPUBFUN int *__xmlLoadExtDtdDefaultValue(void);
      |                ^~~~~~~~~~~~~~~~~~~~~~~~~~~
/work/build.CoreELEC-Amlogic-no.aarch64-22/build/xmlstarlet-1.6.1/src/trans.c: In function 'xsltRun':
/work/build.CoreELEC-Amlogic-no.aarch64-22/build/xmlstarlet-1.6.1/src/trans.c:2[093/370] [DONE] build   xmlstarlet:host
32:13: warning: '__xmlIndentTreeOutput' is deprecated: See https://gnome.pages.gitlab.gnome.org/libxml2/html/deprecated.html [-Wdeprecated-declarations]
  232 |             if (cur->indent == 1) xmlIndentTreeOutput = 1;
      |             ^~
/work/build.CoreELEC-Amlogic-no.aarch64-22/toolchain/include/libxml2/libxml/parser.h:1286:16: note: declared here
 1286 | XMLPUBFUN int *__xmlIndentTreeOutput(void);
      |                ^~~~~~~~~~~~~~~~~~~~~
/work/build.CoreELEC-Amlogic-no.aarch64-22/build/xmlstarlet-1.6.1/src/trans.c:233:13: warning: '__xmlIndentTreeOutput' is deprecated: See https://gnome.pages.gitlab.gnome.org/libxml2/html/deprecated.html [-Wdeprecated-declarations]
  233 |             else xmlIndentTreeOutput = 0;
      |             ^~~~
/work/build.CoreELEC-Amlogic-no.aarch64-22/toolchain/include/libxml2/libxml/parser.h:1286:16: note: declared here
 1286 | XMLPUBFUN int *__xmlIndentTreeOutput(void);
      |                ^~~~~~~~~~~~~~~~~~~~~
/work/build.CoreELEC-Amlogic-no.aarch64-22/build/xmlstarlet-1.6.1/src/xml_elem.c: In function 'elMain':
/work/build.CoreELEC-Amlogic-no.aarch64-22/build/xmlstarlet-1.6.1/src/xml_elem.c:271:27: warning: passing argument 2 of 'xmlHashScan' from incompatible pointer type [-Wincompatible-pointer-types]
  271 |         xmlHashScan(uniq, hash_key_put, &lines);
      |                           ^~~~~~~~~~~~
      |                           |
      |                           void (*)(void *, void *, xmlChar *) {aka void (*)(void *, void *, unsigned char *)}
In file included from /work/build.CoreELEC-Amlogic-no.aarch64-22/build/xmlstarlet-1.6.1/src/xml_elem.c:32:
/work/build.CoreELEC-Amlogic-no.aarch64-22/toolchain/include/libxml2/libxml/hash.h:225:57: note: expected 'xmlHashScanner' {aka 'void (*)(void *, void *, const unsigned char *)'} but argument is of type 'void (*)(void *, void *, xmlChar *)' {aka 'void (*)(void *, void *, unsigned char *)'}
  225 |                                          xmlHashScanner scan,
      |                                          ~~~~~~~~~~~~~~~^~~~
/work/build.CoreELEC-Amlogic-no.aarch64-22/build/xmlstarlet-1.6.1/src/xml_format.c: In function 'foInitLibXml':
/work/build.CoreELEC-Amlogic-no.aarch64-22/build/xmlstarlet-1.6.1/src/xml_format.c:115:5: warning: 'xmlInitMemory' is deprecated: See https://gnome.pages.gitlab.gnome.org/libxml2/html/deprecated.html [-Wdeprecated-declarations]
  115 |     xmlInitMemory();
      |     ^~~~~~~~~~~~~
In file included from /work/build.CoreELEC-Amlogic-no.aarch64-22/build/xmlstarlet-1.6.1/src/xml_format.c:35:
/work/build.CoreELEC-Amlogic-no.aarch64-22/toolchain/include/libxml2/libxml/xmlmemory.h:148:9: note: declared here
  148 |         xmlInitMemory   (void);
      |         ^~~~~~~~~~~~~
/work/build.CoreELEC-Amlogic-no.aarch64-22/build/xmlstarlet-1.6.1/src/xml_format.c:122:5: warning: 'xmlLineNumbersDefault' is deprecated: See https://gnome.pages.gitlab.gnome.org/libxml2/html/deprecated.html [-Wdeprecated-declarations]
  122 |     xmlLineNumbersDefault(1);
      |     ^~~~~~~~~~~~~~~~~~~~~
In file included from /work/build.CoreELEC-Amlogic-no.aarch64-22/toolchain/include/libxml2/libxml/tree.h:20,
                 from /work/build.CoreELEC-Amlogic-no.aarch64-22/toolchain/include/libxml2/libxml/debugXML.h:18,
                 from /work/build.CoreELEC-Amlogic-no.aarch64-22/build/xmlstarlet-1.6.1/src/xml_format.c:36:
/work/build.CoreELEC-Amlogic-no.aarch64-22/toolchain/include/libxml2/libxml/parser.h:1425:17: note: declared here
 1425 |                 xmlLineNumbersDefault   (int val);
      |                 ^~~~~~~~~~~~~~~~~~~~~
/work/build.CoreELEC-Amlogic-no.aarch64-22/build/xmlstarlet-1.6.1/src/xml_format.c:124:5: warning: 'xmlSubstituteEntitiesDefault' is deprecated: See https://gnome.pages.gitlab.gnome.org/libxml2/html/deprecated.html [-Wdeprecated-declarations]
  124 |     xmlSubstituteEntitiesDefault(1);
      |     ^~~~~~~~~~~~~~~~~~~~~~~~~~~~
/work/build.CoreELEC-Amlogic-no.aarch64-22/toolchain/include/libxml2/libxml/parser.h:1415:17: note: declared here
 1415 |                 xmlSubstituteEntitiesDefault(int val);
      |                 ^~~~~~~~~~~~~~~~~~~~~~~~~~~~
/work/build.CoreELEC-Amlogic-no.aarch64-22/build/xmlstarlet-1.6.1/src/xml_format.c:126:5: warning: 'xmlPedanticParserDefault' is deprecated: See https://gnome.pages.gitlab.gnome.org/libxml2/html/deprecated.html [-Wdeprecated-declarations]
  126 |     xmlPedanticParserDefault(0);
      |     ^~~~~~~~~~~~~~~~~~~~~~~~
/work/build.CoreELEC-Amlogic-no.aarch64-22/toolchain/include/libxml2/libxml/parser.h:1422:17: note: declared here
 1422 |                 xmlPedanticParserDefault(int val);
      |                 ^~~~~~~~~~~~~~~~~~~~~~~~
/work/build.CoreELEC-Amlogic-no.aarch64-22/build/xmlstarlet-1.6.1/src/xml_format.c:128:5: warning: '__xmlGetWarningsDefaultValue' is deprecated: See https://gnome.pages.gitlab.gnome.org/libxml2/html/deprecated.html [-Wdeprecated-declarations]
  128 |     xmlGetWarningsDefaultValue = 1;
      |     ^~~~~~~~~~~~~~~~~~~~~~~~~~
/work/build.CoreELEC-Amlogic-no.aarch64-22/toolchain/include/libxml2/libxml/parser.h:1272:16: note: declared here
 1272 | XMLPUBFUN int *__xmlGetWarningsDefaultValue(void);
      |                ^~~~~~~~~~~~~~~~~~~~~~~~~~~~
/work/build.CoreELEC-Amlogic-no.aarch64-22/build/xmlstarlet-1.6.1/src/xml_format.c:129:5: warning: '__xmlDoValidityCheckingDefaultValue' is deprecated: See https://gnome.pages.gitlab.gnome.org/libxml2/html/deprecated.html [-Wdeprecated-declarations]
  129 |     xmlDoValidityCheckingDefaultValue = 0;
      |     ^~~~~~~~~~~~~~~~~~~~~~~~~~~~~~~~~
/work/build.CoreELEC-Amlogic-no.aarch64-22/toolchain/include/libxml2/libxml/parser.h:1270:16: note: declared here
 1270 | XMLPUBFUN int *__xmlDoValidityCheckingDefaultValue(void);
      |                ^~~~~~~~~~~~~~~~~~~~~~~~~~~~~~~~~~~
/work/build.CoreELEC-Amlogic-no.aarch64-22/build/xmlstarlet-1.6.1/src/xml_format.c:130:5: warning: '__xmlLoadExtDtdDefaultValue' is deprecated: See https://gnome.pages.gitlab.gnome.org/libxml2/html/deprecated.html [-Wdeprecated-declarations]
  130 |     xmlLoadExtDtdDefaultValue = 0;
      |     ^~~~~~~~~~~~~~~~~~~~~~~~~
/work/build.CoreELEC-Amlogic-no.aarch64-22/toolchain/include/libxml2/libxml/parser.h:1278:16: note: declared here
 1278 | XMLPUBFUN int *__xmlLoadExtDtdDefaultValue(void);
      |                ^~~~~~~~~~~~~~~~~~~~~~~~~~~
/work/build.CoreELEC-Amlogic-no.aarch64-22/build/xmlstarlet-1.6.1/src/xml_format.c:132:5: warning: '__xmlTreeIndentString' is deprecated: See https://gnome.pages.gitlab.gnome.org/libxml2/html/deprecated.html [-Wdeprecated-declarations]
  132 |     xmlTreeIndentString = NULL;
      |     ^~~~~~~~~~~~~~~~~~~
/work/build.CoreELEC-Amlogic-no.aarch64-22/toolchain/include/libxml2/libxml/parser.h:1288:24: note: declared here
 1288 | XMLPUBFUN const char **__xmlTreeIndentString(void);
      |                        ^~~~~~~~~~~~~~~~~~~~~
/work/build.CoreELEC-Amlogic-no.aarch64-22/build/xmlstarlet-1.6.1/src/xml_format.c:135:9: warning: '__xmlIndentTreeOutput' is deprecated: See https://gnome.pages.gitlab.gnome.org/libxml2/html/deprecated.html [-Wdeprecated-declarations]
  135 |         xmlIndentTreeOutput = 1;
      |         ^~~~~~~~~~~~~~~~~~~
/work/build.CoreELEC-Amlogic-no.aarch64-22/toolchain/include/libxml2/libxml/parser.h:1286:16: note: declared here
 1286 | XMLPUBFUN int *__xmlIndentTreeOutput(void);
      |                ^~~~~~~~~~~~~~~~~~~~~
/work/build.CoreELEC-Amlogic-no.aarch64-22/build/xmlstarlet-1.6.1/src/xml_format.c:138:13: warning: '__xmlTreeIndentString' is deprecated: See https://gnome.pages.gitlab.gnome.org/libxml2/html/deprecated.html [-Wdeprecated-declarations]
  138 |             xmlTreeIndentString = "\t";
      |             ^~~~~~~~~~~~~~~~~~~
/work/build.CoreELEC-Amlogic-no.aarch64-22/toolchain/include/libxml2/libxml/parser.h:1288:24: note: declared here
 1288 | XMLPUBFUN const char **__xmlTreeIndentString(void);
      |                        ^~~~~~~~~~~~~~~~~~~~~
/work/build.CoreELEC-Amlogic-no.aarch64-22/build/xmlstarlet-1.6.1/src/xml_format.c:143:13: warning: '__xmlTreeIndentString' is deprecated: See https://gnome.pages.gitlab.gnome.org/libxml2/html/deprecated.html [-Wdeprecated-declarations]
  143 |             xmlTreeIndentString = spaces;
      |             ^~~~~~~~~~~~~~~~~~~
/work/build.CoreELEC-Amlogic-no.aarch64-22/toolchain/include/libxml2/libxml/parser.h:1288:24: note: declared here
 1288 | XMLPUBFUN const char **__xmlTreeIndentString(void);
      |                        ^~~~~~~~~~~~~~~~~~~~~
/work/build.CoreELEC-Amlogic-no.aarch64-22/build/xmlstarlet-1.6.1/src/xml_format.c:149:9: warning: '__xmlIndentTreeOutput' is deprecated: See https://gnome.pages.gitlab.gnome.org/libxml2/html/deprecated.html [-Wdeprecated-declarations]
  149 |         xmlIndentTreeOutput = 0;
      |         ^~~~~~~~~~~~~~~~~~~
/work/build.CoreELEC-Amlogic-no.aarch64-22/toolchain/include/libxml2/libxml/parser.h:1286:16: note: declared here
 1286 | XMLPUBFUN int *__xmlIndentTreeOutput(void);
      |                ^~~~~~~~~~~~~~~~~~~~~
/work/build.CoreELEC-Amlogic-no.aarch64-22/build/xmlstarlet-1.6.1/src/xml_validate.c: In function 'valMain':
/work/build.CoreELEC-Amlogic-no.aarch64-22/build/xmlstarlet-1.6.1/src/xml_validate.c:300:43: warning: passing argument 2 of 'xmlSetStructuredErrorFunc' from incompatible pointer type [-Wincompatible-pointer-types]
  300 |     xmlSetStructuredErrorFunc(&errorInfo, reportError);
      |                                           ^~~~~~~~~~~
      |                                           |
      |                                           void (*)(void *, xmlError *) {aka void (*)(void *, struct _xmlError *)}
In file included from /work/build.CoreELEC-Amlogic-no.aarch64-22/toolchain/include/libxml2/libxml/xpath.h:29,
                 from /work/build.CoreELEC-Amlogic-no.aarch64-22/build/xmlstarlet-1.6.1/src/xmlstar.h:15,
                 from /work/build.CoreELEC-Amlogic-no.aarch64-22/build/xmlstarlet-1.6.1/src/xml_validate.c:35:
/work/build.CoreELEC-Amlogic-no.aarch64-22/toolchain/include/libxml2/libxml/xmlerror.h:1005:57: note: expected 'xmlStructuredErrorFunc' {aka 'void (*)(void *, const struct _xmlError *)'} but argument is of type 'void (*)(void *, xmlError *)' {aka 'void (*)(void *, struct _xmlError *)'}
 1005 |                                  xmlStructuredErrorFunc handler);
      |                                  ~~~~~~~~~~~~~~~~~~~~~~~^~~~~~~
/work/build.CoreELEC-Amlogic-no.aarch64-22/build/xmlstarlet-1.6.1/src/xml_validate.c:301:5: warning: 'xmlLineNumbersDefault' is deprecated: See https://gnome.pages.gitlab.gnome.org/libxml2/html/deprecated.html [-Wdeprecated-declarations]
  301 |     xmlLineNumbersDefault(1);
      |     ^~~~~~~~~~~~~~~~~~~~~
In file included from /work/build.CoreELEC-Amlogic-no.aarch64-22/toolchain/include/libxml2/libxml/tree.h:20,
                 from /work/build.CoreELEC-Amlogic-no.aarch64-22/toolchain/include/libxml2/libxml/xpath.h:30:
/work/build.CoreELEC-Amlogic-no.aarch64-22/toolchain/include/libxml2/libxml/parser.h:1425:17: note: declared here
 1425 |                 xmlLineNumbersDefault   (int val);
      |                 ^~~~~~~~~~~~~~~~~~~~~
/work/build.CoreELEC-Amlogic-no.aarch64-22/build/xmlstarlet-1.6.1/src/xml_validate.c:493:9: warning: 'xmlRelaxNGCleanupTypes' is deprecated: See https://gnome.pages.gitlab.gnome.org/libxml2/html/deprecated.html [-Wdeprecated-declarations]
  493 |         xmlRelaxNGCleanupTypes();
      |         ^~~~~~~~~~~~~~~~~~~~~~
In file included from /work/build.CoreELEC-Amlogic-no.aarch64-22/toolchain/include/libxml2/libxml/xmlreader.h:21,
                 from /work/build.CoreELEC-Amlogic-no.aarch64-22/build/xmlstarlet-1.6.1/src/xmlstar.h:17:
/work/build.CoreELEC-Amlogic-no.aarch64-22/toolchain/include/libxml2/libxml/relaxng.h:122:21: note: declared here
  122 |                     xmlRelaxNGCleanupTypes      (void);
      |                     ^~~~~~~~~~~~~~~~~~~~~~
/work/build.CoreELEC-Amlogic-no.aarch64-22/build/xmlstarlet-1.6.1/src/xml_validate.c:494:9: warning: 'xmlSchemaCleanupTypes' is deprecated: See https://gnome.pages.gitlab.gnome.org/libxml2/html/deprecated.html [-Wdeprecated-declarations]
  494 |         xmlSchemaCleanupTypes();
      |         ^~~~~~~~~~~~~~~~~~~~~
In file included from /work/build.CoreELEC-Amlogic-no.aarch64-22/build/xmlstarlet-1.6.1/src/xml_validate.c:40:
/work/build.CoreELEC-Amlogic-no.aarch64-22/toolchain/include/libxml2/libxml/xmlschemastypes.h:43:17: note: declared here
   43 |                 xmlSchemaCleanupTypes           (void);
      |                 ^~~~~~~~~~~~~~~~~~~~~
/work/build.CoreELEC-Amlogic-no.aarch64-22/build/xmlstarlet-1.6.1/src/xml_edit.c: In function 'edProcess':
/work/build.CoreELEC-Amlogic-no.aarch64-22/build/xmlstarlet-1.6.1/src/xml_edit.c:458:5: warning: 'xmlDeregisterNodeDefault' is deprecated: See https://gnome.pages.gitlab.gnome.org/libxml2/html/deprecated.html [-Wdeprecated-declarations]
  458 |     xmlDeregisterNodeDefault(&removeNodeFromPrev);
      |     ^~~~~~~~~~~~~~~~~~~~~~~~
In file included from /work/build.CoreELEC-Amlogic-no.aarch64-22/toolchain/include/libxml2/libxml/parser.h:20,
                 from /work/build.CoreELEC-Amlogic-no.aarch64-22/toolchain/include/libxml2/libxml/tree.h:20,
                 from /work/build.CoreELEC-Amlogic-no.aarch64-22/toolchain/include/libxml2/libxml/debugXML.h:18,
                 from /work/build.CoreELEC-Amlogic-no.aarch64-22/build/xmlstarlet-1.6.1/src/xml_edit.c:36:
/work/build.CoreELEC-Amlogic-no.aarch64-22/toolchain/include/libxml2/libxml/tree.h:1482:13: note: declared here
 1482 |             xmlDeregisterNodeDefault    (xmlDeregisterNodeFunc func);
      |             ^~~~~~~~~~~~~~~~~~~~~~~~
/work/build.CoreELEC-Amlogic-no.aarch64-22/build/xmlstarlet-1.6.1/src/xml_edit.c:533:5: warning: 'xmlDeregisterNodeDefault' is deprecated: See https://gnome.pages.gitlab.gnome.org/libxml2/html/deprecated.html [-Wdeprecated-declarations]
  533 |     xmlDeregisterNodeDefault(NULL);
      |     ^~~~~~~~~~~~~~~~~~~~~~~~
/work/build.CoreELEC-Amlogic-no.aarch64-22/toolchain/include/libxml2/libxml/tree.h:1482:13: note: declared here
 1482 |             xmlDeregisterNodeDefault    (xmlDeregisterNodeFunc func);
      |             ^~~~~~~~~~~~~~~~~~~~~~~~
/work/build.CoreELEC-Amlogic-no.aarch64-22/build/xmlstarlet-1.6.1/src/xml_edit.c: In function 'edInsert':
/work/build.CoreELEC-Amlogic-no.aarch64-22/build/xmlstarlet-1.6.1/src/xml_edit.c:371:9: warning: 'node' may be used uninitialized [-Wmaybe-uninitialized]
  371 |         xmlXPathNodeSetAdd(previous_insertion, node);
      |         ^~~~~~~~~~~~~~~~~~~~~~~~~~~~~~~~~~~~~~~~~~~~
/work/build.CoreELEC-Amlogic-no.aarch64-22/build/xmlstarlet-1.6.1/src/xml_edit.c:339:20: note: 'node' was declared here
  339 |         xmlNodePtr node;
      |                    ^~~~
In file included from /work/build.CoreELEC-Amlogic-no.aarch64-22/toolchain/include/libxml2/libxml/tree.h:32,
                 from /work/build.CoreELEC-Amlogic-no.aarch64-22/toolchain/include/libxml2/libxml/parser.h:20,
                 from /work/build.CoreELEC-Amlogic-no.aarch64-22/toolchain/include/libxml2/libxml/tree.h:20,
                 from /work/build.CoreELEC-Amlogic-no.aarch64-22/build/xmlstarlet-1.6.1/src/xml_select.c:38:
/work/build.CoreELEC-Amlogic-no.aarch64-22/build/xmlstarlet-1.6.1/src/xml_select.c: In function 'selPrepareXslt':
/work/build.CoreELEC-Amlogic-no.aarch64-22/toolchain/include/libxml2/libxml/xmlstring.h:34:18: warning: pointer targets in passing argument 3 of 'xmlStrPrintf' differ in signedness [-Wpointer-sign]
   34 | #define BAD_CAST (xmlChar *)
/work/build.CoreELEC-Amlogic-no.aarch64-22/build/xmlstarlet-1.6.1/src/xml_select.c:552:55: note: in expansion of macro 'BAD_CAST'
  552 |                 xmlStrPrintf(num_buf, sizeof num_buf, BAD_CAST "t%d", t);
      |                                                       ^~~~~~~~
/work/build.CoreELEC-Amlogic-no.aarch64-22/toolchain/include/libxml2/libxml/xmlstring.h:99:54: note: expected 'const char *' but argument is of type 'xmlChar *' {aka 'unsigned char *'}
   99 |                                          const char *msg,
      |                                          ~~~~~~~~~~~~^~~
  CCLD     xml
make[2]: Leaving directory '/work/build.CoreELEC-Amlogic-no.aarch64-22/build/xmlstarlet-1.6.1/.x86_64-linux-gnu'
make[1]: Leaving directory '/work/build.CoreELEC-Amlogic-no.aarch64-22/build/xmlstarlet-1.6.1/.x86_64-linux-gnu'
make[1]: Entering directory '/work/build.CoreELEC-Amlogic-no.aarch64-22/build/xmlstarlet-1.6.1/.x86_64-linux-gnu'
make[2]: Entering directory '/work/build.CoreELEC-Amlogic-no.aarch64-22/build/xmlstarlet-1.6.1/.x86_64-linux-gnu'
 /usr/bin/mkdir -p '/work/build.CoreELEC-Amlogic-no.aarch64-22/toolchain/share/doc/xmlstarlet'
 /usr/bin/mkdir -p '/work/build.CoreELEC-Amlogic-no.aarch64-22/toolchain/bin'
 /usr/bin/mkdir -p '/work/build.CoreELEC-Amlogic-no.aarch64-22/toolchain/share/man/man1'
 /usr/bin/install -c -m 644 /work/build.CoreELEC-Amlogic-no.aarch64-22/build/xmlstarlet-1.6.1/doc/xmlstarlet-ug.html /work/build.CoreELEC-Amlogic-no.aarch64-22/build/xmlstarlet-1.6.1/doc/html.css /work/build.CoreELEC-Amlogic-no.aarch64-22/build/xmlstarlet-1.6.1/doc/xmlstarlet.txt '/work/build.CoreELEC-Amlogic-no.aarch64-22/toolchain/share/doc/xmlstarlet'
  /usr/bin/install -c xml '/work/build.CoreELEC-Amlogic-no.aarch64-22/toolchain/bin'
 /usr/bin/install -c -m 644 /work/build.CoreELEC-Amlogic-no.aarch64-22/build/xmlstarlet-1.6.1/doc/xmlstarlet.1 '/work/build.CoreELEC-Amlogic-no.aarch64-22/toolchain/share/man/man1'
make[2]: Leaving directory '/work/build.CoreELEC-Amlogic-no.aarch64-22/build/xmlstarlet-1.6.1/.x86_64-linux-gnu'
make[1]: Leaving directory '/work/build.CoreELEC-Amlogic-no.aarch64-22/build/xmlstarlet-1.6.1/.x86_64-linux-gnu'
>>> xmlstarlet:host seq 97 >>>
<<< toolchain:host seq 101 <<<
>>> toolchain:host seq 101 >>>
[094/370] [DONE] build   toolchain:host
<<< TexturePacker:host seq 100 <<<
[1;33mBUILD[0m      TexturePacker [1;37m(host)[0m
    [1;35mTOOLCHAIN[0m      cmake (auto-detect)
Executing (host): cmake -GNinja -DCMAKE_TOOLCHAIN_FILE=/work/build.CoreELEC-Amlogic-no.aarch64-22/toolchain/etc/cmake-x86_64-linux-gnu.conf -DCMAKE_INSTALL_PREFIX=/work/build.CoreELEC-Amlogic-no.aarch64-22/toolchain -DCMAKE_BUILD_TYPE=Release -Wno-dev -DKODI_SOURCE_DIR=/work/build.CoreELEC-Amlogic-no.aarch64-22/build/kodi-9b78f0024dd25d5e24e6f124caccc241675479dc /work/build.CoreELEC-Amlogic-no.aarch64-22/build/kodi-9b78f0024dd25d5e24e6f124caccc241675479dc/tools/depends/native/TexturePacker/src
The no-dev option is deprecated.  Use -Wno-author instead.
-- The C compiler identification is GNU 14.2.0
-- The CXX compiler identification is GNU 14.2.0
-- Detecting C compiler ABI info
-- Detecting C compiler ABI info - done
-- Check for working C compiler: /work/build.CoreELEC-Amlogic-no.aarch64-22/toolchain/bin/host-gcc - skipped
-- Detecting C compile features
-- Detecting C compile features - done
-- Detecting CXX compiler ABI info
-- Detecting CXX compiler ABI info - done
-- Check for working CXX compiler: /work/build.CoreELEC-Amlogic-no.aarch64-22/toolchain/bin/host-g++ - skipped
-- Detecting CXX compile features
-- Detecting CXX compile features - done
-- Found Lzo2: /work/build.CoreELEC-Amlogic-no.aarch64-22/toolchain/lib/liblzo2.a
-- Found ZLIB: /work/build.CoreELEC-Amlogic-no.aarch64-22/toolchain/lib/libz.so (found version "1.3.2")
-- Found PNG: /work/build.CoreELEC-Amlogic-no.aarch64-22/toolchain/lib/libpng.a (found version "1.6.58")
-- Found GIF: /work/build.CoreELEC-Amlogic-no.aarch64-22/toolchain/lib/libgif.a (found version "6.1.3")
-- Found JPEG: /work/build.CoreELEC-Amlogic-no.aarch64-22/toolchain/lib/libjpeg.a (found version "80")
-- Configuring done (0.5s)
-- Generating done (0.0s)
-- Build files have been written to: /work/build.CoreELEC-Amlogic-no.aarch64-22/build/TexturePacker-0/.x86_64-linux-gnu
Executing (host): ninja 
[1/10] Building CXX object CMakeFiles/TexturePacker.dir/md5.cpp.o
[2/10] Building CXX object CMakeFiles/TexturePacker.dir/decoder/PNGDecoder.cpp.o
[3/10] Building CXX object CMakeFiles/TexturePacker.dir/XBTFWriter.cpp.o
[4/10] Building CXX object CMakeFiles/TexturePacker.dir/work/build.CoreELEC-Amlogic-no.aarch64-22/build/kodi-9b78f0024dd25d5e24e6f124caccc241675479dc/xbmc/guilib/XBTF.cpp.o
[5/10] Building CXX object CMakeFiles/TexturePacker.dir/DecoderManager.cpp.o
[6/10] Building CXX object CMakeFiles/TexturePacker.dir/decoder/JPGDecoder.cpp.o
[7/10] Building CXX object CMakeFiles/TexturePacker.dir/decoder/GIFDecoder.cpp.o
[8/10] Building CXX object CMakeFiles/TexturePacker.dir/decoder/GifHelper.cpp.o
[9/10] Building CXX object CMakeFiles/TexturePacker.dir/TexturePacker.cpp.o
[10/10] Linking CXX executable TexturePacker
>>> TexturePacker:host seq 100 >>>
[095/370] [DONE] build   TexturePacker:host
<<< JsonSchemaBuilder:host seq 91 <<<
[1;36mGET[0m      kodi (archive)
    [1;36mGET[0m      kodi [primary] https://github.com/CoreELEC/xbmc/archive/9b78f0024dd25d5e24e6f124caccc241675479dc.tar.gz
  % Total    % Received % Xferd  Average Speed   Time    Time     Time  Current
                                 Dload  Upload   Total   Spent    Left  Speed

  0     0    0     0    0     0      0      0 --:--:-- --:--:-- --:--:--     0
  0     0    0     0    0     0      0      0 --:--:-- --:--:-- --:--:--     0

  0     0    0     0    0     0      0      0 --:--:-- --:--:-- --:--:--     0
100 12.9M    0 12.9M    0     0  9232k      0 --:--:--  0:00:01 --:--:-- 12.9M
100 28.5M    0 28.5M    0     0  11.3M      0 --:--:--  0:00:02 --:--:-- 13.7M
100 38.5M    0 38.5M    0     0  11.1M      0 --:--:--  0:00:03 --:--:-- 12.7M
100 39.9M    0 39.9M    0     0  10.9M      0 --:--:--  0:00:03 --:--:-- 12.4M
    [1;32mINFO[0m      Calculated checksum: 5595d82a3e71c328a2eecb04c0b6515085da69fec478b272daf3ab8ec56ab390
[1;36mGET[0m      commons-lang3 (archive)
    [1;36mGET[0m      commons-lang3 [primary] https://archive.apache.org/dist/commons/lang/binaries/commons-lang3-3.20.0-bin.tar.gz
  % Total    % Received % Xferd  Average Speed   Time    Time     Time  Current
                                 Dload  Upload   Total   Spent    Left  Speed

  0     0    0     0    0     0      0      0 --:--:-- --:--:-- --:--:--     0
  0 17.9M    0  7941    0     0   8529      0  0:36:48 --:--:--  0:36:48  8557
  0 17.9M    0  164k    0     0  82639      0  0:03:47  0:00:02  0:03:45 82811
  8 17.9M    8 1515k    0     0   524k      0  0:00:35  0:00:02  0:00:33  525k
 64 17.9M   64 11.6M    0     0  3071k      0  0:00:05  0:00:03  0:00:02 3073k
100 17.9M  100 17.9M    0     0  4071k      0  0:00:04  0:00:04 --:--:-- 4075k
    [1;32mINFO[0m      Calculated checksum: a77875dbc8b7b687e49d914cf00cf7237a548f4163c2a64565b3da999d8b024f
[1;36mUNPACK[0m      commons-lang3
[1;36mGET[0m      commons-text (archive)
    [1;36mGET[0m      commons-text [primary] https://archive.apache.org/dist/commons/text/binaries/commons-text-1.15.0-bin.tar.gz
  % Total    % Received % Xferd  Average Speed   Time    Time     Time  Current
                                 Dload  Upload   Total   Spent    Left  Speed

  0     0    0     0    0     0      0      0 --:--:-- --:--:-- --:--:--     0
  0 3118k    0 15943    0     0  13635      0  0:03:54  0:00:01  0:03:53 13649
  4 3118k    4  140k    0     0  70989      0  0:00:44  0:00:02  0:00:42 71047
 70 3118k   70 2195k    0     0   693k      0  0:00:04  0:00:03  0:00:01  693k
100 3118k  100 3118k    0     0   962k      0  0:00:03  0:00:03 --:--:--  963k
    [1;32mINFO[0m      Calculated checksum: af36d019def06a31b4d5accf60b13c4de817ec8569af1ffb410eb5ab16b39721
[1;36mUNPACK[0m      commons-text
[1;36mGET[0m      groovy (archive)
    [1;36mGET[0m      groovy [primary] https://groovy.jfrog.io/artifactory/dist-release-local/groovy-zips/apache-groovy-binary-4.0.33.zip
  % Total    % Received % Xferd  Average Speed   Time    Time     Time  Current
                                 Dload  Upload   Total   Spent    Left  Speed

  0     0    0     0    0     0      0      0 --:--:-- --:--:-- --:--:--     0
  0     0    0     0    0     0      0      0 --:--:-- --:--:-- --:--:--     0
  0     0    0     0    0     0      0      0 --:--:--  0:00:01 --:--:--     0
  0     0    0     0    0     0      0      0 --:--:--  0:00:01 --:--:--     0

  0 28.9M    0 53263    0     0  19502      0  0:25:56  0:00:02  0:25:54 19502
  8 28.9M    8 2384k    0     0   656k      0  0:00:45  0:00:03  0:00:42 2582k
 94 28.9M   94 27.3M    0     0  6040k      0  0:00:04  0:00:04 --:--:-- 14.3M
100 28.9M  100 28.9M    0     0  6320k      0  0:00:04  0:00:04 --:--:-- 14.7M
    [1;32mINFO[0m      Calculated checksum: 395a69a81d5e9915d360d630663c1d98534c9dec134cb267798e49370855d93d
[1;36mUNPACK[0m      groovy
[1;36mUNPACK[0m      kodi
    [1;32mAPPLY PATCH [1;37m(project)[0m[0m      projects/Amlogic-ce/patches/kodi/kodi-05-libdvd-upnp-remove-warnings.patch
patching file cmake/modules/FindLibDvdCSS.cmake
Hunk #1 succeeded at 30 with fuzz 1 (offset 3 lines).
patching file cmake/modules/FindLibDvdNav.cmake
Hunk #1 succeeded at 45 (offset 8 lines).
patching file cmake/modules/FindLibDvdRead.cmake
Hunk #1 succeeded at 54 with fuzz 1 (offset 5 lines).
patching file cmake/scripts/linux/Install.cmake
patching file lib/libUPnP/CMakeLists.txt
Hunk #1 succeeded at 133 (offset -1 lines).
    [1;32mAPPLY PATCH [1;37m(project)[0m[0m      projects/Amlogic-ce/patches/kodi/kodi-06-fileextensionprovider-remove-warnings.patch
patching file xbmc/utils/FileExtensionProvider.cpp
Hunk #1 succeeded at 29 (offset 1 line).
    [1;33mFIXCONFIG[0m      /work/build.CoreELEC-Amlogic-no.aarch64-22/build/kodi-9b78f0024dd25d5e24e6f124caccc241675479dc/tools/depends/build-aux/
[1;33mBUILD[0m      JsonSchemaBuilder [1;37m(host)[0m
    [1;35mTOOLCHAIN[0m      cmake (auto-detect)
Executing (host): cmake -GNinja -DCMAKE_TOOLCHAIN_FILE=/work/build.CoreELEC-Amlogic-no.aarch64-22/toolchain/etc/cmake-x86_64-linux-gnu.conf -DCMAKE_INSTALL_PREFIX=/work/build.CoreELEC-Amlogic-no.aarch64-22/toolchain -DCMAKE_BUILD_TYPE=Release -Wno-dev /work/build.CoreELEC-Amlogic-no.aarch64-22/build/kodi-9b78f0024dd25d5e24e6f124caccc241675479dc/tools/depends/native/JsonSchemaBuilder/src
The no-dev option is deprecated.  Use -Wno-author instead.
-- The C compiler identification is GNU 14.2.0
-- The CXX compiler identification is GNU 14.2.0
-- Detecting C compiler ABI info
-- Detecting C compiler ABI info - done
-- Check for working C compiler: /work/build.CoreELEC-Amlogic-no.aarch64-22/toolchain/bin/host-gcc - skipped
-- Detecting C compile features
-- Detecting C compile features - done
-- Detecting CXX compiler ABI info
-- Detecting CXX compiler ABI info - done
-- Check for working CXX compiler: /work/build.CoreELEC-Amlogic-no.aarch64-22/toolchain/bin/host-g++ - skipped
-- Detecting CXX compile features
-- Detecting CXX compile features - done
-- Configuring done (0.6s)
-- Generating done (0.0s)
-- Build files have been written to: /work/build.CoreELEC-Amlogic-no.aarch64-22/build/JsonSchemaBuilder-0/.x86_64-linux-gnu
Executing (host): ninja 
[1/2] Building CXX object CMakeFiles/JsonSchemaBuilder.dir/JsonSchemaBuilder.cpp.o
[2/2] Linking CXX executable JsonSchemaBuilder
>>> JsonSchemaBuilder:host seq 91 >>>
[096/370] [DONE] build   JsonSchemaBuilder:host
<<< wayland:host seq 96 <<<
[1;36mGET[0m      wayland (archive)
    [1;36mGET[0m      wayland [primary] https://gitlab.freedesktop.org/wayland/wayland/-/releases/1.26.0/downloads/wayland-1.26.0.tar.xz
  % Total    % Received % Xferd  Average Speed   Time    Time     Time  Current
                                 Dload  Upload   Total   Spent    Left  Speed

  0     0    0     0    0     0      0      0 --:--:-- --:--:-- --:--:--     0
  0     0    0     0    0     0      0      0 --:--:-- --:--:-- --:--:--     0
  0     0    0     0    0     0      0      0 --:--:--  0:00:01 --:--:--     0
100   173  100   173    0     0     68      0  0:00:02  0:00:02 --:--:--    68
100   173  100   173    0     0     68      0  0:00:02  0:00:02 --:--:--    68

  0     0    0     0    0     0      0      0 --:--:--  0:00:03 --:--:--     0
100   727  100   727    0     0    194      0  0:00:03  0:00:03 --:--:--  3690

  0     0    0     0    0     0      0      0 --:--:--  0:00:04 --:--:--     0
  0     0    0     0    0     0      0      0 --:--:--  0:00:05 --:--:--     0
 15  598k   15 92321    0     0  14474      0  0:00:42  0:00:06  0:00:36 48590
100  598k  100  598k    0     0  86711      0  0:00:07  0:00:07 --:--:--  231k
    [1;32mINFO[0m      Calculated checksum: 64176eaa46e4969903e286f8e5ef8331affc17fdf03ac9b58381d2b23162b7a3
[1;36mUNPACK[0m      wayland
[1;33mBUILD[0m      wayland [1;37m(host)[0m
    [1;35mTOOLCHAIN[0m      meson (auto-detect)
Executing (host): meson setup --prefix=/work/build.CoreELEC-Amlogic-no.aarch64-22/toolchain --bindir=/work/build.CoreELEC-Amlogic-no.aarch64-22/toolchain/bin --sbindir=/work/build.CoreELEC-Amlogic-no.aarch64-22/toolchain/sbin --sysconfdir=/work/build.CoreELEC-Amlogic-no.aarch64-22/toolchain/etc --libdir=/work/build.CoreELEC-Amlogic-no.aarch64-22/toolchain/lib --libexecdir=/work/build.CoreELEC-Amlogic-no.aarch64-22/toolchain/lib --localstatedir=/work/build.CoreELEC-Amlogic-no.aarch64-22/toolchain/var --buildtype=plain --wrap-mode=nodownload --native-file=/work/build.CoreELEC-Amlogic-no.aarch64-22/build/wayland-1.26.0/.x86_64-linux-gnu/meson.conf -Dlibraries=false -Dscanner=true -Dtests=false -Ddocumentation=false -Ddtd_validation=false /work/build.CoreELEC-Amlogic-no.aarch64-22/build/wayland-1.26.0
The Meson build system
Version: 1.12.0
Source dir: /work/build.CoreELEC-Amlogic-no.aarch64-22/build/wayland-1.26.0
Build dir: /work/build.CoreELEC-Amlogic-no.aarch64-22/build/wayland-1.26.0/.x86_64-linux-gnu
Build type: native build
Project name: wayland
Project version: 1.26.0
C compiler for the host machine: /work/build.CoreELEC-Amlogic-no.aarch64-22/toolchain/bin/host-gcc (gcc 14.2.0 "gcc (Debian 14.2.0-19) 14.2.0")
C linker for the host machine: /work/build.CoreELEC-Amlogic-no.aarch64-22/toolchain/bin/host-gcc ld.bfd 2.44
Host machine cpu family: x86_64
Host machine cpu: x86_64
Compiler for C supports arguments -Wno-unused-parameter: YES 
Compiler for C supports arguments -Wstrict-prototypes: YES 
Compiler for C supports arguments -Wmissing-prototypes: YES 
Compiler for C supports arguments -fvisibility=hidden: YES 
Has header "sys/prctl.h" : YES 
Has header "sys/procctl.h" : NO 
Has header "sys/ucred.h" : NO 
Checking for function "accept4" : YES 
Checking for function "mkostemp" : YES 
Checking for function "posix_fallocate" : YES 
Checking for function "prctl" : YES 
Checking for function "memfd_create" : YES 
Checking for function "mremap" : YES 
Checking for function "strndup" : YES 
Checking for function "gettid" : YES 
Checking whether type "struct xucred" has member "cr_pid" : NO 
Configuring config.h using configuration
Configuring wayland-version.h using configuration
Found pkg-config: YES (/work/build.CoreELEC-Amlogic-no.aarch64-22/toolchain/bin/pkg-config) 0.29.2
Run-time dependency expat found: YES 2.8.4
Program embed.py found: YES (/work/build.CoreELEC-Amlogic-no.aarch64-22/toolchain/bin/python3 /work/build.CoreELEC-Amlogic-no.aarch64-22/build/wayland-1.26.0/src/embed.py)
Found pkg-config: YES (/work/build.CoreELEC-Amlogic-no.aarch64-22/toolchain/bin/pkg-config) 0.29.2
Build targets in project: 3

wayland 1.26.0

  User defined options
    Native files  : /work/build.CoreELEC-Amlogic-no.aarch64-22/build/wayland-1.26.0/.x86_64-linux-gnu/meson.conf
    bindir        : /work/build.CoreELEC-Amlogic-no.aarch64-22/toolchain/bin
    buildtype     : plain
    documentation : false
    dtd_validation: false
    libdir        : /work/build.CoreELEC-Amlogic-no.aarch64-22/toolchain/lib
    libexecdir    : /work/build.CoreELEC-Amlogic-no.aarch64-22/toolchain/lib
    libraries     : false
    localstatedir : /work/build.CoreELEC-Amlogic-no.aarch64-22/toolchain/var
    prefix        : /work/build.CoreELEC-Amlogic-no.aarch64-22/toolchain
    sbindir       : /work/build.CoreELEC-Amlogic-no.aarch64-22/toolchain/sbin
    scanner       : true
    sysconfdir    : /work/build.CoreELEC-Amlogic-no.aarch64-22/toolchain/etc
    tests         : false
    wrap_mode     : nodownload

Found ninja-1.13.2 at /work/build.CoreELEC-Amlogic-no.aarch64-22/toolchain/bin/ninja
Executing (host): ninja 
[1/5] Generating src/wayland.dtd.h with a custom command (wrapped by meson to capture output)
[2/5] Compiling C object src/libwayland-util.a.p/wayland-util.c.o
[3/5] Linking static target src/libwayland-util.a
[4/5] Compiling C object src/wayland-scanner.p/scanner.c.o
[5/5] Linking target src/wayland-scanner
[0/1] Installing files
Installing src/wayland-scanner to /work/build.CoreELEC-Amlogic-no.aarch64-22/toolchain/bin
Installing /work/build.CoreELEC-Amlogic-no.aarch64-22/build/wayland-1.26.0/.x86_64-linux-gnu/meson-private/wayland-scanner.pc to /work/build.CoreELEC-Amlogic-no.aarch64-22/toolchain/lib/pkgconfig
Installing /work/build.CoreELEC-Amlogic-no.aarch64-22/build/wayland-1.26.0/wayland-scanner.mk to /work/build.CoreELEC-Amlogic-no.aarch64-22/toolchain/share/wayland
Installing /work/build.CoreELEC-Amlogic-no.aarch64-22/build/wayland-1.26.0/protocol/wayland.xml to /work/build.CoreELEC-Amlogic-no.aarch64-22/toolchain/share/wayland
Installing /work/build.CoreELEC-Amlogic-no.aarch64-22/build/wayland-1.26.0/protocol/wayland.dtd to /work/build.CoreELEC-Amlogic-no.aarch64-22/toolchain/share/wayland
Installing /work/build.CoreELEC-Amlogic-no.aarch64-22/build/wayland-1.26.0/wayland-scanner.m4 to /work/build.CoreELEC-Amlogic-no.aarch64-22/toolchain/share/aclocal
>>> wayland:host seq 96 >>>
[097/370] [DONE] build   wayland:host
<<< squashfs-tools:host seq 99 <<<
[1;36mGET[0m      squashfs-tools (archive)
    [1;36mGET[0m      squashfs-tools [primary] https://github.com/plougher/squashfs-tools/releases/download/4.7.5/squashfs-tools-4.7.5.tar.gz
  % Total    % Received % Xferd  Average Speed   Time    Time     Time  Current
                                 Dload  Upload   Total   Spent    Left  Speed

  0     0    0     0    0     0      0      0 --:--:-- --:--:-- --:--:--     0
  0     0    0     0    0     0      0      0 --:--:-- --:--:-- --:--:--     0
  0     0    0     0    0     0      0      0 --:--:-- --:--:-- --:--:--     0

100  402k  100  402k    0     0   579k      0 --:--:-- --:--:-- --:--:--  579k
    [1;32mINFO[0m      Calculated checksum: 547b7b7f4d2e44bf91b6fc554664850c69563701deab9fd9cd7e21f694c88ea6
[1;36mUNPACK[0m      squashfs-tools
[1;33mBUILD[0m      squashfs-tools [1;37m(host)[0m
    [1;35mTOOLCHAIN[0m      manual
make[1]: Entering directory '/work/build.CoreELEC-Amlogic-no.aarch64-22/build/squashfs-tools-4.7.5/squashfs-tools'
/work/build.CoreELEC-Amlogic-no.aarch64-22/toolchain/bin/host-gcc -O2 -Wall -pipe -I/work/build.CoreELEC-Amlogic-no.aarch64-22/toolchain/include -Wno-format-security -march=native  -I. -I/work/build.CoreELEC-Amlogic-no.aarch64-22/toolchain/include -D_FILE_OFFSET_BITS=64 -D_LARGEFILE_SOURCE -D_GNU_SOURCE -DCOMP_DEFAULT=\"gzip\" -Wall -DGZIP_SUPPORT -DLZO_SUPPORT -DZSTD_SUPPORT -DMAX_READER_THREADS=1024 -DSMALL_READER_THREADS=4 -DBLOCK_READER_THREADS=4 -DVERSION=\"4.7.5\" -DDATE=\"2026/03/01\" -DYEAR=\"2026\"   -c -o mksquashfs.o mksquashfs.c
/work/build.CoreELEC-Amlogic-no.aarch64-22/toolchain/bin/host-gcc -O2 -Wall -pipe -I/work/build.CoreELEC-Amlogic-no.aarch64-22/toolchain/include -Wno-format-security -march=native  -I. -I/work/build.CoreELEC-Amlogic-no.aarch64-22/toolchain/include -D_FILE_OFFSET_BITS=64 -D_LARGEFILE_SOURCE -D_GNU_SOURCE -DCOMP_DEFAULT=\"gzip\" -Wall -DGZIP_SUPPORT -DLZO_SUPPORT -DZSTD_SUPPORT -DMAX_READER_THREADS=1024 -DSMALL_READER_THREADS=4 -DBLOCK_READER_THREADS=4 -DVERSION=\"4.7.5\" -DDATE=\"2026/03/01\" -DYEAR=\"2026\"   -c -o read_fs.o read_fs.c
/work/build.CoreELEC-Amlogic-no.aarch64-22/toolchain/bin/host-gcc -O2 -Wall -pipe -I/work/build.CoreELEC-Amlogic-no.aarch64-22/toolchain/include -Wno-format-security -march=native  -I. -I/work/build.CoreELEC-Amlogic-no.aarch64-22/toolchain/include -D_FILE_OFFSET_BITS=64 -D_LARGEFILE_SOURCE -D_GNU_SOURCE -DCOMP_DEFAULT=\"gzip\" -Wall -DGZIP_SUPPORT -DLZO_SUPPORT -DZSTD_SUPPORT -DMAX_READER_THREADS=1024 -DSMALL_READER_THREADS=4 -DBLOCK_READER_THREADS=4 -DVERSION=\"4.7.5\" -DDATE=\"2026/03/01\" -DYEAR=\"2026\"   -c -o action.o action.c
/work/build.CoreELEC-Amlogic-no.aarch64-22/toolchain/bin/host-gcc -O2 -Wall -pipe -I/work/build.CoreELEC-Amlogic-no.aarch64-22/toolchain/include -Wno-format-security -march=native  -I. -I/work/build.CoreELEC-Amlogic-no.aarch64-22/toolchain/include -D_FILE_OFFSET_BITS=64 -D_LARGEFILE_SOURCE -D_GNU_SOURCE -DCOMP_DEFAULT=\"gzip\" -Wall -DGZIP_SUPPORT -DLZO_SUPPORT -DZSTD_SUPPORT -DMAX_READER_THREADS=1024 -DSMALL_READER_THREADS=4 -DBLOCK_READER_THREADS=4 -DVERSION=\"4.7.5\" -DDATE=\"2026/03/01\" -DYEAR=\"2026\"   -c -o swap.o swap.c
/work/build.CoreELEC-Amlogic-no.aarch64-22/toolchain/bin/host-gcc -O2 -Wall -pipe -I/work/build.CoreELEC-Amlogic-no.aarch64-22/toolchain/include -Wno-format-security -march=native  -I. -I/work/build.CoreELEC-Amlogic-no.aarch64-22/toolchain/include -D_FILE_OFFSET_BITS=64 -D_LARGEFILE_SOURCE -D_GNU_SOURCE -DCOMP_DEFAULT=\"gzip\" -Wall -DGZIP_SUPPORT -DLZO_SUPPORT -DZSTD_SUPPORT -DMAX_READER_THREADS=1024 -DSMALL_READER_THREADS=4 -DBLOCK_READER_THREADS=4 -DVERSION=\"4.7.5\" -DDATE=\"2026/03/01\" -DYEAR=\"2026\"   -c -o pseudo.o pseudo.c
/work/build.CoreELEC-Amlogic-no.aarch64-22/toolchain/bin/host-gcc -O2 -Wall -pipe -I/work/build.CoreELEC-Amlogic-no.aarch64-22/toolchain/include -Wno-format-security -march=native  -I. -I/work/build.CoreELEC-Amlogic-no.aarch64-22/toolchain/include -D_FILE_OFFSET_BITS=64 -D_LARGEFILE_SOURCE -D_GNU_SOURCE -DCOMP_DEFAULT=\"gzip\" -Wall -DGZIP_SUPPORT -DLZO_SUPPORT -DZSTD_SUPPORT -DMAX_READER_THREADS=1024 -DSMALL_READER_THREADS=4 -DBLOCK_READER_THREADS=4 -DVERSION=\"4.7.5\" -DDATE=\"2026/03/01\" -DYEAR=\"2026\"   -c -o compressor.o compressor.c
/work/build.CoreELEC-Amlogic-no.aarch64-22/toolchain/bin/host-gcc -O2 -Wall -pipe -I/work/build.CoreELEC-Amlogic-no.aarch64-22/toolchain/include -Wno-format-security -march=native  -I. -I/work/build.CoreELEC-Amlogic-no.aarch64-22/toolchain/include -D_FILE_OFFSET_BITS=64 -D_LARGEFILE_SOURCE -D_GNU_SOURCE -DCOMP_DEFAULT=\"gzip\" -Wall -DGZIP_SUPPORT -DLZO_SUPPORT -DZSTD_SUPPORT -DMAX_READER_THREADS=1024 -DSMALL_READER_THREADS=4 -DBLOCK_READER_THREADS=4 -DVERSION=\"4.7.5\" -DDATE=\"2026/03/01\" -DYEAR=\"2026\"   -c -o sort.o sort.c
/work/build.CoreELEC-Amlogic-no.aarch64-22/toolchain/bin/host-gcc -O2 -Wall -pipe -I/work/build.CoreELEC-Amlogic-no.aarch64-22/toolchain/include -Wno-format-security -march=native  -I. -I/work/build.CoreELEC-Amlogic-no.aarch64-22/toolchain/include -D_FILE_OFFSET_BITS=64 -D_LARGEFILE_SOURCE -D_GNU_SOURCE -DCOMP_DEFAULT=\"gzip\" -Wall -DGZIP_SUPPORT -DLZO_SUPPORT -DZSTD_SUPPORT -DMAX_READER_THREADS=1024 -DSMALL_READER_THREADS=4 -DBLOCK_READER_THREADS=4 -DVERSION=\"4.7.5\" -DDATE=\"2026/03/01\" -DYEAR=\"2026\"   -c -o progressbar.o progressbar.c
/work/build.CoreELEC-Amlogic-no.aarch64-22/toolchain/bin/host-gcc -O2 -Wall -pipe -I/work/build.CoreELEC-Amlogic-no.aarch64-22/toolchain/include -Wno-format-security -march=native  -I. -I/work/build.CoreELEC-Amlogic-no.aarch64-22/toolchain/include -D_FILE_OFFSET_BITS=64 -D_LARGEFILE_SOURCE -D_GNU_SOURCE -DCOMP_DEFAULT=\"gzip\" -Wall -DGZIP_SUPPORT -DLZO_SUPPORT -DZSTD_SUPPORT -DMAX_READER_THREADS=1024 -DSMALL_READER_THREADS=4 -DBLOCK_READER_THREADS=4 -DVERSION=\"4.7.5\" -DDATE=\"2026/03/01\" -DYEAR=\"2026\"   -c -o info.o info.c
/work/build.CoreELEC-Amlogic-no.aarch64-22/toolchain/bin/host-gcc -O2 -Wall -pipe -I/work/build.CoreELEC-Amlogic-no.aarch64-22/toolchain/include -Wno-format-security -march=native  -I. -I/work/build.CoreELEC-Amlogic-no.aarch64-22/toolchain/include -D_FILE_OFFSET_BITS=64 -D_LARGEFILE_SOURCE -D_GNU_SOURCE -DCOMP_DEFAULT=\"gzip\" -Wall -DGZIP_SUPPORT -DLZO_SUPPORT -DZSTD_SUPPORT -DMAX_READER_THREADS=1024 -DSMALL_READER_THREADS=4 -DBLOCK_READER_THREADS=4 -DVERSION=\"4.7.5\" -DDATE=\"2026/03/01\" -DYEAR=\"2026\"   -c -o restore.o restore.c
/work/build.CoreELEC-Amlogic-no.aarch64-22/toolchain/bin/host-gcc -O2 -Wall -pipe -I/work/build.CoreELEC-Amlogic-no.aarch64-22/toolchain/include -Wno-format-security -march=native  -I. -I/work/build.CoreELEC-Amlogic-no.aarch64-22/toolchain/include -D_FILE_OFFSET_BITS=64 -D_LARGEFILE_SOURCE -D_GNU_SOURCE -DCOMP_DEFAULT=\"gzip\" -Wall -DGZIP_SUPPORT -DLZO_SUPPORT -DZSTD_SUPPORT -DMAX_READER_THREADS=1024 -DSMALL_READER_THREADS=4 -DBLOCK_READER_THREADS=4 -DVERSION=\"4.7.5\" -DDATE=\"2026/03/01\" -DYEAR=\"2026\"   -c -o process_fragments.o process_fragments.c
/work/build.CoreELEC-Amlogic-no.aarch64-22/toolchain/bin/host-gcc -O2 -Wall -pipe -I/work/build.CoreELEC-Amlogic-no.aarch64-22/toolchain/include -Wno-format-security -march=native  -I. -I/work/build.CoreELEC-Amlogic-no.aarch64-22/toolchain/include -D_FILE_OFFSET_BITS=64 -D_LARGEFILE_SOURCE -D_GNU_SOURCE -DCOMP_DEFAULT=\"gzip\" -Wall -DGZIP_SUPPORT -DLZO_SUPPORT -DZSTD_SUPPORT -DMAX_READER_THREADS=1024 -DSMALL_READER_THREADS=4 -DBLOCK_READER_THREADS=4 -DVERSION=\"4.7.5\" -DDATE=\"2026/03/01\" -DYEAR=\"2026\"   -c -o caches-queues-lists.o caches-queues-lists.c
/work/build.CoreELEC-Amlogic-no.aarch64-22/toolchain/bin/host-gcc -O2 -Wall -pipe -I/work/build.CoreELEC-Amlogic-no.aarch64-22/toolchain/include -Wno-format-security -march=native  -I. -I/work/build.CoreELEC-Amlogic-no.aarch64-22/toolchain/include -D_FILE_OFFSET_BITS=64 -D_LARGEFILE_SOURCE -D_GNU_SOURCE -DCOMP_DEFAULT=\"gzip\" -Wall -DGZIP_SUPPORT -DLZO_SUPPORT -DZSTD_SUPPORT -DMAX_READER_THREADS=1024 -DSMALL_READER_THREADS=4 -DBLOCK_READER_THREADS=4 -DVERSION=\"4.7.5\" -DDATE=\"2026/03/01\" -DYEAR=\"2026\"   -c -o reader.o reader.c
/work/build.CoreELEC-Amlogic-no.aarch64-22/toolchain/bin/host-gcc -O2 -Wall -pipe -I/work/build.CoreELEC-Amlogic-no.aarch64-22/toolchain/include -Wno-format-security -march=native  -I. -I/work/build.CoreELEC-Amlogic-no.aarch64-22/toolchain/include -D_FILE_OFFSET_BITS=64 -D_LARGEFILE_SOURCE -D_GNU_SOURCE -DCOMP_DEFAULT=\"gzip\" -Wall -DGZIP_SUPPORT -DLZO_SUPPORT -DZSTD_SUPPORT -DMAX_READER_THREADS=1024 -DSMALL_READER_THREADS=4 -DBLOCK_READER_THREADS=4 -DVERSION=\"4.7.5\" -DDATE=\"2026/03/01\" -DYEAR=\"2026\"   -c -o tar.o tar.c
/work/build.CoreELEC-Amlogic-no.aarch64-22/toolchain/bin/host-gcc -O2 -Wall -pipe -I/work/build.CoreELEC-Amlogic-no.aarch64-22/toolchain/include -Wno-format-security -march=native  -I. -I/work/build.CoreELEC-Amlogic-no.aarch64-22/toolchain/include -D_FILE_OFFSET_BITS=64 -D_LARGEFILE_SOURCE -D_GNU_SOURCE -DCOMP_DEFAULT=\"gzip\" -Wall -DGZIP_SUPPORT -DLZO_SUPPORT -DZSTD_SUPPORT -DMAX_READER_THREADS=1024 -DSMALL_READER_THREADS=4 -DBLOCK_READER_THREADS=4 -DVERSION=\"4.7.5\" -DDATE=\"2026/03/01\" -DYEAR=\"2026\"   -c -o date.o date.c
/work/build.CoreELEC-Amlogic-no.aarch64-22/toolchain/bin/host-gcc -O2 -Wall -pipe -I/work/build.CoreELEC-Amlogic-no.aarch64-22/toolchain/include -Wno-format-security -march=native  -I. -I/work/build.CoreELEC-Amlogic-no.aarch64-22/toolchain/include -D_FILE_OFFSET_BITS=64 -D_LARGEFILE_SOURCE -D_GNU_SOURCE -DCOMP_DEFAULT=\"gzip\" -Wall -DGZIP_SUPPORT -DLZO_SUPPORT -DZSTD_SUPPORT -DMAX_READER_THREADS=1024 -DSMALL_READER_THREADS=4 -DBLOCK_READER_THREADS=4 -DVERSION=\"4.7.5\" -DDATE=\"2026/03/01\" -DYEAR=\"2026\"   -c -o memory.o memory.c
/work/build.CoreELEC-Amlogic-no.aarch64-22/toolchain/bin/host-gcc -c -O2 -Wall -pipe -I/work/build.CoreELEC-Amlogic-no.aarch64-22/toolchain/include -Wno-format-security -march=native  -I. -I/work/build.CoreELEC-Amlogic-no.aarch64-22/toolchain/include -D_FILE_OFFSET_BITS=64 -D_LARGEFILE_SOURCE -D_GNU_SOURCE -DCOMP_DEFAULT=\"gzip\" -Wall -DGZIP_SUPPORT -DLZO_SUPPORT -DZSTD_SUPPORT -DMAX_READER_THREADS=1024 -DSMALL_READER_THREADS=4 -DBLOCK_READER_THREADS=4 -DVERSION=\"4.7.5\" -DDATE=\"2026/03/01\" -DYEAR=\"2026\"  -DCOMPRESSORS="\"gzip (default)\nlzo\nzstd\"" mksquashfs_help.c
/work/build.CoreELEC-Amlogic-no.aarch64-22/toolchain/bin/host-gcc -O2 -Wall -pipe -I/work/build.CoreELEC-Amlogic-no.aarch64-22/toolchain/include -Wno-format-security -march=native  -I. -I/work/build.CoreELEC-Amlogic-no.aarch64-22/toolchain/include -D_FILE_OFFSET_BITS=64 -D_LARGEFILE_SOURCE -D_GNU_SOURCE -DCOMP_DEFAULT=\"gzip\" -Wall -DGZIP_SUPPORT -DLZO_SUPPORT -DZSTD_SUPPORT -DMAX_READER_THREADS=1024 -DSMALL_READER_THREADS=4 -DBLOCK_READER_THREADS=4 -DVERSION=\"4.7.5\" -DDATE=\"2026/03/01\" -DYEAR=\"2026\"   -c -o print_pager.o print_pager.c
/work/build.CoreELEC-Amlogic-no.aarch64-22/toolchain/bin/host-gcc -O2 -Wall -pipe -I/work/build.CoreELEC-Amlogic-no.aarch64-22/toolchain/include -Wno-format-security -march=native  -I. -I/work/build.CoreELEC-Amlogic-no.aarch64-22/toolchain/include -D_FILE_OFFSET_BITS=64 -D_LARGEFILE_SOURCE -D_GNU_SOURCE -DCOMP_DEFAULT=\"gzip\" -Wall -DGZIP_SUPPORT -DLZO_SUPPORT -DZSTD_SUPPORT -DMAX_READER_THREADS=1024 -DSMALL_READER_THREADS=4 -DBLOCK_READER_THREADS=4 -DVERSION=\"4.7.5\" -DDATE=\"2026/03/01\" -DYEAR=\"2026\"   -c -o symbolic_mode.o symbolic_mode.c
/work/build.CoreELEC-Amlogic-no.aarch64-22/toolchain/bin/host-gcc -O2 -Wall -pipe -I/work/build.CoreELEC-Amlogic-no.aarch64-22/toolchain/include -Wno-format-security -march=native  -I. -I/work/build.CoreELEC-Amlogic-no.aarch64-22/toolchain/include -D_FILE_OFFSET_BITS=64 -D_LARGEFILE_SOURCE -D_GNU_SOURCE -DCOMP_DEFAULT=\"gzip\" -Wall -DGZIP_SUPPORT -DLZO_SUPPORT -DZSTD_SUPPORT -DMAX_READER_THREADS=1024 -DSMALL_READER_THREADS=4 -DBLOCK_READER_THREADS=4 -DVERSION=\"4.7.5\" -DDATE=\"2026/03/01\" -DYEAR=\"2026\"   -c -o thread.o thread.c
/work/build.CoreELEC-Amlogic-no.aarch64-22/toolchain/bin/host-gcc -O2 -Wall -pipe -I/work/build.CoreELEC-Amlogic-no.aarch64-22/toolchain/include -Wno-format-security -march=native  -I. -I/work/build.CoreELEC-Amlogic-no.aarch64-22/toolchain/include -D_FILE_OFFSET_BITS=64 -D_LARGEFILE_SOURCE -D_GNU_SOURCE -DCOMP_DEFAULT=\"gzip\" -Wall -DGZIP_SUPPORT -DLZO_SUPPORT -DZSTD_SUPPORT -DMAX_READER_THREADS=1024 -DSMALL_READER_THREADS=4 -DBLOCK_READER_THREADS=4 -DVERSION=\"4.7.5\" -DDATE=\"2026/03/01\" -DYEAR=\"2026\"   -c -o nprocessors_compat.o nprocessors_compat.c
/work/build.CoreELEC-Amlogic-no.aarch64-22/toolchain/bin/host-gcc -O2 -Wall -pipe -I/work/build.CoreELEC-Amlogic-no.aarch64-22/toolchain/include -Wno-format-security -march=native  -I. -I/work/build.CoreELEC-Amlogic-no.aarch64-22/toolchain/include -D_FILE_OFFSET_BITS=64 -D_LARGEFILE_SOURCE -D_GNU_SOURCE -DCOMP_DEFAULT=\"gzip\" -Wall -DGZIP_SUPPORT -DLZO_SUPPORT -DZSTD_SUPPORT -DMAX_READER_THREADS=1024 -DSMALL_READER_THREADS=4 -DBLOCK_READER_THREADS=4 -DVERSION=\"4.7.5\" -DDATE=\"2026/03/01\" -DYEAR=\"2026\"   -c -o limit.o limit.c
/work/build.CoreELEC-Amlogic-no.aarch64-22/toolchain/bin/host-gcc -O2 -Wall -pipe -I/work/build.CoreELEC-Amlogic-no.aarch64-22/toolchain/include -Wno-format-security -march=native  -I. -I/work/build.CoreELEC-Amlogic-no.aarch64-22/toolchain/include -D_FILE_OFFSET_BITS=64 -D_LARGEFILE_SOURCE -D_GNU_SOURCE -DCOMP_DEFAULT=\"gzip\" -Wall -DGZIP_SUPPORT -DLZO_SUPPORT -DZSTD_SUPPORT -DMAX_READER_THREADS=1024 -DSMALL_READER_THREADS=4 -DBLOCK_READER_THREADS=4 -DVERSION=\"4.7.5\" -DDATE=\"2026/03/01\" -DYEAR=\"2026\"   -c -o virt_disk_pos.o virt_disk_pos.c
/work/build.CoreELEC-Amlogic-no.aarch64-22/toolchain/bin/host-gcc -O2 -Wall -pipe -I/work/build.CoreELEC-Amlogic-no.aarch64-22/toolchain/include -Wno-format-security -march=native  -I. -I/work/build.CoreELEC-Amlogic-no.aarch64-22/toolchain/include -D_FILE_OFFSET_BITS=64 -D_LARGEFILE_SOURCE -D_GNU_SOURCE -DCOMP_DEFAULT=\"gzip\" -Wall -DGZIP_SUPPORT -DLZO_SUPPORT -DZSTD_SUPPORT -DMAX_READER_THREADS=1024 -DSMALL_READER_THREADS=4 -DBLOCK_READER_THREADS=4 -DVERSION=\"4.7.5\" -DDATE=\"2026/03/01\" -DYEAR=\"2026\"   -c -o gzip_wrapper.o gzip_wrapper.c
/work/build.CoreELEC-Amlogic-no.aarch64-22/toolchain/bin/host-gcc -O2 -Wall -pipe -I/work/build.CoreELEC-Amlogic-no.aarch64-22/toolchain/include -Wno-format-security -march=native  -I. -I/work/build.CoreELEC-Amlogic-no.aarch64-22/toolchain/include -D_FILE_OFFSET_BITS=64 -D_LARGEFILE_SOURCE -D_GNU_SOURCE -DCOMP_DEFAULT=\"gzip\" -Wall -DGZIP_SUPPORT -DLZO_SUPPORT -DZSTD_SUPPORT -DMAX_READER_THREADS=1024 -DSMALL_READER_THREADS=4 -DBLOCK_READER_THREADS=4 -DVERSION=\"4.7.5\" -DDATE=\"2026/03/01\" -DYEAR=\"2026\"   -c -o lzo_wrapper.o lzo_wrapper.c
/work/build.CoreELEC-Amlogic-no.aarch64-22/toolchain/bin/host-gcc -O2 -Wall -pipe -I/work/build.CoreELEC-Amlogic-no.aarch64-22/toolchain/include -Wno-format-security -march=native  -I. -I/work/build.CoreELEC-Amlogic-no.aarch64-22/toolchain/include -D_FILE_OFFSET_BITS=64 -D_LARGEFILE_SOURCE -D_GNU_SOURCE -DCOMP_DEFAULT=\"gzip\" -Wall -DGZIP_SUPPORT -DLZO_SUPPORT -DZSTD_SUPPORT -DMAX_READER_THREADS=1024 -DSMALL_READER_THREADS=4 -DBLOCK_READER_THREADS=4 -DVERSION=\"4.7.5\" -DDATE=\"2026/03/01\" -DYEAR=\"2026\"   -c -o zstd_wrapper.o zstd_wrapper.c
/work/build.CoreELEC-Amlogic-no.aarch64-22/toolchain/bin/host-gcc -Wl,-rpath,/work/build.CoreELEC-Amlogic-no.aarch64-22/toolchain/lib -L/work/build.CoreELEC-Amlogic-no.aarch64-22/toolchain/lib  mksquashfs.o read_fs.o action.o swap.o pseudo.o compressor.o sort.o progressbar.o info.o restore.o process_fragments.o caches-queues-lists.o reader.o tar.o date.o memory.o mksquashfs_help.o print_pager.o symbolic_mode.o thread.o nprocessors_compat.o limit.o virt_disk_pos.o gzip_wrapper.o lzo_wrapper.o zstd_wrapper.o -lpthread -lm -lz -llzo2 -lzstd -o mksquashfs
ln -sf mksquashfs sqfstar
make[1]: Leaving directory '/work/build.CoreELEC-Amlogic-no.aarch64-22/build/squashfs-tools-4.7.5/squashfs-tools'
>>> squashfs-tools:host seq 99 >>>
[098/370] [DONE] build   squashfs-tools:host
<<< mkbootimg:host seq 102 <<<
[1;36mGET[0m      mkbootimg (archive)
    [1;36mGET[0m      mkbootimg [primary] https://github.com/codesnake/mkbootimg/archive/6668fc24a3130ab003aae9fda95bcd4110617de9.tar.gz
  % Total    % Received % Xferd  Average Speed   Time    Time     Time  Current
                                 Dload  Upload   Total   Spent    Left  Speed

  0     0    0     0    0     0      0      0 --:--:-- --:--:-- --:--:--     0
  0     0    0     0    0     0      0      0 --:--:-- --:--:-- --:--:--     0

  0     0    0     0    0     0      0      0 --:--:-- --:--:-- --:--:--     0
100 31979    0 31979    0     0  42321      0 --:--:-- --:--:-- --:--:--  118k
    [1;32mINFO[0m      Calculated checksum: d84870e055414d638a3e7eb4b7a3ebf415899841218f24cb3647d06ecf6ddb17
[1;36mUNPACK[0m      mkbootimg
[1;33mBUILD[0m      mkbootimg [1;37m(host)[0m
    [1;35mTOOLCHAIN[0m      make (auto-detect)
Executing (host): make 
make[1]: Entering directory '/work/build.CoreELEC-Amlogic-no.aarch64-22/build/mkbootimg-6668fc24a3130ab003aae9fda95bcd4110617de9'
make -C libmincrypt
gcc -o mkbootimg.o -ffunction-sections -O3 -c mkbootimg.c -I. -Werror
gcc -o unpackbootimg.o -ffunction-sections -O3 -c unpackbootimg.c -Werror
make[2]: Entering directory '/work/build.CoreELEC-Amlogic-no.aarch64-22/build/mkbootimg-6668fc24a3130ab003aae9fda95bcd4110617de9/libmincrypt'
gcc -o dsa_sig.o -ffunction-sections -O3 -c dsa_sig.c -I..
gcc -o p256.o -ffunction-sections -O3 -c p256.c -I..
gcc -o p256_ec.o -ffunction-sections -O3 -c p256_ec.c -I..
gcc -o p256_ecdsa.o -ffunction-sections -O3 -c p256_ecdsa.c -I..
gcc -o rsa.o -ffunction-sections -O3 -c rsa.c -I..
gcc -o sha.o -ffunction-sections -O3 -c sha.c -I..
gcc -o sha256.o -ffunction-sections -O3 -c sha256.c -I..
rsa.c: In function 'RSA_verify':
rsa.c:283:16: warning: writing 8 bytes into a region of size 4 [-Wstringop-overflow=]
  283 |         buf[i] ^= *hash++;
      |                ^~
rsa.c:254:13: note: at offset 252 into destination object 'buf' of size 256
  254 |     uint8_t buf[RSANUMBYTES];
      |             ^~~
ar rc libmincrypt.a dsa_sig.o p256.o p256_ec.o p256_ecdsa.o rsa.o sha.o sha256.o
cp libmincrypt.a ..
make[2]: Leaving directory '/work/build.CoreELEC-Amlogic-no.aarch64-22/build/mkbootimg-6668fc24a3130ab003aae9fda95bcd4110617de9/libmincrypt'
gcc -o mkbootimg mkbootimg.o libmincrypt.a -L. -lmincrypt -Wl,--gc-sections -s
gcc -o unpackbootimg unpackbootimg.o libmincrypt.a -Wl,--gc-sections -s
make[1]: Leaving directory '/work/build.CoreELEC-Amlogic-no.aarch64-22/build/mkbootimg-6668fc24a3130ab003aae9fda95bcd4110617de9'
>>> mkbootimg:host seq 102 >>>
[099/370] [DONE] build   mkbootimg:host
<<< binutils:host seq 71 <<<
[1;33mBUILD[0m      binutils [1;37m(host)[0m
    [1;35mTOOLCHAIN[0m      configure (auto-detect)
Executing (host): /work/build.CoreELEC-Amlogic-no.aarch64-22/build/binutils-2.47/configure --host=x86_64-linux-gnu --build=x86_64-linux-gnu --prefix=/work/build.CoreELEC-Amlogic-no.aarch64-22/toolchain --bindir=/work/build.CoreELEC-Amlogic-no.aarch64-22/toolchain/bin --sbindir=/work/build.CoreELEC-Amlogic-no.aarch64-22/toolchain/sbin --sysconfdir=/work/build.CoreELEC-Amlogic-no.aarch64-22/toolchain/etc --libexecdir=/work/build.CoreELEC-Amlogic-no.aarch64-22/toolchain/lib --localstatedir=/work/build.CoreELEC-Amlogic-no.aarch64-22/toolchain/var --disable-static --enable-shared --target=aarch64-libreelec-linux-gnu --with-sysroot=/work/build.CoreELEC-Amlogic-no.aarch64-22/toolchain/aarch64-libreelec-linux-gnu/sysroot --with-lib-path=/work/build.CoreELEC-Amlogic-no.aarch64-22/toolchain/aarch64-libreelec-linux-gnu/sysroot/lib:/work/build.CoreELEC-Amlogic-no.aarch64-22/toolchain/aarch64-libreelec-linux-gnu/sysroot/usr/lib --without-ppl --enable-static --without-cloog --disable-werror --disable-multilib --disable-libada --disable-libssp --enable-version-specific-runtime-libs --enable-plugins --enable-gold --enable-ld=default --enable-lto --disable-nls
checking build system type... x86_64-pc-linux-gnu
checking host system type... x86_64-pc-linux-gnu
checking target system type... aarch64-libreelec-linux-gnu
checking for a BSD-compatible install... /usr/bin/install -c
checking whether ln works... yes
checking whether ln -s works... yes
checking for a sed that does not truncate output... /work/build.CoreELEC-Amlogic-no.aarch64-22/toolchain/bin/sed
checking for gawk... gawk
checking for x86_64-linux-gnu-gcc... /work/build.CoreELEC-Amlogic-no.aarch64-22/toolchain/bin/host-gcc
checking whether the C compiler works... yes
checking for C compiler default output file name... a.out
checking for suffix of executables... 
checking whether we are cross compiling... no
checking for suffix of object files... o
checking whether we are using the GNU C compiler... yes
checking whether /work/build.CoreELEC-Amlogic-no.aarch64-22/toolchain/bin/host-gcc accepts -g... yes
checking for /work/build.CoreELEC-Amlogic-no.aarch64-22/toolchain/bin/host-gcc option to accept ISO C89... none needed
checking for /work/build.CoreELEC-Amlogic-no.aarch64-22/toolchain/bin/host-gcc option to accept ISO C99... none needed
checking whether we are using the GNU C++ compiler... yes
checking whether /work/build.CoreELEC-Amlogic-no.aarch64-22/toolchain/bin/host-g++ accepts -g... yes
checking whether g++ accepts -static-libstdc++ -static-libgcc... yes
checking for x86_64-linux-gnu-gnatbind... no
checking for gnatbind... no
checking for x86_64-linux-gnu-gnatmake... no
checking for gnatmake... no
checking whether compiler driver understands Ada and is recent enough... no
checking for x86_64-linux-gnu-gdc... no
checking for gdc... no
checking whether the D compiler works... no
checking for cargo... no
checking how to compare bootstrapped objects... cmp --ignore-initial=16 $$f1 $$f2
checking for objdir... .libs
checking for isl 0.15 or later... no
required isl version is 0.15 or later
checking whether to enable libgdiagnostics... no
checking for library containing dlopen... none required
checking for library containing pthread_create... none required
checking for default BUILD_CONFIG... 
checking for --enable-vtable-verify... no
*** removing libiberty/Makefile to force reconfigure
*** removing opcodes/Makefile to force reconfigure
*** removing bfd/Makefile to force reconfigure
*** removing zlib/Makefile to force reconfigure
*** removing libctf/Makefile to force reconfigure
*** removing libsframe/Makefile to force reconfigure
*** removing binutils/Makefile to force reconfigure
*** removing gas/Makefile to force reconfigure
*** removing ld/Makefile to force reconfigure
*** removing gprof/Makefile to force reconfigure
*** removing etc/Makefile to force reconfigure
*** removing gold/Makefile to force reconfigure
*** removing gprofng/Makefile to force reconfigure
checking for bison... bison -y
checking for bison... bison
checking for gm4... no
checking for gnum4... no
checking for m4... m4
checking for flex... flex
checking for flex... flex
checking for makeinfo... makeinfo
checking for expect... no
checking for runtest... no
checking for ar... (cached) ar
checking for x86_64-linux-gnu-ar... (cached) ar
checking for as... (cached) as
checking for x86_64-linux-gnu-as... (cached) as
checking for x86_64-linux-gnu-dlltool... no
checking for dlltool... no
checking for x86_64-linux-gnu-dsymutil... no
checking for dsymutil... no
checking for ld... (cached) ld
checking for x86_64-linux-gnu-ld... (cached) ld
checking for x86_64-linux-gnu-lipo... no
checking for lipo... no
checking for nm... (cached) nm
checking for x86_64-linux-gnu-nm... (cached) nm
checking for ranlib... (cached) ranlib
checking for x86_64-linux-gnu-ranlib... (cached) ranlib
checking for strip... (cached) strip
checking for x86_64-linux-gnu-strip... (cached) strip
checking for x86_64-linux-gnu-windres... no
checking for windres... no
checking for x86_64-linux-gnu-windmc... no
checking for windmc... no
checking for objcopy... (cached) objcopy
checking for x86_64-linux-gnu-objcopy... (cached) objcopy
checking for objdump... (cached) objdump
checking for x86_64-linux-gnu-objdump... (cached) objdump
checking for x86_64-linux-gnu-otool... no
checking for otool... no
checking for x86_64-linux-gnu-readelf... x86_64-linux-gnu-readelf
checking how to run the C preprocessor... cpp
checking for grep that handles long lines and -e... /usr/bin/grep
checking for egrep... /usr/bin/grep -E
checking for clang... no
checking for x86_64-linux-gnu-llvm-config... no
checking for llvm-config... no
checking for x86_64-linux-gnu-ar... (cached) ar
checking for -plugin option... --plugin /usr/libexec/gcc/x86_64-linux-gnu/14/liblto_plugin.so
checking for aarch64-libreelec-linux-gnu-cc... no
checking for aarch64-libreelec-linux-gnu-gcc... no
checking for aarch64-libreelec-linux-gnu-c++... no
checking for aarch64-libreelec-linux-gnu-g++... no
checking for aarch64-libreelec-linux-gnu-cxx... no
checking for aarch64-libreelec-linux-gnu-gxx... no
checking for aarch64-libreelec-linux-gnu-gcc... no
checking for aarch64-libreelec-linux-gnu-gfortran... no
checking for aarch64-libreelec-linux-gnu-gccgo... no
checking for aarch64-libreelec-linux-gnu-gdc... no
checking for aarch64-libreelec-linux-gnu-gm2... no
checking for aarch64-libreelec-linux-gnu-ar... no
checking for aarch64-libreelec-linux-gnu-as... no
checking for aarch64-libreelec-linux-gnu-dlltool... no
checking for aarch64-libreelec-linux-gnu-dsymutil... no
checking for aarch64-libreelec-linux-gnu-ld... no
checking for aarch64-libreelec-linux-gnu-lipo... no
checking for aarch64-libreelec-linux-gnu-nm... no
checking for aarch64-libreelec-linux-gnu-objcopy... no
checking for aarch64-libreelec-linux-gnu-objdump... no
checking for aarch64-libreelec-linux-gnu-otool... no
checking for aarch64-libreelec-linux-gnu-ranlib... no
checking for aarch64-libreelec-linux-gnu-readelf... no
checking for aarch64-libreelec-linux-gnu-strip... no
checking for aarch64-libreelec-linux-gnu-windres... no
checking for aarch64-libreelec-linux-gnu-windmc... no
checking where to find the target ar... just compiled
checking where to find the target as... just compiled
checking where to find the target cc... pre-installed
checking where to find the target c++... pre-installed
checking where to find the target c++ for libstdc++... pre-installed
checking where to find the target dlltool... just compiled
checking where to find the target dsymutil... pre-installed
checking where to find the target gcc... pre-installed
checking where to find the target gfortran... pre-installed
checking where to find the target gccgo... pre-installed
checking where to find the target gdc... pre-installed
checking where to find the target gm2... pre-installed
checking where to find the target ld... just compiled
checking where to find the target lipo... pre-installed
checking where to find the target nm... just compiled
checking where to find the target objcopy... just compiled
checking where to find the target objdump... just compiled
checking where to find the target otool... pre-installed
checking where to find the target ranlib... just compiled
checking where to find the target readelf... just compiled
checking where to find the target strip... just compiled
checking where to find the target windres... just compiled
checking where to find the target windmc... just compiled
checking for clang for target... no
checking for gcc for target... no
checking for target -plugin option... no
checking whether to enable maintainer-specific portions of Makefiles... no
configure: creating ./config.status
config.status: creating Makefile
make[1]: Entering directory '/work/build.CoreELEC-Amlogic-no.aarch64-22/build/binutils-2.47/.x86_64-linux-gnu'
Configuring in ./libiberty
Configuring in ./zlib
Configuring in ./libsframe
Configuring in ./binutils
Configuring in ./gold
Configuring in ./gas
Configuring in ./etc
Configuring in ./gprof
Configuring in ./gprofng
configure: loading cache ./config.cache
checking whether to enable maintainer-specific portions of Makefiles... no
checking for a BSD-compatible install... (cached) /usr/bin/install -c
checking whether build environment is sane... yes
configure: loading cache ./config.cache
checking for a thread-safe mkdir -p... (cached) /usr/bin/mkdir -p
checking for gawk... (cached) gawk
checking whether make sets $(MAKE)... configure: loading cache ./config.cache
configure: loading cache ./config.cache
configure: loading cache ./config.cache
(cached) yes
configure: loading cache ./config.cache
configure: loading cache ./config.cache
checking whether to enable maintainer-specific portions of Makefiles... no
checking for makeinfo... (cached) makeinfo
checking build system type... (cached) x86_64-pc-linux-gnu
checking host system type... (cached) x86_64-pc-linux-gnu
checking target system type... (cached) aarch64-libreelec-linux-gnu
checking for a BSD-compatible install... (cached) /usr/bin/install -c
checking whether build environment is sane... checking build system type... (cached) x86_64-pc-linux-gnu
checking host system type... (cached) x86_64-pc-linux-gnu
checking target system type... (cached) aarch64-libreelec-linux-gnu
checking whether make supports nested variables... (cached) yes
checking for x86_64-linux-gnu-gcc... (cached) /work/build.CoreELEC-Amlogic-no.aarch64-22/toolchain/bin/host-gcc
checking build system type... (cached) x86_64-pc-linux-gnu
checking host system type... (cached) x86_64-pc-linux-gnu
checking target system type... (cached) aarch64-libreelec-linux-gnu
checking for a BSD-compatible install... (cached) /usr/bin/install -c
checking whether build environment is sane... checking build system type... (cached) x86_64-pc-linux-gnu
checking host system type... (cached) x86_64-pc-linux-gnu
checking target system type... (cached) aarch64-libreelec-linux-gnu
yes
configure: loading cache ./config.cache
checking for a BSD-compatible install... (cached) /usr/bin/install -c
checking whether build environment is sane... configure: loading cache ./config.cache
checking build system type... (cached) x86_64-pc-linux-gnu
checking host system type... (cached) x86_64-pc-linux-gnu
checking target system type... (cached) aarch64-libreelec-linux-gnu
checking for a BSD-compatible install... (cached) /usr/bin/install -c
checking whether build environment is sane... yes
checking whether make supports nested variables... (cached) yes
yes
checking build system type... (cached) x86_64-pc-linux-gnu
yes
checking host system type... (cached) x86_64-pc-linux-gnu
checking target system type... (cached) aarch64-libreelec-linux-gnu
checking for a BSD-compatible install... (cached) /usr/bin/install -c
checking whether build environment is sane... checking for a thread-safe mkdir -p... (cached) /usr/bin/mkdir -p
checking for gawk... (cached) checking build system type... gawk
(cached) checking whether make sets $(MAKE)... x86_64-pc-linux-gnu
checking host system type... (cached) x86_64-pc-linux-gnu
checking target system type... (cached) aarch64-libreelec-linux-gnu
checking for a BSD-compatible install... (cached) /usr/bin/install -c
checking whether build environment is sane... checking for a thread-safe mkdir -p... (cached) /usr/bin/mkdir -p
checking for gawk... (cached) gawk
checking whether make sets $(MAKE)... yes
(cached) yes
checking for a thread-safe mkdir -p... (cached) /usr/bin/mkdir -p
checking for gawk... (cached) gawk
checking whether make sets $(MAKE)... (cached) yes
yes
checking for a thread-safe mkdir -p... (cached) /usr/bin/mkdir -p
checking for gawk... (cached) gawk
checking whether make sets $(MAKE)... (cached) yes
checking whether make supports nested variables... (cached) yes
(cached) yes
checking whether make supports nested variables... (cached) yes
checking for a thread-safe mkdir -p... (cached) /usr/bin/mkdir -p
checking for gawk... (cached) gawk
checking whether make sets $(MAKE)... checking whether make supports nested variables... checking whether make supports nested variables... (cached) (cached) (cached) yes
yes
yes
checking for a thread-safe mkdir -p... (cached) /usr/bin/mkdir -p
checking for gawk... (cached) gawk
checking whether make sets $(MAKE)... checking whether make supports nested variables... (cached) yes
(cached) yes
checking for style of include used by make... checking whether make supports nested variables... (cached) yes
checking for x86_64-linux-gnu-gcc... (cached) /work/build.CoreELEC-Amlogic-no.aarch64-22/toolchain/bin/host-gcc
checking that generated files are newer than configure... checking whether make supports nested variables... (cached) yes
checking whether make supports nested variables... (cached) yes
checking whether to enable maintainer-specific portions of Makefiles... no
checking for x86_64-linux-gnu-gcc... (cached) /work/build.CoreELEC-Amlogic-no.aarch64-22/toolchain/bin/host-gcc
checking whether make supports nested variables... (cached) yes
checking for x86_64-linux-gnu-gcc... (cached) /work/build.CoreELEC-Amlogic-no.aarch64-22/toolchain/bin/host-gcc
GNU
checking for x86_64-linux-gnu-gcc... (cached) /work/build.CoreELEC-Amlogic-no.aarch64-22/toolchain/bin/host-gcc
checking whether make supports nested variables... (cached) yes
checking for x86_64-linux-gnu-gcc... (cached) /work/build.CoreELEC-Amlogic-no.aarch64-22/toolchain/bin/host-gcc
checking whether to enable maintainer-specific portions of Makefiles... no
checking for style of include used by make... GNU
checking for x86_64-linux-gnu-gcc... (cached) /work/build.CoreELEC-Amlogic-no.aarch64-22/toolchain/bin/host-gcc
checking whether the C compiler works... checking whether the C compiler works... checking whether the C compiler works... checking whether the C compiler works... checking whether the C compiler works... checking whether the C compiler works... yes
checking for C compiler default output file name... a.out
checking for suffix of executables... yes
checking for C compiler default output file name... a.out
checking for suffix of executables... yes
checking for C compiler default output file name... a.out
checking for perl... (cached) perl
checking for suffix of executables... yes
checking for C compiler default output file name... a.out
checking for suffix of executables... yes
checking for C compiler default output file name... a.out
checking for suffix of executables... yes
checking for C compiler default output file name... a.out
checking for suffix of executables... checking build system type... (cached) x86_64-pc-linux-gnu
checking host system type... (cached) x86_64-pc-linux-gnu
checking for x86_64-linux-gnu-ar... (cached) ar --plugin /usr/libexec/gcc/x86_64-linux-gnu/14/liblto_plugin.so
checking for x86_64-linux-gnu-ranlib... (cached) ranlib --plugin /usr/libexec/gcc/x86_64-linux-gnu/14/liblto_plugin.so
checking whether to install libiberty headers and static library... no
configure: target_header_dir = 
checking for x86_64-linux-gnu-gcc... (cached) /work/build.CoreELEC-Amlogic-no.aarch64-22/toolchain/bin/host-gcc
checking whether the C compiler works... 
checking whether we are cross compiling... 
checking whether we are cross compiling... yes
checking for C compiler default output file name... a.out
checking for suffix of executables... 


checking whether we are cross compiling... checking whether we are cross compiling... checking whether we are cross compiling... 
checking whether we are cross compiling... no
checking for suffix of object files... (cached) o
checking whether we are using the GNU C compiler... (cached) yes
checking whether /work/build.CoreELEC-Amlogic-no.aarch64-22/toolchain/bin/host-gcc accepts -g... (cached) yes
checking for /work/build.CoreELEC-Amlogic-no.aarch64-22/toolchain/bin/host-gcc option to accept ISO C89... (cached) none needed
checking whether /work/build.CoreELEC-Amlogic-no.aarch64-22/toolchain/bin/host-gcc understands -c and -o together... (cached) yes
checking how to run the C preprocessor... cpp
checking whether the C compiler works... 
checking whether we are cross compiling... no
no
checking for grep that handles long lines and -e... (cached) /usr/bin/grep
checking for egrep... (cached) /usr/bin/grep -E
checking for ANSI C header files... (cached) yes
checking for suffix of object files... checking for suffix of object files... (cached) o
(cached) checking whether we are using the GNU C compiler... o
(cached) checking whether we are using the GNU C compiler... yes
(cached) yes
checking whether /work/build.CoreELEC-Amlogic-no.aarch64-22/toolchain/bin/host-gcc accepts -g... checking whether /work/build.CoreELEC-Amlogic-no.aarch64-22/toolchain/bin/host-gcc accepts -g... (cached) yes
(cached) yes
checking for /work/build.CoreELEC-Amlogic-no.aarch64-22/toolchain/bin/host-gcc option to accept ISO C89... checking for /work/build.CoreELEC-Amlogic-no.aarch64-22/toolchain/bin/host-gcc option to accept ISO C89... (cached) none needed
(cached) none needed
checking whether /work/build.CoreELEC-Amlogic-no.aarch64-22/toolchain/bin/host-gcc understands -c and -o together... checking whether /work/build.CoreELEC-Amlogic-no.aarch64-22/toolchain/bin/host-gcc understands -c and -o together... (cached) yes
(cached) yes
checking dependency style of /work/build.CoreELEC-Amlogic-no.aarch64-22/toolchain/bin/host-gcc... (cached) gcc3
checking how to run the C preprocessor... cpp
checking for sys/types.h... (cached) yes
checking for style of include used by make... no
no
checking for suffix of object files... (cached) o
checking whether we are using the GNU C compiler... (cached) yes
GNU
checking whether /work/build.CoreELEC-Amlogic-no.aarch64-22/toolchain/bin/host-gcc accepts -g... (cached) yes
checking for /work/build.CoreELEC-Amlogic-no.aarch64-22/toolchain/bin/host-gcc option to accept ISO C89... (cached) none needed
checking for suffix of object files... checking whether /work/build.CoreELEC-Amlogic-no.aarch64-22/toolchain/bin/host-gcc understands -c and -o together... (cached) yes
(cached) o
checking whether we are using the GNU C compiler... (cached) yes
checking whether /work/build.CoreELEC-Amlogic-no.aarch64-22/toolchain/bin/host-gcc accepts -g... (cached) yes
checking for /work/build.CoreELEC-Amlogic-no.aarch64-22/toolchain/bin/host-gcc option to accept ISO C89... (cached) none needed
checking whether /work/build.CoreELEC-Amlogic-no.aarch64-22/toolchain/bin/host-gcc understands -c and -o together... (cached) yes
checking dependency style of /work/build.CoreELEC-Amlogic-no.aarch64-22/toolchain/bin/host-gcc... (cached) gcc3
checking how to run the C preprocessor... cpp
checking dependency style of /work/build.CoreELEC-Amlogic-no.aarch64-22/toolchain/bin/host-gcc... (cached) gcc3
checking how to run the C preprocessor... cpp
checking for style of include used by make... checking for sys/stat.h... (cached) yes
no
checking for suffix of object files... (cached) o
checking whether we are using the GNU C compiler... (cached) yes
checking whether /work/build.CoreELEC-Amlogic-no.aarch64-22/toolchain/bin/host-gcc accepts -g... (cached) yes
GNU
checking for /work/build.CoreELEC-Amlogic-no.aarch64-22/toolchain/bin/host-gcc option to accept ISO C89... (cached) none needed
checking whether /work/build.CoreELEC-Amlogic-no.aarch64-22/toolchain/bin/host-gcc understands -c and -o together... (cached) yes
checking dependency style of /work/build.CoreELEC-Amlogic-no.aarch64-22/toolchain/bin/host-gcc... (cached) gcc3
checking for style of include used by make... checking how to run the C preprocessor... cpp
checking for stdlib.h... (cached) yes
GNU
checking dependency style of /work/build.CoreELEC-Amlogic-no.aarch64-22/toolchain/bin/host-gcc... (cached) gcc3
checking how to run the C preprocessor... cpp
checking for string.h... (cached) yes
checking for memory.h... (cached) yes
checking for strings.h... (cached) yes
checking for grep that handles long lines and -e... (cached) /usr/bin/grep
checking for egrep... (cached) /usr/bin/grep -E
checking for ANSI C header files... (cached) yes
checking for sys/types.h... (cached) yes
checking for inttypes.h... (cached) yes
checking for sys/stat.h... (cached) yes
checking for stdint.h... (cached) yes
checking for grep that handles long lines and -e... (cached) /usr/bin/grep
checking for egrep... (cached) /usr/bin/grep -E
checking for ANSI C header files... (cached) yes
yes
checking for C compiler default output file name... a.out
checking for suffix of executables... checking for grep that handles long lines and -e... (cached) /usr/bin/grep
checking for egrep... (cached) /usr/bin/grep -E
checking for ANSI C header files... (cached) yes
checking for stdlib.h... (cached) checking for sys/types.h... yes
(cached) yes
checking for unistd.h... (cached) yes
checking for grep that handles long lines and -e... (cached) /usr/bin/grep
checking for egrep... (cached) /usr/bin/grep -E
checking for ANSI C header files... (cached) yes
checking for sys/types.h... (cached) yes
checking for minix/config.h... (cached) no
checking whether it is safe to define __EXTENSIONS__... (cached) checking for sys/types.h... yes
(cached) yes
checking for a BSD-compatible install... (cached) /usr/bin/install -c
checking whether build environment is sane... checking for string.h... (cached) yes
checking for sys/stat.h... (cached) yes
checking for grep that handles long lines and -e... (cached) /usr/bin/grep
checking for egrep... (cached) /usr/bin/grep -E
checking for ANSI C header files... (cached) yes
yes
checking for sys/stat.h... (cached) yes
checking for sys/types.h... (cached) yes
checking for sys/stat.h... (cached) yes
checking for stdlib.h... (cached) yes
checking for memory.h... (cached) yes
checking for a thread-safe mkdir -p... (cached) /usr/bin/mkdir -p
checking for gawk... (cached) gawk
checking whether make sets $(MAKE)... checking for stdlib.h... (cached) yes
checking for sys/stat.h... (cached) yes
checking for stdlib.h... (cached) yes
(cached) yes
checking for string.h... (cached) yes
no
checking for strings.h... (cached) yes
checking for suffix of object files... (cached) o
checking whether we are using the GNU C compiler... (cached) yes
checking whether /work/build.CoreELEC-Amlogic-no.aarch64-22/toolchain/bin/host-gcc accepts -g... (cached) yes
checking for /work/build.CoreELEC-Amlogic-no.aarch64-22/toolchain/bin/host-gcc option to accept ISO C89... (cached) none needed
checking whether /work/build.CoreELEC-Amlogic-no.aarch64-22/toolchain/bin/host-gcc understands -c and -o together... (cached) yes
checking for string.h... (cached) checking for stdlib.h... yes
(cached) yes
checking for style of include used by make... checking for string.h... (cached) yes
checking for style of include used by make... checking for memory.h... (cached) yes
checking for inttypes.h... (cached) yes
GNU
checking for memory.h... (cached) checking for string.h... yes
(cached) yes
checking dependency style of /work/build.CoreELEC-Amlogic-no.aarch64-22/toolchain/bin/host-gcc... (cached) gcc3
checking for CET support... checking for memory.h... (cached) yes
GNU
checking whether make supports nested variables... (cached) yes
checking for strings.h... (cached) yes
checking for stdint.h... (cached) yes
checking for strings.h... (cached) yes
checking for memory.h... (cached) yes
checking dependency style of /work/build.CoreELEC-Amlogic-no.aarch64-22/toolchain/bin/host-gcc... checking for strings.h... (cached) (cached) gcc3
yes
yes
checking for inttypes.h... (cached) yes
checking for unistd.h... (cached) yes
checking whether make supports nested variables... checking how to print strings... (cached) yes
checking whether make sets $(MAKE)... checking for inttypes.h... (cached) yes
checking for strings.h... (cached) yes
printf
checking for a sed that does not truncate output... (cached) /work/build.CoreELEC-Amlogic-no.aarch64-22/toolchain/bin/sed
checking for inttypes.h... (cached) (cached) yes
yes
checking for x86_64-linux-gnu-gcc... (cached) /work/build.CoreELEC-Amlogic-no.aarch64-22/toolchain/bin/host-gcc
checking for grep that handles long lines and -e... (cached) /usr/bin/grep
checking for egrep... (cached) /usr/bin/grep -E
checking for fgrep... (cached) /usr/bin/grep -F
checking for ld used by /work/build.CoreELEC-Amlogic-no.aarch64-22/toolchain/bin/host-gcc... checking for minix/config.h... (cached) no
checking whether it is safe to define __EXTENSIONS__... (cached) yes
checking for dlfcn.h... (cached) yes
checking for inttypes.h... (cached) yes
checking for stdint.h... (cached) yes
checking for stdint.h... (cached) yes
checking for windows.h... (cached) no
checking for library containing dlsym... (cached) none required
checking for stdint.h... (cached) yes
(cached) ld
checking if the linker (ld) is GNU ld... (cached) yes
checking for BSD- or MS-compatible name lister (nm)... (cached) /usr/bin/nm --plugin /usr/libexec/gcc/x86_64-linux-gnu/14/liblto_plugin.so -B
checking the name lister (/usr/bin/nm --plugin /usr/libexec/gcc/x86_64-linux-gnu/14/liblto_plugin.so -B) interface... (cached) BSD nm
checking whether ln -s works... yes
checking the maximum length of command line arguments... (cached) 1572864
checking whether the shell understands some XSI constructs... checking for stdint.h... (cached) yes
yes
checking whether the shell understands "+="... checking for unistd.h... (cached) yes
checking for unistd.h... (cached) yes
checking for unistd.h... (cached) yes
no
checking for minix/config.h... (cached) no
checking whether it is safe to define __EXTENSIONS__... (cached) yes
checking for x86_64-linux-gnu-gcc... (cached) /work/build.CoreELEC-Amlogic-no.aarch64-22/toolchain/bin/host-gcc
checking for minix/config.h... (cached) no
checking whether it is safe to define __EXTENSIONS__... (cached) yes
checking how to print strings... checking for unistd.h... (cached) yes
checking for minix/config.h... (cached) no
printf
checking for a sed that does not truncate output... checking whether it is safe to define __EXTENSIONS__... (cached) checking for ld option to reload object files... (cached) (cached) yes
/work/build.CoreELEC-Amlogic-no.aarch64-22/toolchain/bin/sed
-r
checking for x86_64-linux-gnu-objdump... (cached) objdump
checking how to recognize dependent libraries... (cached) pass_all
checking how to run the C preprocessor... cpp
checking how to print strings... checking for fgrep... (cached) /usr/bin/grep -F
checking for ld used by /work/build.CoreELEC-Amlogic-no.aarch64-22/toolchain/bin/host-gcc... printf
checking for a sed that does not truncate output... (cached) /work/build.CoreELEC-Amlogic-no.aarch64-22/toolchain/bin/sed
checking for minix/config.h... (cached) no
checking whether it is safe to define __EXTENSIONS__... (cached) yes
checking whether byte ordering is bigendian... (cached) no
checking for fgrep... (cached) /usr/bin/grep -F
checking for ld used by /work/build.CoreELEC-Amlogic-no.aarch64-22/toolchain/bin/host-gcc... checking how to print strings... checking for x86_64-linux-gnu-nm... (cached) nm --plugin /usr/libexec/gcc/x86_64-linux-gnu/14/liblto_plugin.so
checking for x86_64-linux-gnu-gcc... (cached) /work/build.CoreELEC-Amlogic-no.aarch64-22/toolchain/bin/host-gcc
printf
checking for a sed that does not truncate output... (cached) /work/build.CoreELEC-Amlogic-no.aarch64-22/toolchain/bin/sed
checking for fgrep... (cached) /usr/bin/grep -F
checking for ld used by /work/build.CoreELEC-Amlogic-no.aarch64-22/toolchain/bin/host-gcc... (cached) ld
checking if the linker (ld) is GNU ld... (cached) yes
checking for BSD- or MS-compatible name lister (nm)... (cached) /usr/bin/nm --plugin /usr/libexec/gcc/x86_64-linux-gnu/14/liblto_plugin.so -B
checking the name lister (/usr/bin/nm --plugin /usr/libexec/gcc/x86_64-linux-gnu/14/liblto_plugin.so -B) interface... (cached) BSD nm
checking whether ln -s works... yes
checking the maximum length of command line arguments... (cached) 1572864
checking whether the shell understands some XSI constructs... yes
checking whether the shell understands "+="... no
(cached) ld
checking if the linker (ld) is GNU ld... (cached) yes
checking for BSD- or MS-compatible name lister (nm)... (cached) /usr/bin/nm --plugin /usr/libexec/gcc/x86_64-linux-gnu/14/liblto_plugin.so -B
checking the name lister (/usr/bin/nm --plugin /usr/libexec/gcc/x86_64-linux-gnu/14/liblto_plugin.so -B) interface... (cached) BSD nm
checking whether ln -s works... yes
checking the maximum length of command line arguments... (cached) 1572864
checking whether the shell understands some XSI constructs... (cached) ld
checking if the linker (ld) is GNU ld... (cached) yes
yes
checking whether the shell understands "+="... checking for BSD- or MS-compatible name lister (nm)... (cached) /usr/bin/nm --plugin /usr/libexec/gcc/x86_64-linux-gnu/14/liblto_plugin.so -B
checking the name lister (/usr/bin/nm --plugin /usr/libexec/gcc/x86_64-linux-gnu/14/liblto_plugin.so -B) interface... (cached) BSD nm
checking whether ln -s works... yes
checking the maximum length of command line arguments... no
(cached) 1572864
checking whether the shell understands some XSI constructs... checking for ld option to reload object files... (cached) -r
checking for x86_64-linux-gnu-objdump... (cached) objdump
yes
checking whether the shell understands "+="... checking how to recognize dependent libraries... (cached) pass_all
checking for clang... (cached) no
checking for x86_64-linux-gnu-llvm-config... no
checking for llvm-config... no
no
checking for x86_64-linux-gnu-ar... (cached) ar --plugin /usr/libexec/gcc/x86_64-linux-gnu/14/liblto_plugin.so
checking for -plugin option... checking for ld option to reload object files... (cached) -r
checking for x86_64-linux-gnu-objdump... (cached) objdump
checking how to recognize dependent libraries... (cached) pass_all
checking for clang... (cached) no
checking for x86_64-linux-gnu-llvm-config... 
no
checking for llvm-config... no
checking for x86_64-linux-gnu-ar... (cached) ar --plugin /usr/libexec/gcc/x86_64-linux-gnu/14/liblto_plugin.so
checking for -plugin option... checking for ld option to reload object files... (cached) -r
checking for x86_64-linux-gnu-objdump... (cached) objdump
checking how to recognize dependent libraries... (cached) pass_all
checking for clang... (cached) no
checking for x86_64-linux-gnu-llvm-config... no
checking for llvm-config... no
checking for x86_64-linux-gnu-ar... (cached) ar --plugin /usr/libexec/gcc/x86_64-linux-gnu/14/liblto_plugin.so
checking for -plugin option... checking whether we are cross compiling... --plugin /usr/libexec/gcc/x86_64-linux-gnu/14/liblto_plugin.so
--plugin /usr/libexec/gcc/x86_64-linux-gnu/14/liblto_plugin.so
--plugin /usr/libexec/gcc/x86_64-linux-gnu/14/liblto_plugin.so
checking for x86_64-linux-gnu-ar... (cached) ar --plugin /usr/libexec/gcc/x86_64-linux-gnu/14/liblto_plugin.so
checking for x86_64-linux-gnu-strip... (cached) strip
checking for x86_64-linux-gnu-ranlib... (cached) ranlib --plugin /usr/libexec/gcc/x86_64-linux-gnu/14/liblto_plugin.so
checking for x86_64-linux-gnu-ar... (cached) ar --plugin /usr/libexec/gcc/x86_64-linux-gnu/14/liblto_plugin.so
checking command to parse /usr/bin/nm --plugin /usr/libexec/gcc/x86_64-linux-gnu/14/liblto_plugin.so -B output from /work/build.CoreELEC-Amlogic-no.aarch64-22/toolchain/bin/host-gcc object... checking for x86_64-linux-gnu-strip... (cached) strip
(cached) ok
checking for x86_64-linux-gnu-ranlib... (cached) ranlib --plugin /usr/libexec/gcc/x86_64-linux-gnu/14/liblto_plugin.so
checking command to parse /usr/bin/nm --plugin /usr/libexec/gcc/x86_64-linux-gnu/14/liblto_plugin.so -B output from /work/build.CoreELEC-Amlogic-no.aarch64-22/toolchain/bin/host-gcc object... (cached) ok
checking for x86_64-linux-gnu-ar... (cached) ar --plugin /usr/libexec/gcc/x86_64-linux-gnu/14/liblto_plugin.so
checking for x86_64-linux-gnu-strip... (cached) strip
checking for x86_64-linux-gnu-ranlib... (cached) ranlib --plugin /usr/libexec/gcc/x86_64-linux-gnu/14/liblto_plugin.so
checking command to parse /usr/bin/nm --plugin /usr/libexec/gcc/x86_64-linux-gnu/14/liblto_plugin.so -B output from /work/build.CoreELEC-Amlogic-no.aarch64-22/toolchain/bin/host-gcc object... (cached) ok
checking whether we are using the GNU C compiler... (cached) yes
checking whether /work/build.CoreELEC-Amlogic-no.aarch64-22/toolchain/bin/host-gcc accepts -g... (cached) yes
checking for /work/build.CoreELEC-Amlogic-no.aarch64-22/toolchain/bin/host-gcc option to accept ISO C89... (cached) none needed
checking whether /work/build.CoreELEC-Amlogic-no.aarch64-22/toolchain/bin/host-gcc understands -c and -o together... (cached) yes
checking for x86_64-linux-gnu-ranlib... (cached) ranlib --plugin /usr/libexec/gcc/x86_64-linux-gnu/14/liblto_plugin.so
checking for x86_64-linux-gnu-ar... (cached) ar --plugin /usr/libexec/gcc/x86_64-linux-gnu/14/liblto_plugin.so
checking the archiver (ar --plugin /usr/libexec/gcc/x86_64-linux-gnu/14/liblto_plugin.so) interface... (cached) ar
checking how to print strings... printf
checking for a sed that does not truncate output... (cached) /work/build.CoreELEC-Amlogic-no.aarch64-22/toolchain/bin/sed
checking for fgrep... (cached) /usr/bin/grep -F
checking for ld used by /work/build.CoreELEC-Amlogic-no.aarch64-22/toolchain/bin/host-gcc... checking for dlfcn.h... (cached) yes
checking for objdir... (cached) .libs
checking for dlfcn.h... (cached) yes
checking for objdir... (cached) .libs
checking for clang... (cached) no
checking for x86_64-linux-gnu-llvm-config... no
checking for llvm-config... no
checking for dlfcn.h... (cached) yes
(cached) checking for x86_64-linux-gnu-ar... (cached) ld
ar --plugin /usr/libexec/gcc/x86_64-linux-gnu/14/liblto_plugin.so
checking if the linker (ld) is GNU ld... checking for -plugin option... (cached) yes
checking for BSD- or MS-compatible name lister (nm)... (cached) /usr/bin/nm --plugin /usr/libexec/gcc/x86_64-linux-gnu/14/liblto_plugin.so -B
checking the name lister (/usr/bin/nm --plugin /usr/libexec/gcc/x86_64-linux-gnu/14/liblto_plugin.so -B) interface... (cached) BSD nm
checking whether ln -s works... yes
checking the maximum length of command line arguments... (cached) 1572864
checking whether the shell understands some XSI constructs... checking for objdir... (cached) .libs
yes
checking whether the shell understands "+="... no
checking whether we are using the GNU C compiler... (cached) yes
checking whether /work/build.CoreELEC-Amlogic-no.aarch64-22/toolchain/bin/host-gcc accepts -g... (cached) yes
checking for /work/build.CoreELEC-Amlogic-no.aarch64-22/toolchain/bin/host-gcc option to accept ISO C89... (cached) none needed
checking whether /work/build.CoreELEC-Amlogic-no.aarch64-22/toolchain/bin/host-gcc understands -c and -o together... (cached) yes
checking dependency style of /work/build.CoreELEC-Amlogic-no.aarch64-22/toolchain/bin/host-gcc... (cached) gcc3
checking for ld option to reload object files... (cached) -r
checking for x86_64-linux-gnu-objdump... (cached) objdump
checking how to recognize dependent libraries... (cached) pass_all
checking for clang... (cached) no
checking for x86_64-linux-gnu-llvm-config... no
checking for llvm-config... no
checking for x86_64-linux-gnu-ar... (cached) ar --plugin /usr/libexec/gcc/x86_64-linux-gnu/14/liblto_plugin.so
checking for -plugin option... --plugin /usr/libexec/gcc/x86_64-linux-gnu/14/liblto_plugin.so
checking whether we are using the GNU C compiler... (cached) yes
checking whether /work/build.CoreELEC-Amlogic-no.aarch64-22/toolchain/bin/host-gcc accepts -g... (cached) yes
checking for /work/build.CoreELEC-Amlogic-no.aarch64-22/toolchain/bin/host-gcc option to accept ISO C89... (cached) none needed
checking whether /work/build.CoreELEC-Amlogic-no.aarch64-22/toolchain/bin/host-gcc understands -c and -o together... (cached) yes
checking dependency style of /work/build.CoreELEC-Amlogic-no.aarch64-22/toolchain/bin/host-gcc... (cached) gcc3
checking for x86_64-linux-gnu-ar... (cached) ar --plugin /usr/libexec/gcc/x86_64-linux-gnu/14/liblto_plugin.so
checking for x86_64-linux-gnu-strip... (cached) strip
checking for x86_64-linux-gnu-ranlib... (cached) ranlib --plugin /usr/libexec/gcc/x86_64-linux-gnu/14/liblto_plugin.so
checking command to parse /usr/bin/nm --plugin /usr/libexec/gcc/x86_64-linux-gnu/14/liblto_plugin.so -B output from /work/build.CoreELEC-Amlogic-no.aarch64-22/toolchain/bin/host-gcc object... (cached) ok
--plugin /usr/libexec/gcc/x86_64-linux-gnu/14/liblto_plugin.so
checking for x86_64-linux-gnu-ar... (cached) ar --plugin /usr/libexec/gcc/x86_64-linux-gnu/14/liblto_plugin.so
checking for x86_64-linux-gnu-strip... (cached) strip
checking for x86_64-linux-gnu-ranlib... (cached) ranlib --plugin /usr/libexec/gcc/x86_64-linux-gnu/14/liblto_plugin.so
checking command to parse /usr/bin/nm --plugin /usr/libexec/gcc/x86_64-linux-gnu/14/liblto_plugin.so -B output from /work/build.CoreELEC-Amlogic-no.aarch64-22/toolchain/bin/host-gcc object... (cached) ok
checking for ANSI C header files... (cached) yes
checking for sys/types.h... (cached) yes
checking for dlfcn.h... (cached) yes
checking for objdir... (cached) .libs
checking for sys/stat.h... (cached) yes
checking for stdlib.h... (cached) yes
checking for string.h... (cached) yes
no
checking whether we are using the GNU C++ compiler... (cached) yes
checking whether /work/build.CoreELEC-Amlogic-no.aarch64-22/toolchain/bin/host-g++ accepts -g... (cached) yes
checking dependency style of /work/build.CoreELEC-Amlogic-no.aarch64-22/toolchain/bin/host-g++... (cached) gcc3
checking for x86_64-linux-gnu-ranlib... (cached) ranlib --plugin /usr/libexec/gcc/x86_64-linux-gnu/14/liblto_plugin.so
checking for x86_64-linux-gnu-ar... (cached) checking for suffix of object files... ar --plugin /usr/libexec/gcc/x86_64-linux-gnu/14/liblto_plugin.so
(cached) checking the archiver (ar --plugin /usr/libexec/gcc/x86_64-linux-gnu/14/liblto_plugin.so) interface... o
checking whether we are using the GNU C compiler... (cached) (cached) ar
yes
checking whether /work/build.CoreELEC-Amlogic-no.aarch64-22/toolchain/bin/host-gcc accepts -g... checking for bison... (cached) (cached) bison
yes
checking for /work/build.CoreELEC-Amlogic-no.aarch64-22/toolchain/bin/host-gcc option to accept ISO C89... (cached) none needed
checking how to run the C preprocessor... cpp
checking for bison 3.0.4 or newer... checking for memory.h... (cached) yes
checking whether we are using the GNU C++ compiler... (cached) yes
checking whether /work/build.CoreELEC-Amlogic-no.aarch64-22/toolchain/bin/host-g++ accepts -g... (cached) yes
checking dependency style of /work/build.CoreELEC-Amlogic-no.aarch64-22/toolchain/bin/host-g++... (cached) gcc3
checking for bison... (cached) bison -y
checking for x86_64-linux-gnu-ranlib... (cached) ranlib --plugin /usr/libexec/gcc/x86_64-linux-gnu/14/liblto_plugin.so
checking whether ln -s works... yes
checking whether NLS is requested... no
checking for strings.h... (cached) yes
checking for msgfmt... (cached) /work/build.CoreELEC-Amlogic-no.aarch64-22/toolchain/bin/msgfmt
checking for gmsgfmt... (cached) /work/build.CoreELEC-Amlogic-no.aarch64-22/toolchain/bin/msgfmt
checking for inttypes.h... (cached) yes
checking for xgettext... (cached) /work/build.CoreELEC-Amlogic-no.aarch64-22/toolchain/bin/xgettext
checking for msgmerge... (cached) /work/build.CoreELEC-Amlogic-no.aarch64-22/toolchain/bin/msgmerge
checking if /work/build.CoreELEC-Amlogic-no.aarch64-22/toolchain/bin/host-gcc supports -fno-rtti -fno-exceptions... (cached) no
checking for /work/build.CoreELEC-Amlogic-no.aarch64-22/toolchain/bin/host-gcc option to produce PIC... -fPIC -DPIC
checking if /work/build.CoreELEC-Amlogic-no.aarch64-22/toolchain/bin/host-gcc PIC flag -fPIC -DPIC works... (cached) yes
checking if /work/build.CoreELEC-Amlogic-no.aarch64-22/toolchain/bin/host-gcc static flag -static works... checking if /work/build.CoreELEC-Amlogic-no.aarch64-22/toolchain/bin/host-gcc supports -fno-rtti -fno-exceptions... (cached) (cached) no
yes
checking for /work/build.CoreELEC-Amlogic-no.aarch64-22/toolchain/bin/host-gcc option to produce PIC... checking if /work/build.CoreELEC-Amlogic-no.aarch64-22/toolchain/bin/host-gcc supports -c -o file.o... (cached) -fPIC -DPIC
checking if /work/build.CoreELEC-Amlogic-no.aarch64-22/toolchain/bin/host-gcc PIC flag -fPIC -DPIC works... yes
(cached) yes
checking if /work/build.CoreELEC-Amlogic-no.aarch64-22/toolchain/bin/host-gcc supports -c -o file.o... (cached) checking if /work/build.CoreELEC-Amlogic-no.aarch64-22/toolchain/bin/host-gcc static flag -static works... (cached) yes
yes
checking if /work/build.CoreELEC-Amlogic-no.aarch64-22/toolchain/bin/host-gcc supports -c -o file.o... (cached) checking whether the /work/build.CoreELEC-Amlogic-no.aarch64-22/toolchain/bin/host-gcc linker (ld -m elf_x86_64) supports shared libraries... yes
checking if /work/build.CoreELEC-Amlogic-no.aarch64-22/toolchain/bin/host-gcc supports -c -o file.o... (cached) yes
checking whether the /work/build.CoreELEC-Amlogic-no.aarch64-22/toolchain/bin/host-gcc linker (ld -m elf_x86_64) supports shared libraries... checking for stdint.h... (cached) yes
checking for unistd.h... (cached) yes
checking for dlfcn.h... (cached) yes
checking if /work/build.CoreELEC-Amlogic-no.aarch64-22/toolchain/bin/host-gcc supports -fno-rtti -fno-exceptions... (cached) no
checking for /work/build.CoreELEC-Amlogic-no.aarch64-22/toolchain/bin/host-gcc option to produce PIC... -fPIC -DPIC
checking if /work/build.CoreELEC-Amlogic-no.aarch64-22/toolchain/bin/host-gcc PIC flag -fPIC -DPIC works... (cached) yes
checking if /work/build.CoreELEC-Amlogic-no.aarch64-22/toolchain/bin/host-gcc static flag -static works... (cached) yes
checking if /work/build.CoreELEC-Amlogic-no.aarch64-22/toolchain/bin/host-gcc supports -c -o file.o... (cached) yes
checking if /work/build.CoreELEC-Amlogic-no.aarch64-22/toolchain/bin/host-gcc supports -c -o file.o... (cached) yes
checking whether the /work/build.CoreELEC-Amlogic-no.aarch64-22/toolchain/bin/host-gcc linker (ld -m elf_x86_64) supports shared libraries... checking for objdir... (cached) .libs
yes
checking whether -lc should be explicitly linked in... (cached) no
checking dynamic linker characteristics... yes
checking whether -lc should be explicitly linked in... (cached) no
checking dynamic linker characteristics... checking for grep that handles long lines and -e... (cached) /usr/bin/grep
checking for egrep... (cached) /usr/bin/grep -E
checking for ANSI C header files... (cached) yes
checking for sys/types.h... (cached) checking for ld used by GCC... yes
3.8.2, ok
checking how to print strings... yes
checking whether -lc should be explicitly linked in... (cached) no
checking dynamic linker characteristics... printf
checking for a sed that does not truncate output... (cached) /work/build.CoreELEC-Amlogic-no.aarch64-22/toolchain/bin/sed
checking for sys/stat.h... (cached) yes
checking for fgrep... (cached) /usr/bin/grep -F
checking for ld used by /work/build.CoreELEC-Amlogic-no.aarch64-22/toolchain/bin/host-gcc... (cached) ld
checking if the linker (ld) is GNU ld... (cached) yes
checking for shared library run path origin... (cached) done
checking for stdlib.h... (cached) yes
checking for CFPreferencesCopyAppValue... (cached) no
checking for CFLocaleCopyPreferredLanguages... (cached) no
checking whether to use NLS... no
checking whether NLS is requested... no
checking whether byte ordering is bigendian... (cached) no
checking whether static linking works... (cached) yes
checking for gcc >= 4.1... (cached) yes
(cached) ld
checking if the linker (ld) is GNU ld... (cached) yes
checking for BSD- or MS-compatible name lister (nm)... (cached) /usr/bin/nm --plugin /usr/libexec/gcc/x86_64-linux-gnu/14/liblto_plugin.so -B
checking the name lister (/usr/bin/nm --plugin /usr/libexec/gcc/x86_64-linux-gnu/14/liblto_plugin.so -B) interface... (cached) BSD nm
checking whether ln -s works... yes
checking the maximum length of command line arguments... (cached) 1572864
checking whether the shell understands some XSI constructs... yes
checking whether the shell understands "+="... no
(cached) checking for string.h... (cached) yes
checking for ld option to reload object files... (cached) -r
checking for x86_64-linux-gnu-objdump... (cached) objdump
checking how to recognize dependent libraries... (cached) pass_all
checking for clang... (cached) no
checking for x86_64-linux-gnu-llvm-config... no
checking for llvm-config... (cached) no
checking for x86_64-linux-gnu-ar... (cached) ar --plugin /usr/libexec/gcc/x86_64-linux-gnu/14/liblto_plugin.so
checking for -plugin option... checking for gcc >= 9... (cached) yes
checking for -fcf-protection... (cached) no
checking whether /work/build.CoreELEC-Amlogic-no.aarch64-22/toolchain/bin/host-gcc supports -fmerge-constants... (cached) yes
checking for thread support... (cached) yes
checking for glibc >= 2.4... (cached) yes
checking for omp support... (cached) yes
GNU/Linux ld.so
checking how to hardcode library paths into programs... immediate
checking whether stripping libraries is possible... checking for memory.h... (cached) yes
yes
checking if libtool supports shared libraries... yes
checking whether to build shared libraries... yes
checking whether to build static libraries... yes
checking for dlfcn.h... (cached) yes
checking if /work/build.CoreELEC-Amlogic-no.aarch64-22/toolchain/bin/host-gcc supports -fno-rtti -fno-exceptions... (cached) no
checking for /work/build.CoreELEC-Amlogic-no.aarch64-22/toolchain/bin/host-gcc option to produce PIC... checking for windows.h... (cached) --plugin /usr/libexec/gcc/x86_64-linux-gnu/14/liblto_plugin.so
no
-fPIC -DPIC
checking if /work/build.CoreELEC-Amlogic-no.aarch64-22/toolchain/bin/host-gcc PIC flag -fPIC -DPIC works... (cached) yes
checking for library containing dlsym... (cached) checking if /work/build.CoreELEC-Amlogic-no.aarch64-22/toolchain/bin/host-gcc static flag -static works... none required
(cached) yes
checking if /work/build.CoreELEC-Amlogic-no.aarch64-22/toolchain/bin/host-gcc supports -c -o file.o... GNU/Linux ld.so
(cached) yes
checking if /work/build.CoreELEC-Amlogic-no.aarch64-22/toolchain/bin/host-gcc supports -c -o file.o... checking how to hardcode library paths into programs... (cached) yes
immediate
checking whether the /work/build.CoreELEC-Amlogic-no.aarch64-22/toolchain/bin/host-gcc linker (ld -m elf_x86_64) supports shared libraries... checking for special C compiler options needed for large files... (cached) no
checking whether stripping libraries is possible... checking for _FILE_OFFSET_BITS value needed for large files... (cached) no
(cached) checking for strings.h... (cached) yes
yes
checking if libtool supports shared libraries... yes
checking whether to build shared libraries... yes
checking whether to build static libraries... yes
checking for dlfcn.h... (cached) yes
checking for windows.h... (cached) no
checking for library containing dlsym... (cached) none required
checking for special C compiler options needed for large files... (cached) no
checking for _FILE_OFFSET_BITS value needed for large files... (cached) no
checking for x86_64-linux-gnu-ar... (cached) ar --plugin /usr/libexec/gcc/x86_64-linux-gnu/14/liblto_plugin.so
checking for x86_64-linux-gnu-strip... (cached) strip
checking for x86_64-linux-gnu-ranlib... (cached) ranlib --plugin /usr/libexec/gcc/x86_64-linux-gnu/14/liblto_plugin.so
checking for glibc >= 2.9... (cached) yes
checking command to parse /usr/bin/nm --plugin /usr/libexec/gcc/x86_64-linux-gnu/14/liblto_plugin.so -B output from /work/build.CoreELEC-Amlogic-no.aarch64-22/toolchain/bin/host-gcc object... checking for -frandom-seed support... (cached) yes
checking for glibc ifunc support... (cached) (cached) checking how to compare bootstrapped objects... both
ok
(cached) cmp --ignore-initial=16 $$f1 $$f2
checking pkg-config is at least version 0.9.0... checking for inttypes.h... (cached) yes
yes
checking whether to use debuginfod... auto
checking for libdebuginfod >= 0.188... GNU/Linux ld.so
checking how to hardcode library paths into programs... immediate
checking whether stripping libraries is possible... yes
checking if libtool supports shared libraries... yes
checking whether to build shared libraries... yes
checking whether to build static libraries... yes
checking for dlfcn.h... (cached) yes
no
checking for windows.h... (cached) no
checking for library containing dlsym... (cached) none required
checking for stdint.h... (cached) checking for special C compiler options needed for large files... (cached) yes
no
checking for _FILE_OFFSET_BITS value needed for large files... (cached) no
configure: WARNING: libdebuginfod is missing or some features may be unavailable.
checking for libdebuginfod >= 0.179... checking for sys/time.h... (cached) yes
checking for setitimer... (cached) yes
checking whether NLS is requested... no
no
checking for dlfcn.h... (cached) yes
checking for unistd.h... (cached) yes
checking for objdir... (cached) .libs
checking for msgfmt... (cached) /work/build.CoreELEC-Amlogic-no.aarch64-22/toolchain/bin/msgfmt
checking for gmsgfmt... (cached) /work/build.CoreELEC-Amlogic-no.aarch64-22/toolchain/bin/msgfmt
configure: WARNING: libdebuginfod is missing or unusable; some features may be unavailable.
yes
checking whether -lc should be explicitly linked in... (cached) no
checking dynamic linker characteristics... checking for minix/config.h... (cached) no
checking whether it is safe to define __EXTENSIONS__... (cached) yes
checking for special C compiler options needed for large files... (cached) no
checking for _FILE_OFFSET_BITS value needed for large files... (cached) no
checking for xgettext... (cached) checking for clang... /work/build.CoreELEC-Amlogic-no.aarch64-22/toolchain/bin/xgettext
(cached) no
checking for x86_64-linux-gnu-llvm-config... no
checking for llvm-config... no
checking for x86_64-linux-gnu-ar... (cached) ar --plugin /usr/libexec/gcc/x86_64-linux-gnu/14/liblto_plugin.so
checking for -plugin option... checking for msgmerge... (cached) /work/build.CoreELEC-Amlogic-no.aarch64-22/toolchain/bin/msgmerge
--plugin /usr/libexec/gcc/x86_64-linux-gnu/14/liblto_plugin.so
checking if /work/build.CoreELEC-Amlogic-no.aarch64-22/toolchain/bin/host-gcc supports -fno-rtti -fno-exceptions... (cached) no
checking for /work/build.CoreELEC-Amlogic-no.aarch64-22/toolchain/bin/host-gcc option to produce PIC... -fPIC -DPIC
checking if /work/build.CoreELEC-Amlogic-no.aarch64-22/toolchain/bin/host-gcc PIC flag -fPIC -DPIC works... (cached) yes
checking if /work/build.CoreELEC-Amlogic-no.aarch64-22/toolchain/bin/host-gcc static flag -static works... (cached) yes
checking if /work/build.CoreELEC-Amlogic-no.aarch64-22/toolchain/bin/host-gcc supports -c -o file.o... (cached) yes
checking if /work/build.CoreELEC-Amlogic-no.aarch64-22/toolchain/bin/host-gcc supports -c -o file.o... (cached) yes
checking whether the /work/build.CoreELEC-Amlogic-no.aarch64-22/toolchain/bin/host-gcc linker (ld -m elf_x86_64) supports shared libraries... checking for ld used by GCC... checking whether /work/build.CoreELEC-Amlogic-no.aarch64-22/toolchain/bin/host-gcc supports -W... (cached) yes
checking whether /work/build.CoreELEC-Amlogic-no.aarch64-22/toolchain/bin/host-gcc supports -Wall... (cached) yes
(cached) checking whether /work/build.CoreELEC-Amlogic-no.aarch64-22/toolchain/bin/host-gcc supports -Wwrite-strings... (cached) yes
(cached) ld -m elf_x86_64
checking if the linker (ld -m elf_x86_64) is GNU ld... (cached) yes
checking for shared library run path origin... (cached) done
checking whether /work/build.CoreELEC-Amlogic-no.aarch64-22/toolchain/bin/host-gcc supports -Wc++-compat... (cached) yes
yes
checking for CFPreferencesCopyAppValue... (cached) no
checking for CFLocaleCopyPreferredLanguages... (cached) checking whether -lc should be explicitly linked in... no
(cached) checking whether to use NLS... no
no
checking dynamic linker characteristics... checking whether NLS is requested... no
checking whether to enable maintainer-specific portions of Makefiles... no
checking for sys/gmon_out.h... (cached) yes
checking whether /work/build.CoreELEC-Amlogic-no.aarch64-22/toolchain/bin/host-gcc supports -Wstrict-prototypes... (cached) yes
GNU/Linux ld.so
checking how to hardcode library paths into programs... immediate
checking whether stripping libraries is possible... checking for a known getopt prototype in unistd.h... (cached) yes
checking for library containing fabs... (cached) -lm
yes
checking if libtool supports shared libraries... yes
checking whether to build shared libraries... yes
checking whether to build static libraries... yes
checking whether /work/build.CoreELEC-Amlogic-no.aarch64-22/toolchain/bin/host-gcc supports -Wshadow=local... (cached) yes
checking for special C compiler options needed for large files... (cached) no
checking for _FILE_OFFSET_BITS value needed for large files... (cached) no
checking whether /work/build.CoreELEC-Amlogic-no.aarch64-22/toolchain/bin/host-gcc supports -pedantic ... (cached) yes
checking whether /work/build.CoreELEC-Amlogic-no.aarch64-22/toolchain/bin/host-gcc and cc understand -c and -o together... checking for aclocal... (cached) ${SHELL} /work/build.CoreELEC-Amlogic-no.aarch64-22/build/binutils-2.47/missing aclocal-1.15
checking for autoconf... (cached) ${SHELL} /work/build.CoreELEC-Amlogic-no.aarch64-22/build/binutils-2.47/missing autoconf
checking for autoheader... (cached) ${SHELL} /work/build.CoreELEC-Amlogic-no.aarch64-22/build/binutils-2.47/missing autoheader
(cached) yes
checking for an ANSI C-conforming const... (cached) yes
checking for inline... (cached) inline
checking whether byte ordering is bigendian... (cached) no
checking for a BSD-compatible install... (cached) /usr/bin/install -c
checking for CET support... checking whether /work/build.CoreELEC-Amlogic-no.aarch64-22/toolchain/bin/host-gcc supports -Wall... (cached) yes
checking whether /work/build.CoreELEC-Amlogic-no.aarch64-22/toolchain/bin/host-gcc supports -Wextra... (cached) yes
checking whether /work/build.CoreELEC-Amlogic-no.aarch64-22/toolchain/bin/host-gcc supports -Wwrite-strings... (cached) yes
checking whether /work/build.CoreELEC-Amlogic-no.aarch64-22/toolchain/bin/host-gcc supports -Wmissing-format-attribute... (cached) yes
checking whether /work/build.CoreELEC-Amlogic-no.aarch64-22/toolchain/bin/host-gcc supports -Wstrict-prototypes... (cached) yes
checking whether /work/build.CoreELEC-Amlogic-no.aarch64-22/toolchain/bin/host-gcc supports -Wmissing-prototypes... (cached) yes
checking for incompatibility between DejaGnu and GCC... no
(cached) GNU/Linux ld.so
checking how to hardcode library paths into programs... immediate
checking whether stripping libraries is possible... yes
checking if libtool supports shared libraries... yes
checking whether to build shared libraries... yes
checking whether to build static libraries... yes
checking how to run the C preprocessor... cpp
no
checking for makeinfo... (cached) makeinfo
checking if using Solaris linker... no
yes
checking whether to enable maintainer-specific portions of Makefiles... no
checking whether to install libbfd... yes
checking for stdlib.h... (cached) yes
checking if /work/build.CoreELEC-Amlogic-no.aarch64-22/toolchain/bin/host-gcc supports -fno-rtti -fno-exceptions... (cached) no
checking for /work/build.CoreELEC-Amlogic-no.aarch64-22/toolchain/bin/host-gcc option to produce PIC... -fPIC -DPIC
checking if /work/build.CoreELEC-Amlogic-no.aarch64-22/toolchain/bin/host-gcc PIC flag -fPIC -DPIC works... (cached) yes
checking if /work/build.CoreELEC-Amlogic-no.aarch64-22/toolchain/bin/host-gcc static flag -static works... (cached) yes
checking if /work/build.CoreELEC-Amlogic-no.aarch64-22/toolchain/bin/host-gcc supports -c -o file.o... (cached) yes
checking if /work/build.CoreELEC-Amlogic-no.aarch64-22/toolchain/bin/host-gcc supports -c -o file.o... (cached) yes
checking whether the /work/build.CoreELEC-Amlogic-no.aarch64-22/toolchain/bin/host-gcc linker (ld -m elf_x86_64) supports shared libraries... checking for unistd.h... (cached) yes
Setting warning flags = -W -Wall -Wstrict-prototypes -Wmissing-prototypes -Wshadow -Wstack-usage=262144
checking whether byte ordering is bigendian... (cached) no
checking for sys/param.h... (cached) yes
checking for getpagesize... (cached) yes
Setting warning flags = -W -Wall -Wstrict-prototypes -Wmissing-prototypes -Wshadow -Wstack-usage=262144
checking for working mmap... (cached) yes
checking for sys/mman.h... (cached) yes
checking for byteswap.h... (cached) yes
yes
checking whether -lc should be explicitly linked in... (cached) no
checking dynamic linker characteristics... checking for stdlib.h... (cached) yes
checking for chsize... (cached) no
checking for mmap... (cached) yes
checking for endian.h... (cached) yes
checking for unistd.h... (cached) yes
checking for link... (cached) yes
Setting warning flags = -W -Wall -Wstrict-prototypes -Wmissing-prototypes -Wshadow -Wstack-usage=262144
checking for bison... (cached) bison -y
checking for flex... (cached) flex
checking for pread... (cached) yes
checking for ftruncate... (cached) checking for sys/param.h... yes
(cached) yes
checking for ffsll... (cached) yes
checking mremap with MREMAP_MAYMOVE... (cached) yes
checking pkg-config is at least version 0.9.0... yes
checking whether bswap_16 is declared... (cached) yes
checking for libzstd >= 1.4.0... checking for bison... (cached) bison -y
checking for getpagesize... (cached) yes
checking for flex... (cached) flex
checking for working mmap... (cached) yes
checking whether bswap_32 is declared... (cached) yes
checking for memcpy... (cached) yes
checking lex output file root... (cached) lex.yy
checking lex library... (cached) (cached) none needed
checking whether yytext is a pointer... (cached) no
checking lex output file root... (cached) lex.yy
checking lex library... (cached) none needed
checking whether yytext is a pointer... (cached) no
checking whether NLS is requested... no
checking whether bswap_64 is declared... (cached) yes
checking whether NLS is requested... no
checking for strerror... (cached) yes
checking for msgfmt... (cached) /work/build.CoreELEC-Amlogic-no.aarch64-22/toolchain/bin/msgfmt
checking for gmsgfmt... (cached) /work/build.CoreELEC-Amlogic-no.aarch64-22/toolchain/bin/msgfmt
checking for msgfmt... (cached) /work/build.CoreELEC-Amlogic-no.aarch64-22/toolchain/bin/msgfmt
checking for gmsgfmt... (cached) /work/build.CoreELEC-Amlogic-no.aarch64-22/toolchain/bin/msgfmt
checking for unistd.h... (cached) yes
GNU/Linux ld.so
checking how to hardcode library paths into programs... immediate
checking whether stripping libraries is possible... checking for xgettext... (cached) /work/build.CoreELEC-Amlogic-no.aarch64-22/toolchain/bin/xgettext
yes
checking for xgettext... checking if libtool supports shared libraries... yes
(cached) checking whether to build shared libraries... yes
/work/build.CoreELEC-Amlogic-no.aarch64-22/toolchain/bin/xgettext
checking whether to build static libraries... yes
checking how to run the C++ preprocessor... (cached) /work/build.CoreELEC-Amlogic-no.aarch64-22/toolchain/bin/host-g++ -E
checking for msgmerge... (cached) /work/build.CoreELEC-Amlogic-no.aarch64-22/toolchain/bin/msgmerge
checking for msgmerge... (cached) /work/build.CoreELEC-Amlogic-no.aarch64-22/toolchain/bin/msgmerge
Setting warning flags = -W -Wall -Wstrict-prototypes -Wmissing-prototypes -Wshadow -Wstack-usage=262144
checking whether gprof tests can run... (cached) no
checking for ld used by GCC... checking that generated files are newer than configure... checking for ld used by GCC... (cached) ld -m elf_x86_64
checking if the linker (ld -m elf_x86_64) is GNU ld... (cached) yes
checking for shared library run path origin... (cached) done
checking that generated files are newer than configure... (cached) ld -m elf_x86_64
checking if the linker (ld -m elf_x86_64) is GNU ld... (cached) yes
checking for shared library run path origin... (cached) done
checking for CFPreferencesCopyAppValue... (cached) no
checking for CFLocaleCopyPreferredLanguages... (cached) no
checking whether to use NLS... no
checking whether NLS is requested... no
checking whether to enable maintainer-specific portions of Makefiles... no
checking for x86_64-linux-gnu-ranlib... (cached) ranlib --plugin /usr/libexec/gcc/x86_64-linux-gnu/14/liblto_plugin.so
checking for CFPreferencesCopyAppValue... (cached) no
checking for CFLocaleCopyPreferredLanguages... (cached) no
checking whether to use NLS... no
checking whether NLS is requested... no
checking whether to enable maintainer-specific portions of Makefiles... no
checking for fcntl.h... (cached) yes
checking that generated files are newer than configure... checking for memory.h... (cached) yes
checking for inttypes.h... (cached) yes
checking for sys/stat.h... (cached) yes
checking for stdint.h... (cached) yes
checking for sys/types.h... (cached) yes
checking for sys/file.h... (cached) yes
checking for unistd.h... (cached) yes
yes
checking whether /work/build.CoreELEC-Amlogic-no.aarch64-22/toolchain/bin/host-gcc is Clang... (cached) no
checking whether pthreads work with -pthread... checking whether compiling a cross-assembler... yes
checking for strsignal... (cached) yes
checking for sys/stat.h... (cached) yes
checking for LC_MESSAGES... (cached) yes
checking for working assert macro... (cached) yes
checking for a known getopt prototype in unistd.h... (cached) yes
checking whether declaration is required for environ... (cached) no
checking whether declaration is required for ffs... (cached) no
checking whether mempcpy is declared... (cached) yes
checking for sys/time.h... (cached) yes
checking whether stpcpy is declared... (cached) yes
checking for sys/types.h... (cached) yes
checking pkg-config is at least version 0.9.0... yes
checking for libzstd >= 1.4.0... checking for unistd.h... (cached) yes
checking for sys/wait.h that is POSIX.1 compatible... (cached) yes
checking for stdlib.h... (cached) yes
checking for unistd.h... (cached) yes
checking for sys/param.h... (cached) yes
checking for getpagesize... (cached) yes
checking for working mmap... (cached) yes
checking for fseeko... (cached) yes
checking for fseeko64... (cached) yes
checking for getc_unlocked... (cached) yes
checking for mkdtemp... (cached) yes
yes
checking target system type... (cached) aarch64-libreelec-linux-gnu
checking for mkstemp... (cached) yes
checking for utimensat... (cached) yes
checking for sys/file.h... (cached) yes
checking for utimes... (cached) yes
checking for sys/param.h... (cached) yes
checking for mbstate_t... checking for limits.h... (cached) yes
checking for stdlib.h... (cached) yes
yes
checking for struct stat.st_atim.tv_nsec... (cached) yes
checking whether struct stat.st_atim is of type struct timespec... (cached) yes
checking for library containing frexp... yes
(cached) none required
checking for LC_MESSAGES... (cached) yes
checking for struct stat.st_mtim.tv_sec in sys/stat.h... (cached) checking for a known getopt prototype in unistd.h... yes
(cached) checking for struct stat.st_mtim.tv_nsec in sys/stat.h... (cached) yes
yes
checking for utime.h... (cached) yes
checking for malloc.h... (cached) yes
checking whether environ is declared... (cached) yes
yes
checking for joinable pthread attribute... (cached) PTHREAD_CREATE_JOINABLE
checking whether more special flags are required for pthreads... (cached) no
checking for PTHREAD_PRIO_INHERIT... (cached) yes
checking for string.h... (cached) yes
checking whether basename is declared... (cached) yes
checking whether getc_unlocked is declared... (cached) yes
checking for unistd.h... (cached) yes
checking whether stpcpy is declared... checking whether ffs is declared... (cached) yes
(cached) yes
checking for strings.h... (cached) yes
checking for ld used by /work/build.CoreELEC-Amlogic-no.aarch64-22/toolchain/bin/host-g++... checking whether strnlen is declared... (cached) yes
checking that generated files are newer than configure... checking whether asprintf is declared... (cached) yes
checking for libzstd >= 1.4.0... checking for sys/time.h... (cached) yes
checking whether vasprintf is declared... (cached) yes
(cached) ld -m elf_x86_64
checking if the linker (ld -m elf_x86_64) is GNU ld... (cached) yes
checking for time.h... (cached) yes
checking whether snprintf is declared... (cached) yes
checking whether vsnprintf is declared... (cached) yes
checking whether the /work/build.CoreELEC-Amlogic-no.aarch64-22/toolchain/bin/host-g++ linker (ld -m elf_x86_64) supports shared libraries... checking for sys/resource.h... (cached) yes
checking whether strverscmp is declared... (cached) yes
checking for sys/stat.h... (cached) yes
yes
checking for sys/mman.h... (cached) yes
checking for fcntl.h... (cached) yes
checking for alloca.h... (cached) yes
checking how to run the C++ preprocessor... (cached) /work/build.CoreELEC-Amlogic-no.aarch64-22/toolchain/bin/host-g++ -E
checking for sys/pstat.h... (cached) no
checking for sys/sysmp.h... (cached) no
checking for sys/sysinfo.h... (cached) yes
checking for machine/hal_sysinfo.h... (cached) no
checking for sys/table.h... (cached) no
checking for sys/sysctl.h... (cached) no
checking for sys/systemcfg.h... (cached) no
checking for stdint.h... (cached) yes
checking for stdio_ext.h... (cached) yes
yes
checking for msgpack-c... checking for process.h... (cached) no
no
checking for sys/prctl.h... (cached) yes
checking for msgpack... no
checking for spawn.h... (cached) yes
checking for /work/build.CoreELEC-Amlogic-no.aarch64-22/toolchain/bin/host-g++ option to produce PIC... -fPIC -DPIC
checking if /work/build.CoreELEC-Amlogic-no.aarch64-22/toolchain/bin/host-g++ PIC flag -fPIC -DPIC works... (cached) yes
checking if /work/build.CoreELEC-Amlogic-no.aarch64-22/toolchain/bin/host-g++ static flag -static works... (cached) yes
checking if /work/build.CoreELEC-Amlogic-no.aarch64-22/toolchain/bin/host-g++ supports -c -o file.o... (cached) yes
checking if /work/build.CoreELEC-Amlogic-no.aarch64-22/toolchain/bin/host-g++ supports -c -o file.o... (cached) yes
checking whether the /work/build.CoreELEC-Amlogic-no.aarch64-22/toolchain/bin/host-g++ linker (ld -m elf_x86_64) supports shared libraries... yes
checking dynamic linker characteristics... (cached) checking for iconv.h... (cached) yes
checking for iconv... (cached) yes
checking for working iconv... (cached) yes
checking whether iconv is compatible with its POSIX signature... (cached) yes
checking for libgen.h... (cached) yes
GNU/Linux ld.so
checking how to hardcode library paths into programs... immediate
checking whether byte ordering is bigendian... (cached) no
checking for sys/wait.h that is POSIX.1 compatible... (cached) yes
checking whether time.h and sys/time.h may both be included... (cached) yes
checking whether errno must be declared... (cached) no
checking size of int... (cached) 4
checking whether /work/build.CoreELEC-Amlogic-no.aarch64-22/toolchain/bin/host-gcc supports -Wall... (cached) yes
checking size of long... (cached) 8
checking size of size_t... (cached) 8
checking whether /work/build.CoreELEC-Amlogic-no.aarch64-22/toolchain/bin/host-gcc supports -fno-lto... (cached) yes
checking for long long... (cached) yes
checking size of long long... (cached) 8
checking for unordered_set... (cached) yes
checking for a 64-bit type... (cached) uint64_t
checking for intptr_t... (cached) yes
checking for uintptr_t... (cached) yes
checking for ssize_t... (cached) yes
checking for pid_t... (cached) yes
checking whether /work/build.CoreELEC-Amlogic-no.aarch64-22/toolchain/bin/host-gcc supports -Wswitch... (cached) yes
checking for library containing strerror... (cached) none required
checking whether /work/build.CoreELEC-Amlogic-no.aarch64-22/toolchain/bin/host-gcc is Clang... (cached) no
checking whether pthreads work with -pthread... checking for unordered_map... (cached) yes
checking for asprintf... (cached) yes
checking for tr1/unordered_set... (cached) yes
checking for atexit... (cached) yes
checking for tr1/unordered_map... (cached) yes
checking for basename... (cached) yes
checking that generated files are newer than configure... checking for ext/hash_map... (cached) yes
checking for bcmp... (cached) yes
checking for ext/hash_set... (cached) yes
checking for bcopy... (cached) yes
checking for byteswap.h... (cached) yes
checking for bsearch... (cached) yes
checking whether bswap_16 is declared... (cached) yes
checking for bzero... (cached) yes
checking whether bswap_32 is declared... (cached) yes
checking for calloc... (cached) yes
checking whether bswap_64 is declared... (cached) yes
checking for windows.h... (cached) no
checking for dlfcn.h... (cached) yes
checking for library containing dlopen... (cached) none required
checking for clock... (cached) yes
checking for mallinfo... (cached) yes
checking for ffs... (cached) yes
checking for mallinfo2... (cached) yes
checking for getcwd... (cached) yes
checking for posix_fallocate... (cached) yes
checking for getpagesize... (cached) yes
checking for fallocate... (cached) yes
checking for gettimeofday... (cached) yes
checking for readv... (cached) yes
checking for index... (cached) yes
checking for sysconf... (cached) yes
checking for insque... (cached) yes
checking for times... (cached) yes
checking for memchr... (cached) yes
checking for mkdtemp... (cached) yes
checking for memrchr... (cached) yes
checking whether basename is declared... (cached) yes
checking for memcmp... (cached) yes
yes
checking for joinable pthread attribute... (cached) PTHREAD_CREATE_JOINABLE
checking whether more special flags are required for pthreads... (cached) no
checking for PTHREAD_PRIO_INHERIT... (cached) yes
checking for javac... (cached) javac
checking for java... (cached) /usr/bin/java
checking whether ffs is declared... (cached) yes
checking for memcpy... (cached) yes
checking whether asprintf is declared... (cached) yes
checking for jni.h... (cached) no
configure: WARNING:  Cannot find the JDK include directory.
      gprofng will be build without support for profiling Java applications.
      Use --with-jdk=PATH to specify directory for the installed JDK
checking for memmem... (cached) yes
checking whether vasprintf is declared... (cached) yes
checking for memmove... (cached) yes
checking whether snprintf is declared... (cached) yes
checking for mempcpy... (cached) yes
checking whether vsnprintf is declared... (cached) yes
checking for memset... (cached) yes
checking whether strverscmp is declared... (cached) yes
checking linker --as-needed support... (cached) yes
checking for expect... no
checking for Tcl supporting try/catch... (cached) no
checking for makeinfo... (cached) makeinfo
checking whether strndup is declared... (cached) yes
checking for mkstemps... (cached) yes
checking whether memmem is declared... (cached) yes
checking whether ::std::tr1::unordered_map::rehash is usable.... (cached) yes
checking whether /work/build.CoreELEC-Amlogic-no.aarch64-22/toolchain/bin/host-g++ supports C++11 features by default... checking for putenv... (cached) (cached) yes
yes
checking whether std::tr1::hash<off_t> is defined... (cached) yes
checking whether we can use attributes with template functions... (cached) yes
checking for struct stat::st_mtim.... (cached) yes
checking for locale.h... (cached) yes
checking for setlocale... (cached) yes
checking for LC_MESSAGES... (cached) yes
checking whether to enable maintainer-specific portions of Makefiles... no
checking for random... (cached) yes
checking for rename... (cached) yes
checking for rindex... (cached) yes
checking that generated files are newer than configure... checking for setenv... (cached) yes
checking for snprintf... (cached) yes
checking for sigsetmask... (cached) yes
checking for stpcpy... (cached) yes
checking for stpncpy... (cached) yes
checking for strcasecmp... (cached) yes
checking for strchr... (cached) yes
checking for strdup... (cached) yes
checking for strncasecmp... (cached) yes
checking for strndup... (cached) yes
checking for strnlen... (cached) yes
checking for bash... (cached) /usr/bin/bash
checking for strrchr... (cached) yes
checking whether basename is declared... (cached) yes
checking for strstr... (cached) yes
checking for clock_gettime... (cached) yes
checking for strtod... (cached) yes
checking for strsignal... (cached) yes
checking for asm/hwprobe.h... (cached) no
checking for strtol... (cached) yes
checking for strtoul... (cached) yes
checking for strtoll... (cached) yes
checking for strtoull... (cached) yes
checking that generated files are newer than configure... checking for strverscmp... (cached) yes
checking for tmpnam... (cached) yes
checking for vasprintf... (cached) yes
checking for vfprintf... (cached) yes
checking for vprintf... (cached) yes
checking for vsnprintf... (cached) yes
checking for vsprintf... (cached) yes
checking for waitpid... (cached) yes
checking for setproctitle... (cached) no
checking whether alloca needs Cray hooks... (cached) no
checking stack direction for C alloca... (cached) 1
checking for vfork.h... (cached) no
checking for fork... (cached) yes
checking for vfork... (cached) yes
checking for working fork... (cached) yes
checking for working vfork... (cached) yes
checking for _doprnt... (cached) no
checking for sys_errlist... (cached) no
checking for sys_nerr... (cached) no
checking for sys_siglist... (cached) no
checking for external symbol _system_configuration... no
checking for __fsetlocking... (cached) yes
checking for canonicalize_file_name... (cached) yes
checking for dup3... (cached) yes
checking for getrlimit... (cached) yes
checking for getrusage... (cached) yes
checking for getsysinfo... (cached) no
checking for gettimeofday... (cached) yes
checking for on_exit... (cached) yes
checking for pipe2... (cached) yes
checking for posix_spawn... (cached) yes
checking for posix_spawnp... (cached) yes
checking for psignal... (cached) yes
checking for pstat_getdynamic... (cached) no
checking for pstat_getstatic... (cached) no
checking for realpath... (cached) yes
checking for setrlimit... (cached) yes
checking for spawnve... (cached) no
checking for spawnvpe... (cached) no
checking for strerror... (cached) yes
checking for strsignal... (cached) yes
checking for sysconf... (cached) yes
checking for sysctl... (cached) no
checking for sysmp... (cached) no
checking for table... (cached) no
checking for times... (cached) yes
checking for wait3... (cached) yes
checking for wait4... (cached) yes
checking for sbrk... (cached) yes
checking whether basename is declared... (cached) yes
checking whether ffs is declared... (cached) yes
checking whether asprintf is declared... (cached) yes
checking whether vasprintf is declared... (cached) yes
checking whether snprintf is declared... (cached) yes
checking whether vsnprintf is declared... (cached) yes
checking whether calloc is declared... (cached) yes
checking whether getenv is declared... (cached) yes
checking whether getopt is declared... (cached) yes
checking whether malloc is declared... (cached) yes
checking whether realloc is declared... (cached) yes
checking whether sbrk is declared... (cached) yes
checking whether strtol is declared... (cached) yes
checking whether strtoul is declared... (cached) yes
checking whether strtoll is declared... (cached) yes
checking whether strtoull is declared... (cached) yes
checking whether strverscmp is declared... (cached) yes
checking whether strnlen is declared... (cached) yes
checking whether canonicalize_file_name must be declared... (cached) no
checking for SHA1 HW acceleration support... x86 SHA1
checking for stdlib.h... (cached) yes
checking for unistd.h... (cached) yes
checking for sys/param.h... (cached) yes
checking for getpagesize... (cached) yes
checking for working mmap... (cached) yes
checking for working strncmp... (cached) yes
configure: creating ./config.status
config.status: creating Makefile
config.status: creating testsuite/Makefile
config.status: creating config.h
config.status: config.h is unchanged
config.status: executing default commands
Configuring in ./bfd
make[2]: Entering directory '/work/build.CoreELEC-Amlogic-no.aarch64-22/build/binutils-2.47/.x86_64-linux-gnu/libiberty'
echo ./regex.o ./cplus-dem.o ./cp-demangle.o ./md5.o ./sha1.o ./alloca.o ./argv.o ./bsearch_r.o ./choose-temp.o ./concat.o ./cp-demint.o ./crc32.o ./d-demangle.o ./dwarfnames.o ./dyn-string.o ./fdmatch.o ./fibheap.o ./filedescriptor.o ./filename_cmp.o ./floatformat.o ./fnmatch.o ./fopen_unlocked.o ./getopt.o ./getopt1.o ./getpwd.o ./getruntime.o ./hashtab.o ./hex.o ./lbasename.o ./ldirname.o ./lrealpath.o ./make-relative-prefix.o ./make-temp-file.o ./objalloc.o ./obstack.o ./partition.o ./pexecute.o ./physmem.o ./pex-common.o ./pex-one.o ./pex-unix.o ./vprintf-support.o ./rust-demangle.o ./safe-ctype.o ./simple-object.o ./simple-object-coff.o ./simple-object-elf.o ./simple-object-mach-o.o ./simple-object-xcoff.o ./sort.o ./spaces.o ./splay-tree.o ./stack-limit.o ./strerror.o ./strsignal.o ./timeval-utils.o ./unlink-if-ordinary.o ./xasprintf.o ./xatexit.o ./xexit.o ./xmalloc.o ./xmemdup.o ./xstrdup.o ./xstrerror.o ./xstrndup.o ./xvasprintf.o > required-list
make[3]: Entering directory '/work/build.CoreELEC-Amlogic-no.aarch64-22/build/binutils-2.47/.x86_64-linux-gnu/libiberty/testsuite'
make[3]: Nothing to be done for 'all'.
make[3]: Leaving directory '/work/build.CoreELEC-Amlogic-no.aarch64-22/build/binutils-2.47/.x86_64-linux-gnu/libiberty/testsuite'
make[2]: Leaving directory '/work/build.CoreELEC-Amlogic-no.aarch64-22/build/binutils-2.47/.x86_64-linux-gnu/libiberty'
configure: loading cache ./config.cache
checking build system type... (cached) x86_64-pc-linux-gnu
checking host system type... (cached) x86_64-pc-linux-gnu
checking target system type... (cached) aarch64-libreelec-linux-gnu
checking for a BSD-compatible install... (cached) /usr/bin/install -c
checking whether build environment is sane... yes
checking for a thread-safe mkdir -p... (cached) /usr/bin/mkdir -p
checking for gawk... (cached) gawk
checking whether make sets $(MAKE)... (cached) yes
checking whether make supports nested variables... (cached) yes
checking whether make supports nested variables... (cached) yes
checking for x86_64-linux-gnu-ar... (cached) ar --plugin /usr/libexec/gcc/x86_64-linux-gnu/14/liblto_plugin.so
checking for x86_64-linux-gnu-ranlib... (cached) ranlib --plugin /usr/libexec/gcc/x86_64-linux-gnu/14/liblto_plugin.so
checking for x86_64-linux-gnu-gcc... (cached) /work/build.CoreELEC-Amlogic-no.aarch64-22/toolchain/bin/host-gcc
done
configure: creating ./config.status
done
configure: creating ./config.status
done
configure: creating ./config.status
done
configure: creating ./config.status
done
configure: creating ./config.status
done
configure: creating ./config.status
done
configure: creating ./config.status
checking whether the C compiler works... config.status: creating Makefile
config.status: creating Makefile
yes
checking for C compiler default output file name... a.out
checking for suffix of executables... config.status: creating testsuite/Makefile

checking whether we are cross compiling... config.status: creating po/Makefile.in
config.status: creating config.h
config.status: config.h is unchanged
config.status: executing depfiles commands
no
checking for suffix of object files... (cached) o
checking whether we are using the GNU C compiler... (cached) yes
checking whether /work/build.CoreELEC-Amlogic-no.aarch64-22/toolchain/bin/host-gcc accepts -g... (cached) yes
checking for /work/build.CoreELEC-Amlogic-no.aarch64-22/toolchain/bin/host-gcc option to accept ISO C89... (cached) none needed
checking whether /work/build.CoreELEC-Amlogic-no.aarch64-22/toolchain/bin/host-gcc understands -c and -o together... (cached) yes
checking for style of include used by make... GNU
checking dependency style of /work/build.CoreELEC-Amlogic-no.aarch64-22/toolchain/bin/host-gcc... (cached) gcc3
checking how to run the C preprocessor... cpp
config.status: executing default-1 commands
config.status: creating po/POTFILES
config.status: creating po/Makefile
checking for grep that handles long lines and -e... (cached) /usr/bin/grep
checking for egrep... (cached) /usr/bin/grep -E
checking for ANSI C header files... (cached) yes
checking for sys/types.h... (cached) yes
checking for sys/stat.h... (cached) yes
checking for stdlib.h... (cached) yes
checking for string.h... (cached) yes
checking for memory.h... (cached) yes
checking for strings.h... (cached) yes
checking for inttypes.h... (cached) yes
checking for stdint.h... (cached) yes
checking for unistd.h... (cached) yes
done
configure: creating ./config.status
checking for minix/config.h... (cached) no
checking whether it is safe to define __EXTENSIONS__... (cached) yes
checking how to print strings... printf
checking for a sed that does not truncate output... (cached) /work/build.CoreELEC-Amlogic-no.aarch64-22/toolchain/bin/sed
checking for fgrep... (cached) /usr/bin/grep -F
checking for ld used by /work/build.CoreELEC-Amlogic-no.aarch64-22/toolchain/bin/host-gcc... (cached) ld
checking if the linker (ld) is GNU ld... (cached) yes
checking for BSD- or MS-compatible name lister (nm)... (cached) /usr/bin/nm --plugin /usr/libexec/gcc/x86_64-linux-gnu/14/liblto_plugin.so -B
checking the name lister (/usr/bin/nm --plugin /usr/libexec/gcc/x86_64-linux-gnu/14/liblto_plugin.so -B) interface... (cached) BSD nm
checking whether ln -s works... yes
checking the maximum length of command line arguments... (cached) 1572864
checking whether the shell understands some XSI constructs... yes
checking whether the shell understands "+="... no
checking for ld option to reload object files... (cached) -r
checking for x86_64-linux-gnu-objdump... (cached) objdump
checking how to recognize dependent libraries... (cached) pass_all
checking for clang... (cached) no
checking for x86_64-linux-gnu-llvm-config... no
checking for llvm-config... no
checking for x86_64-linux-gnu-ar... (cached) ar --plugin /usr/libexec/gcc/x86_64-linux-gnu/14/liblto_plugin.so
checking for -plugin option... --plugin /usr/libexec/gcc/x86_64-linux-gnu/14/liblto_plugin.so
checking for x86_64-linux-gnu-ar... (cached) ar --plugin /usr/libexec/gcc/x86_64-linux-gnu/14/liblto_plugin.so
checking for x86_64-linux-gnu-strip... (cached) strip
checking for x86_64-linux-gnu-ranlib... (cached) ranlib --plugin /usr/libexec/gcc/x86_64-linux-gnu/14/liblto_plugin.so
checking command to parse /usr/bin/nm --plugin /usr/libexec/gcc/x86_64-linux-gnu/14/liblto_plugin.so -B output from /work/build.CoreELEC-Amlogic-no.aarch64-22/toolchain/bin/host-gcc object... (cached) ok
checking for dlfcn.h... (cached) yes
checking for objdir... (cached) .libs
config.status: creating Makefile
config.status: creating Makefile
config.status: creating Makefile
config.status: creating .gdbinit
config.status: executing depfiles commands
config.status: creating testsuite/Makefile
config.status: creating Makefile
config.status: creating po/Makefile.in
config.status: executing libtool commands
config.status: creating config.h
config.status: creating po/Makefile.in
config.status: creating po/Makefile.in
config.status: config.h is unchanged
config.status: executing depfiles commands
config.status: creating gconfig.h
config.status: creating config.h
config.status: gconfig.h is unchanged
checking if /work/build.CoreELEC-Amlogic-no.aarch64-22/toolchain/bin/host-gcc supports -fno-rtti -fno-exceptions... (cached) no
checking for /work/build.CoreELEC-Amlogic-no.aarch64-22/toolchain/bin/host-gcc option to produce PIC... -fPIC -DPIC
checking if /work/build.CoreELEC-Amlogic-no.aarch64-22/toolchain/bin/host-gcc PIC flag -fPIC -DPIC works... (cached) yes
checking if /work/build.CoreELEC-Amlogic-no.aarch64-22/toolchain/bin/host-gcc static flag -static works... (cached) yes
checking if /work/build.CoreELEC-Amlogic-no.aarch64-22/toolchain/bin/host-gcc supports -c -o file.o... (cached) yes
checking if /work/build.CoreELEC-Amlogic-no.aarch64-22/toolchain/bin/host-gcc supports -c -o file.o... (cached) yes
checking whether the /work/build.CoreELEC-Amlogic-no.aarch64-22/toolchain/bin/host-gcc linker (ld -m elf_x86_64) supports shared libraries... config.status: executing depfiles commands
config.status: config.h is unchanged
config.status: executing libtool commands
config.status: executing depfiles commands
yes
checking whether -lc should be explicitly linked in... (cached) no
checking dynamic linker characteristics... config.status: executing default-1 commands
config.status: executing libtool commands
config.status: executing libtool commands
config.status: creating po/POTFILES
make[2]: Entering directory '/work/build.CoreELEC-Amlogic-no.aarch64-22/build/binutils-2.47/.x86_64-linux-gnu/zlib'
true "AR_FLAGS=rc" "CC_FOR_BUILD=/work/build.CoreELEC-Amlogic-no.aarch64-22/toolchain/bin/host-gcc" "CFLAGS=-g -O2  " "CXXFLAGS=-g -O2  " "CFLAGS_FOR_BUILD=-g -O2" "CFLAGS_FOR_TARGET=-g -O2" "INSTALL=/usr/bin/install -c" "INSTALL_DATA=/usr/bin/install -c -m 644" "INSTALL_PROGRAM=/usr/bin/install -c" "INSTALL_SCRIPT=/usr/bin/install -c" "LDFLAGS=" "LIBCFLAGS=-g -O2  " "LIBCFLAGS_FOR_TARGET=-g -O2" "MAKE=make" "MAKEINFO=makeinfo --split-size=5000000 " "PICFLAG=-fPIC" "PICFLAG_FOR_TARGET=" "SHELL=/bin/dash" "EXPECT=expect" "RUNTEST=runtest" "RUNTESTFLAGS=" "exec_prefix=/work/build.CoreELEC-Amlogic-no.aarch64-22/toolchain" "infodir=/work/build.CoreELEC-Amlogic-no.aarch64-22/toolchain/share/info" "libdir=/work/build.CoreELEC-Amlogic-no.aarch64-22/toolchain/lib" "prefix=/work/build.CoreELEC-Amlogic-no.aarch64-22/toolchain" "tooldir=/work/build.CoreELEC-Amlogic-no.aarch64-22/toolchain/aarch64-libreelec-linux-gnu" "AR=ar --plugin /usr/libexec/gcc/x86_64-linux-gnu/14/liblto_plugin.so" "AS=as" "CC=/work/build.CoreELEC-Amlogic-no.aarch64-22/toolchain/bin/host-gcc" "CXX=/work/build.CoreELEC-Amlogic-no.aarch64-22/toolchain/bin/host-g++" "LD=ld" "LIBCFLAGS=-g -O2  " "NM=nm --plugin /usr/libexec/gcc/x86_64-linux-gnu/14/liblto_plugin.so" "PICFLAG=-fPIC" "RANLIB=ranlib --plugin /usr/libexec/gcc/x86_64-linux-gnu/14/liblto_plugin.so" "DESTDIR=" DO=all multi-do # make
make[2]: Leaving directory '/work/build.CoreELEC-Amlogic-no.aarch64-22/build/binutils-2.47/.x86_64-linux-gnu/zlib'
config.status: creating po/Makefile
(cached) GNU/Linux ld.so
checking how to hardcode library paths into programs... immediate
checking for shl_load... (cached) no
checking for shl_load in -ldld... (cached) no
checking for dlopen... (cached) yes
checking whether a program can dlopen itself... (cached) yes
checking whether a statically linked program can dlopen itself... (cached) no
checking whether stripping libraries is possible... yes
checking if libtool supports shared libraries... yes
checking whether to build shared libraries... yes
checking whether to build static libraries... yes
checking for dlfcn.h... (cached) yes
checking for windows.h... (cached) no
checking for library containing dlsym... (cached) none required
checking for special C compiler options needed for large files... (cached) no
checking for _FILE_OFFSET_BITS value needed for large files... (cached) no
config.status: executing default-1 commands
config.status: executing default-1 commands
config.status: creating po/POTFILES
config.status: creating po/POTFILES
config.status: creating po/Makefile
config.status: creating po/Makefile
config.status: executing default commands
config.status: creating Makefile
config.status: creating src/Makefile
config.status: creating gp-display-html/Makefile
config.status: creating doc/Makefile
config.status: creating config.h
Setting warning flags = -W -Wall -Wstrict-prototypes -Wmissing-prototypes -Wshadow -Wstack-usage=262144
checking whether to enable maintainer-specific portions of Makefiles... no
checking whether to install libbfd... yes
checking whether byte ordering is bigendian... (cached) no
checking whether NLS is requested... no
config.status: config.h is unchanged
checking for msgfmt... (cached) /work/build.CoreELEC-Amlogic-no.aarch64-22/toolchain/bin/msgfmt
checking for gmsgfmt... (cached) /work/build.CoreELEC-Amlogic-no.aarch64-22/toolchain/bin/msgfmt
config.status: executing depfiles commands
checking for xgettext... (cached) /work/build.CoreELEC-Amlogic-no.aarch64-22/toolchain/bin/xgettext
checking for msgmerge... (cached) /work/build.CoreELEC-Amlogic-no.aarch64-22/toolchain/bin/msgmerge
checking for ld used by GCC... (cached) ld -m elf_x86_64
checking if the linker (ld -m elf_x86_64) is GNU ld... (cached) yes
checking for shared library run path origin... (cached) done
checking for CFPreferencesCopyAppValue... (cached) no
checking for CFLocaleCopyPreferredLanguages... (cached) no
checking whether to use NLS... no
checking whether NLS is requested... no
checking size of long long... (cached) 8
checking size of void *... (cached) 8
checking size of long... (cached) 8
checking size of int... (cached) 4
checking for fcntl.h... (cached) yes
checking for sys/file.h... (cached) yes
checking for sys/resource.h... (cached) yes
config.status: executing libtool commands
checking for sys/stat.h... (cached) yes
checking for sys/types.h... (cached) yes
checking for unistd.h... (cached) yes
checking for fcntl... (cached) yes
=== configuring in libcollector (/work/build.CoreELEC-Amlogic-no.aarch64-22/build/binutils-2.47/.x86_64-linux-gnu/gprofng/libcollector)
checking for fdopen... (cached) yes
configure: running /bin/dash /work/build.CoreELEC-Amlogic-no.aarch64-22/build/binutils-2.47/gprofng/libcollector/configure --disable-option-checking '--prefix=/work/build.CoreELEC-Amlogic-no.aarch64-22/toolchain'  '--with-gnu-as' '--with-gnu-ld' '--bindir=/work/build.CoreELEC-Amlogic-no.aarch64-22/toolchain/bin' '--sbindir=/work/build.CoreELEC-Amlogic-no.aarch64-22/toolchain/sbin' '--sysconfdir=/work/build.CoreELEC-Amlogic-no.aarch64-22/toolchain/etc' '--libexecdir=/work/build.CoreELEC-Amlogic-no.aarch64-22/toolchain/lib' '--localstatedir=/work/build.CoreELEC-Amlogic-no.aarch64-22/toolchain/var' '--disable-static' '--enable-shared' '--with-sysroot=/work/build.CoreELEC-Amlogic-no.aarch64-22/toolchain/aarch64-libreelec-linux-gnu/sysroot' '--with-lib-path=/work/build.CoreELEC-Amlogic-no.aarch64-22/toolchain/aarch64-libreelec-linux-gnu/sysroot/lib:/work/build.CoreELEC-Amlogic-no.aarch64-22/toolchain/aarch64-libreelec-linux-gnu/sysroot/usr/lib' '--without-ppl' '--enable-static' '--without-cloog' '--disable-werror' '--disable-multilib' '--disable-libada' '--disable-libssp' '--enable-version-specific-runtime-libs' '--enable-plugins' '--enable-gold' '--enable-ld=default' '--enable-lto' '--disable-nls' '--program-transform-name=s&^&aarch64-libreelec-linux-gnu-&' '--disable-year2038' '--build=x86_64-linux-gnu' '--host=x86_64-linux-gnu' '--target=aarch64-libreelec-linux-gnu' 'build_alias=x86_64-linux-gnu' 'host_alias=x86_64-linux-gnu' 'target_alias=aarch64-libreelec-linux-gnu' 'CC=/work/build.CoreELEC-Amlogic-no.aarch64-22/toolchain/bin/host-gcc' 'CFLAGS=-g -O2  ' 'LDFLAGS= ' 'CPP=cpp' 'CXX=/work/build.CoreELEC-Amlogic-no.aarch64-22/toolchain/bin/host-g++' 'CXXFLAGS=-g -O2  ' --cache-file=.././config.cache --srcdir=/work/build.CoreELEC-Amlogic-no.aarch64-22/build/binutils-2.47/gprofng/libcollector
checking for fileno... (cached) yes
config.status: creating Makefile
checking for fls... (cached) no
checking for getgid... (cached) yes
checking for getpagesize... (cached) yes
checking for getrlimit... (cached) yes
config.status: creating config.h
checking for getuid... (cached) yes
config.status: config.h is unchanged
checking for sysconf... (cached) yes
config.status: executing depfiles commands
checking whether basename is declared... (cached) yes
checking whether ffs is declared... (cached) yes
config.status: executing libtool commands
checking whether stpcpy is declared... (cached) yes
checking whether asprintf is declared... (cached) yes
checking whether vasprintf is declared... (cached) yes
checking whether strnlen is declared... (cached) yes
checking whether strtoull is declared... (cached) yes
checking whether ___lc_codepage_func is declared... (cached) no
checking for thread local storage (TLS) class... (cached) _Thread_local
checking pkg-config is at least version 0.9.0... yes
checking for libzstd >= 1.4.0... make[2]: Entering directory '/work/build.CoreELEC-Amlogic-no.aarch64-22/build/binutils-2.47/.x86_64-linux-gnu/libsframe'
make  all-am
make[3]: Entering directory '/work/build.CoreELEC-Amlogic-no.aarch64-22/build/binutils-2.47/.x86_64-linux-gnu/libsframe'
make[3]: Leaving directory '/work/build.CoreELEC-Amlogic-no.aarch64-22/build/binutils-2.47/.x86_64-linux-gnu/libsframe'
make[2]: Leaving directory '/work/build.CoreELEC-Amlogic-no.aarch64-22/build/binutils-2.47/.x86_64-linux-gnu/libsframe'
yes
checking compiler support for hidden visibility... (cached) yes
checking linker --as-needed support... (cached) yes
checking for cos in -lm... (cached) yes
checking for gcc version with buggy 64-bit support... no
checking for ftello... (cached) yes
checking for ftello64... (cached) yes
checking for fseeko... (cached) yes
checking for fseeko64... (cached) yes
checking for fopen64... (cached) yes
checking whether ftello is declared... (cached) yes
checking whether ftello64 is declared... (cached) yes
checking whether fseeko is declared... (cached) yes
checking whether fseeko64 is declared... (cached) yes
configure: loading cache .././config.cache
checking whether fopen64 is declared... (cached) yes
checking size of off_t... (cached) 8
checking file_ptr type... int64_t
checking build system type... (cached) x86_64-pc-linux-gnu
checking host system type... (cached) x86_64-pc-linux-gnu
checking target system type... (cached) aarch64-libreelec-linux-gnu
checking for a BSD-compatible install... (cached) /usr/bin/install -c
checking whether build environment is sane... checking for stdlib.h... (cached) yes
yes
checking for unistd.h... (cached) yes
checking for a thread-safe mkdir -p... (cached) /usr/bin/mkdir -p
checking for gawk... (cached) gawk
checking whether make sets $(MAKE)... (cached) yes
checking for sys/param.h... (cached) yes
checking for getpagesize... (cached) checking whether make supports nested variables... yes
(cached) yes
checking for working mmap... (cached) yes
checking for madvise... (cached) yes
checking whether to enable maintainer-specific portions of Makefiles... no
checking for style of include used by make... checking for mprotect... (cached) yes
GNU
checking for x86_64-linux-gnu-gcc... (cached) /work/build.CoreELEC-Amlogic-no.aarch64-22/toolchain/bin/host-gcc
checking that generated files are newer than configure... checking whether the C compiler works... yes
checking for C compiler default output file name... a.out
checking for suffix of executables... 
checking whether we are cross compiling... no
checking for suffix of object files... (cached) o
checking whether we are using the GNU C compiler... (cached) yes
checking whether /work/build.CoreELEC-Amlogic-no.aarch64-22/toolchain/bin/host-gcc accepts -g... (cached) yes
checking for /work/build.CoreELEC-Amlogic-no.aarch64-22/toolchain/bin/host-gcc option to accept ISO C89... (cached) none needed
checking whether /work/build.CoreELEC-Amlogic-no.aarch64-22/toolchain/bin/host-gcc understands -c and -o together... (cached) yes
checking dependency style of /work/build.CoreELEC-Amlogic-no.aarch64-22/toolchain/bin/host-gcc... (cached) gcc3
checking how to run the C preprocessor... cpp
checking for grep that handles long lines and -e... (cached) /usr/bin/grep
checking for egrep... (cached) /usr/bin/grep -E
checking for ANSI C header files... (cached) yes
checking for sys/types.h... (cached) yes
checking for sys/stat.h... (cached) yes
checking for stdlib.h... (cached) yes
checking for string.h... (cached) yes
checking for memory.h... (cached) yes
checking for strings.h... (cached) yes
checking for inttypes.h... (cached) yes
checking for stdint.h... (cached) yes
checking for unistd.h... (cached) yes
checking for minix/config.h... (cached) no
checking whether it is safe to define __EXTENSIONS__... (cached) yes
checking for x86_64-linux-gnu-gcc... (cached) /work/build.CoreELEC-Amlogic-no.aarch64-22/toolchain/bin/host-gcc
checking whether we are using the GNU C compiler... (cached) yes
checking whether /work/build.CoreELEC-Amlogic-no.aarch64-22/toolchain/bin/host-gcc accepts -g... (cached) yes
checking for /work/build.CoreELEC-Amlogic-no.aarch64-22/toolchain/bin/host-gcc option to accept ISO C89... (cached) none needed
checking whether /work/build.CoreELEC-Amlogic-no.aarch64-22/toolchain/bin/host-gcc understands -c and -o together... (cached) yes
checking dependency style of /work/build.CoreELEC-Amlogic-no.aarch64-22/toolchain/bin/host-gcc... (cached) gcc3
checking whether we are using the GNU C++ compiler... (cached) yes
checking whether /work/build.CoreELEC-Amlogic-no.aarch64-22/toolchain/bin/host-g++ accepts -g... (cached) yes
checking dependency style of /work/build.CoreELEC-Amlogic-no.aarch64-22/toolchain/bin/host-g++... (cached) gcc3
checking for x86_64-linux-gnu-ranlib... (cached) ranlib --plugin /usr/libexec/gcc/x86_64-linux-gnu/14/liblto_plugin.so
checking for x86_64-linux-gnu-ar... (cached) ar --plugin /usr/libexec/gcc/x86_64-linux-gnu/14/liblto_plugin.so
checking the archiver (ar --plugin /usr/libexec/gcc/x86_64-linux-gnu/14/liblto_plugin.so) interface... (cached) ar
checking how to print strings... printf
checking for a sed that does not truncate output... (cached) /work/build.CoreELEC-Amlogic-no.aarch64-22/toolchain/bin/sed
checking for fgrep... (cached) /usr/bin/grep -F
checking for ld used by /work/build.CoreELEC-Amlogic-no.aarch64-22/toolchain/bin/host-gcc... (cached) ld
checking if the linker (ld) is GNU ld... (cached) yes
checking for BSD- or MS-compatible name lister (nm)... (cached) /usr/bin/nm --plugin /usr/libexec/gcc/x86_64-linux-gnu/14/liblto_plugin.so -B
checking the name lister (/usr/bin/nm --plugin /usr/libexec/gcc/x86_64-linux-gnu/14/liblto_plugin.so -B) interface... (cached) BSD nm
checking whether ln -s works... yes
checking the maximum length of command line arguments... (cached) 1572864
checking whether the shell understands some XSI constructs... yes
checking whether the shell understands "+="... no
checking for ld option to reload object files... (cached) -r
checking for x86_64-linux-gnu-objdump... (cached) objdump
checking how to recognize dependent libraries... (cached) pass_all
checking for clang... (cached) no
checking for x86_64-linux-gnu-llvm-config... no
checking for llvm-config... no
checking for x86_64-linux-gnu-ar... (cached) ar --plugin /usr/libexec/gcc/x86_64-linux-gnu/14/liblto_plugin.so
checking for -plugin option... --plugin /usr/libexec/gcc/x86_64-linux-gnu/14/liblto_plugin.so
checking for x86_64-linux-gnu-ar... (cached) ar --plugin /usr/libexec/gcc/x86_64-linux-gnu/14/liblto_plugin.so
checking for x86_64-linux-gnu-strip... (cached) strip
checking for x86_64-linux-gnu-ranlib... (cached) ranlib --plugin /usr/libexec/gcc/x86_64-linux-gnu/14/liblto_plugin.so
checking command to parse /usr/bin/nm --plugin /usr/libexec/gcc/x86_64-linux-gnu/14/liblto_plugin.so -B output from /work/build.CoreELEC-Amlogic-no.aarch64-22/toolchain/bin/host-gcc object... (cached) ok
checking for dlfcn.h... (cached) yes
checking for objdir... (cached) .libs
checking if /work/build.CoreELEC-Amlogic-no.aarch64-22/toolchain/bin/host-gcc supports -fno-rtti -fno-exceptions... (cached) no
checking for /work/build.CoreELEC-Amlogic-no.aarch64-22/toolchain/bin/host-gcc option to produce PIC... -fPIC -DPIC
checking if /work/build.CoreELEC-Amlogic-no.aarch64-22/toolchain/bin/host-gcc PIC flag -fPIC -DPIC works... (cached) yes
checking if /work/build.CoreELEC-Amlogic-no.aarch64-22/toolchain/bin/host-gcc static flag -static works... (cached) yes
checking if /work/build.CoreELEC-Amlogic-no.aarch64-22/toolchain/bin/host-gcc supports -c -o file.o... (cached) yes
checking if /work/build.CoreELEC-Amlogic-no.aarch64-22/toolchain/bin/host-gcc supports -c -o file.o... (cached) yes
checking whether the /work/build.CoreELEC-Amlogic-no.aarch64-22/toolchain/bin/host-gcc linker (ld -m elf_x86_64) supports shared libraries... yes
checking whether -lc should be explicitly linked in... (cached) no
checking dynamic linker characteristics... (cached) GNU/Linux ld.so
checking how to hardcode library paths into programs... immediate
checking whether stripping libraries is possible... yes
checking if libtool supports shared libraries... yes
checking whether to build shared libraries... yes
checking whether to build static libraries... yes
checking how to run the C++ preprocessor... (cached) /work/build.CoreELEC-Amlogic-no.aarch64-22/toolchain/bin/host-g++ -E
checking for ld used by /work/build.CoreELEC-Amlogic-no.aarch64-22/toolchain/bin/host-g++... (cached) ld -m elf_x86_64
checking if the linker (ld -m elf_x86_64) is GNU ld... (cached) yes
checking whether the /work/build.CoreELEC-Amlogic-no.aarch64-22/toolchain/bin/host-g++ linker (ld -m elf_x86_64) supports shared libraries... yes
checking for /work/build.CoreELEC-Amlogic-no.aarch64-22/toolchain/bin/host-g++ option to produce PIC... -fPIC -DPIC
checking if /work/build.CoreELEC-Amlogic-no.aarch64-22/toolchain/bin/host-g++ PIC flag -fPIC -DPIC works... (cached) yes
checking if /work/build.CoreELEC-Amlogic-no.aarch64-22/toolchain/bin/host-g++ static flag -static works... (cached) yes
checking if /work/build.CoreELEC-Amlogic-no.aarch64-22/toolchain/bin/host-g++ supports -c -o file.o... (cached) yes
checking if /work/build.CoreELEC-Amlogic-no.aarch64-22/toolchain/bin/host-g++ supports -c -o file.o... (cached) yes
checking whether the /work/build.CoreELEC-Amlogic-no.aarch64-22/toolchain/bin/host-g++ linker (ld -m elf_x86_64) supports shared libraries... yes
checking dynamic linker characteristics... (cached) GNU/Linux ld.so
checking how to hardcode library paths into programs... immediate
checking whether /work/build.CoreELEC-Amlogic-no.aarch64-22/toolchain/bin/host-gcc supports -Wnonnull-compare... (cached) yes
checking that generated files are newer than configure... done
configure: creating ./config.status
config.status: creating Makefile
config.status: creating bfd-in3.h
config.status: creating po/Makefile.in
config.status: creating config.h
config.status: config.h is unchanged
config.status: executing depfiles commands
config.status: executing libtool commands
config.status: executing default-1 commands
config.status: executing default commands
make[2]: Entering directory '/work/build.CoreELEC-Amlogic-no.aarch64-22/build/binutils-2.47/.x86_64-linux-gnu/bfd'
Making info in po
make[3]: Entering directory '/work/build.CoreELEC-Amlogic-no.aarch64-22/build/binutils-2.47/.x86_64-linux-gnu/bfd/po'
make[3]: Nothing to be done for 'info'.
make[3]: Leaving directory '/work/build.CoreELEC-Amlogic-no.aarch64-22/build/binutils-2.47/.x86_64-linux-gnu/bfd/po'
make[3]: Entering directory '/work/build.CoreELEC-Amlogic-no.aarch64-22/build/binutils-2.47/.x86_64-linux-gnu/bfd'
make[3]: Nothing to be done for 'info-am'.
make[3]: Leaving directory '/work/build.CoreELEC-Amlogic-no.aarch64-22/build/binutils-2.47/.x86_64-linux-gnu/bfd'
make  all-recursive
make[3]: Entering directory '/work/build.CoreELEC-Amlogic-no.aarch64-22/build/binutils-2.47/.x86_64-linux-gnu/bfd'
Making all in po
make[4]: Entering directory '/work/build.CoreELEC-Amlogic-no.aarch64-22/build/binutils-2.47/.x86_64-linux-gnu/bfd/po'
make[4]: Nothing to be done for 'all'.
make[4]: Leaving directory '/work/build.CoreELEC-Amlogic-no.aarch64-22/build/binutils-2.47/.x86_64-linux-gnu/bfd/po'
make[4]: Entering directory '/work/build.CoreELEC-Amlogic-no.aarch64-22/build/binutils-2.47/.x86_64-linux-gnu/bfd'
rm -f bfd-tmp.h
cp bfd-in3.h bfd-tmp.h
rm -f tofiles
f=""; \
for i in elf64-aarch64.lo elfxx-aarch64.lo elf-ifunc.lo elf64.lo elf-attrs.lo elf-sframe.lo elf.lo elflink.lo elf-strtab.lo elf-eh-frame.lo elf-properties.lo dwarf1.lo dwarf2.lo elf32-aarch64.lo elf32.lo elf32-arm.lo pei-aarch64.lo pe-aarch64igen.lo cofflink.lo coffgen.lo pe-aarch64.lo elf64-gen.lo elf32-gen.lo plugin.lo cpu-aarch64.lo cpu-arm.lo  archive64.lo ; do \
  case " $f " in \
    *" $i "*) ;; \
    *) f="$f $i" ;; \
  esac ; \
done ; \
echo $f > tofiles
/bin/dash /work/build.CoreELEC-Amlogic-no.aarch64-22/build/binutils-2.47/bfd/../move-if-change tofiles ofiles
/bin/dash /work/build.CoreELEC-Amlogic-no.aarch64-22/build/binutils-2.47/bfd/../move-if-change bfd-tmp.h bfd.h
touch stamp-ofiles
rm -f bfd-tmp.h
touch stmp-bfd-h
  CC       archures.lo
  CC       targets.lo
  CC       dwarf2.lo
  CCLD     libbfd.la
done
configure: creating ./config.status
ar: `u' modifier ignored since `D' is the default (see `U')
make[4]: Leaving directory '/work/build.CoreELEC-Amlogic-no.aarch64-22/build/binutils-2.47/.x86_64-linux-gnu/bfd'
make[3]: Leaving directory '/work/build.CoreELEC-Amlogic-no.aarch64-22/build/binutils-2.47/.x86_64-linux-gnu/bfd'
make[2]: Leaving directory '/work/build.CoreELEC-Amlogic-no.aarch64-22/build/binutils-2.47/.x86_64-linux-gnu/bfd'
Configuring in ./opcodes
Configuring in ./ld
Configuring in ./libctf
config.status: creating Makefile
config.status: creating lib-config.h
config.status: lib-config.h is unchanged
config.status: executing depfiles commands
config.status: executing libtool commands
configure: loading cache ./config.cache
configure: loading cache ./config.cache
configure: loading cache ./config.cache
checking build system type... (cached) x86_64-pc-linux-gnu
checking host system type... (cached) x86_64-pc-linux-gnu
checking target system type... (cached) aarch64-libreelec-linux-gnu
checking for a BSD-compatible install... (cached) /usr/bin/install -c
checking whether build environment is sane... checking build system type... (cached) x86_64-pc-linux-gnu
checking host system type... (cached) x86_64-pc-linux-gnu
checking target system type... (cached) aarch64-libreelec-linux-gnu
checking for x86_64-linux-gnu-gcc... (cached) /work/build.CoreELEC-Amlogic-no.aarch64-22/toolchain/bin/host-gcc
checking build system type... (cached) x86_64-pc-linux-gnu
checking host system type... (cached) x86_64-pc-linux-gnu
checking target system type... (cached) aarch64-libreelec-linux-gnu
checking for a BSD-compatible install... (cached) /usr/bin/install -c
checking whether build environment is sane... yes
yes
checking for a thread-safe mkdir -p... (cached) /usr/bin/mkdir -p
checking for gawk... (cached) gawk
checking whether make sets $(MAKE)... (cached) yes
checking for a thread-safe mkdir -p... (cached) /usr/bin/mkdir -p
checking for gawk... (cached) gawk
checking whether make sets $(MAKE)... (cached) yes
checking whether make supports nested variables... (cached) yes
checking whether make supports nested variables... (cached) yes
checking whether make supports nested variables... (cached) yes
checking for x86_64-linux-gnu-gcc... (cached) /work/build.CoreELEC-Amlogic-no.aarch64-22/toolchain/bin/host-gcc
checking whether make supports nested variables... (cached) yes
checking whether to enable maintainer-specific portions of Makefiles... no
checking for x86_64-linux-gnu-gcc... (cached) /work/build.CoreELEC-Amlogic-no.aarch64-22/toolchain/bin/host-gcc
checking whether the C compiler works... checking whether the C compiler works... checking whether the C compiler works... yes
checking for C compiler default output file name... a.out
checking for suffix of executables... yes
checking for C compiler default output file name... yes
a.out
checking for C compiler default output file name... a.out
checking for suffix of executables... checking for suffix of executables... 
checking whether we are cross compiling... 
checking whether we are cross compiling... 
checking whether we are cross compiling... no
no
checking for suffix of object files... (cached) o
checking whether we are using the GNU C compiler... (cached) yes
checking whether /work/build.CoreELEC-Amlogic-no.aarch64-22/toolchain/bin/host-gcc accepts -g... (cached) yes
checking for /work/build.CoreELEC-Amlogic-no.aarch64-22/toolchain/bin/host-gcc option to accept ISO C89... (cached) none needed
checking whether /work/build.CoreELEC-Amlogic-no.aarch64-22/toolchain/bin/host-gcc understands -c and -o together... (cached) yes
checking for suffix of object files... (cached) o
checking whether we are using the GNU C compiler... (cached) yes
checking whether /work/build.CoreELEC-Amlogic-no.aarch64-22/toolchain/bin/host-gcc accepts -g... (cached) yes
checking for /work/build.CoreELEC-Amlogic-no.aarch64-22/toolchain/bin/host-gcc option to accept ISO C89... (cached) none needed
checking whether /work/build.CoreELEC-Amlogic-no.aarch64-22/toolchain/bin/host-gcc understands -c and -o together... (cached) yes
checking how to run the C preprocessor... cpp
checking for style of include used by make... no
checking for suffix of object files... (cached) o
checking whether we are using the GNU C compiler... (cached) yes
checking whether /work/build.CoreELEC-Amlogic-no.aarch64-22/toolchain/bin/host-gcc accepts -g... (cached) yes
checking for /work/build.CoreELEC-Amlogic-no.aarch64-22/toolchain/bin/host-gcc option to accept ISO C89... (cached) none needed
checking whether /work/build.CoreELEC-Amlogic-no.aarch64-22/toolchain/bin/host-gcc understands -c and -o together... (cached) yes
GNU
checking for style of include used by make... checking dependency style of /work/build.CoreELEC-Amlogic-no.aarch64-22/toolchain/bin/host-gcc... (cached) gcc3
checking how to run the C preprocessor... cpp
GNU
checking dependency style of /work/build.CoreELEC-Amlogic-no.aarch64-22/toolchain/bin/host-gcc... (cached) gcc3
checking for grep that handles long lines and -e... (cached) /usr/bin/grep
checking for egrep... (cached) /usr/bin/grep -E
checking for ANSI C header files... (cached) yes
checking for sys/types.h... (cached) yes
checking for grep that handles long lines and -e... (cached) /usr/bin/grep
checking for egrep... (cached) /usr/bin/grep -E
checking for ANSI C header files... (cached) yes
checking for sys/types.h... (cached) yes
checking for sys/stat.h... (cached) yes
checking for sys/stat.h... (cached) yes
checking for stdlib.h... (cached) yes
checking whether we are using the GNU C++ compiler... (cached) yes
checking whether /work/build.CoreELEC-Amlogic-no.aarch64-22/toolchain/bin/host-g++ accepts -g... (cached) yes
checking dependency style of /work/build.CoreELEC-Amlogic-no.aarch64-22/toolchain/bin/host-g++... (cached) gcc3
checking for grep that handles long lines and -e... (cached) /usr/bin/grep
checking how to run the C preprocessor... cpp
checking for stdlib.h... (cached) yes
checking for string.h... (cached) yes
checking for string.h... (cached) yes
checking for memory.h... (cached) yes
checking for memory.h... (cached) yes
checking for strings.h... (cached) yes
checking for strings.h... (cached) yes
checking for inttypes.h... (cached) yes
checking for inttypes.h... (cached) yes
checking for stdint.h... (cached) yes
checking for stdint.h... (cached) yes
checking for unistd.h... (cached) yes
checking for minix/config.h... (cached) no
checking whether it is safe to define __EXTENSIONS__... (cached) yes
checking for a BSD-compatible install... (cached) /usr/bin/install -c
checking whether build environment is sane... checking for unistd.h... (cached) yes
yes
checking for egrep... (cached) /usr/bin/grep -E
checking for ANSI C header files... (cached) yes
checking for minix/config.h... (cached) no
checking whether it is safe to define __EXTENSIONS__... (cached) yes
checking for x86_64-linux-gnu-ar... (cached) ar --plugin /usr/libexec/gcc/x86_64-linux-gnu/14/liblto_plugin.so
checking for x86_64-linux-gnu-ranlib... (cached) ranlib --plugin /usr/libexec/gcc/x86_64-linux-gnu/14/liblto_plugin.so
checking how to print strings... checking for sys/types.h... (cached) yes
printf
checking for a sed that does not truncate output... (cached) /work/build.CoreELEC-Amlogic-no.aarch64-22/toolchain/bin/sed
checking for fgrep... (cached) /usr/bin/grep -F
checking for ld used by /work/build.CoreELEC-Amlogic-no.aarch64-22/toolchain/bin/host-gcc... checking for a thread-safe mkdir -p... (cached) /usr/bin/mkdir -p
checking for gawk... (cached) gawk
checking whether make sets $(MAKE)... (cached) yes
checking for sys/stat.h... (cached) yes
(cached) ld
checking if the linker (ld) is GNU ld... (cached) yes
checking for BSD- or MS-compatible name lister (nm)... (cached) /usr/bin/nm --plugin /usr/libexec/gcc/x86_64-linux-gnu/14/liblto_plugin.so -B
checking the name lister (/usr/bin/nm --plugin /usr/libexec/gcc/x86_64-linux-gnu/14/liblto_plugin.so -B) interface... (cached) BSD nm
checking whether ln -s works... yes
checking the maximum length of command line arguments... checking for style of include used by make... (cached) 1572864
checking whether the shell understands some XSI constructs... yes
checking whether the shell understands "+="... checking for stdlib.h... (cached) yes
no
GNU
checking for ld option to reload object files... (cached) -r
checking for x86_64-linux-gnu-objdump... (cached) objdump
checking how to recognize dependent libraries... (cached) pass_all
checking for clang... (cached) no
checking for x86_64-linux-gnu-llvm-config... no
checking for llvm-config... no
checking whether make supports nested variables... (cached) checking for x86_64-linux-gnu-ar... (cached) yes
ar --plugin /usr/libexec/gcc/x86_64-linux-gnu/14/liblto_plugin.so
checking for -plugin option... checking for string.h... (cached) yes
checking dependency style of /work/build.CoreELEC-Amlogic-no.aarch64-22/toolchain/bin/host-gcc... (cached) gcc3
checking for memory.h... (cached) checking whether make supports nested variables... yes
(cached) yes
--plugin /usr/libexec/gcc/x86_64-linux-gnu/14/liblto_plugin.so
checking whether make sets $(MAKE)... (cached) yes
checking for x86_64-linux-gnu-gcc... (cached) /work/build.CoreELEC-Amlogic-no.aarch64-22/toolchain/bin/host-gcc
checking for x86_64-linux-gnu-ar... (cached) ar --plugin /usr/libexec/gcc/x86_64-linux-gnu/14/liblto_plugin.so
checking for x86_64-linux-gnu-strip... (cached) strip
checking for strings.h... (cached) yes
checking for x86_64-linux-gnu-ranlib... (cached) ranlib --plugin /usr/libexec/gcc/x86_64-linux-gnu/14/liblto_plugin.so
checking command to parse /usr/bin/nm --plugin /usr/libexec/gcc/x86_64-linux-gnu/14/liblto_plugin.so -B output from /work/build.CoreELEC-Amlogic-no.aarch64-22/toolchain/bin/host-gcc object... (cached) ok
checking for inttypes.h... (cached) yes
checking for stdint.h... (cached) yes
checking for dlfcn.h... (cached) yes
checking for objdir... (cached) .libs
checking for unistd.h... (cached) yes
checking for minix/config.h... (cached) no
checking whether it is safe to define __EXTENSIONS__... (cached) yes
checking pkg-config is at least version 0.9.0... yes
checking how to print strings... printf
checking for a sed that does not truncate output... (cached) /work/build.CoreELEC-Amlogic-no.aarch64-22/toolchain/bin/sed
checking for fgrep... (cached) /usr/bin/grep -F
checking for ld used by /work/build.CoreELEC-Amlogic-no.aarch64-22/toolchain/bin/host-gcc... (cached) ld
checking if the linker (ld) is GNU ld... (cached) yes
checking for BSD- or MS-compatible name lister (nm)... (cached) /usr/bin/nm --plugin /usr/libexec/gcc/x86_64-linux-gnu/14/liblto_plugin.so -B
checking the name lister (/usr/bin/nm --plugin /usr/libexec/gcc/x86_64-linux-gnu/14/liblto_plugin.so -B) interface... (cached) BSD nm
checking whether ln -s works... yes
checking the maximum length of command line arguments... (cached) 1572864
checking whether the shell understands some XSI constructs... yes
checking whether the shell understands "+="... no
checking for ld option to reload object files... (cached) -r
checking for x86_64-linux-gnu-objdump... (cached) objdump
checking how to recognize dependent libraries... (cached) pass_all
checking for clang... (cached) no
checking for x86_64-linux-gnu-llvm-config... no
checking for llvm-config... no
checking for x86_64-linux-gnu-ar... (cached) ar --plugin /usr/libexec/gcc/x86_64-linux-gnu/14/liblto_plugin.so
checking for -plugin option... checking whether we are using the GNU C compiler... (cached) yes
checking whether /work/build.CoreELEC-Amlogic-no.aarch64-22/toolchain/bin/host-gcc accepts -g... (cached) yes
checking for /work/build.CoreELEC-Amlogic-no.aarch64-22/toolchain/bin/host-gcc option to accept ISO C89... (cached) none needed
checking whether /work/build.CoreELEC-Amlogic-no.aarch64-22/toolchain/bin/host-gcc understands -c and -o together... (cached) yes
checking for x86_64-linux-gnu-ranlib... (cached) ranlib --plugin /usr/libexec/gcc/x86_64-linux-gnu/14/liblto_plugin.so
checking for x86_64-linux-gnu-ar... (cached) ar --plugin /usr/libexec/gcc/x86_64-linux-gnu/14/liblto_plugin.so
checking the archiver (ar --plugin /usr/libexec/gcc/x86_64-linux-gnu/14/liblto_plugin.so) interface... (cached) ar
checking whether NLS is requested... no
--plugin /usr/libexec/gcc/x86_64-linux-gnu/14/liblto_plugin.so
checking for msgfmt... (cached) /work/build.CoreELEC-Amlogic-no.aarch64-22/toolchain/bin/msgfmt
checking for gmsgfmt... (cached) /work/build.CoreELEC-Amlogic-no.aarch64-22/toolchain/bin/msgfmt
checking for xgettext... (cached) /work/build.CoreELEC-Amlogic-no.aarch64-22/toolchain/bin/xgettext
checking for x86_64-linux-gnu-ar... (cached) ar --plugin /usr/libexec/gcc/x86_64-linux-gnu/14/liblto_plugin.so
checking for x86_64-linux-gnu-strip... (cached) strip
checking for x86_64-linux-gnu-ranlib... (cached) ranlib --plugin /usr/libexec/gcc/x86_64-linux-gnu/14/liblto_plugin.so
checking command to parse /usr/bin/nm --plugin /usr/libexec/gcc/x86_64-linux-gnu/14/liblto_plugin.so -B output from /work/build.CoreELEC-Amlogic-no.aarch64-22/toolchain/bin/host-gcc object... (cached) ok
checking for msgmerge... (cached) /work/build.CoreELEC-Amlogic-no.aarch64-22/toolchain/bin/msgmerge
checking for dlfcn.h... (cached) yes
checking for objdir... (cached) .libs
checking for ld used by GCC... (cached) ld
checking if the linker (ld) is GNU ld... (cached) yes
checking for shared library run path origin... (cached) done
checking for CFPreferencesCopyAppValue... (cached) no
checking for CFLocaleCopyPreferredLanguages... (cached) no
checking whether to use NLS... no
checking whether NLS is requested... no
checking how to print strings... printf
checking for a sed that does not truncate output... (cached) /work/build.CoreELEC-Amlogic-no.aarch64-22/toolchain/bin/sed
checking for fgrep... (cached) /usr/bin/grep -F
checking for ld used by /work/build.CoreELEC-Amlogic-no.aarch64-22/toolchain/bin/host-gcc... (cached) ld
checking if the linker (ld) is GNU ld... (cached) yes
checking for BSD- or MS-compatible name lister (nm)... (cached) /usr/bin/nm --plugin /usr/libexec/gcc/x86_64-linux-gnu/14/liblto_plugin.so -B
checking the name lister (/usr/bin/nm --plugin /usr/libexec/gcc/x86_64-linux-gnu/14/liblto_plugin.so -B) interface... (cached) BSD nm
checking whether ln -s works... yes
checking the maximum length of command line arguments... (cached) 1572864
checking whether the shell understands some XSI constructs... yes
checking whether the shell understands "+="... no
checking for ld option to reload object files... (cached) -r
checking for x86_64-linux-gnu-objdump... (cached) objdump
checking how to recognize dependent libraries... (cached) pass_all
checking for clang... (cached) no
checking for x86_64-linux-gnu-llvm-config... no
checking for llvm-config... no
checking for x86_64-linux-gnu-ar... (cached) ar --plugin /usr/libexec/gcc/x86_64-linux-gnu/14/liblto_plugin.so
checking for -plugin option... checking if /work/build.CoreELEC-Amlogic-no.aarch64-22/toolchain/bin/host-gcc supports -fno-rtti -fno-exceptions... (cached) no
checking for /work/build.CoreELEC-Amlogic-no.aarch64-22/toolchain/bin/host-gcc option to produce PIC... -fPIC -DPIC
checking if /work/build.CoreELEC-Amlogic-no.aarch64-22/toolchain/bin/host-gcc PIC flag -fPIC -DPIC works... (cached) yes
checking if /work/build.CoreELEC-Amlogic-no.aarch64-22/toolchain/bin/host-gcc static flag -static works... (cached) yes
checking if /work/build.CoreELEC-Amlogic-no.aarch64-22/toolchain/bin/host-gcc supports -c -o file.o... (cached) yes
checking if /work/build.CoreELEC-Amlogic-no.aarch64-22/toolchain/bin/host-gcc supports -c -o file.o... (cached) yes
checking whether the /work/build.CoreELEC-Amlogic-no.aarch64-22/toolchain/bin/host-gcc linker (ld -m elf_x86_64) supports shared libraries... --plugin /usr/libexec/gcc/x86_64-linux-gnu/14/liblto_plugin.so
checking for x86_64-linux-gnu-ar... (cached) ar --plugin /usr/libexec/gcc/x86_64-linux-gnu/14/liblto_plugin.so
checking for x86_64-linux-gnu-strip... (cached) strip
checking for x86_64-linux-gnu-ranlib... (cached) ranlib --plugin /usr/libexec/gcc/x86_64-linux-gnu/14/liblto_plugin.so
checking command to parse /usr/bin/nm --plugin /usr/libexec/gcc/x86_64-linux-gnu/14/liblto_plugin.so -B output from /work/build.CoreELEC-Amlogic-no.aarch64-22/toolchain/bin/host-gcc object... (cached) ok
checking for dlfcn.h... (cached) yes
yes
checking whether -lc should be explicitly linked in... (cached) no
checking dynamic linker characteristics... checking for objdir... (cached) .libs
(cached) GNU/Linux ld.so
checking how to hardcode library paths into programs... immediate
checking whether stripping libraries is possible... yes
checking if libtool supports shared libraries... yes
checking whether to build shared libraries... yes
checking whether to build static libraries... yes
checking if /work/build.CoreELEC-Amlogic-no.aarch64-22/toolchain/bin/host-gcc supports -fno-rtti -fno-exceptions... (cached) no
checking for /work/build.CoreELEC-Amlogic-no.aarch64-22/toolchain/bin/host-gcc option to produce PIC... -fPIC -DPIC
checking if /work/build.CoreELEC-Amlogic-no.aarch64-22/toolchain/bin/host-gcc PIC flag -fPIC -DPIC works... (cached) yes
checking if /work/build.CoreELEC-Amlogic-no.aarch64-22/toolchain/bin/host-gcc static flag -static works... (cached) yes
checking if /work/build.CoreELEC-Amlogic-no.aarch64-22/toolchain/bin/host-gcc supports -c -o file.o... (cached) yes
checking if /work/build.CoreELEC-Amlogic-no.aarch64-22/toolchain/bin/host-gcc supports -c -o file.o... (cached) yes
checking whether the /work/build.CoreELEC-Amlogic-no.aarch64-22/toolchain/bin/host-gcc linker (ld -m elf_x86_64) supports shared libraries... yes
checking whether -lc should be explicitly linked in... (cached) no
checking dynamic linker characteristics... (cached) checking if /work/build.CoreELEC-Amlogic-no.aarch64-22/toolchain/bin/host-gcc supports -fno-rtti -fno-exceptions... (cached) no
checking for /work/build.CoreELEC-Amlogic-no.aarch64-22/toolchain/bin/host-gcc option to produce PIC... -fPIC -DPIC
checking if /work/build.CoreELEC-Amlogic-no.aarch64-22/toolchain/bin/host-gcc PIC flag -fPIC -DPIC works... (cached) yes
checking if /work/build.CoreELEC-Amlogic-no.aarch64-22/toolchain/bin/host-gcc static flag -static works... (cached) yes
checking if /work/build.CoreELEC-Amlogic-no.aarch64-22/toolchain/bin/host-gcc supports -c -o file.o... (cached) yes
checking if /work/build.CoreELEC-Amlogic-no.aarch64-22/toolchain/bin/host-gcc supports -c -o file.o... (cached) yes
checking whether the /work/build.CoreELEC-Amlogic-no.aarch64-22/toolchain/bin/host-gcc linker (ld -m elf_x86_64) supports shared libraries... GNU/Linux ld.so
checking how to hardcode library paths into programs... immediate
checking whether stripping libraries is possible... yes
checking if libtool supports shared libraries... yes
checking whether to build shared libraries... yes
checking whether to build static libraries... yes
checking how to run the C++ preprocessor... (cached) /work/build.CoreELEC-Amlogic-no.aarch64-22/toolchain/bin/host-g++ -E
yes
checking whether -lc should be explicitly linked in... (cached) no
checking dynamic linker characteristics... (cached) GNU/Linux ld.so
checking how to hardcode library paths into programs... immediate
checking whether stripping libraries is possible... yes
checking if libtool supports shared libraries... yes
checking whether to build shared libraries... yes
checking whether to build static libraries... yes
checking for special C compiler options needed for large files... (cached) no
checking for _FILE_OFFSET_BITS value needed for large files... (cached) no
configure: creating ./config.lt
Setting warning flags = -W -Wall -Wstrict-prototypes -Wmissing-prototypes -Wshadow -Wstack-usage=262144
checking whether to enable maintainer-specific portions of Makefiles... no
checking whether to install libbfd... yes
checking whether NLS is requested... no
checking for msgfmt... (cached) /work/build.CoreELEC-Amlogic-no.aarch64-22/toolchain/bin/msgfmt
checking for gmsgfmt... (cached) /work/build.CoreELEC-Amlogic-no.aarch64-22/toolchain/bin/msgfmt
checking for xgettext... (cached) /work/build.CoreELEC-Amlogic-no.aarch64-22/toolchain/bin/xgettext
checking for msgmerge... (cached) /work/build.CoreELEC-Amlogic-no.aarch64-22/toolchain/bin/msgmerge
checking for ld used by GCC... (cached) ld -m elf_x86_64
checking if the linker (ld -m elf_x86_64) is GNU ld... (cached) yes
checking for shared library run path origin... (cached) done
checking for CFPreferencesCopyAppValue... (cached) no
checking for CFLocaleCopyPreferredLanguages... (cached) no
checking whether to use NLS... no
checking whether NLS is requested... no
checking whether BFD is 64-bit... yes
checking whether basename is declared... (cached) yes
checking whether stpcpy is declared... (cached) yes
checking for sigsetjmp... 
checking linker --as-needed support... (cached) yes
checking for cos in -lm... (cached) yes
checking for ld used by /work/build.CoreELEC-Amlogic-no.aarch64-22/toolchain/bin/host-g++... (cached) ld -m elf_x86_64
checking if the linker (ld -m elf_x86_64) is GNU ld... (cached) yes
checking whether the /work/build.CoreELEC-Amlogic-no.aarch64-22/toolchain/bin/host-g++ linker (ld -m elf_x86_64) supports shared libraries... checking that generated files are newer than configure... yes
checking for /work/build.CoreELEC-Amlogic-no.aarch64-22/toolchain/bin/host-g++ option to produce PIC... -fPIC -DPIC
checking if /work/build.CoreELEC-Amlogic-no.aarch64-22/toolchain/bin/host-g++ PIC flag -fPIC -DPIC works... (cached) yes
checking if /work/build.CoreELEC-Amlogic-no.aarch64-22/toolchain/bin/host-g++ static flag -static works... (cached) yes
checking if /work/build.CoreELEC-Amlogic-no.aarch64-22/toolchain/bin/host-g++ supports -c -o file.o... (cached) yes
checking if /work/build.CoreELEC-Amlogic-no.aarch64-22/toolchain/bin/host-g++ supports -c -o file.o... (cached) yes
checking whether the /work/build.CoreELEC-Amlogic-no.aarch64-22/toolchain/bin/host-g++ linker (ld -m elf_x86_64) supports shared libraries... yes
checking dynamic linker characteristics... (cached) GNU/Linux ld.so
checking how to hardcode library paths into programs... immediate
checking for dlfcn.h... (cached) yes
checking for windows.h... (cached) no
checking for library containing dlsym... (cached) none required
checking for special C compiler options needed for large files... (cached) no
checking for _FILE_OFFSET_BITS value needed for large files... (cached) no
checking whether BFD is 64-bit... yes
config.lt: creating libtool
Setting warning flags = -W -Wall -Wstrict-prototypes -Wmissing-prototypes -Wshadow -Wstack-usage=262144
checking for LC_MESSAGES... (cached) yes
checking whether NLS is requested... no
checking for msgfmt... (cached) /work/build.CoreELEC-Amlogic-no.aarch64-22/toolchain/bin/msgfmt
checking for gmsgfmt... (cached) /work/build.CoreELEC-Amlogic-no.aarch64-22/toolchain/bin/msgfmt
checking for xgettext... (cached) /work/build.CoreELEC-Amlogic-no.aarch64-22/toolchain/bin/xgettext
checking for aclocal... (cached) ${SHELL} /work/build.CoreELEC-Amlogic-no.aarch64-22/build/binutils-2.47/missing aclocal-1.15
checking for autoconf... (cached) ${SHELL} /work/build.CoreELEC-Amlogic-no.aarch64-22/build/binutils-2.47/missing autoconf
checking for autoheader... (cached) ${SHELL} /work/build.CoreELEC-Amlogic-no.aarch64-22/build/binutils-2.47/missing autoheader
checking for msgmerge... (cached) /work/build.CoreELEC-Amlogic-no.aarch64-22/toolchain/bin/msgmerge
checking whether /work/build.CoreELEC-Amlogic-no.aarch64-22/toolchain/bin/host-gcc supports -W... (cached) yes
checking whether /work/build.CoreELEC-Amlogic-no.aarch64-22/toolchain/bin/host-gcc supports -Wall... (cached) yes
checking whether /work/build.CoreELEC-Amlogic-no.aarch64-22/toolchain/bin/host-gcc supports -Wnarrowing... (cached) yes
checking whether /work/build.CoreELEC-Amlogic-no.aarch64-22/toolchain/bin/host-gcc supports -Wwrite-strings... (cached) yes
checking for ld used by GCC... checking whether /work/build.CoreELEC-Amlogic-no.aarch64-22/toolchain/bin/host-gcc supports -Wmissing-format-attribute... (cached) yes
checking whether /work/build.CoreELEC-Amlogic-no.aarch64-22/toolchain/bin/host-gcc supports -Wstrict-prototypes... (cached) yes
(cached) ld -m elf_x86_64
checking if the linker (ld -m elf_x86_64) is GNU ld... (cached) yes
checking for shared library run path origin... (cached) done
checking whether /work/build.CoreELEC-Amlogic-no.aarch64-22/toolchain/bin/host-gcc supports -Wmissing-prototypes... (cached) yes
checking whether /work/build.CoreELEC-Amlogic-no.aarch64-22/toolchain/bin/host-gcc supports -Wold-style-definition... (cached) yes
checking for CFPreferencesCopyAppValue... (cached) no
checking for CFLocaleCopyPreferredLanguages... (cached) no
checking whether to use NLS... no
checking whether NLS is requested... no
checking for bison... (cached) bison -y
checking for flex... (cached) flex
checking whether /work/build.CoreELEC-Amlogic-no.aarch64-22/toolchain/bin/host-gcc supports -pedantic -Wlong-long... (cached) yes
checking whether to enable maintainer-specific portions of Makefiles... no
checking whether to install libbfd... yes
checking whether /work/build.CoreELEC-Amlogic-no.aarch64-22/toolchain/bin/host-gcc supports -Wall... (cached) yes
checking for stdlib.h... (cached) yes
checking lex output file root... (cached) lex.yy
checking lex library... (cached) none needed
checking whether yytext is a pointer... (cached) no
checking whether to enable maintainer-specific portions of Makefiles... no
checking how to compare bootstrapped objects... (cached) cmp --ignore-initial=16 $$f1 $$f2
checking for unistd.h... (cached) yes
checking for fcntl.h... (cached) yes
checking for sys/param.h... (cached) yes
checking for elf-hints.h... (cached) no
checking for getpagesize... (cached) yes
checking for limits.h... (cached) yes
checking for working mmap... (cached) yes
checking for library containing dlsym... (cached) none required
checking for ELF support in BFD... (cached) yes
checking whether byte ordering is bigendian... (cached) no
checking for inttypes.h... (cached) yes
checking for byteswap.h... (cached) yes
checking for stdint.h... (cached) yes
checking for endian.h... (cached) yes
checking for sys/file.h... (cached) yes
checking for valgrind/valgrind.h... (cached) no
checking for pread... (cached) yes
checking for sys/mman.h... (cached) yes
checking whether bswap_16 is declared... (cached) yes
checking for sys/param.h... (cached) yes
checking whether bswap_32 is declared... (cached) yes
checking for sys/stat.h... (cached) yes
checking whether bswap_64 is declared... (cached) yes
checking for sys/time.h... (cached) yes
checking whether asprintf is declared... (cached) yes
checking for sys/types.h... (cached) yes
checking whether vasprintf is declared... (cached) yes
checking whether stpcpy is declared... (cached) yes
checking for unistd.h... (cached) yes
checking for qsort_r... (cached) yes
checking for close... (cached) yes
checking for qsort_r signature... (cached) GNU
checking for O_CLOEXEC... (cached) yes
checking for makeinfo... (cached) makeinfo
checking for getrusage... (cached) yes
checking for glob... (cached) yes
checking for lseek... (cached) yes
checking for mkstemp... (cached) yes
checking for open... (cached) yes
checking for realpath... (cached) yes
checking for waitpid... (cached) yes
checking for mallinfo... (cached) yes
checking for mallinfo2... (cached) yes
checking whether environ is declared... (cached) yes
checking whether stpcpy is declared... (cached) yes
checking whether strtoull is declared... (cached) yes
checking for stdlib.h... (cached) yes
checking for unistd.h... (cached) yes
checking for sys/param.h... (cached) yes
checking for getpagesize... (cached) yes
checking for expect... no
checking for Tcl supporting try/catch... (cached) no
checking for linker versioning flags... (cached) -Wl,--version-script
checking for working mmap... (cached) yes
checking for library containing dlopen... (cached) none required
checking for a known getopt prototype in unistd.h... (cached) yes
checking whether to use xxhash... checking that generated files are newer than configure... no
checking for libzstd >= 1.4.0... yes
checking that generated files are newer than configure... done
configure: creating ./config.status
done
configure: creating ./config.status
done
configure: creating ./config.status
config.status: creating Makefile
config.status: creating po/Makefile.in
config.status: creating config.h
config.status: config.h is unchanged
config.status: executing depfiles commands
config.status: executing libtool commands
config.status: executing default-1 commands
config.status: creating po/POTFILES
config.status: creating po/Makefile
config.status: creating Makefile
config.status: creating po/Makefile.in
config.status: creating config.h
config.status: config.h is unchanged
config.status: executing depfiles commands
config.status: executing libtool commands
config.status: executing default-1 commands
config.status: executing default commands
config.status: creating Makefile
config.status: creating config.h
config.status: config.h is unchanged
config.status: executing depfiles commands
config.status: executing default-1 commands
config.status: executing libtool commands
make[1]: Leaving directory '/work/build.CoreELEC-Amlogic-no.aarch64-22/build/binutils-2.47/.x86_64-linux-gnu'
make[1]: Entering directory '/work/build.CoreELEC-Amlogic-no.aarch64-22/build/binutils-2.47/.x86_64-linux-gnu'
make[2]: Entering directory '/work/build.CoreELEC-Amlogic-no.aarch64-22/build/binutils-2.47/.x86_64-linux-gnu'
make[2]: Nothing to be done for 'all-target'.
make[3]: Entering directory '/work/build.CoreELEC-Amlogic-no.aarch64-22/build/binutils-2.47/.x86_64-linux-gnu/libiberty'
make[3]: Entering directory '/work/build.CoreELEC-Amlogic-no.aarch64-22/build/binutils-2.47/.x86_64-linux-gnu/etc'
make[3]: Nothing to be done for 'all'.
make[3]: Leaving directory '/work/build.CoreELEC-Amlogic-no.aarch64-22/build/binutils-2.47/.x86_64-linux-gnu/etc'
make[3]: Entering directory '/work/build.CoreELEC-Amlogic-no.aarch64-22/build/binutils-2.47/.x86_64-linux-gnu/libsframe'
make  all-am
make[4]: Entering directory '/work/build.CoreELEC-Amlogic-no.aarch64-22/build/binutils-2.47/.x86_64-linux-gnu/libiberty/testsuite'
make[3]: Entering directory '/work/build.CoreELEC-Amlogic-no.aarch64-22/build/binutils-2.47/.x86_64-linux-gnu/zlib'
make[4]: Nothing to be done for 'all'.
true "AR_FLAGS=rc" "CC_FOR_BUILD=/work/build.CoreELEC-Amlogic-no.aarch64-22/toolchain/bin/host-gcc" "CFLAGS=-g -O2    " "CXXFLAGS=-g -O2    " "CFLAGS_FOR_BUILD=-g -O2" "CFLAGS_FOR_TARGET=-g -O2" "INSTALL=/usr/bin/install -c" "INSTALL_DATA=/usr/bin/install -c -m 644" "INSTALL_PROGRAM=/usr/bin/install -c" "INSTALL_SCRIPT=/usr/bin/install -c" "LDFLAGS=" "LIBCFLAGS=-g -O2  " "LIBCFLAGS_FOR_TARGET=-g -O2" "MAKE=make" "MAKEINFO=true --split-size=5000000 --split-size=5000000 " "PICFLAG=-fPIC" "PICFLAG_FOR_TARGET=" "SHELL=/bin/dash" "EXPECT=expect" "RUNTEST=runtest" "RUNTESTFLAGS=" "exec_prefix=/work/build.CoreELEC-Amlogic-no.aarch64-22/toolchain" "infodir=/work/build.CoreELEC-Amlogic-no.aarch64-22/toolchain/share/info" "libdir=/work/build.CoreELEC-Amlogic-no.aarch64-22/toolchain/lib" "prefix=/work/build.CoreELEC-Amlogic-no.aarch64-22/toolchain" "tooldir=/work/build.CoreELEC-Amlogic-no.aarch64-22/toolchain/aarch64-libreelec-linux-gnu" "AR=ar --plugin /usr/libexec/gcc/x86_64-linux-gnu/14/liblto_plugin.so" "AS=as" "CC=/work/build.CoreELEC-Amlogic-no.aarch64-22/toolchain/bin/host-gcc" "CXX=/work/build.CoreELEC-Amlogic-no.aarch64-22/toolchain/bin/host-g++" "LD=ld" "LIBCFLAGS=-g -O2  " "NM=nm --plugin /usr/libexec/gcc/x86_64-linux-gnu/14/liblto_plugin.so" "PICFLAG=-fPIC" "RANLIB=ranlib --plugin /usr/libexec/gcc/x86_64-linux-gnu/14/liblto_plugin.so" "DESTDIR=" DO=all multi-do # make
make[4]: Leaving directory '/work/build.CoreELEC-Amlogic-no.aarch64-22/build/binutils-2.47/.x86_64-linux-gnu/libiberty/testsuite'
make[4]: Entering directory '/work/build.CoreELEC-Amlogic-no.aarch64-22/build/binutils-2.47/.x86_64-linux-gnu/libsframe'
make[3]: Leaving directory '/work/build.CoreELEC-Amlogic-no.aarch64-22/build/binutils-2.47/.x86_64-linux-gnu/zlib'
make[3]: Leaving directory '/work/build.CoreELEC-Amlogic-no.aarch64-22/build/binutils-2.47/.x86_64-linux-gnu/libiberty'
make[4]: Leaving directory '/work/build.CoreELEC-Amlogic-no.aarch64-22/build/binutils-2.47/.x86_64-linux-gnu/libsframe'
make[3]: Leaving directory '/work/build.CoreELEC-Amlogic-no.aarch64-22/build/binutils-2.47/.x86_64-linux-gnu/libsframe'
make[3]: Entering directory '/work/build.CoreELEC-Amlogic-no.aarch64-22/build/binutils-2.47/.x86_64-linux-gnu/bfd'
Making info in po
make[4]: Entering directory '/work/build.CoreELEC-Amlogic-no.aarch64-22/build/binutils-2.47/.x86_64-linux-gnu/bfd/po'
make[4]: Nothing to be done for 'info'.
make[4]: Leaving directory '/work/build.CoreELEC-Amlogic-no.aarch64-22/build/binutils-2.47/.x86_64-linux-gnu/bfd/po'
make[4]: Entering directory '/work/build.CoreELEC-Amlogic-no.aarch64-22/build/binutils-2.47/.x86_64-linux-gnu/bfd'
make[4]: Nothing to be done for 'info-am'.
make[4]: Leaving directory '/work/build.CoreELEC-Amlogic-no.aarch64-22/build/binutils-2.47/.x86_64-linux-gnu/bfd'
make  all-recursive
make[4]: Entering directory '/work/build.CoreELEC-Amlogic-no.aarch64-22/build/binutils-2.47/.x86_64-linux-gnu/bfd'
Making all in po
make[5]: Entering directory '/work/build.CoreELEC-Amlogic-no.aarch64-22/build/binutils-2.47/.x86_64-linux-gnu/bfd/po'
make[5]: Nothing to be done for 'all'.
make[5]: Leaving directory '/work/build.CoreELEC-Amlogic-no.aarch64-22/build/binutils-2.47/.x86_64-linux-gnu/bfd/po'
make[5]: Entering directory '/work/build.CoreELEC-Amlogic-no.aarch64-22/build/binutils-2.47/.x86_64-linux-gnu/bfd'
make[5]: Leaving directory '/work/build.CoreELEC-Amlogic-no.aarch64-22/build/binutils-2.47/.x86_64-linux-gnu/bfd'
make[4]: Leaving directory '/work/build.CoreELEC-Amlogic-no.aarch64-22/build/binutils-2.47/.x86_64-linux-gnu/bfd'
make[3]: Leaving directory '/work/build.CoreELEC-Amlogic-no.aarch64-22/build/binutils-2.47/.x86_64-linux-gnu/bfd'
make[3]: Entering directory '/work/build.CoreELEC-Amlogic-no.aarch64-22/build/binutils-2.47/.x86_64-linux-gnu/libctf'
make[3]: Entering directory '/work/build.CoreELEC-Amlogic-no.aarch64-22/build/binutils-2.47/.x86_64-linux-gnu/opcodes'
make  all-recursive
make  all-recursive
make[4]: Entering directory '/work/build.CoreELEC-Amlogic-no.aarch64-22/build/binutils-2.47/.x86_64-linux-gnu/libctf'
make[4]: Entering directory '/work/build.CoreELEC-Amlogic-no.aarch64-22/build/binutils-2.47/.x86_64-linux-gnu/opcodes'
Making all in .
make[5]: Entering directory '/work/build.CoreELEC-Amlogic-no.aarch64-22/build/binutils-2.47/.x86_64-linux-gnu/libctf'
  CCLD     libctf.la
make[5]: Entering directory '/work/build.CoreELEC-Amlogic-no.aarch64-22/build/binutils-2.47/.x86_64-linux-gnu/opcodes'
  CCLD     libopcodes.la
ar: `u' modifier ignored since `D' is the default (see `U')
ar: `u' modifier ignored since `D' is the default (see `U')
make[5]: Leaving directory '/work/build.CoreELEC-Amlogic-no.aarch64-22/build/binutils-2.47/.x86_64-linux-gnu/libctf'
make[4]: Leaving directory '/work/build.CoreELEC-Amlogic-no.aarch64-22/build/binutils-2.47/.x86_64-linux-gnu/libctf'
make[3]: Leaving directory '/work/build.CoreELEC-Amlogic-no.aarch64-22/build/binutils-2.47/.x86_64-linux-gnu/libctf'
libtooldir=`/bin/dash ./libtool --config | sed -n -e 's/^objdir=//p'`; \
if [ -f $libtooldir/libopcodes.a ]; then \
  cp $libtooldir/libopcodes.a libopcodes.tmp; \
  ranlib --plugin /usr/libexec/gcc/x86_64-linux-gnu/14/liblto_plugin.so libopcodes.tmp; \
  /bin/dash /work/build.CoreELEC-Amlogic-no.aarch64-22/build/binutils-2.47/opcodes/../move-if-change libopcodes.tmp libopcodes.a; \
else true; fi
touch stamp-lib
make[5]: Leaving directory '/work/build.CoreELEC-Amlogic-no.aarch64-22/build/binutils-2.47/.x86_64-linux-gnu/opcodes'
Making all in po
make[5]: Entering directory '/work/build.CoreELEC-Amlogic-no.aarch64-22/build/binutils-2.47/.x86_64-linux-gnu/opcodes/po'
make[5]: Nothing to be done for 'all'.
make[5]: Leaving directory '/work/build.CoreELEC-Amlogic-no.aarch64-22/build/binutils-2.47/.x86_64-linux-gnu/opcodes/po'
make[4]: Leaving directory '/work/build.CoreELEC-Amlogic-no.aarch64-22/build/binutils-2.47/.x86_64-linux-gnu/opcodes'
make[3]: Leaving directory '/work/build.CoreELEC-Amlogic-no.aarch64-22/build/binutils-2.47/.x86_64-linux-gnu/opcodes'
make[3]: Entering directory '/work/build.CoreELEC-Amlogic-no.aarch64-22/build/binutils-2.47/.x86_64-linux-gnu/gas'
make  all-recursive
make[4]: Entering directory '/work/build.CoreELEC-Amlogic-no.aarch64-22/build/binutils-2.47/.x86_64-linux-gnu/gas'
Making all in po
make[5]: Entering directory '/work/build.CoreELEC-Amlogic-no.aarch64-22/build/binutils-2.47/.x86_64-linux-gnu/gas/po'
make[5]: Nothing to be done for 'all'.
make[5]: Leaving directory '/work/build.CoreELEC-Amlogic-no.aarch64-22/build/binutils-2.47/.x86_64-linux-gnu/gas/po'
make[5]: Entering directory '/work/build.CoreELEC-Amlogic-no.aarch64-22/build/binutils-2.47/.x86_64-linux-gnu/gas'
  GEN      doc/asconfig.texi
  CC       app.o
  CC       as.o
  CC       atof-generic.o
  CC       codeview.o
  CC       cond.o
  CC       depend.o
  CC       dwarf2dbg.o
  CC       dw2gencfi.o
  CC       ecoff.o
  CC       ehopt.o
  CC       expr.o
  CC       flonum-copy.o
  CC       frags.o
  CC       gen-sframe.o
  CC       ginsn.o
  CC       hash.o
  CC       input-file.o
  CC       input-scrub.o
  CC       listing.o
  CC       literal.o
  CC       macro.o
  CC       messages.o
  CC       output-file.o
  CC       read.o
  CC       remap.o
  CC       sb.o
  CC       scfidw2gen.o
  CC       scfi.o
  CC       sframe-opt.o
  CC       stabs.o
  CC       subsegs.o
  CC       symbols.o
  CC       write.o
  CC       config/tc-aarch64.o
  CC       config/obj-elf.o
  CC       config/atof-ieee.o
  CC       config/obj-elf-attr.o
  CCLD     as-new
make[5]: Leaving directory '/work/build.CoreELEC-Amlogic-no.aarch64-22/build/binutils-2.47/.x86_64-linux-gnu/gas'
make[4]: Leaving directory '/work/build.CoreELEC-Amlogic-no.aarch64-22/build/binutils-2.47/.x86_64-linux-gnu/gas'
make[3]: Leaving directory '/work/build.CoreELEC-Amlogic-no.aarch64-22/build/binutils-2.47/.x86_64-linux-gnu/gas'
make[3]: Entering directory '/work/build.CoreELEC-Amlogic-no.aarch64-22/build/binutils-2.47/.x86_64-linux-gnu/gprofng'
make jdk_inc="" LD_NO_AS_NEEDED="-Wl,--no-as-needed" GPROFNG_CFLAGS="-Wall" GPROFNG_CPPFLAGS="-U_ASM" NOLTO_CFLAGS="-fno-lto" all-recursive
make[4]: Entering directory '/work/build.CoreELEC-Amlogic-no.aarch64-22/build/binutils-2.47/.x86_64-linux-gnu/gprofng'
Making all in libcollector
make[3]: Entering directory '/work/build.CoreELEC-Amlogic-no.aarch64-22/build/binutils-2.47/.x86_64-linux-gnu/gprof'
make  all-recursive
make[3]: Entering directory '/work/build.CoreELEC-Amlogic-no.aarch64-22/build/binutils-2.47/.x86_64-linux-gnu/binutils'
make[5]: Entering directory '/work/build.CoreELEC-Amlogic-no.aarch64-22/build/binutils-2.47/.x86_64-linux-gnu/gprofng/libcollector'
make  all-am
Making info in po
make[4]: Entering directory '/work/build.CoreELEC-Amlogic-no.aarch64-22/build/binutils-2.47/.x86_64-linux-gnu/gprof'
make[4]: Entering directory '/work/build.CoreELEC-Amlogic-no.aarch64-22/build/binutils-2.47/.x86_64-linux-gnu/binutils/po'
make[4]: Nothing to be done for 'info'.
make[4]: Leaving directory '/work/build.CoreELEC-Amlogic-no.aarch64-22/build/binutils-2.47/.x86_64-linux-gnu/binutils/po'
Making all in po
make[5]: Entering directory '/work/build.CoreELEC-Amlogic-no.aarch64-22/build/binutils-2.47/.x86_64-linux-gnu/gprof/po'
make[5]: Nothing to be done for 'all'.
make[5]: Leaving directory '/work/build.CoreELEC-Amlogic-no.aarch64-22/build/binutils-2.47/.x86_64-linux-gnu/gprof/po'
Making all in testsuite
make[5]: Entering directory '/work/build.CoreELEC-Amlogic-no.aarch64-22/build/binutils-2.47/.x86_64-linux-gnu/gprof/testsuite'
make[5]: Nothing to be done for 'all'.
make[5]: Leaving directory '/work/build.CoreELEC-Amlogic-no.aarch64-22/build/binutils-2.47/.x86_64-linux-gnu/gprof/testsuite'
make[3]: Entering directory '/work/build.CoreELEC-Amlogic-no.aarch64-22/build/binutils-2.47/.x86_64-linux-gnu/gold'
make  all-recursive
make[4]: Entering directory '/work/build.CoreELEC-Amlogic-no.aarch64-22/build/binutils-2.47/.x86_64-linux-gnu/binutils'
  GEN      doc/c++filt.1
make[4]: Leaving directory '/work/build.CoreELEC-Amlogic-no.aarch64-22/build/binutils-2.47/.x86_64-linux-gnu/binutils'
make  all-recursive
make[5]: Entering directory '/work/build.CoreELEC-Amlogic-no.aarch64-22/build/binutils-2.47/.x86_64-linux-gnu/gprof'
make[6]: Entering directory '/work/build.CoreELEC-Amlogic-no.aarch64-22/build/binutils-2.47/.x86_64-linux-gnu/gprofng/libcollector'
make[6]: Leaving directory '/work/build.CoreELEC-Amlogic-no.aarch64-22/build/binutils-2.47/.x86_64-linux-gnu/gprofng/libcollector'
make[5]: Leaving directory '/work/build.CoreELEC-Amlogic-no.aarch64-22/build/binutils-2.47/.x86_64-linux-gnu/gprofng/libcollector'
Making all in src
  CCLD     gprof
make[4]: Entering directory '/work/build.CoreELEC-Amlogic-no.aarch64-22/build/binutils-2.47/.x86_64-linux-gnu/binutils'
Making all in po
make[5]: Entering directory '/work/build.CoreELEC-Amlogic-no.aarch64-22/build/binutils-2.47/.x86_64-linux-gnu/binutils/po'
make[5]: Nothing to be done for 'all'.
make[5]: Leaving directory '/work/build.CoreELEC-Amlogic-no.aarch64-22/build/binutils-2.47/.x86_64-linux-gnu/binutils/po'
make[4]: Entering directory '/work/build.CoreELEC-Amlogic-no.aarch64-22/build/binutils-2.47/.x86_64-linux-gnu/gold'
Making all in po
make[5]: Entering directory '/work/build.CoreELEC-Amlogic-no.aarch64-22/build/binutils-2.47/.x86_64-linux-gnu/gold/po'
make[5]: Nothing to be done for 'all'.
make[5]: Leaving directory '/work/build.CoreELEC-Amlogic-no.aarch64-22/build/binutils-2.47/.x86_64-linux-gnu/gold/po'
Making all in testsuite
make[5]: Entering directory '/work/build.CoreELEC-Amlogic-no.aarch64-22/build/binutils-2.47/.x86_64-linux-gnu/gprofng/src'
make  all-am
make[5]: Entering directory '/work/build.CoreELEC-Amlogic-no.aarch64-22/build/binutils-2.47/.x86_64-linux-gnu/gold/testsuite'
Makefile:4047: warning: overriding recipe for target 'incremental_comdat_test_1'
Makefile:4039: warning: ignoring old recipe for target 'incremental_comdat_test_1'
Makefile:4059: warning: overriding recipe for target 'incremental_common_test_1'
Makefile:4051: warning: ignoring old recipe for target 'incremental_common_test_1'
Makefile:4071: warning: overriding recipe for target 'incremental_copy_test'
Makefile:4063: warning: ignoring old recipe for target 'incremental_copy_test'
Makefile:4083: warning: overriding recipe for target 'incremental_test_2'
Makefile:4075: warning: ignoring old recipe for target 'incremental_test_2'
Makefile:4095: warning: overriding recipe for target 'incremental_test_3'
Makefile:4087: warning: ignoring old recipe for target 'incremental_test_3'
Makefile:4107: warning: overriding recipe for target 'incremental_test_4'
Makefile:4099: warning: ignoring old recipe for target 'incremental_test_4'
Makefile:4119: warning: overriding recipe for target 'incremental_test_5'
Makefile:4111: warning: ignoring old recipe for target 'incremental_test_5'
Makefile:4131: warning: overriding recipe for target 'incremental_test_6'
Makefile:4123: warning: ignoring old recipe for target 'incremental_test_6'
Makefile:4399: warning: overriding recipe for target 'pr17704a_test'
Makefile:4391: warning: ignoring old recipe for target 'pr17704a_test'
make[5]: Entering directory '/work/build.CoreELEC-Amlogic-no.aarch64-22/build/binutils-2.47/.x86_64-linux-gnu/binutils'
make  all-am
make[6]: Entering directory '/work/build.CoreELEC-Amlogic-no.aarch64-22/build/binutils-2.47/.x86_64-linux-gnu/gold/testsuite'
Makefile:4047: warning: overriding recipe for target 'incremental_comdat_test_1'
Makefile:4039: warning: ignoring old recipe for target 'incremental_comdat_test_1'
Makefile:4059: warning: overriding recipe for target 'incremental_common_test_1'
Makefile:4051: warning: ignoring old recipe for target 'incremental_common_test_1'
Makefile:4071: warning: overriding recipe for target 'incremental_copy_test'
Makefile:4063: warning: ignoring old recipe for target 'incremental_copy_test'
Makefile:4083: warning: overriding recipe for target 'incremental_test_2'
Makefile:4075: warning: ignoring old recipe for target 'incremental_test_2'
Makefile:4095: warning: overriding recipe for target 'incremental_test_3'
Makefile:4087: warning: ignoring old recipe for target 'incremental_test_3'
Makefile:4107: warning: overriding recipe for target 'incremental_test_4'
Makefile:4099: warning: ignoring old recipe for target 'incremental_test_4'
Makefile:4119: warning: overriding recipe for target 'incremental_test_5'
Makefile:4111: warning: ignoring old recipe for target 'incremental_test_5'
Makefile:4131: warning: overriding recipe for target 'incremental_test_6'
Makefile:4123: warning: ignoring old recipe for target 'incremental_test_6'
Makefile:4399: warning: overriding recipe for target 'pr17704a_test'
Makefile:4391: warning: ignoring old recipe for target 'pr17704a_test'
  CCLD     testsuite/gentestdlls
  CCLD     size
make[6]: Nothing to be done for 'all-am'.
make[6]: Leaving directory '/work/build.CoreELEC-Amlogic-no.aarch64-22/build/binutils-2.47/.x86_64-linux-gnu/gold/testsuite'
make[5]: Leaving directory '/work/build.CoreELEC-Amlogic-no.aarch64-22/build/binutils-2.47/.x86_64-linux-gnu/gold/testsuite'
  CCLD     objdump
  CCLD     ar
  CCLD     strings
  CCLD     ranlib
  CCLD     objcopy
  CCLD     addr2line
  CCLD     readelf
  CCLD     nm-new
  CCLD     strip-new
  CCLD     cxxfilt
  CCLD     bfdtest1
  CCLD     bfdtest2
make[6]: Entering directory '/work/build.CoreELEC-Amlogic-no.aarch64-22/build/binutils-2.47/.x86_64-linux-gnu/gprofng/src'
depbase=`echo DbeSession.lo | sed 's|[^/]*$|.deps/&|;s|\.lo$||'`;\
/bin/dash ../libtool  --tag=CXX   --mode=compile /work/build.CoreELEC-Amlogic-no.aarch64-22/toolchain/bin/host-g++ -DHAVE_CONFIG_H -I. -I/work/build.CoreELEC-Amlogic-no.aarch64-22/build/binutils-2.47/gprofng/src -I..  -U_ASM -DLOCALEDIR=\"/work/build.CoreELEC-Amlogic-no.aarch64-22/toolchain/share/locale\" -DSYSCONFDIR=\"/work/build.CoreELEC-Amlogic-no.aarch64-22/toolchain/etc\" -DLIBDIR=\"/work/build.CoreELEC-Amlogic-no.aarch64-22/toolchain/lib\" -I.. -I/work/build.CoreELEC-Amlogic-no.aarch64-22/build/binutils-2.47/gprofng/src -I/work/build.CoreELEC-Amlogic-no.aarch64-22/build/binutils-2.47/gprofng/src/../common -I/work/build.CoreELEC-Amlogic-no.aarch64-22/build/binutils-2.47/gprofng/src/../../include -I/work/build.CoreELEC-Amlogic-no.aarch64-22/build/binutils-2.47/gprofng/src/../../opcodes -I../../bfd -I/work/build.CoreELEC-Amlogic-no.aarch64-22/build/binutils-2.47/gprofng/src/../../bfd -I/work/build.CoreELEC-Amlogic-no.aarch64-22/build/binutils-2.47/gprofng/../zlib  -Wall -pthread -Wno-switch -fno-lto -g -O2     -MT DbeSession.lo -MD -MP -MF $depbase.Tpo -c -o DbeSession.lo /work/build.CoreELEC-Amlogic-no.aarch64-22/build/binutils-2.47/gprofng/src/DbeSession.cc &&\
mv -f $depbase.Tpo $depbase.Plo
depbase=`echo Experiment.lo | sed 's|[^/]*$|.deps/&|;s|\.lo$||'`;\
/bin/dash ../libtool  --tag=CXX   --mode=compile /work/build.CoreELEC-Amlogic-no.aarch64-22/toolchain/bin/host-g++ -DHAVE_CONFIG_H -I. -I/work/build.CoreELEC-Amlogic-no.aarch64-22/build/binutils-2.47/gprofng/src -I..  -U_ASM -DLOCALEDIR=\"/work/build.CoreELEC-Amlogic-no.aarch64-22/toolchain/share/locale\" -DSYSCONFDIR=\"/work/build.CoreELEC-Amlogic-no.aarch64-22/toolchain/etc\" -DLIBDIR=\"/work/build.CoreELEC-Amlogic-no.aarch64-22/toolchain/lib\" -I.. -I/work/build.CoreELEC-Amlogic-no.aarch64-22/build/binutils-2.47/gprofng/src -I/work/build.CoreELEC-Amlogic-no.aarch64-22/build/binutils-2.47/gprofng/src/../common -I/work/build.CoreELEC-Amlogic-no.aarch64-22/build/binutils-2.47/gprofng/src/../../include -I/work/build.CoreELEC-Amlogic-no.aarch64-22/build/binutils-2.47/gprofng/src/../../opcodes -I../../bfd -I/work/build.CoreELEC-Amlogic-no.aarch64-22/build/binutils-2.47/gprofng/src/../../bfd -I/work/build.CoreELEC-Amlogic-no.aarch64-22/build/binutils-2.47/gprofng/../zlib  -Wall -pthread -Wno-switch -fno-lto -g -O2     -MT Experiment.lo -MD -MP -MF $depbase.Tpo -c -o Experiment.lo /work/build.CoreELEC-Amlogic-no.aarch64-22/build/binutils-2.47/gprofng/src/Experiment.cc &&\
mv -f $depbase.Tpo $depbase.Plo
depbase=`echo Module.lo | sed 's|[^/]*$|.deps/&|;s|\.lo$||'`;\
/bin/dash ../libtool  --tag=CXX   --mode=compile /work/build.CoreELEC-Amlogic-no.aarch64-22/toolchain/bin/host-g++ -DHAVE_CONFIG_H -I. -I/work/build.CoreELEC-Amlogic-no.aarch64-22/build/binutils-2.47/gprofng/src -I..  -U_ASM -DLOCALEDIR=\"/work/build.CoreELEC-Amlogic-no.aarch64-22/toolchain/share/locale\" -DSYSCONFDIR=\"/work/build.CoreELEC-Amlogic-no.aarch64-22/toolchain/etc\" -DLIBDIR=\"/work/build.CoreELEC-Amlogic-no.aarch64-22/toolchain/lib\" -I.. -I/work/build.CoreELEC-Amlogic-no.aarch64-22/build/binutils-2.47/gprofng/src -I/work/build.CoreELEC-Amlogic-no.aarch64-22/build/binutils-2.47/gprofng/src/../common -I/work/build.CoreELEC-Amlogic-no.aarch64-22/build/binutils-2.47/gprofng/src/../../include -I/work/build.CoreELEC-Amlogic-no.aarch64-22/build/binutils-2.47/gprofng/src/../../opcodes -I../../bfd -I/work/build.CoreELEC-Amlogic-no.aarch64-22/build/binutils-2.47/gprofng/src/../../bfd -I/work/build.CoreELEC-Amlogic-no.aarch64-22/build/binutils-2.47/gprofng/../zlib  -Wall -pthread -Wno-switch -fno-lto -g -O2     -MT Module.lo -MD -MP -MF $depbase.Tpo -c -o Module.lo /work/build.CoreELEC-Amlogic-no.aarch64-22/build/binutils-2.47/gprofng/src/Module.cc &&\
mv -f $depbase.Tpo $depbase.Plo
depbase=`echo PathTree.lo | sed 's|[^/]*$|.deps/&|;s|\.lo$||'`;\
/bin/dash ../libtool  --tag=CXX   --mode=compile /work/build.CoreELEC-Amlogic-no.aarch64-22/toolchain/bin/host-g++ -DHAVE_CONFIG_H -I. -I/work/build.CoreELEC-Amlogic-no.aarch64-22/build/binutils-2.47/gprofng/src -I..  -U_ASM -DLOCALEDIR=\"/work/build.CoreELEC-Amlogic-no.aarch64-22/toolchain/share/locale\" -DSYSCONFDIR=\"/work/build.CoreELEC-Amlogic-no.aarch64-22/toolchain/etc\" -DLIBDIR=\"/work/build.CoreELEC-Amlogic-no.aarch64-22/toolchain/lib\" -I.. -I/work/build.CoreELEC-Amlogic-no.aarch64-22/build/binutils-2.47/gprofng/src -I/work/build.CoreELEC-Amlogic-no.aarch64-22/build/binutils-2.47/gprofng/src/../common -I/work/build.CoreELEC-Amlogic-no.aarch64-22/build/binutils-2.47/gprofng/src/../../include -I/work/build.CoreELEC-Amlogic-no.aarch64-22/build/binutils-2.47/gprofng/src/../../opcodes -I../../bfd -I/work/build.CoreELEC-Amlogic-no.aarch64-22/build/binutils-2.47/gprofng/src/../../bfd -I/work/build.CoreELEC-Amlogic-no.aarch64-22/build/binutils-2.47/gprofng/../zlib  -Wall -pthread -Wno-switch -fno-lto -g -O2     -MT PathTree.lo -MD -MP -MF $depbase.Tpo -c -o PathTree.lo /work/build.CoreELEC-Amlogic-no.aarch64-22/build/binutils-2.47/gprofng/src/PathTree.cc &&\
mv -f $depbase.Tpo $depbase.Plo
depbase=`echo Print.lo | sed 's|[^/]*$|.deps/&|;s|\.lo$||'`;\
/bin/dash ../libtool  --tag=CXX   --mode=compile /work/build.CoreELEC-Amlogic-no.aarch64-22/toolchain/bin/host-g++ -DHAVE_CONFIG_H -I. -I/work/build.CoreELEC-Amlogic-no.aarch64-22/build/binutils-2.47/gprofng/src -I..  -U_ASM -DLOCALEDIR=\"/work/build.CoreELEC-Amlogic-no.aarch64-22/toolchain/share/locale\" -DSYSCONFDIR=\"/work/build.CoreELEC-Amlogic-no.aarch64-22/toolchain/etc\" -DLIBDIR=\"/work/build.CoreELEC-Amlogic-no.aarch64-22/toolchain/lib\" -I.. -I/work/build.CoreELEC-Amlogic-no.aarch64-22/build/binutils-2.47/gprofng/src -I/work/build.CoreELEC-Amlogic-no.aarch64-22/build/binutils-2.47/gprofng/src/../common -I/work/build.CoreELEC-Amlogic-no.aarch64-22/build/binutils-2.47/gprofng/src/../../include -I/work/build.CoreELEC-Amlogic-no.aarch64-22/build/binutils-2.47/gprofng/src/../../opcodes -I../../bfd -I/work/build.CoreELEC-Amlogic-no.aarch64-22/build/binutils-2.47/gprofng/src/../../bfd -I/work/build.CoreELEC-Amlogic-no.aarch64-22/build/binutils-2.47/gprofng/../zlib  -Wall -pthread -Wno-switch -fno-lto -g -O2     -MT Print.lo -MD -MP -MF $depbase.Tpo -c -o Print.lo /work/build.CoreELEC-Amlogic-no.aarch64-22/build/binutils-2.47/gprofng/src/Print.cc &&\
mv -f $depbase.Tpo $depbase.Plo
depbase=`echo Settings.lo | sed 's|[^/]*$|.deps/&|;s|\.lo$||'`;\
/bin/dash ../libtool  --tag=CXX   --mode=compile /work/build.CoreELEC-Amlogic-no.aarch64-22/toolchain/bin/host-g++ -DHAVE_CONFIG_H -I. -I/work/build.CoreELEC-Amlogic-no.aarch64-22/build/binutils-2.47/gprofng/src -I..  -U_ASM -DLOCALEDIR=\"/work/build.CoreELEC-Amlogic-no.aarch64-22/toolchain/share/locale\" -DSYSCONFDIR=\"/work/build.CoreELEC-Amlogic-no.aarch64-22/toolchain/etc\" -DLIBDIR=\"/work/build.CoreELEC-Amlogic-no.aarch64-22/toolchain/lib\" -I.. -I/work/build.CoreELEC-Amlogic-no.aarch64-22/build/binutils-2.47/gprofng/src -I/work/build.CoreELEC-Amlogic-no.aarch64-22/build/binutils-2.47/gprofng/src/../common -I/work/build.CoreELEC-Amlogic-no.aarch64-22/build/binutils-2.47/gprofng/src/../../include -I/work/build.CoreELEC-Amlogic-no.aarch64-22/build/binutils-2.47/gprofng/src/../../opcodes -I../../bfd -I/work/build.CoreELEC-Amlogic-no.aarch64-22/build/binutils-2.47/gprofng/src/../../bfd -I/work/build.CoreELEC-Amlogic-no.aarch64-22/build/binutils-2.47/gprofng/../zlib  -Wall -pthread -Wno-switch -fno-lto -g -O2     -MT Settings.lo -MD -MP -MF $depbase.Tpo -c -o Settings.lo /work/build.CoreELEC-Amlogic-no.aarch64-22/build/binutils-2.47/gprofng/src/Settings.cc &&\
mv -f $depbase.Tpo $depbase.Plo
depbase=`echo SourceFile.lo | sed 's|[^/]*$|.deps/&|;s|\.lo$||'`;\
/bin/dash ../libtool  --tag=CXX   --mode=compile /work/build.CoreELEC-Amlogic-no.aarch64-22/toolchain/bin/host-g++ -DHAVE_CONFIG_H -I. -I/work/build.CoreELEC-Amlogic-no.aarch64-22/build/binutils-2.47/gprofng/src -I..  -U_ASM -DLOCALEDIR=\"/work/build.CoreELEC-Amlogic-no.aarch64-22/toolchain/share/locale\" -DSYSCONFDIR=\"/work/build.CoreELEC-Amlogic-no.aarch64-22/toolchain/etc\" -DLIBDIR=\"/work/build.CoreELEC-Amlogic-no.aarch64-22/toolchain/lib\" -I.. -I/work/build.CoreELEC-Amlogic-no.aarch64-22/build/binutils-2.47/gprofng/src -I/work/build.CoreELEC-Amlogic-no.aarch64-22/build/binutils-2.47/gprofng/src/../common -I/work/build.CoreELEC-Amlogic-no.aarch64-22/build/binutils-2.47/gprofng/src/../../include -I/work/build.CoreELEC-Amlogic-no.aarch64-22/build/binutils-2.47/gprofng/src/../../opcodes -I../../bfd -I/work/build.CoreELEC-Amlogic-no.aarch64-22/build/binutils-2.47/gprofng/src/../../bfd -I/work/build.CoreELEC-Amlogic-no.aarch64-22/build/binutils-2.47/gprofng/../zlib  -Wall -pthread -Wno-switch -fno-lto -g -O2     -MT SourceFile.lo -MD -MP -MF $depbase.Tpo -c -o SourceFile.lo /work/build.CoreELEC-Amlogic-no.aarch64-22/build/binutils-2.47/gprofng/src/SourceFile.cc &&\
mv -f $depbase.Tpo $depbase.Plo
depbase=`echo Stabs.lo | sed 's|[^/]*$|.deps/&|;s|\.lo$||'`;\
/bin/dash ../libtool  --tag=CXX   --mode=compile /work/build.CoreELEC-Amlogic-no.aarch64-22/toolchain/bin/host-g++ -DHAVE_CONFIG_H -I. -I/work/build.CoreELEC-Amlogic-no.aarch64-22/build/binutils-2.47/gprofng/src -I..  -U_ASM -DLOCALEDIR=\"/work/build.CoreELEC-Amlogic-no.aarch64-22/toolchain/share/locale\" -DSYSCONFDIR=\"/work/build.CoreELEC-Amlogic-no.aarch64-22/toolchain/etc\" -DLIBDIR=\"/work/build.CoreELEC-Amlogic-no.aarch64-22/toolchain/lib\" -I.. -I/work/build.CoreELEC-Amlogic-no.aarch64-22/build/binutils-2.47/gprofng/src -I/work/build.CoreELEC-Amlogic-no.aarch64-22/build/binutils-2.47/gprofng/src/../common -I/work/build.CoreELEC-Amlogic-no.aarch64-22/build/binutils-2.47/gprofng/src/../../include -I/work/build.CoreELEC-Amlogic-no.aarch64-22/build/binutils-2.47/gprofng/src/../../opcodes -I../../bfd -I/work/build.CoreELEC-Amlogic-no.aarch64-22/build/binutils-2.47/gprofng/src/../../bfd -I/work/build.CoreELEC-Amlogic-no.aarch64-22/build/binutils-2.47/gprofng/../zlib  -Wall -pthread -Wno-switch -fno-lto -g -O2     -MT Stabs.lo -MD -MP -MF $depbase.Tpo -c -o Stabs.lo /work/build.CoreELEC-Amlogic-no.aarch64-22/build/binutils-2.47/gprofng/src/Stabs.cc &&\
mv -f $depbase.Tpo $depbase.Plo
depbase=`echo Table.lo | sed 's|[^/]*$|.deps/&|;s|\.lo$||'`;\
/bin/dash ../libtool  --tag=CXX   --mode=compile /work/build.CoreELEC-Amlogic-no.aarch64-22/toolchain/bin/host-g++ -DHAVE_CONFIG_H -I. -I/work/build.CoreELEC-Amlogic-no.aarch64-22/build/binutils-2.47/gprofng/src -I..  -U_ASM -DLOCALEDIR=\"/work/build.CoreELEC-Amlogic-no.aarch64-22/toolchain/share/locale\" -DSYSCONFDIR=\"/work/build.CoreELEC-Amlogic-no.aarch64-22/toolchain/etc\" -DLIBDIR=\"/work/build.CoreELEC-Amlogic-no.aarch64-22/toolchain/lib\" -I.. -I/work/build.CoreELEC-Amlogic-no.aarch64-22/build/binutils-2.47/gprofng/src -I/work/build.CoreELEC-Amlogic-no.aarch64-22/build/binutils-2.47/gprofng/src/../common -I/work/build.CoreELEC-Amlogic-no.aarch64-22/build/binutils-2.47/gprofng/src/../../include -I/work/build.CoreELEC-Amlogic-no.aarch64-22/build/binutils-2.47/gprofng/src/../../opcodes -I../../bfd -I/work/build.CoreELEC-Amlogic-no.aarch64-22/build/binutils-2.47/gprofng/src/../../bfd -I/work/build.CoreELEC-Amlogic-no.aarch64-22/build/binutils-2.47/gprofng/../zlib  -Wall -pthread -Wno-switch -fno-lto -g -O2     -MT Table.lo -MD -MP -MF $depbase.Tpo -c -o Table.lo /work/build.CoreELEC-Amlogic-no.aarch64-22/build/binutils-2.47/gprofng/src/Table.cc &&\
mv -f $depbase.Tpo $depbase.Plo
depbase=`echo QLParser.tab.lo | sed 's|[^/]*$|.deps/&|;s|\.lo$||'`;\
/bin/dash ../libtool  --tag=CXX   --mode=compile /work/build.CoreELEC-Amlogic-no.aarch64-22/toolchain/bin/host-g++ -DHAVE_CONFIG_H -I. -I/work/build.CoreELEC-Amlogic-no.aarch64-22/build/binutils-2.47/gprofng/src -I..  -U_ASM -DLOCALEDIR=\"/work/build.CoreELEC-Amlogic-no.aarch64-22/toolchain/share/locale\" -DSYSCONFDIR=\"/work/build.CoreELEC-Amlogic-no.aarch64-22/toolchain/etc\" -DLIBDIR=\"/work/build.CoreELEC-Amlogic-no.aarch64-22/toolchain/lib\" -I.. -I/work/build.CoreELEC-Amlogic-no.aarch64-22/build/binutils-2.47/gprofng/src -I/work/build.CoreELEC-Amlogic-no.aarch64-22/build/binutils-2.47/gprofng/src/../common -I/work/build.CoreELEC-Amlogic-no.aarch64-22/build/binutils-2.47/gprofng/src/../../include -I/work/build.CoreELEC-Amlogic-no.aarch64-22/build/binutils-2.47/gprofng/src/../../opcodes -I../../bfd -I/work/build.CoreELEC-Amlogic-no.aarch64-22/build/binutils-2.47/gprofng/src/../../bfd -I/work/build.CoreELEC-Amlogic-no.aarch64-22/build/binutils-2.47/gprofng/../zlib  -Wall -pthread -Wno-switch -fno-lto -g -O2     -MT QLParser.tab.lo -MD -MP -MF $depbase.Tpo -c -o QLParser.tab.lo /work/build.CoreELEC-Amlogic-no.aarch64-22/build/binutils-2.47/gprofng/src/QLParser.tab.cc &&\
mv -f $depbase.Tpo $depbase.Plo
depbase=`echo dbe_collctrl.lo | sed 's|[^/]*$|.deps/&|;s|\.lo$||'`;\
/bin/dash ../libtool  --tag=CXX   --mode=compile /work/build.CoreELEC-Amlogic-no.aarch64-22/toolchain/bin/host-g++ -DHAVE_CONFIG_H -I. -I/work/build.CoreELEC-Amlogic-no.aarch64-22/build/binutils-2.47/gprofng/src -I..  -U_ASM -DLOCALEDIR=\"/work/build.CoreELEC-Amlogic-no.aarch64-22/toolchain/share/locale\" -DSYSCONFDIR=\"/work/build.CoreELEC-Amlogic-no.aarch64-22/toolchain/etc\" -DLIBDIR=\"/work/build.CoreELEC-Amlogic-no.aarch64-22/toolchain/lib\" -I.. -I/work/build.CoreELEC-Amlogic-no.aarch64-22/build/binutils-2.47/gprofng/src -I/work/build.CoreELEC-Amlogic-no.aarch64-22/build/binutils-2.47/gprofng/src/../common -I/work/build.CoreELEC-Amlogic-no.aarch64-22/build/binutils-2.47/gprofng/src/../../include -I/work/build.CoreELEC-Amlogic-no.aarch64-22/build/binutils-2.47/gprofng/src/../../opcodes -I../../bfd -I/work/build.CoreELEC-Amlogic-no.aarch64-22/build/binutils-2.47/gprofng/src/../../bfd -I/work/build.CoreELEC-Amlogic-no.aarch64-22/build/binutils-2.47/gprofng/../zlib  -Wall -pthread -Wno-switch -fno-lto -g -O2     -MT dbe_collctrl.lo -MD -MP -MF $depbase.Tpo -c -o dbe_collctrl.lo /work/build.CoreELEC-Amlogic-no.aarch64-22/build/binutils-2.47/gprofng/src/dbe_collctrl.cc &&\
mv -f $depbase.Tpo $depbase.Plo
depbase=`echo parse.lo | sed 's|[^/]*$|.deps/&|;s|\.lo$||'`;\
/bin/dash ../libtool  --tag=CXX   --mode=compile /work/build.CoreELEC-Amlogic-no.aarch64-22/toolchain/bin/host-g++ -DHAVE_CONFIG_H -I. -I/work/build.CoreELEC-Amlogic-no.aarch64-22/build/binutils-2.47/gprofng/src -I..  -U_ASM -DLOCALEDIR=\"/work/build.CoreELEC-Amlogic-no.aarch64-22/toolchain/share/locale\" -DSYSCONFDIR=\"/work/build.CoreELEC-Amlogic-no.aarch64-22/toolchain/etc\" -DLIBDIR=\"/work/build.CoreELEC-Amlogic-no.aarch64-22/toolchain/lib\" -I.. -I/work/build.CoreELEC-Amlogic-no.aarch64-22/build/binutils-2.47/gprofng/src -I/work/build.CoreELEC-Amlogic-no.aarch64-22/build/binutils-2.47/gprofng/src/../common -I/work/build.CoreELEC-Amlogic-no.aarch64-22/build/binutils-2.47/gprofng/src/../../include -I/work/build.CoreELEC-Amlogic-no.aarch64-22/build/binutils-2.47/gprofng/src/../../opcodes -I../../bfd -I/work/build.CoreELEC-Amlogic-no.aarch64-22/build/binutils-2.47/gprofng/src/../../bfd -I/work/build.CoreELEC-Amlogic-no.aarch64-22/build/binutils-2.47/gprofng/../zlib  -Wall -pthread -Wno-switch -fno-lto -g -O2     -MT parse.lo -MD -MP -MF $depbase.Tpo -c -o parse.lo /work/build.CoreELEC-Amlogic-no.aarch64-22/build/binutils-2.47/gprofng/src/parse.cc &&\
mv -f $depbase.Tpo $depbase.Plo
depbase=`echo UserLabel.lo | sed 's|[^/]*$|.deps/&|;s|\.lo$||'`;\
/bin/dash ../libtool  --tag=CXX   --mode=compile /work/build.CoreELEC-Amlogic-no.aarch64-22/toolchain/bin/host-g++ -DHAVE_CONFIG_H -I. -I/work/build.CoreELEC-Amlogic-no.aarch64-22/build/binutils-2.47/gprofng/src -I..  -U_ASM -DLOCALEDIR=\"/work/build.CoreELEC-Amlogic-no.aarch64-22/toolchain/share/locale\" -DSYSCONFDIR=\"/work/build.CoreELEC-Amlogic-no.aarch64-22/toolchain/etc\" -DLIBDIR=\"/work/build.CoreELEC-Amlogic-no.aarch64-22/toolchain/lib\" -I.. -I/work/build.CoreELEC-Amlogic-no.aarch64-22/build/binutils-2.47/gprofng/src -I/work/build.CoreELEC-Amlogic-no.aarch64-22/build/binutils-2.47/gprofng/src/../common -I/work/build.CoreELEC-Amlogic-no.aarch64-22/build/binutils-2.47/gprofng/src/../../include -I/work/build.CoreELEC-Amlogic-no.aarch64-22/build/binutils-2.47/gprofng/src/../../opcodes -I../../bfd -I/work/build.CoreELEC-Amlogic-no.aarch64-22/build/binutils-2.47/gprofng/src/../../bfd -I/work/build.CoreELEC-Amlogic-no.aarch64-22/build/binutils-2.47/gprofng/../zlib  -Wall -pthread -Wno-switch -fno-lto -g -O2     -MT UserLabel.lo -MD -MP -MF $depbase.Tpo -c -o UserLabel.lo /work/build.CoreELEC-Amlogic-no.aarch64-22/build/binutils-2.47/gprofng/src/UserLabel.cc &&\
mv -f $depbase.Tpo $depbase.Plo
make[5]: Entering directory '/work/build.CoreELEC-Amlogic-no.aarch64-22/build/binutils-2.47/.x86_64-linux-gnu/gold'
depbase=`echo util.lo | sed 's|[^/]*$|.deps/&|;s|\.lo$||'`;\
/bin/dash ../libtool  --tag=CXX   --mode=compile /work/build.CoreELEC-Amlogic-no.aarch64-22/toolchain/bin/host-g++ -DHAVE_CONFIG_H -I. -I/work/build.CoreELEC-Amlogic-no.aarch64-22/build/binutils-2.47/gprofng/src -I..  -U_ASM -DLOCALEDIR=\"/work/build.CoreELEC-Amlogic-no.aarch64-22/toolchain/share/locale\" -DSYSCONFDIR=\"/work/build.CoreELEC-Amlogic-no.aarch64-22/toolchain/etc\" -DLIBDIR=\"/work/build.CoreELEC-Amlogic-no.aarch64-22/toolchain/lib\" -I.. -I/work/build.CoreELEC-Amlogic-no.aarch64-22/build/binutils-2.47/gprofng/src -I/work/build.CoreELEC-Amlogic-no.aarch64-22/build/binutils-2.47/gprofng/src/../common -I/work/build.CoreELEC-Amlogic-no.aarch64-22/build/binutils-2.47/gprofng/src/../../include -I/work/build.CoreELEC-Amlogic-no.aarch64-22/build/binutils-2.47/gprofng/src/../../opcodes -I../../bfd -I/work/build.CoreELEC-Amlogic-no.aarch64-22/build/binutils-2.47/gprofng/src/../../bfd -I/work/build.CoreELEC-Amlogic-no.aarch64-22/build/binutils-2.47/gprofng/../zlib  -Wall -pthread -Wno-switch -fno-lto -g -O2     -MT util.lo -MD -MP -MF $depbase.Tpo -c -o util.lo /work/build.CoreELEC-Amlogic-no.aarch64-22/build/binutils-2.47/gprofng/src/util.cc &&\
mv -f $depbase.Tpo $depbase.Plo
depbase=`echo Dbe.lo | sed 's|[^/]*$|.deps/&|;s|\.lo$||'`;\
/bin/dash ../libtool  --tag=CXX   --mode=compile /work/build.CoreELEC-Amlogic-no.aarch64-22/toolchain/bin/host-g++ -DHAVE_CONFIG_H -I. -I/work/build.CoreELEC-Amlogic-no.aarch64-22/build/binutils-2.47/gprofng/src -I..  -U_ASM -DLOCALEDIR=\"/work/build.CoreELEC-Amlogic-no.aarch64-22/toolchain/share/locale\" -DSYSCONFDIR=\"/work/build.CoreELEC-Amlogic-no.aarch64-22/toolchain/etc\" -DLIBDIR=\"/work/build.CoreELEC-Amlogic-no.aarch64-22/toolchain/lib\" -I.. -I/work/build.CoreELEC-Amlogic-no.aarch64-22/build/binutils-2.47/gprofng/src -I/work/build.CoreELEC-Amlogic-no.aarch64-22/build/binutils-2.47/gprofng/src/../common -I/work/build.CoreELEC-Amlogic-no.aarch64-22/build/binutils-2.47/gprofng/src/../../include -I/work/build.CoreELEC-Amlogic-no.aarch64-22/build/binutils-2.47/gprofng/src/../../opcodes -I../../bfd -I/work/build.CoreELEC-Amlogic-no.aarch64-22/build/binutils-2.47/gprofng/src/../../bfd -I/work/build.CoreELEC-Amlogic-no.aarch64-22/build/binutils-2.47/gprofng/../zlib  -Wall -pthread -Wno-switch -fno-lto -g -O2     -MT Dbe.lo -MD -MP -MF $depbase.Tpo -c -o Dbe.lo /work/build.CoreELEC-Amlogic-no.aarch64-22/build/binutils-2.47/gprofng/src/Dbe.cc &&\
mv -f $depbase.Tpo $depbase.Plo
depbase=`echo gmon_io.lo | sed 's|[^/]*$|.deps/&|;s|\.lo$||'`;\
/bin/dash ../libtool  --tag=CXX   --mode=compile /work/build.CoreELEC-Amlogic-no.aarch64-22/toolchain/bin/host-g++ -DHAVE_CONFIG_H -I. -I/work/build.CoreELEC-Amlogic-no.aarch64-22/build/binutils-2.47/gprofng/src -I..  -U_ASM -DLOCALEDIR=\"/work/build.CoreELEC-Amlogic-no.aarch64-22/toolchain/share/locale\" -DSYSCONFDIR=\"/work/build.CoreELEC-Amlogic-no.aarch64-22/toolchain/etc\" -DLIBDIR=\"/work/build.CoreELEC-Amlogic-no.aarch64-22/toolchain/lib\" -I.. -I/work/build.CoreELEC-Amlogic-no.aarch64-22/build/binutils-2.47/gprofng/src -I/work/build.CoreELEC-Amlogic-no.aarch64-22/build/binutils-2.47/gprofng/src/../common -I/work/build.CoreELEC-Amlogic-no.aarch64-22/build/binutils-2.47/gprofng/src/../../include -I/work/build.CoreELEC-Amlogic-no.aarch64-22/build/binutils-2.47/gprofng/src/../../opcodes -I../../bfd -I/work/build.CoreELEC-Amlogic-no.aarch64-22/build/binutils-2.47/gprofng/src/../../bfd -I/work/build.CoreELEC-Amlogic-no.aarch64-22/build/binutils-2.47/gprofng/../zlib  -Wall -pthread -Wno-switch -fno-lto -g -O2     -MT gmon_io.lo -MD -MP -MF $depbase.Tpo -c -o gmon_io.lo /work/build.CoreELEC-Amlogic-no.aarch64-22/build/binutils-2.47/gprofng/src/gmon_io.cc &&\
mv -f $depbase.Tpo $depbase.Plo
libtool: compile:  /work/build.CoreELEC-Amlogic-no.aarch64-22/toolchain/bin/host-g++ -DHAVE_CONFIG_H -I. -I/work/build.CoreELEC-Amlogic-no.aarch64-22/build/binutils-2.47/gprofng/src -I.. -U_ASM -DLOCALEDIR=\"/work/build.CoreELEC-Amlogic-no.aarch64-22/toolchain/share/locale\" -DSYSCONFDIR=\"/work/build.CoreELEC-Amlogic-no.aarch64-22/toolchain/etc\" -DLIBDIR=\"/work/build.CoreELEC-Amlogic-no.aarch64-22/toolchain/lib\" -I.. -I/work/build.CoreELEC-Amlogic-no.aarch64-22/build/binutils-2.47/gprofng/src -I/work/build.CoreELEC-Amlogic-no.aarch64-22/build/binutils-2.47/gprofng/src/../common -I/work/build.CoreELEC-Amlogic-no.aarch64-22/build/binutils-2.47/gprofng/src/../../include -I/work/build.CoreELEC-Amlogic-no.aarch64-22/build/binutils-2.47/gprofng/src/../../opcodes -I../../bfd -I/work/build.CoreELEC-Amlogic-no.aarch64-22/build/binutils-2.47/gprofng/src/../../bfd -I/work/build.CoreELEC-Amlogic-no.aarch64-22/build/binutils-2.47/gprofng/../zlib -Wall -pthread -Wno-switch -fno-lto -g -O2 -MT DbeSession.lo -MD -MP -MF .deps/DbeSession.Tpo -c /work/build.CoreELEC-Amlogic-no.aarch64-22/build/binutils-2.47/gprofng/src/DbeSession.cc  -fPIC -DPIC -o .libs/DbeSession.o
make[5]: Leaving directory '/work/build.CoreELEC-Amlogic-no.aarch64-22/build/binutils-2.47/.x86_64-linux-gnu/gprof'
make[4]: Leaving directory '/work/build.CoreELEC-Amlogic-no.aarch64-22/build/binutils-2.47/.x86_64-linux-gnu/gprof'
make[3]: Leaving directory '/work/build.CoreELEC-Amlogic-no.aarch64-22/build/binutils-2.47/.x86_64-linux-gnu/gprof'
depbase=`echo gmon_basic_blocks.lo | sed 's|[^/]*$|.deps/&|;s|\.lo$||'`;\
/bin/dash ../libtool  --tag=CXX   --mode=compile /work/build.CoreELEC-Amlogic-no.aarch64-22/toolchain/bin/host-g++ -DHAVE_CONFIG_H -I. -I/work/build.CoreELEC-Amlogic-no.aarch64-22/build/binutils-2.47/gprofng/src -I..  -U_ASM -DLOCALEDIR=\"/work/build.CoreELEC-Amlogic-no.aarch64-22/toolchain/share/locale\" -DSYSCONFDIR=\"/work/build.CoreELEC-Amlogic-no.aarch64-22/toolchain/etc\" -DLIBDIR=\"/work/build.CoreELEC-Amlogic-no.aarch64-22/toolchain/lib\" -I.. -I/work/build.CoreELEC-Amlogic-no.aarch64-22/build/binutils-2.47/gprofng/src -I/work/build.CoreELEC-Amlogic-no.aarch64-22/build/binutils-2.47/gprofng/src/../common -I/work/build.CoreELEC-Amlogic-no.aarch64-22/build/binutils-2.47/gprofng/src/../../include -I/work/build.CoreELEC-Amlogic-no.aarch64-22/build/binutils-2.47/gprofng/src/../../opcodes -I../../bfd -I/work/build.CoreELEC-Amlogic-no.aarch64-22/build/binutils-2.47/gprofng/src/../../bfd -I/work/build.CoreELEC-Amlogic-no.aarch64-22/build/binutils-2.47/gprofng/../zlib  -Wall -pthread -Wno-switch -fno-lto -g -O2     -MT gmon_basic_blocks.lo -MD -MP -MF $depbase.Tpo -c -o gmon_basic_blocks.lo /work/build.CoreELEC-Amlogic-no.aarch64-22/build/binutils-2.47/gprofng/src/gmon_basic_blocks.cc &&\
mv -f $depbase.Tpo $depbase.Plo
libtool: compile:  /work/build.CoreELEC-Amlogic-no.aarch64-22/toolchain/bin/host-g++ -DHAVE_CONFIG_H -I. -I/work/build.CoreELEC-Amlogic-no.aarch64-22/build/binutils-2.47/gprofng/src -I.. -U_ASM -DLOCALEDIR=\"/work/build.CoreELEC-Amlogic-no.aarch64-22/toolchain/share/locale\" -DSYSCONFDIR=\"/work/build.CoreELEC-Amlogic-no.aarch64-22/toolchain/etc\" -DLIBDIR=\"/work/build.CoreELEC-Amlogic-no.aarch64-22/toolchain/lib\" -I.. -I/work/build.CoreELEC-Amlogic-no.aarch64-22/build/binutils-2.47/gprofng/src -I/work/build.CoreELEC-Amlogic-no.aarch64-22/build/binutils-2.47/gprofng/src/../common -I/work/build.CoreELEC-Amlogic-no.aarch64-22/build/binutils-2.47/gprofng/src/../../include -I/work/build.CoreELEC-Amlogic-no.aarch64-22/build/binutils-2.47/gprofng/src/../../opcodes -I../../bfd -I/work/build.CoreELEC-Amlogic-no.aarch64-22/build/binutils-2.47/gprofng/src/../../bfd -I/work/build.CoreELEC-Amlogic-no.aarch64-22/build/binutils-2.47/gprofng/../zlib -Wall -pthread -Wno-switch -fno-lto -g -O2 -MT PathTree.lo -MD -MP -MF .deps/PathTree.Tpo -c /work/build.CoreELEC-Amlogic-no.aarch64-22/build/binutils-2.47/gprofng/src/PathTree.cc  -fPIC -DPIC -o .libs/PathTree.o
libtool: compile:  /work/build.CoreELEC-Amlogic-no.aarch64-22/toolchain/bin/host-g++ -DHAVE_CONFIG_H -I. -I/work/build.CoreELEC-Amlogic-no.aarch64-22/build/binutils-2.47/gprofng/src -I.. -U_ASM -DLOCALEDIR=\"/work/build.CoreELEC-Amlogic-no.aarch64-22/toolchain/share/locale\" -DSYSCONFDIR=\"/work/build.CoreELEC-Amlogic-no.aarch64-22/toolchain/etc\" -DLIBDIR=\"/work/build.CoreELEC-Amlogic-no.aarch64-22/toolchain/lib\" -I.. -I/work/build.CoreELEC-Amlogic-no.aarch64-22/build/binutils-2.47/gprofng/src -I/work/build.CoreELEC-Amlogic-no.aarch64-22/build/binutils-2.47/gprofng/src/../common -I/work/build.CoreELEC-Amlogic-no.aarch64-22/build/binutils-2.47/gprofng/src/../../include -I/work/build.CoreELEC-Amlogic-no.aarch64-22/build/binutils-2.47/gprofng/src/../../opcodes -I../../bfd -I/work/build.CoreELEC-Amlogic-no.aarch64-22/build/binutils-2.47/gprofng/src/../../bfd -I/work/build.CoreELEC-Amlogic-no.aarch64-22/build/binutils-2.47/gprofng/../zlib -Wall -pthread -Wno-switch -fno-lto -g -O2 -MT Experiment.lo -MD -MP -MF .deps/Experiment.Tpo -c /work/build.CoreELEC-Amlogic-no.aarch64-22/build/binutils-2.47/gprofng/src/Experiment.cc  -fPIC -DPIC -o .libs/Experiment.o
libtool: compile:  /work/build.CoreELEC-Amlogic-no.aarch64-22/toolchain/bin/host-g++ -DHAVE_CONFIG_H -I. -I/work/build.CoreELEC-Amlogic-no.aarch64-22/build/binutils-2.47/gprofng/src -I.. -U_ASM -DLOCALEDIR=\"/work/build.CoreELEC-Amlogic-no.aarch64-22/toolchain/share/locale\" -DSYSCONFDIR=\"/work/build.CoreELEC-Amlogic-no.aarch64-22/toolchain/etc\" -DLIBDIR=\"/work/build.CoreELEC-Amlogic-no.aarch64-22/toolchain/lib\" -I.. -I/work/build.CoreELEC-Amlogic-no.aarch64-22/build/binutils-2.47/gprofng/src -I/work/build.CoreELEC-Amlogic-no.aarch64-22/build/binutils-2.47/gprofng/src/../common -I/work/build.CoreELEC-Amlogic-no.aarch64-22/build/binutils-2.47/gprofng/src/../../include -I/work/build.CoreELEC-Amlogic-no.aarch64-22/build/binutils-2.47/gprofng/src/../../opcodes -I../../bfd -I/work/build.CoreELEC-Amlogic-no.aarch64-22/build/binutils-2.47/gprofng/src/../../bfd -I/work/build.CoreELEC-Amlogic-no.aarch64-22/build/binutils-2.47/gprofng/../zlib -Wall -pthread -Wno-switch -fno-lto -g -O2 -MT SourceFile.lo -MD -MP -MF .deps/SourceFile.Tpo -c /work/build.CoreELEC-Amlogic-no.aarch64-22/build/binutils-2.47/gprofng/src/SourceFile.cc  -fPIC -DPIC -o .libs/SourceFile.o
libtool: compile:  /work/build.CoreELEC-Amlogic-no.aarch64-22/toolchain/bin/host-g++ -DHAVE_CONFIG_H -I. -I/work/build.CoreELEC-Amlogic-no.aarch64-22/build/binutils-2.47/gprofng/src -I.. -U_ASM -DLOCALEDIR=\"/work/build.CoreELEC-Amlogic-no.aarch64-22/toolchain/share/locale\" -DSYSCONFDIR=\"/work/build.CoreELEC-Amlogic-no.aarch64-22/toolchain/etc\" -DLIBDIR=\"/work/build.CoreELEC-Amlogic-no.aarch64-22/toolchain/lib\" -I.. -I/work/build.CoreELEC-Amlogic-no.aarch64-22/build/binutils-2.47/gprofng/src -I/work/build.CoreELEC-Amlogic-no.aarch64-22/build/binutils-2.47/gprofng/src/../common -I/work/build.CoreELEC-Amlogic-no.aarch64-22/build/binutils-2.47/gprofng/src/../../include -I/work/build.CoreELEC-Amlogic-no.aarch64-22/build/binutils-2.47/gprofng/src/../../opcodes -I../../bfd -I/work/build.CoreELEC-Amlogic-no.aarch64-22/build/binutils-2.47/gprofng/src/../../bfd -I/work/build.CoreELEC-Amlogic-no.aarch64-22/build/binutils-2.47/gprofng/../zlib -Wall -pthread -Wno-switch -fno-lto -g -O2 -MT Print.lo -MD -MP -MF .deps/Print.Tpo -c /work/build.CoreELEC-Amlogic-no.aarch64-22/build/binutils-2.47/gprofng/src/Print.cc  -fPIC -DPIC -o .libs/Print.o
libtool: compile:  /work/build.CoreELEC-Amlogic-no.aarch64-22/toolchain/bin/host-g++ -DHAVE_CONFIG_H -I. -I/work/build.CoreELEC-Amlogic-no.aarch64-22/build/binutils-2.47/gprofng/src -I.. -U_ASM -DLOCALEDIR=\"/work/build.CoreELEC-Amlogic-no.aarch64-22/toolchain/share/locale\" -DSYSCONFDIR=\"/work/build.CoreELEC-Amlogic-no.aarch64-22/toolchain/etc\" -DLIBDIR=\"/work/build.CoreELEC-Amlogic-no.aarch64-22/toolchain/lib\" -I.. -I/work/build.CoreELEC-Amlogic-no.aarch64-22/build/binutils-2.47/gprofng/src -I/work/build.CoreELEC-Amlogic-no.aarch64-22/build/binutils-2.47/gprofng/src/../common -I/work/build.CoreELEC-Amlogic-no.aarch64-22/build/binutils-2.47/gprofng/src/../../include -I/work/build.CoreELEC-Amlogic-no.aarch64-22/build/binutils-2.47/gprofng/src/../../opcodes -I../../bfd -I/work/build.CoreELEC-Amlogic-no.aarch64-22/build/binutils-2.47/gprofng/src/../../bfd -I/work/build.CoreELEC-Amlogic-no.aarch64-22/build/binutils-2.47/gprofng/../zlib -Wall -pthread -Wno-switch -fno-lto -g -O2 -MT QLParser.tab.lo -MD -MP -MF .deps/QLParser.tab.Tpo -c /work/build.CoreELEC-Amlogic-no.aarch64-22/build/binutils-2.47/gprofng/src/QLParser.tab.cc  -fPIC -DPIC -o .libs/QLParser.tab.o
libtool: compile:  /work/build.CoreELEC-Amlogic-no.aarch64-22/toolchain/bin/host-g++ -DHAVE_CONFIG_H -I. -I/work/build.CoreELEC-Amlogic-no.aarch64-22/build/binutils-2.47/gprofng/src -I.. -U_ASM -DLOCALEDIR=\"/work/build.CoreELEC-Amlogic-no.aarch64-22/toolchain/share/locale\" -DSYSCONFDIR=\"/work/build.CoreELEC-Amlogic-no.aarch64-22/toolchain/etc\" -DLIBDIR=\"/work/build.CoreELEC-Amlogic-no.aarch64-22/toolchain/lib\" -I.. -I/work/build.CoreELEC-Amlogic-no.aarch64-22/build/binutils-2.47/gprofng/src -I/work/build.CoreELEC-Amlogic-no.aarch64-22/build/binutils-2.47/gprofng/src/../common -I/work/build.CoreELEC-Amlogic-no.aarch64-22/build/binutils-2.47/gprofng/src/../../include -I/work/build.CoreELEC-Amlogic-no.aarch64-22/build/binutils-2.47/gprofng/src/../../opcodes -I../../bfd -I/work/build.CoreELEC-Amlogic-no.aarch64-22/build/binutils-2.47/gprofng/src/../../bfd -I/work/build.CoreELEC-Amlogic-no.aarch64-22/build/binutils-2.47/gprofng/../zlib -Wall -pthread -Wno-switch -fno-lto -g -O2 -MT Table.lo -MD -MP -MF .deps/Table.Tpo -c /work/build.CoreELEC-Amlogic-no.aarch64-22/build/binutils-2.47/gprofng/src/Table.cc  -fPIC -DPIC -o .libs/Table.o
libtool: compile:  /work/build.CoreELEC-Amlogic-no.aarch64-22/toolchain/bin/host-g++ -DHAVE_CONFIG_H -I. -I/work/build.CoreELEC-Amlogic-no.aarch64-22/build/binutils-2.47/gprofng/src -I.. -U_ASM -DLOCALEDIR=\"/work/build.CoreELEC-Amlogic-no.aarch64-22/toolchain/share/locale\" -DSYSCONFDIR=\"/work/build.CoreELEC-Amlogic-no.aarch64-22/toolchain/etc\" -DLIBDIR=\"/work/build.CoreELEC-Amlogic-no.aarch64-22/toolchain/lib\" -I.. -I/work/build.CoreELEC-Amlogic-no.aarch64-22/build/binutils-2.47/gprofng/src -I/work/build.CoreELEC-Amlogic-no.aarch64-22/build/binutils-2.47/gprofng/src/../common -I/work/build.CoreELEC-Amlogic-no.aarch64-22/build/binutils-2.47/gprofng/src/../../include -I/work/build.CoreELEC-Amlogic-no.aarch64-22/build/binutils-2.47/gprofng/src/../../opcodes -I../../bfd -I/work/build.CoreELEC-Amlogic-no.aarch64-22/build/binutils-2.47/gprofng/src/../../bfd -I/work/build.CoreELEC-Amlogic-no.aarch64-22/build/binutils-2.47/gprofng/../zlib -Wall -pthread -Wno-switch -fno-lto -g -O2 -MT Stabs.lo -MD -MP -MF .deps/Stabs.Tpo -c /work/build.CoreELEC-Amlogic-no.aarch64-22/build/binutils-2.47/gprofng/src/Stabs.cc  -fPIC -DPIC -o .libs/Stabs.o
libtool: compile:  /work/build.CoreELEC-Amlogic-no.aarch64-22/toolchain/bin/host-g++ -DHAVE_CONFIG_H -I. -I/work/build.CoreELEC-Amlogic-no.aarch64-22/build/binutils-2.47/gprofng/src -I.. -U_ASM -DLOCALEDIR=\"/work/build.CoreELEC-Amlogic-no.aarch64-22/toolchain/share/locale\" -DSYSCONFDIR=\"/work/build.CoreELEC-Amlogic-no.aarch64-22/toolchain/etc\" -DLIBDIR=\"/work/build.CoreELEC-Amlogic-no.aarch64-22/toolchain/lib\" -I.. -I/work/build.CoreELEC-Amlogic-no.aarch64-22/build/binutils-2.47/gprofng/src -I/work/build.CoreELEC-Amlogic-no.aarch64-22/build/binutils-2.47/gprofng/src/../common -I/work/build.CoreELEC-Amlogic-no.aarch64-22/build/binutils-2.47/gprofng/src/../../include -I/work/build.CoreELEC-Amlogic-no.aarch64-22/build/binutils-2.47/gprofng/src/../../opcodes -I../../bfd -I/work/build.CoreELEC-Amlogic-no.aarch64-22/build/binutils-2.47/gprofng/src/../../bfd -I/work/build.CoreELEC-Amlogic-no.aarch64-22/build/binutils-2.47/gprofng/../zlib -Wall -pthread -Wno-switch -fno-lto -g -O2 -MT dbe_collctrl.lo -MD -MP -MF .deps/dbe_collctrl.Tpo -c /work/build.CoreELEC-Amlogic-no.aarch64-22/build/binutils-2.47/gprofng/src/dbe_collctrl.cc  -fPIC -DPIC -o .libs/dbe_collctrl.o
libtool: compile:  /work/build.CoreELEC-Amlogic-no.aarch64-22/toolchain/bin/host-g++ -DHAVE_CONFIG_H -I. -I/work/build.CoreELEC-Amlogic-no.aarch64-22/build/binutils-2.47/gprofng/src -I.. -U_ASM -DLOCALEDIR=\"/work/build.CoreELEC-Amlogic-no.aarch64-22/toolchain/share/locale\" -DSYSCONFDIR=\"/work/build.CoreELEC-Amlogic-no.aarch64-22/toolchain/etc\" -DLIBDIR=\"/work/build.CoreELEC-Amlogic-no.aarch64-22/toolchain/lib\" -I.. -I/work/build.CoreELEC-Amlogic-no.aarch64-22/build/binutils-2.47/gprofng/src -I/work/build.CoreELEC-Amlogic-no.aarch64-22/build/binutils-2.47/gprofng/src/../common -I/work/build.CoreELEC-Amlogic-no.aarch64-22/build/binutils-2.47/gprofng/src/../../include -I/work/build.CoreELEC-Amlogic-no.aarch64-22/build/binutils-2.47/gprofng/src/../../opcodes -I../../bfd -I/work/build.CoreELEC-Amlogic-no.aarch64-22/build/binutils-2.47/gprofng/src/../../bfd -I/work/build.CoreELEC-Amlogic-no.aarch64-22/build/binutils-2.47/gprofng/../zlib -Wall -pthread -Wno-switch -fno-lto -g -O2 -MT Settings.lo -MD -MP -MF .deps/Settings.Tpo -c /work/build.CoreELEC-Amlogic-no.aarch64-22/build/binutils-2.47/gprofng/src/Settings.cc  -fPIC -DPIC -o .libs/Settings.o
libtool: compile:  /work/build.CoreELEC-Amlogic-no.aarch64-22/toolchain/bin/host-g++ -DHAVE_CONFIG_H -I. -I/work/build.CoreELEC-Amlogic-no.aarch64-22/build/binutils-2.47/gprofng/src -I.. -U_ASM -DLOCALEDIR=\"/work/build.CoreELEC-Amlogic-no.aarch64-22/toolchain/share/locale\" -DSYSCONFDIR=\"/work/build.CoreELEC-Amlogic-no.aarch64-22/toolchain/etc\" -DLIBDIR=\"/work/build.CoreELEC-Amlogic-no.aarch64-22/toolchain/lib\" -I.. -I/work/build.CoreELEC-Amlogic-no.aarch64-22/build/binutils-2.47/gprofng/src -I/work/build.CoreELEC-Amlogic-no.aarch64-22/build/binutils-2.47/gprofng/src/../common -I/work/build.CoreELEC-Amlogic-no.aarch64-22/build/binutils-2.47/gprofng/src/../../include -I/work/build.CoreELEC-Amlogic-no.aarch64-22/build/binutils-2.47/gprofng/src/../../opcodes -I../../bfd -I/work/build.CoreELEC-Amlogic-no.aarch64-22/build/binutils-2.47/gprofng/src/../../bfd -I/work/build.CoreELEC-Amlogic-no.aarch64-22/build/binutils-2.47/gprofng/../zlib -Wall -pthread -Wno-switch -fno-lto -g -O2 -MT UserLabel.lo -MD -MP -MF .deps/UserLabel.Tpo -c /work/build.CoreELEC-Amlogic-no.aarch64-22/build/binutils-2.47/gprofng/src/UserLabel.cc  -fPIC -DPIC -o .libs/UserLabel.o
libtool: compile:  /work/build.CoreELEC-Amlogic-no.aarch64-22/toolchain/bin/host-g++ -DHAVE_CONFIG_H -I. -I/work/build.CoreELEC-Amlogic-no.aarch64-22/build/binutils-2.47/gprofng/src -I.. -U_ASM -DLOCALEDIR=\"/work/build.CoreELEC-Amlogic-no.aarch64-22/toolchain/share/locale\" -DSYSCONFDIR=\"/work/build.CoreELEC-Amlogic-no.aarch64-22/toolchain/etc\" -DLIBDIR=\"/work/build.CoreELEC-Amlogic-no.aarch64-22/toolchain/lib\" -I.. -I/work/build.CoreELEC-Amlogic-no.aarch64-22/build/binutils-2.47/gprofng/src -I/work/build.CoreELEC-Amlogic-no.aarch64-22/build/binutils-2.47/gprofng/src/../common -I/work/build.CoreELEC-Amlogic-no.aarch64-22/build/binutils-2.47/gprofng/src/../../include -I/work/build.CoreELEC-Amlogic-no.aarch64-22/build/binutils-2.47/gprofng/src/../../opcodes -I../../bfd -I/work/build.CoreELEC-Amlogic-no.aarch64-22/build/binutils-2.47/gprofng/src/../../bfd -I/work/build.CoreELEC-Amlogic-no.aarch64-22/build/binutils-2.47/gprofng/../zlib -Wall -pthread -Wno-switch -fno-lto -g -O2 -MT Module.lo -MD -MP -MF .deps/Module.Tpo -c /work/build.CoreELEC-Amlogic-no.aarch64-22/build/binutils-2.47/gprofng/src/Module.cc  -fPIC -DPIC -o .libs/Module.o
libtool: compile:  /work/build.CoreELEC-Amlogic-no.aarch64-22/toolchain/bin/host-g++ -DHAVE_CONFIG_H -I. -I/work/build.CoreELEC-Amlogic-no.aarch64-22/build/binutils-2.47/gprofng/src -I.. -U_ASM -DLOCALEDIR=\"/work/build.CoreELEC-Amlogic-no.aarch64-22/toolchain/share/locale\" -DSYSCONFDIR=\"/work/build.CoreELEC-Amlogic-no.aarch64-22/toolchain/etc\" -DLIBDIR=\"/work/build.CoreELEC-Amlogic-no.aarch64-22/toolchain/lib\" -I.. -I/work/build.CoreELEC-Amlogic-no.aarch64-22/build/binutils-2.47/gprofng/src -I/work/build.CoreELEC-Amlogic-no.aarch64-22/build/binutils-2.47/gprofng/src/../common -I/work/build.CoreELEC-Amlogic-no.aarch64-22/build/binutils-2.47/gprofng/src/../../include -I/work/build.CoreELEC-Amlogic-no.aarch64-22/build/binutils-2.47/gprofng/src/../../opcodes -I../../bfd -I/work/build.CoreELEC-Amlogic-no.aarch64-22/build/binutils-2.47/gprofng/src/../../bfd -I/work/build.CoreELEC-Amlogic-no.aarch64-22/build/binutils-2.47/gprofng/../zlib -Wall -pthread -Wno-switch -fno-lto -g -O2 -MT util.lo -MD -MP -MF .deps/util.Tpo -c /work/build.CoreELEC-Amlogic-no.aarch64-22/build/binutils-2.47/gprofng/src/util.cc  -fPIC -DPIC -o .libs/util.o
libtool: compile:  /work/build.CoreELEC-Amlogic-no.aarch64-22/toolchain/bin/host-g++ -DHAVE_CONFIG_H -I. -I/work/build.CoreELEC-Amlogic-no.aarch64-22/build/binutils-2.47/gprofng/src -I.. -U_ASM -DLOCALEDIR=\"/work/build.CoreELEC-Amlogic-no.aarch64-22/toolchain/share/locale\" -DSYSCONFDIR=\"/work/build.CoreELEC-Amlogic-no.aarch64-22/toolchain/etc\" -DLIBDIR=\"/work/build.CoreELEC-Amlogic-no.aarch64-22/toolchain/lib\" -I.. -I/work/build.CoreELEC-Amlogic-no.aarch64-22/build/binutils-2.47/gprofng/src -I/work/build.CoreELEC-Amlogic-no.aarch64-22/build/binutils-2.47/gprofng/src/../common -I/work/build.CoreELEC-Amlogic-no.aarch64-22/build/binutils-2.47/gprofng/src/../../include -I/work/build.CoreELEC-Amlogic-no.aarch64-22/build/binutils-2.47/gprofng/src/../../opcodes -I../../bfd -I/work/build.CoreELEC-Amlogic-no.aarch64-22/build/binutils-2.47/gprofng/src/../../bfd -I/work/build.CoreELEC-Amlogic-no.aarch64-22/build/binutils-2.47/gprofng/../zlib -Wall -pthread -Wno-switch -fno-lto -g -O2 -MT Dbe.lo -MD -MP -MF .deps/Dbe.Tpo -c /work/build.CoreELEC-Amlogic-no.aarch64-22/build/binutils-2.47/gprofng/src/Dbe.cc  -fPIC -DPIC -o .libs/Dbe.o
libtool: compile:  /work/build.CoreELEC-Amlogic-no.aarch64-22/toolchain/bin/host-g++ -DHAVE_CONFIG_H -I. -I/work/build.CoreELEC-Amlogic-no.aarch64-22/build/binutils-2.47/gprofng/src -I.. -U_ASM -DLOCALEDIR=\"/work/build.CoreELEC-Amlogic-no.aarch64-22/toolchain/share/locale\" -DSYSCONFDIR=\"/work/build.CoreELEC-Amlogic-no.aarch64-22/toolchain/etc\" -DLIBDIR=\"/work/build.CoreELEC-Amlogic-no.aarch64-22/toolchain/lib\" -I.. -I/work/build.CoreELEC-Amlogic-no.aarch64-22/build/binutils-2.47/gprofng/src -I/work/build.CoreELEC-Amlogic-no.aarch64-22/build/binutils-2.47/gprofng/src/../common -I/work/build.CoreELEC-Amlogic-no.aarch64-22/build/binutils-2.47/gprofng/src/../../include -I/work/build.CoreELEC-Amlogic-no.aarch64-22/build/binutils-2.47/gprofng/src/../../opcodes -I../../bfd -I/work/build.CoreELEC-Amlogic-no.aarch64-22/build/binutils-2.47/gprofng/src/../../bfd -I/work/build.CoreELEC-Amlogic-no.aarch64-22/build/binutils-2.47/gprofng/../zlib -Wall -pthread -Wno-switch -fno-lto -g -O2 -MT gmon_io.lo -MD -MP -MF .deps/gmon_io.Tpo -c /work/build.CoreELEC-Amlogic-no.aarch64-22/build/binutils-2.47/gprofng/src/gmon_io.cc  -fPIC -DPIC -o .libs/gmon_io.o
libtool: compile:  /work/build.CoreELEC-Amlogic-no.aarch64-22/toolchain/bin/host-g++ -DHAVE_CONFIG_H -I. -I/work/build.CoreELEC-Amlogic-no.aarch64-22/build/binutils-2.47/gprofng/src -I.. -U_ASM -DLOCALEDIR=\"/work/build.CoreELEC-Amlogic-no.aarch64-22/toolchain/share/locale\" -DSYSCONFDIR=\"/work/build.CoreELEC-Amlogic-no.aarch64-22/toolchain/etc\" -DLIBDIR=\"/work/build.CoreELEC-Amlogic-no.aarch64-22/toolchain/lib\" -I.. -I/work/build.CoreELEC-Amlogic-no.aarch64-22/build/binutils-2.47/gprofng/src -I/work/build.CoreELEC-Amlogic-no.aarch64-22/build/binutils-2.47/gprofng/src/../common -I/work/build.CoreELEC-Amlogic-no.aarch64-22/build/binutils-2.47/gprofng/src/../../include -I/work/build.CoreELEC-Amlogic-no.aarch64-22/build/binutils-2.47/gprofng/src/../../opcodes -I../../bfd -I/work/build.CoreELEC-Amlogic-no.aarch64-22/build/binutils-2.47/gprofng/src/../../bfd -I/work/build.CoreELEC-Amlogic-no.aarch64-22/build/binutils-2.47/gprofng/../zlib -Wall -pthread -Wno-switch -fno-lto -g -O2 -MT parse.lo -MD -MP -MF .deps/parse.Tpo -c /work/build.CoreELEC-Amlogic-no.aarch64-22/build/binutils-2.47/gprofng/src/parse.cc  -fPIC -DPIC -o .libs/parse.o
depbase=`echo gmon_call_graph.lo | sed 's|[^/]*$|.deps/&|;s|\.lo$||'`;\
/bin/dash ../libtool  --tag=CXX   --mode=compile /work/build.CoreELEC-Amlogic-no.aarch64-22/toolchain/bin/host-g++ -DHAVE_CONFIG_H -I. -I/work/build.CoreELEC-Amlogic-no.aarch64-22/build/binutils-2.47/gprofng/src -I..  -U_ASM -DLOCALEDIR=\"/work/build.CoreELEC-Amlogic-no.aarch64-22/toolchain/share/locale\" -DSYSCONFDIR=\"/work/build.CoreELEC-Amlogic-no.aarch64-22/toolchain/etc\" -DLIBDIR=\"/work/build.CoreELEC-Amlogic-no.aarch64-22/toolchain/lib\" -I.. -I/work/build.CoreELEC-Amlogic-no.aarch64-22/build/binutils-2.47/gprofng/src -I/work/build.CoreELEC-Amlogic-no.aarch64-22/build/binutils-2.47/gprofng/src/../common -I/work/build.CoreELEC-Amlogic-no.aarch64-22/build/binutils-2.47/gprofng/src/../../include -I/work/build.CoreELEC-Amlogic-no.aarch64-22/build/binutils-2.47/gprofng/src/../../opcodes -I../../bfd -I/work/build.CoreELEC-Amlogic-no.aarch64-22/build/binutils-2.47/gprofng/src/../../bfd -I/work/build.CoreELEC-Amlogic-no.aarch64-22/build/binutils-2.47/gprofng/../zlib  -Wall -pthread -Wno-switch -fno-lto -g -O2     -MT gmon_call_graph.lo -MD -MP -MF $depbase.Tpo -c -o gmon_call_graph.lo /work/build.CoreELEC-Amlogic-no.aarch64-22/build/binutils-2.47/gprofng/src/gmon_call_graph.cc &&\
mv -f $depbase.Tpo $depbase.Plo
libtool: compile:  /work/build.CoreELEC-Amlogic-no.aarch64-22/toolchain/bin/host-g++ -DHAVE_CONFIG_H -I. -I/work/build.CoreELEC-Amlogic-no.aarch64-22/build/binutils-2.47/gprofng/src -I.. -U_ASM -DLOCALEDIR=\"/work/build.CoreELEC-Amlogic-no.aarch64-22/toolchain/share/locale\" -DSYSCONFDIR=\"/work/build.CoreELEC-Amlogic-no.aarch64-22/toolchain/etc\" -DLIBDIR=\"/work/build.CoreELEC-Amlogic-no.aarch64-22/toolchain/lib\" -I.. -I/work/build.CoreELEC-Amlogic-no.aarch64-22/build/binutils-2.47/gprofng/src -I/work/build.CoreELEC-Amlogic-no.aarch64-22/build/binutils-2.47/gprofng/src/../common -I/work/build.CoreELEC-Amlogic-no.aarch64-22/build/binutils-2.47/gprofng/src/../../include -I/work/build.CoreELEC-Amlogic-no.aarch64-22/build/binutils-2.47/gprofng/src/../../opcodes -I../../bfd -I/work/build.CoreELEC-Amlogic-no.aarch64-22/build/binutils-2.47/gprofng/src/../../bfd -I/work/build.CoreELEC-Amlogic-no.aarch64-22/build/binutils-2.47/gprofng/../zlib -Wall -pthread -Wno-switch -fno-lto -g -O2 -MT gmon_basic_blocks.lo -MD -MP -MF .deps/gmon_basic_blocks.Tpo -c /work/build.CoreELEC-Amlogic-no.aarch64-22/build/binutils-2.47/gprofng/src/gmon_basic_blocks.cc  -fPIC -DPIC -o .libs/gmon_basic_blocks.o
  CXX      object.o
  CXX      output.o
depbase=`echo gmon_hist.lo | sed 's|[^/]*$|.deps/&|;s|\.lo$||'`;\
/bin/dash ../libtool  --tag=CXX   --mode=compile /work/build.CoreELEC-Amlogic-no.aarch64-22/toolchain/bin/host-g++ -DHAVE_CONFIG_H -I. -I/work/build.CoreELEC-Amlogic-no.aarch64-22/build/binutils-2.47/gprofng/src -I..  -U_ASM -DLOCALEDIR=\"/work/build.CoreELEC-Amlogic-no.aarch64-22/toolchain/share/locale\" -DSYSCONFDIR=\"/work/build.CoreELEC-Amlogic-no.aarch64-22/toolchain/etc\" -DLIBDIR=\"/work/build.CoreELEC-Amlogic-no.aarch64-22/toolchain/lib\" -I.. -I/work/build.CoreELEC-Amlogic-no.aarch64-22/build/binutils-2.47/gprofng/src -I/work/build.CoreELEC-Amlogic-no.aarch64-22/build/binutils-2.47/gprofng/src/../common -I/work/build.CoreELEC-Amlogic-no.aarch64-22/build/binutils-2.47/gprofng/src/../../include -I/work/build.CoreELEC-Amlogic-no.aarch64-22/build/binutils-2.47/gprofng/src/../../opcodes -I../../bfd -I/work/build.CoreELEC-Amlogic-no.aarch64-22/build/binutils-2.47/gprofng/src/../../bfd -I/work/build.CoreELEC-Amlogic-no.aarch64-22/build/binutils-2.47/gprofng/../zlib  -Wall -pthread -Wno-switch -fno-lto -g -O2     -MT gmon_hist.lo -MD -MP -MF $depbase.Tpo -c -o gmon_hist.lo /work/build.CoreELEC-Amlogic-no.aarch64-22/build/binutils-2.47/gprofng/src/gmon_hist.cc &&\
mv -f $depbase.Tpo $depbase.Plo
depbase=`echo gmon_symtab.lo | sed 's|[^/]*$|.deps/&|;s|\.lo$||'`;\
/bin/dash ../libtool  --tag=CXX   --mode=compile /work/build.CoreELEC-Amlogic-no.aarch64-22/toolchain/bin/host-g++ -DHAVE_CONFIG_H -I. -I/work/build.CoreELEC-Amlogic-no.aarch64-22/build/binutils-2.47/gprofng/src -I..  -U_ASM -DLOCALEDIR=\"/work/build.CoreELEC-Amlogic-no.aarch64-22/toolchain/share/locale\" -DSYSCONFDIR=\"/work/build.CoreELEC-Amlogic-no.aarch64-22/toolchain/etc\" -DLIBDIR=\"/work/build.CoreELEC-Amlogic-no.aarch64-22/toolchain/lib\" -I.. -I/work/build.CoreELEC-Amlogic-no.aarch64-22/build/binutils-2.47/gprofng/src -I/work/build.CoreELEC-Amlogic-no.aarch64-22/build/binutils-2.47/gprofng/src/../common -I/work/build.CoreELEC-Amlogic-no.aarch64-22/build/binutils-2.47/gprofng/src/../../include -I/work/build.CoreELEC-Amlogic-no.aarch64-22/build/binutils-2.47/gprofng/src/../../opcodes -I../../bfd -I/work/build.CoreELEC-Amlogic-no.aarch64-22/build/binutils-2.47/gprofng/src/../../bfd -I/work/build.CoreELEC-Amlogic-no.aarch64-22/build/binutils-2.47/gprofng/../zlib  -Wall -pthread -Wno-switch -fno-lto -g -O2     -MT gmon_symtab.lo -MD -MP -MF $depbase.Tpo -c -o gmon_symtab.lo /work/build.CoreELEC-Amlogic-no.aarch64-22/build/binutils-2.47/gprofng/src/gmon_symtab.cc &&\
mv -f $depbase.Tpo $depbase.Plo
  CXX      dwp.o
depbase=`echo gmon_cg_arcs.lo | sed 's|[^/]*$|.deps/&|;s|\.lo$||'`;\
/bin/dash ../libtool  --tag=CXX   --mode=compile /work/build.CoreELEC-Amlogic-no.aarch64-22/toolchain/bin/host-g++ -DHAVE_CONFIG_H -I. -I/work/build.CoreELEC-Amlogic-no.aarch64-22/build/binutils-2.47/gprofng/src -I..  -U_ASM -DLOCALEDIR=\"/work/build.CoreELEC-Amlogic-no.aarch64-22/toolchain/share/locale\" -DSYSCONFDIR=\"/work/build.CoreELEC-Amlogic-no.aarch64-22/toolchain/etc\" -DLIBDIR=\"/work/build.CoreELEC-Amlogic-no.aarch64-22/toolchain/lib\" -I.. -I/work/build.CoreELEC-Amlogic-no.aarch64-22/build/binutils-2.47/gprofng/src -I/work/build.CoreELEC-Amlogic-no.aarch64-22/build/binutils-2.47/gprofng/src/../common -I/work/build.CoreELEC-Amlogic-no.aarch64-22/build/binutils-2.47/gprofng/src/../../include -I/work/build.CoreELEC-Amlogic-no.aarch64-22/build/binutils-2.47/gprofng/src/../../opcodes -I../../bfd -I/work/build.CoreELEC-Amlogic-no.aarch64-22/build/binutils-2.47/gprofng/src/../../bfd -I/work/build.CoreELEC-Amlogic-no.aarch64-22/build/binutils-2.47/gprofng/../zlib  -Wall -pthread -Wno-switch -fno-lto -g -O2     -MT gmon_cg_arcs.lo -MD -MP -MF $depbase.Tpo -c -o gmon_cg_arcs.lo /work/build.CoreELEC-Amlogic-no.aarch64-22/build/binutils-2.47/gprofng/src/gmon_cg_arcs.cc &&\
mv -f $depbase.Tpo $depbase.Plo
depbase=`echo gmon_corefile.lo | sed 's|[^/]*$|.deps/&|;s|\.lo$||'`;\
/bin/dash ../libtool  --tag=CXX   --mode=compile /work/build.CoreELEC-Amlogic-no.aarch64-22/toolchain/bin/host-g++ -DHAVE_CONFIG_H -I. -I/work/build.CoreELEC-Amlogic-no.aarch64-22/build/binutils-2.47/gprofng/src -I..  -U_ASM -DLOCALEDIR=\"/work/build.CoreELEC-Amlogic-no.aarch64-22/toolchain/share/locale\" -DSYSCONFDIR=\"/work/build.CoreELEC-Amlogic-no.aarch64-22/toolchain/etc\" -DLIBDIR=\"/work/build.CoreELEC-Amlogic-no.aarch64-22/toolchain/lib\" -I.. -I/work/build.CoreELEC-Amlogic-no.aarch64-22/build/binutils-2.47/gprofng/src -I/work/build.CoreELEC-Amlogic-no.aarch64-22/build/binutils-2.47/gprofng/src/../common -I/work/build.CoreELEC-Amlogic-no.aarch64-22/build/binutils-2.47/gprofng/src/../../include -I/work/build.CoreELEC-Amlogic-no.aarch64-22/build/binutils-2.47/gprofng/src/../../opcodes -I../../bfd -I/work/build.CoreELEC-Amlogic-no.aarch64-22/build/binutils-2.47/gprofng/src/../../bfd -I/work/build.CoreELEC-Amlogic-no.aarch64-22/build/binutils-2.47/gprofng/../zlib  -Wall -pthread -Wno-switch -fno-lto -g -O2     -MT gmon_corefile.lo -MD -MP -MF $depbase.Tpo -c -o gmon_corefile.lo /work/build.CoreELEC-Amlogic-no.aarch64-22/build/binutils-2.47/gprofng/src/gmon_corefile.cc &&\
mv -f $depbase.Tpo $depbase.Plo
libtool: compile:  /work/build.CoreELEC-Amlogic-no.aarch64-22/toolchain/bin/host-g++ -DHAVE_CONFIG_H -I. -I/work/build.CoreELEC-Amlogic-no.aarch64-22/build/binutils-2.47/gprofng/src -I.. -U_ASM -DLOCALEDIR=\"/work/build.CoreELEC-Amlogic-no.aarch64-22/toolchain/share/locale\" -DSYSCONFDIR=\"/work/build.CoreELEC-Amlogic-no.aarch64-22/toolchain/etc\" -DLIBDIR=\"/work/build.CoreELEC-Amlogic-no.aarch64-22/toolchain/lib\" -I.. -I/work/build.CoreELEC-Amlogic-no.aarch64-22/build/binutils-2.47/gprofng/src -I/work/build.CoreELEC-Amlogic-no.aarch64-22/build/binutils-2.47/gprofng/src/../common -I/work/build.CoreELEC-Amlogic-no.aarch64-22/build/binutils-2.47/gprofng/src/../../include -I/work/build.CoreELEC-Amlogic-no.aarch64-22/build/binutils-2.47/gprofng/src/../../opcodes -I../../bfd -I/work/build.CoreELEC-Amlogic-no.aarch64-22/build/binutils-2.47/gprofng/src/../../bfd -I/work/build.CoreELEC-Amlogic-no.aarch64-22/build/binutils-2.47/gprofng/../zlib -Wall -pthread -Wno-switch -fno-lto -g -O2 -MT gmon_call_graph.lo -MD -MP -MF .deps/gmon_call_graph.Tpo -c /work/build.CoreELEC-Amlogic-no.aarch64-22/build/binutils-2.47/gprofng/src/gmon_call_graph.cc  -fPIC -DPIC -o .libs/gmon_call_graph.o
/bin/dash ../libtool  --tag=CC   --mode=compile /work/build.CoreELEC-Amlogic-no.aarch64-22/toolchain/bin/host-gcc -DHAVE_CONFIG_H -I. -I/work/build.CoreELEC-Amlogic-no.aarch64-22/build/binutils-2.47/gprofng/src -I..  -U_ASM -DLOCALEDIR=\"/work/build.CoreELEC-Amlogic-no.aarch64-22/toolchain/share/locale\" -DSYSCONFDIR=\"/work/build.CoreELEC-Amlogic-no.aarch64-22/toolchain/etc\" -DLIBDIR=\"/work/build.CoreELEC-Amlogic-no.aarch64-22/toolchain/lib\" -I.. -I/work/build.CoreELEC-Amlogic-no.aarch64-22/build/binutils-2.47/gprofng/src -I/work/build.CoreELEC-Amlogic-no.aarch64-22/build/binutils-2.47/gprofng/src/../common -I/work/build.CoreELEC-Amlogic-no.aarch64-22/build/binutils-2.47/gprofng/src/../../include -I/work/build.CoreELEC-Amlogic-no.aarch64-22/build/binutils-2.47/gprofng/src/../../opcodes -I../../bfd -I/work/build.CoreELEC-Amlogic-no.aarch64-22/build/binutils-2.47/gprofng/src/../../bfd -I/work/build.CoreELEC-Amlogic-no.aarch64-22/build/binutils-2.47/gprofng/../zlib  -Wall -pthread -Wno-switch -fno-lto -fno-lto -g -O2     -MT libgprofng_la-dbe_hwcdrv.lo -MD -MP -MF .deps/libgprofng_la-dbe_hwcdrv.Tpo -c -o libgprofng_la-dbe_hwcdrv.lo `test -f 'dbe_hwcdrv.c' || echo '/work/build.CoreELEC-Amlogic-no.aarch64-22/build/binutils-2.47/gprofng/src/'`dbe_hwcdrv.c
  CXX      x86_64.o
/bin/dash ../libtool  --tag=CC   --mode=compile /work/build.CoreELEC-Amlogic-no.aarch64-22/toolchain/bin/host-gcc -DHAVE_CONFIG_H -I. -I/work/build.CoreELEC-Amlogic-no.aarch64-22/build/binutils-2.47/gprofng/src -I..  -U_ASM -DLOCALEDIR=\"/work/build.CoreELEC-Amlogic-no.aarch64-22/toolchain/share/locale\" -DSYSCONFDIR=\"/work/build.CoreELEC-Amlogic-no.aarch64-22/toolchain/etc\" -DLIBDIR=\"/work/build.CoreELEC-Amlogic-no.aarch64-22/toolchain/lib\" -I.. -I/work/build.CoreELEC-Amlogic-no.aarch64-22/build/binutils-2.47/gprofng/src -I/work/build.CoreELEC-Amlogic-no.aarch64-22/build/binutils-2.47/gprofng/src/../common -I/work/build.CoreELEC-Amlogic-no.aarch64-22/build/binutils-2.47/gprofng/src/../../include -I/work/build.CoreELEC-Amlogic-no.aarch64-22/build/binutils-2.47/gprofng/src/../../opcodes -I../../bfd -I/work/build.CoreELEC-Amlogic-no.aarch64-22/build/binutils-2.47/gprofng/src/../../bfd -I/work/build.CoreELEC-Amlogic-no.aarch64-22/build/binutils-2.47/gprofng/../zlib  -Wall -pthread -Wno-switch -fno-lto -fno-lto -g -O2     -MT libgprofng_la-dbe_hwcfuncs.lo -MD -MP -MF .deps/libgprofng_la-dbe_hwcfuncs.Tpo -c -o libgprofng_la-dbe_hwcfuncs.lo `test -f 'dbe_hwcfuncs.c' || echo '/work/build.CoreELEC-Amlogic-no.aarch64-22/build/binutils-2.47/gprofng/src/'`dbe_hwcfuncs.c
/usr/bin/ld: elfcomm.o: warning: relocation against `program_name' in read-only section `.text'
/usr/bin/ld: /usr/lib/gcc/x86_64-linux-gnu/14/../../../x86_64-linux-gnu/Scrt1.o: in function `_start':
(.text+0x17): undefined reference to `main'
/usr/bin/ld: libtool: compile:  /work/build.CoreELEC-Amlogic-no.aarch64-22/toolchain/bin/host-g++ -DHAVE_CONFIG_H -I. -I/work/build.CoreELEC-Amlogic-no.aarch64-22/build/binutils-2.47/gprofng/src -I.. -U_ASM -DLOCALEDIR=\"/work/build.CoreELEC-Amlogic-no.aarch64-22/toolchain/share/locale\" -DSYSCONFDIR=\"/work/build.CoreELEC-Amlogic-no.aarch64-22/toolchain/etc\" -DLIBDIR=\"/work/build.CoreELEC-Amlogic-no.aarch64-22/toolchain/lib\" -I.. -I/work/build.CoreELEC-Amlogic-no.aarch64-22/build/binutils-2.47/gprofng/src -I/work/build.CoreELEC-Amlogic-no.aarch64-22/build/binutils-2.47/gprofng/src/../common -I/work/build.CoreELEC-Amlogic-no.aarch64-22/build/binutils-2.47/gprofng/src/../../include -I/work/build.CoreELEC-Amlogic-no.aarch64-22/build/binutils-2.47/gprofng/src/../../opcodes -I../../bfd -I/work/build.CoreELEC-Amlogic-no.aarch64-22/build/binutils-2.47/gprofng/src/../../bfd -I/work/build.CoreELEC-Amlogic-no.aarch64-22/build/binutils-2.47/gprofng/../zlib -Wall -pthread -Wno-switch -fno-lto -g -O2 -MT gmon_hist.lo -MD -MP -MF .deps/gmon_hist.Tpo -c /work/build.CoreELEC-Amlogic-no.aarch64-22/build/binutils-2.47/gprofng/src/gmon_hist.cc  -fPIC -DPIC -o .libs/gmon_hist.o
  CXX      sparc.o
libtool: compile:  /work/build.CoreELEC-Amlogic-no.aarch64-22/toolchain/bin/host-g++ -DHAVE_CONFIG_H -I. -I/work/build.CoreELEC-Amlogic-no.aarch64-22/build/binutils-2.47/gprofng/src -I.. -U_ASM -DLOCALEDIR=\"/work/build.CoreELEC-Amlogic-no.aarch64-22/toolchain/share/locale\" -DSYSCONFDIR=\"/work/build.CoreELEC-Amlogic-no.aarch64-22/toolchain/etc\" -DLIBDIR=\"/work/build.CoreELEC-Amlogic-no.aarch64-22/toolchain/lib\" -I.. -I/work/build.CoreELEC-Amlogic-no.aarch64-22/build/binutils-2.47/gprofng/src -I/work/build.CoreELEC-Amlogic-no.aarch64-22/build/binutils-2.47/gprofng/src/../common -I/work/build.CoreELEC-Amlogic-no.aarch64-22/build/binutils-2.47/gprofng/src/../../include -I/work/build.CoreELEC-Amlogic-no.aarch64-22/build/binutils-2.47/gprofng/src/../../opcodes -I../../bfd -I/work/build.CoreELEC-Amlogic-no.aarch64-22/build/binutils-2.47/gprofng/src/../../bfd -I/work/build.CoreELEC-Amlogic-no.aarch64-22/build/binutils-2.47/gprofng/../zlib -Wall -pthread -Wno-switch -fno-lto -g -O2 -MT gmon_corefile.lo -MD -MP -MF .deps/gmon_corefile.Tpo -c /work/build.CoreELEC-Amlogic-no.aarch64-22/build/binutils-2.47/gprofng/src/gmon_corefile.cc  -fPIC -DPIC -o .libs/gmon_corefile.o
libtool: compile:  /work/build.CoreELEC-Amlogic-no.aarch64-22/toolchain/bin/host-g++ -DHAVE_CONFIG_H -I. -I/work/build.CoreELEC-Amlogic-no.aarch64-22/build/binutils-2.47/gprofng/src -I.. -U_ASM -DLOCALEDIR=\"/work/build.CoreELEC-Amlogic-no.aarch64-22/toolchain/share/locale\" -DSYSCONFDIR=\"/work/build.CoreELEC-Amlogic-no.aarch64-22/toolchain/etc\" -DLIBDIR=\"/work/build.CoreELEC-Amlogic-no.aarch64-22/toolchain/lib\" -I.. -I/work/build.CoreELEC-Amlogic-no.aarch64-22/build/binutils-2.47/gprofng/src -I/work/build.CoreELEC-Amlogic-no.aarch64-22/build/binutils-2.47/gprofng/src/../common -I/work/build.CoreELEC-Amlogic-no.aarch64-22/build/binutils-2.47/gprofng/src/../../include -I/work/build.CoreELEC-Amlogic-no.aarch64-22/build/binutils-2.47/gprofng/src/../../opcodes -I../../bfd -I/work/build.CoreELEC-Amlogic-no.aarch64-22/build/binutils-2.47/gprofng/src/../../bfd -I/work/build.CoreELEC-Amlogic-no.aarch64-22/build/binutils-2.47/gprofng/../zlib -Wall -pthread -Wno-switch -fno-lto -g -O2 -MT gmon_symtab.lo -MD -MP -MF .deps/gmon_symtab.Tpo -c /work/build.CoreELEC-Amlogic-no.aarch64-22/build/binutils-2.47/gprofng/src/gmon_symtab.cc  -fPIC -DPIC -o .libs/gmon_symtab.o
/bin/dash ../libtool  --tag=CC   --mode=compile /work/build.CoreELEC-Amlogic-no.aarch64-22/toolchain/bin/host-gcc -DHAVE_CONFIG_H -I. -I/work/build.CoreELEC-Amlogic-no.aarch64-22/build/binutils-2.47/gprofng/src -I..  -U_ASM -DLOCALEDIR=\"/work/build.CoreELEC-Amlogic-no.aarch64-22/toolchain/share/locale\" -DSYSCONFDIR=\"/work/build.CoreELEC-Amlogic-no.aarch64-22/toolchain/etc\" -DLIBDIR=\"/work/build.CoreELEC-Amlogic-no.aarch64-22/toolchain/lib\" -I.. -I/work/build.CoreELEC-Amlogic-no.aarch64-22/build/binutils-2.47/gprofng/src -I/work/build.CoreELEC-Amlogic-no.aarch64-22/build/binutils-2.47/gprofng/src/../common -I/work/build.CoreELEC-Amlogic-no.aarch64-22/build/binutils-2.47/gprofng/src/../../include -I/work/build.CoreELEC-Amlogic-no.aarch64-22/build/binutils-2.47/gprofng/src/../../opcodes -I../../bfd -I/work/build.CoreELEC-Amlogic-no.aarch64-22/build/binutils-2.47/gprofng/src/../../bfd -I/work/build.CoreELEC-Amlogic-no.aarch64-22/build/binutils-2.47/gprofng/../zlib  -Wall -pthread -Wno-switch -fno-lto -fno-lto -g -O2     -MT libgprofng_la-dbe_hwctable.lo -MD -MP -MF .deps/libgprofng_la-dbe_hwctable.Tpo -c -o libgprofng_la-dbe_hwctable.lo `test -f 'dbe_hwctable.c' || echo '/work/build.CoreELEC-Amlogic-no.aarch64-22/build/binutils-2.47/gprofng/src/'`dbe_hwctable.c
libtool: compile:  /work/build.CoreELEC-Amlogic-no.aarch64-22/toolchain/bin/host-g++ -DHAVE_CONFIG_H -I. -I/work/build.CoreELEC-Amlogic-no.aarch64-22/build/binutils-2.47/gprofng/src -I.. -U_ASM -DLOCALEDIR=\"/work/build.CoreELEC-Amlogic-no.aarch64-22/toolchain/share/locale\" -DSYSCONFDIR=\"/work/build.CoreELEC-Amlogic-no.aarch64-22/toolchain/etc\" -DLIBDIR=\"/work/build.CoreELEC-Amlogic-no.aarch64-22/toolchain/lib\" -I.. -I/work/build.CoreELEC-Amlogic-no.aarch64-22/build/binutils-2.47/gprofng/src -I/work/build.CoreELEC-Amlogic-no.aarch64-22/build/binutils-2.47/gprofng/src/../common -I/work/build.CoreELEC-Amlogic-no.aarch64-22/build/binutils-2.47/gprofng/src/../../include -I/work/build.CoreELEC-Amlogic-no.aarch64-22/build/binutils-2.47/gprofng/src/../../opcodes -I../../bfd -I/work/build.CoreELEC-Amlogic-no.aarch64-22/build/binutils-2.47/gprofng/src/../../bfd -I/work/build.CoreELEC-Amlogic-no.aarch64-22/build/binutils-2.47/gprofng/../zlib -Wall -pthread -Wno-switch -fno-lto -g -O2 -MT gmon_cg_arcs.lo -MD -MP -MF .deps/gmon_cg_arcs.Tpo -c /work/build.CoreELEC-Amlogic-no.aarch64-22/build/binutils-2.47/gprofng/src/gmon_cg_arcs.cc  -fPIC -DPIC -o .libs/gmon_cg_arcs.o
libtool: compile:  /work/build.CoreELEC-Amlogic-no.aarch64-22/toolchain/bin/host-gcc -DHAVE_CONFIG_H -I. -I/work/build.CoreELEC-Amlogic-no.aarch64-22/build/binutils-2.47/gprofng/src -I.. -U_ASM -DLOCALEDIR=\"/work/build.CoreELEC-Amlogic-no.aarch64-22/toolchain/share/locale\" -DSYSCONFDIR=\"/work/build.CoreELEC-Amlogic-no.aarch64-22/toolchain/etc\" -DLIBDIR=\"/work/build.CoreELEC-Amlogic-no.aarch64-22/toolchain/lib\" -I.. -I/work/build.CoreELEC-Amlogic-no.aarch64-22/build/binutils-2.47/gprofng/src -I/work/build.CoreELEC-Amlogic-no.aarch64-22/build/binutils-2.47/gprofng/src/../common -I/work/build.CoreELEC-Amlogic-no.aarch64-22/build/binutils-2.47/gprofng/src/../../include -I/work/build.CoreELEC-Amlogic-no.aarch64-22/build/binutils-2.47/gprofng/src/../../opcodes -I../../bfd -I/work/build.CoreELEC-Amlogic-no.aarch64-22/build/binutils-2.47/gprofng/src/../../bfd -I/work/build.CoreELEC-Amlogic-no.aarch64-22/build/binutils-2.47/gprofng/../zlib -Wall -pthread -Wno-switch -fno-lto -fno-lto -g -O2 -MT libgprofng_la-dbe_hwcfuncs.lo -MD -MP -MF .deps/libgprofng_la-dbe_hwcfuncs.Tpo -c /work/build.CoreELEC-Amlogic-no.aarch64-22/build/binutils-2.47/gprofng/src/dbe_hwcfuncs.c  -fPIC -DPIC -o .libs/libgprofng_la-dbe_hwcfuncs.o
libtool: compile:  /work/build.CoreELEC-Amlogic-no.aarch64-22/toolchain/bin/host-gcc -DHAVE_CONFIG_H -I. -I/work/build.CoreELEC-Amlogic-no.aarch64-22/build/binutils-2.47/gprofng/src -I.. -U_ASM -DLOCALEDIR=\"/work/build.CoreELEC-Amlogic-no.aarch64-22/toolchain/share/locale\" -DSYSCONFDIR=\"/work/build.CoreELEC-Amlogic-no.aarch64-22/toolchain/etc\" -DLIBDIR=\"/work/build.CoreELEC-Amlogic-no.aarch64-22/toolchain/lib\" -I.. -I/work/build.CoreELEC-Amlogic-no.aarch64-22/build/binutils-2.47/gprofng/src -I/work/build.CoreELEC-Amlogic-no.aarch64-22/build/binutils-2.47/gprofng/src/../common -I/work/build.CoreELEC-Amlogic-no.aarch64-22/build/binutils-2.47/gprofng/src/../../include -I/work/build.CoreELEC-Amlogic-no.aarch64-22/build/binutils-2.47/gprofng/src/../../opcodes -I../../bfd -I/work/build.CoreELEC-Amlogic-no.aarch64-22/build/binutils-2.47/gprofng/src/../../bfd -I/work/build.CoreELEC-Amlogic-no.aarch64-22/build/binutils-2.47/gprofng/../zlib -Wall -pthread -Wno-switch -fno-lto -fno-lto -g -O2 -MT libgprofng_la-dbe_hwcdrv.lo -MD -MP -MF .deps/libgprofng_la-dbe_hwcdrv.Tpo -c /work/build.CoreELEC-Amlogic-no.aarch64-22/build/binutils-2.47/gprofng/src/dbe_hwcdrv.c  -fPIC -DPIC -o .libs/libgprofng_la-dbe_hwcdrv.o
dwarf.o: in function `load_debug_section_with_follow':
/work/build.CoreELEC-Amlogic-no.aarch64-22/build/binutils-2.47/binutils/dwarf.c:4758:(.text+0x16c): undefined reference to `load_debug_section'
/usr/bin/ld: /work/build.CoreELEC-Amlogic-no.aarch64-22/build/binutils-2.47/binutils/dwarf.c:4782:(.text+0x19f): undefined reference to `load_debug_section'
/usr/bin/ld: dwarf.o: in function `check_gnu_debugaltlink':
/work/build.CoreELEC-Amlogic-no.aarch64-22/build/binutils-2.47/binutils/dwarf.c:13222:(.text+0x10e5): undefined reference to `open_debug_file'
/usr/bin/ld: /work/build.CoreELEC-Amlogic-no.aarch64-22/build/binutils-2.47/binutils/dwarf.c:13230:(.text+0x10f4): undefined reference to `close_debug_file'
/usr/bin/ld: dwarf.o: in function `fetch_alt_indirect_string':
/work/build.CoreELEC-Amlogic-no.aarch64-22/build/binutils-2.47/binutils/dwarf.c:1951:(.text+0x25c4): undefined reference to `load_debug_section'
/usr/bin/ld: dwarf.o: in function `check_gnu_debuglink':
/work/build.CoreELEC-Amlogic-no.aarch64-22/build/binutils-2.47/binutils/dwarf.c:13167:(.text+0x28cb): undefined reference to `open_debug_file'
/usr/bin/ld: /work/build.CoreELEC-Amlogic-no.aarch64-22/build/binutils-2.47/binutils/dwarf.c:13185:(.text+0x2974): undefined reference to `close_debug_file'
/usr/bin/ld: /work/build.CoreELEC-Amlogic-no.aarch64-22/build/binutils-2.47/binutils/dwarf.c:13176:(.text+0x29bd): undefined reference to `close_debug_file'
/usr/bin/ld: dwarf.o: in function `load_separate_debug_info':
/work/build.CoreELEC-Amlogic-no.aarch64-22/build/binutils-2.47/binutils/dwarf.c:13546:(.text+0x379e): undefined reference to `open_debug_file'
/usr/bin/ld: dwarf.o: in function `check_for_and_load_links':
/work/build.CoreELEC-Amlogic-no.aarch64-22/build/binutils-2.47/binutils/dwarf.c:13768:(.text+0x3abd): undefined reference to `load_debug_section'
/usr/bin/ld: /work/build.CoreELEC-Amlogic-no.aarch64-22/build/binutils-2.47/binutils/dwarf.c:13786:(.text+0x3b11): undefined reference to `load_debug_section'
/usr/bin/ld: dwarf.o: in function `load_debug_sup_file':
/work/build.CoreELEC-Amlogic-no.aarch64-22/build/binutils-2.47/binutils/dwarf.c:13711:(.text+0x3b65): undefined reference to `load_debug_section'
/usr/bin/ld: /work/build.CoreELEC-Amlogic-no.aarch64-22/build/binutils-2.47/binutils/dwarf.c:13744:(.text+0x3c06): undefined reference to `open_debug_file'
/usr/bin/ld: dwarf.o: in function `load_build_id_debug_file':
/work/build.CoreELEC-Amlogic-no.aarch64-22/build/binutils-2.47/binutils/dwarf.c:13620:(.text+0x3c59): undefined reference to `load_debug_section'
/usr/bin/ld: dwarf.o: in function `try_build_id_prefix':
/work/build.CoreELEC-Amlogic-no.aarch64-22/build/binutils-2.47/binutils/dwarf.c:13612:(.text+0x3d51): undefined reference to `open_debug_file'
/usr/bin/ld: dwarf.o: in function `read_debug_line_header':
/work/build.CoreELEC-Amlogic-no.aarch64-22/build/binutils-2.47/binutils/dwarf.c:5707:(.text+0x4262): undefined reference to `reloc_at'
/usr/bin/ld: dwarf.o: in function `display_debug_loc':
/work/build.CoreELEC-Amlogic-no.aarch64-22/build/binutils-2.47/binutils/dwarf.c:8714:(.text+0x170a1): undefined reference to `reloc_at'
/usr/bin/ld: dwarf.o: in function `display_loc_list':
/work/build.CoreELEC-Amlogic-no.aarch64-22/build/binutils-2.47/binutils/dwarf.c:8046:(.text+0x18aa2): undefined reference to `reloc_at'
/usr/bin/ld: /work/build.CoreELEC-Amlogic-no.aarch64-22/build/binutils-2.47/binutils/dwarf.c:8047:(.text+0x18abd): undefined reference to `reloc_at'
/usr/bin/ld: dwarf.o: in function `load_separate_debug_files':
/work/build.CoreELEC-Amlogic-no.aarch64-22/build/binutils-2.47/binutils/dwarf.c:13822:(.text+0x21dcf): undefined reference to `load_debug_section'
/usr/bin/ld: /work/build.CoreELEC-Amlogic-no.aarch64-22/build/binutils-2.47/binutils/dwarf.c:13823:(.text+0x21e26): undefined reference to `load_debug_section'
/usr/bin/ld: /work/build.CoreELEC-Amlogic-no.aarch64-22/build/binutils-2.47/binutils/dwarf.c:13824:(.text+0x21e37): undefined reference to `load_debug_section'
/usr/bin/ld: /work/build.CoreELEC-Amlogic-no.aarch64-22/build/binutils-2.47/binutils/dwarf.c:13827:(.text+0x21e48): undefined reference to `load_debug_section'
/usr/bin/ld: /work/build.CoreELEC-Amlogic-no.aarch64-22/build/binutils-2.47/binutils/dwarf.c:13829:(.text+0x21e55): undefined reference to `load_debug_section'
/usr/bin/ld: dwarf.o:/work/build.CoreELEC-Amlogic-no.aarch64-22/build/binutils-2.47/binutils/dwarf.c:13831: more undefined references to `load_debug_section' follow
/usr/bin/ld: dwarf.o: in function `load_dwo_file':
/work/build.CoreELEC-Amlogic-no.aarch64-22/build/binutils-2.47/binutils/dwarf.c:13585:(.text+0x220af): undefined reference to `open_debug_file'
/usr/bin/ld: dwarf.o: in function `free_debug_memory':
/work/build.CoreELEC-Amlogic-no.aarch64-22/build/binutils-2.47/binutils/dwarf.c:13948:(.text+0x224a6): undefined reference to `free_debug_section'
/usr/bin/ld: /work/build.CoreELEC-Amlogic-no.aarch64-22/build/binutils-2.47/binutils/dwarf.c:13964:(.text+0x22564): undefined reference to `close_debug_file'
/usr/bin/ld: elfcomm.o: in function `error':
/work/build.CoreELEC-Amlogic-no.aarch64-22/build/binutils-2.47/binutils/elfcomm.c:47:(.text+0x76): undefined reference to `program_name'
/usr/bin/ld: elfcomm.o: in function `warn':
/work/build.CoreELEC-Amlogic-no.aarch64-22/build/binutils-2.47/binutils/elfcomm.c:61:(.text+0x146): undefined reference to `program_name'
/usr/bin/ld: elfcomm.o: in function `inform':
/work/build.CoreELEC-Amlogic-no.aarch64-22/build/binutils-2.47/binutils/elfcomm.c:75:(.text+0x216): undefined reference to `program_name'
/usr/bin/ld: warning: creating DT_TEXTREL in a PIE
libtool: compile:  /work/build.CoreELEC-Amlogic-no.aarch64-22/toolchain/bin/host-gcc -DHAVE_CONFIG_H -I. -I/work/build.CoreELEC-Amlogic-no.aarch64-22/build/binutils-2.47/gprofng/src -I.. -U_ASM -DLOCALEDIR=\"/work/build.CoreELEC-Amlogic-no.aarch64-22/toolchain/share/locale\" -DSYSCONFDIR=\"/work/build.CoreELEC-Amlogic-no.aarch64-22/toolchain/etc\" -DLIBDIR=\"/work/build.CoreELEC-Amlogic-no.aarch64-22/toolchain/lib\" -I.. -I/work/build.CoreELEC-Amlogic-no.aarch64-22/build/binutils-2.47/gprofng/src -I/work/build.CoreELEC-Amlogic-no.aarch64-22/build/binutils-2.47/gprofng/src/../common -I/work/build.CoreELEC-Amlogic-no.aarch64-22/build/binutils-2.47/gprofng/src/../../include -I/work/build.CoreELEC-Amlogic-no.aarch64-22/build/binutils-2.47/gprofng/src/../../opcodes -I../../bfd -I/work/build.CoreELEC-Amlogic-no.aarch64-22/build/binutils-2.47/gprofng/src/../../bfd -I/work/build.CoreELEC-Amlogic-no.aarch64-22/build/binutils-2.47/gprofng/../zlib -Wall -pthread -Wno-switch -fno-lto -fno-lto -g -O2 -MT libgprofng_la-dbe_hwctable.lo -MD -MP -MF .deps/libgprofng_la-dbe_hwctable.Tpo -c /work/build.CoreELEC-Amlogic-no.aarch64-22/build/binutils-2.47/gprofng/src/dbe_hwctable.c  -fPIC -DPIC -o .libs/libgprofng_la-dbe_hwctable.o
collect2: error: ld returned 1 exit status
make[5]: *** [Makefile:1063: readelf] Error 1
make[5]: *** Waiting for unfinished jobs....
/bin/dash ../libtool  --tag=CC   --mode=compile /work/build.CoreELEC-Amlogic-no.aarch64-22/toolchain/bin/host-gcc -DHAVE_CONFIG_H -I. -I/work/build.CoreELEC-Amlogic-no.aarch64-22/build/binutils-2.47/gprofng/src -I..  -U_ASM -DLOCALEDIR=\"/work/build.CoreELEC-Amlogic-no.aarch64-22/toolchain/share/locale\" -DSYSCONFDIR=\"/work/build.CoreELEC-Amlogic-no.aarch64-22/toolchain/etc\" -DLIBDIR=\"/work/build.CoreELEC-Amlogic-no.aarch64-22/toolchain/lib\" -I.. -I/work/build.CoreELEC-Amlogic-no.aarch64-22/build/binutils-2.47/gprofng/src -I/work/build.CoreELEC-Amlogic-no.aarch64-22/build/binutils-2.47/gprofng/src/../common -I/work/build.CoreELEC-Amlogic-no.aarch64-22/build/binutils-2.47/gprofng/src/../../include -I/work/build.CoreELEC-Amlogic-no.aarch64-22/build/binutils-2.47/gprofng/src/../../opcodes -I../../bfd -I/work/build.CoreELEC-Amlogic-no.aarch64-22/build/binutils-2.47/gprofng/src/../../bfd -I/work/build.CoreELEC-Amlogic-no.aarch64-22/build/binutils-2.47/gprofng/../zlib  -Wall -pthread -Wno-switch -fno-lto -fno-lto -g -O2     -MT libgprofng_la-gethrtime.lo -MD -MP -MF .deps/libgprofng_la-gethrtime.Tpo -c -o libgprofng_la-gethrtime.lo `test -f 'gethrtime.c' || echo '/work/build.CoreELEC-Amlogic-no.aarch64-22/build/binutils-2.47/gprofng/src/'`gethrtime.c
make[5]: Leaving directory '/work/build.CoreELEC-Amlogic-no.aarch64-22/build/binutils-2.47/.x86_64-linux-gnu/binutils'
make[4]: *** [Makefile:1446: all-recursive] Error 1
make[4]: Leaving directory '/work/build.CoreELEC-Amlogic-no.aarch64-22/build/binutils-2.47/.x86_64-linux-gnu/binutils'
make[3]: *** [Makefile:889: all] Error 2
make[3]: Leaving directory '/work/build.CoreELEC-Amlogic-no.aarch64-22/build/binutils-2.47/.x86_64-linux-gnu/binutils'
make[2]: *** [Makefile:4123: all-binutils] Error 2
make[2]: *** Waiting for unfinished jobs....
depbase=`echo gp-archive.o | sed 's|[^/]*$|.deps/&|;s|\.o$||'`;\
/work/build.CoreELEC-Amlogic-no.aarch64-22/toolchain/bin/host-g++ -DHAVE_CONFIG_H -I. -I/work/build.CoreELEC-Amlogic-no.aarch64-22/build/binutils-2.47/gprofng/src -I..  -U_ASM -DLOCALEDIR=\"/work/build.CoreELEC-Amlogic-no.aarch64-22/toolchain/share/locale\" -DSYSCONFDIR=\"/work/build.CoreELEC-Amlogic-no.aarch64-22/toolchain/etc\" -DLIBDIR=\"/work/build.CoreELEC-Amlogic-no.aarch64-22/toolchain/lib\" -I.. -I/work/build.CoreELEC-Amlogic-no.aarch64-22/build/binutils-2.47/gprofng/src -I/work/build.CoreELEC-Amlogic-no.aarch64-22/build/binutils-2.47/gprofng/src/../common -I/work/build.CoreELEC-Amlogic-no.aarch64-22/build/binutils-2.47/gprofng/src/../../include -I/work/build.CoreELEC-Amlogic-no.aarch64-22/build/binutils-2.47/gprofng/src/../../opcodes -I../../bfd -I/work/build.CoreELEC-Amlogic-no.aarch64-22/build/binutils-2.47/gprofng/src/../../bfd -I/work/build.CoreELEC-Amlogic-no.aarch64-22/build/binutils-2.47/gprofng/../zlib  -Wall -pthread -Wno-switch -fno-lto -g -O2     -MT gp-archive.o -MD -MP -MF $depbase.Tpo -c -o gp-archive.o /work/build.CoreELEC-Amlogic-no.aarch64-22/build/binutils-2.47/gprofng/src/gp-archive.cc &&\
mv -f $depbase.Tpo $depbase.Po
libtool: compile:  /work/build.CoreELEC-Amlogic-no.aarch64-22/toolchain/bin/host-gcc -DHAVE_CONFIG_H -I. -I/work/build.CoreELEC-Amlogic-no.aarch64-22/build/binutils-2.47/gprofng/src -I.. -U_ASM -DLOCALEDIR=\"/work/build.CoreELEC-Amlogic-no.aarch64-22/toolchain/share/locale\" -DSYSCONFDIR=\"/work/build.CoreELEC-Amlogic-no.aarch64-22/toolchain/etc\" -DLIBDIR=\"/work/build.CoreELEC-Amlogic-no.aarch64-22/toolchain/lib\" -I.. -I/work/build.CoreELEC-Amlogic-no.aarch64-22/build/binutils-2.47/gprofng/src -I/work/build.CoreELEC-Amlogic-no.aarch64-22/build/binutils-2.47/gprofng/src/../common -I/work/build.CoreELEC-Amlogic-no.aarch64-22/build/binutils-2.47/gprofng/src/../../include -I/work/build.CoreELEC-Amlogic-no.aarch64-22/build/binutils-2.47/gprofng/src/../../opcodes -I../../bfd -I/work/build.CoreELEC-Amlogic-no.aarch64-22/build/binutils-2.47/gprofng/src/../../bfd -I/work/build.CoreELEC-Amlogic-no.aarch64-22/build/binutils-2.47/gprofng/../zlib -Wall -pthread -Wno-switch -fno-lto -fno-lto -g -O2 -MT libgprofng_la-gethrtime.lo -MD -MP -MF .deps/libgprofng_la-gethrtime.Tpo -c /work/build.CoreELEC-Amlogic-no.aarch64-22/build/binutils-2.47/gprofng/src/gethrtime.c  -fPIC -DPIC -o .libs/libgprofng_la-gethrtime.o
libtool: compile:  /work/build.CoreELEC-Amlogic-no.aarch64-22/toolchain/bin/host-g++ -DHAVE_CONFIG_H -I. -I/work/build.CoreELEC-Amlogic-no.aarch64-22/build/binutils-2.47/gprofng/src -I.. -U_ASM -DLOCALEDIR=\"/work/build.CoreELEC-Amlogic-no.aarch64-22/toolchain/share/locale\" -DSYSCONFDIR=\"/work/build.CoreELEC-Amlogic-no.aarch64-22/toolchain/etc\" -DLIBDIR=\"/work/build.CoreELEC-Amlogic-no.aarch64-22/toolchain/lib\" -I.. -I/work/build.CoreELEC-Amlogic-no.aarch64-22/build/binutils-2.47/gprofng/src -I/work/build.CoreELEC-Amlogic-no.aarch64-22/build/binutils-2.47/gprofng/src/../common -I/work/build.CoreELEC-Amlogic-no.aarch64-22/build/binutils-2.47/gprofng/src/../../include -I/work/build.CoreELEC-Amlogic-no.aarch64-22/build/binutils-2.47/gprofng/src/../../opcodes -I../../bfd -I/work/build.CoreELEC-Amlogic-no.aarch64-22/build/binutils-2.47/gprofng/src/../../bfd -I/work/build.CoreELEC-Amlogic-no.aarch64-22/build/binutils-2.47/gprofng/../zlib -Wall -pthread -Wno-switch -fno-lto -g -O2 -MT gmon_io.lo -MD -MP -MF .deps/gmon_io.Tpo -c /work/build.CoreELEC-Amlogic-no.aarch64-22/build/binutils-2.47/gprofng/src/gmon_io.cc -o gmon_io.o >/dev/null 2>&1
libtool: compile:  /work/build.CoreELEC-Amlogic-no.aarch64-22/toolchain/bin/host-g++ -DHAVE_CONFIG_H -I. -I/work/build.CoreELEC-Amlogic-no.aarch64-22/build/binutils-2.47/gprofng/src -I.. -U_ASM -DLOCALEDIR=\"/work/build.CoreELEC-Amlogic-no.aarch64-22/toolchain/share/locale\" -DSYSCONFDIR=\"/work/build.CoreELEC-Amlogic-no.aarch64-22/toolchain/etc\" -DLIBDIR=\"/work/build.CoreELEC-Amlogic-no.aarch64-22/toolchain/lib\" -I.. -I/work/build.CoreELEC-Amlogic-no.aarch64-22/build/binutils-2.47/gprofng/src -I/work/build.CoreELEC-Amlogic-no.aarch64-22/build/binutils-2.47/gprofng/src/../common -I/work/build.CoreELEC-Amlogic-no.aarch64-22/build/binutils-2.47/gprofng/src/../../include -I/work/build.CoreELEC-Amlogic-no.aarch64-22/build/binutils-2.47/gprofng/src/../../opcodes -I../../bfd -I/work/build.CoreELEC-Amlogic-no.aarch64-22/build/binutils-2.47/gprofng/src/../../bfd -I/work/build.CoreELEC-Amlogic-no.aarch64-22/build/binutils-2.47/gprofng/../zlib -Wall -pthread -Wno-switch -fno-lto -g -O2 -MT gmon_call_graph.lo -MD -MP -MF .deps/gmon_call_graph.Tpo -c /work/build.CoreELEC-Amlogic-no.aarch64-22/build/binutils-2.47/gprofng/src/gmon_call_graph.cc -o gmon_call_graph.o >/dev/null 2>&1
libtool: compile:  /work/build.CoreELEC-Amlogic-no.aarch64-22/toolchain/bin/host-g++ -DHAVE_CONFIG_H -I. -I/work/build.CoreELEC-Amlogic-no.aarch64-22/build/binutils-2.47/gprofng/src -I.. -U_ASM -DLOCALEDIR=\"/work/build.CoreELEC-Amlogic-no.aarch64-22/toolchain/share/locale\" -DSYSCONFDIR=\"/work/build.CoreELEC-Amlogic-no.aarch64-22/toolchain/etc\" -DLIBDIR=\"/work/build.CoreELEC-Amlogic-no.aarch64-22/toolchain/lib\" -I.. -I/work/build.CoreELEC-Amlogic-no.aarch64-22/build/binutils-2.47/gprofng/src -I/work/build.CoreELEC-Amlogic-no.aarch64-22/build/binutils-2.47/gprofng/src/../common -I/work/build.CoreELEC-Amlogic-no.aarch64-22/build/binutils-2.47/gprofng/src/../../include -I/work/build.CoreELEC-Amlogic-no.aarch64-22/build/binutils-2.47/gprofng/src/../../opcodes -I../../bfd -I/work/build.CoreELEC-Amlogic-no.aarch64-22/build/binutils-2.47/gprofng/src/../../bfd -I/work/build.CoreELEC-Amlogic-no.aarch64-22/build/binutils-2.47/gprofng/../zlib -Wall -pthread -Wno-switch -fno-lto -g -O2 -MT gmon_basic_blocks.lo -MD -MP -MF .deps/gmon_basic_blocks.Tpo -c /work/build.CoreELEC-Amlogic-no.aarch64-22/build/binutils-2.47/gprofng/src/gmon_basic_blocks.cc -o gmon_basic_blocks.o >/dev/null 2>&1
libtool: compile:  /work/build.CoreELEC-Amlogic-no.aarch64-22/toolchain/bin/host-g++ -DHAVE_CONFIG_H -I. -I/work/build.CoreELEC-Amlogic-no.aarch64-22/build/binutils-2.47/gprofng/src -I.. -U_ASM -DLOCALEDIR=\"/work/build.CoreELEC-Amlogic-no.aarch64-22/toolchain/share/locale\" -DSYSCONFDIR=\"/work/build.CoreELEC-Amlogic-no.aarch64-22/toolchain/etc\" -DLIBDIR=\"/work/build.CoreELEC-Amlogic-no.aarch64-22/toolchain/lib\" -I.. -I/work/build.CoreELEC-Amlogic-no.aarch64-22/build/binutils-2.47/gprofng/src -I/work/build.CoreELEC-Amlogic-no.aarch64-22/build/binutils-2.47/gprofng/src/../common -I/work/build.CoreELEC-Amlogic-no.aarch64-22/build/binutils-2.47/gprofng/src/../../include -I/work/build.CoreELEC-Amlogic-no.aarch64-22/build/binutils-2.47/gprofng/src/../../opcodes -I../../bfd -I/work/build.CoreELEC-Amlogic-no.aarch64-22/build/binutils-2.47/gprofng/src/../../bfd -I/work/build.CoreELEC-Amlogic-no.aarch64-22/build/binutils-2.47/gprofng/../zlib -Wall -pthread -Wno-switch -fno-lto -g -O2 -MT gmon_cg_arcs.lo -MD -MP -MF .deps/gmon_cg_arcs.Tpo -c /work/build.CoreELEC-Amlogic-no.aarch64-22/build/binutils-2.47/gprofng/src/gmon_cg_arcs.cc -o gmon_cg_arcs.o >/dev/null 2>&1
libtool: compile:  /work/build.CoreELEC-Amlogic-no.aarch64-22/toolchain/bin/host-gcc -DHAVE_CONFIG_H -I. -I/work/build.CoreELEC-Amlogic-no.aarch64-22/build/binutils-2.47/gprofng/src -I.. -U_ASM -DLOCALEDIR=\"/work/build.CoreELEC-Amlogic-no.aarch64-22/toolchain/share/locale\" -DSYSCONFDIR=\"/work/build.CoreELEC-Amlogic-no.aarch64-22/toolchain/etc\" -DLIBDIR=\"/work/build.CoreELEC-Amlogic-no.aarch64-22/toolchain/lib\" -I.. -I/work/build.CoreELEC-Amlogic-no.aarch64-22/build/binutils-2.47/gprofng/src -I/work/build.CoreELEC-Amlogic-no.aarch64-22/build/binutils-2.47/gprofng/src/../common -I/work/build.CoreELEC-Amlogic-no.aarch64-22/build/binutils-2.47/gprofng/src/../../include -I/work/build.CoreELEC-Amlogic-no.aarch64-22/build/binutils-2.47/gprofng/src/../../opcodes -I../../bfd -I/work/build.CoreELEC-Amlogic-no.aarch64-22/build/binutils-2.47/gprofng/src/../../bfd -I/work/build.CoreELEC-Amlogic-no.aarch64-22/build/binutils-2.47/gprofng/../zlib -Wall -pthread -Wno-switch -fno-lto -fno-lto -g -O2 -MT libgprofng_la-gethrtime.lo -MD -MP -MF .deps/libgprofng_la-gethrtime.Tpo -c /work/build.CoreELEC-Amlogic-no.aarch64-22/build/binutils-2.47/gprofng/src/gethrtime.c -o libgprofng_la-gethrtime.o >/dev/null 2>&1
libtool: compile:  /work/build.CoreELEC-Amlogic-no.aarch64-22/toolchain/bin/host-g++ -DHAVE_CONFIG_H -I. -I/work/build.CoreELEC-Amlogic-no.aarch64-22/build/binutils-2.47/gprofng/src -I.. -U_ASM -DLOCALEDIR=\"/work/build.CoreELEC-Amlogic-no.aarch64-22/toolchain/share/locale\" -DSYSCONFDIR=\"/work/build.CoreELEC-Amlogic-no.aarch64-22/toolchain/etc\" -DLIBDIR=\"/work/build.CoreELEC-Amlogic-no.aarch64-22/toolchain/lib\" -I.. -I/work/build.CoreELEC-Amlogic-no.aarch64-22/build/binutils-2.47/gprofng/src -I/work/build.CoreELEC-Amlogic-no.aarch64-22/build/binutils-2.47/gprofng/src/../common -I/work/build.CoreELEC-Amlogic-no.aarch64-22/build/binutils-2.47/gprofng/src/../../include -I/work/build.CoreELEC-Amlogic-no.aarch64-22/build/binutils-2.47/gprofng/src/../../opcodes -I../../bfd -I/work/build.CoreELEC-Amlogic-no.aarch64-22/build/binutils-2.47/gprofng/src/../../bfd -I/work/build.CoreELEC-Amlogic-no.aarch64-22/build/binutils-2.47/gprofng/../zlib -Wall -pthread -Wno-switch -fno-lto -g -O2 -MT gmon_symtab.lo -MD -MP -MF .deps/gmon_symtab.Tpo -c /work/build.CoreELEC-Amlogic-no.aarch64-22/build/binutils-2.47/gprofng/src/gmon_symtab.cc -o gmon_symtab.o >/dev/null 2>&1
libtool: compile:  /work/build.CoreELEC-Amlogic-no.aarch64-22/toolchain/bin/host-g++ -DHAVE_CONFIG_H -I. -I/work/build.CoreELEC-Amlogic-no.aarch64-22/build/binutils-2.47/gprofng/src -I.. -U_ASM -DLOCALEDIR=\"/work/build.CoreELEC-Amlogic-no.aarch64-22/toolchain/share/locale\" -DSYSCONFDIR=\"/work/build.CoreELEC-Amlogic-no.aarch64-22/toolchain/etc\" -DLIBDIR=\"/work/build.CoreELEC-Amlogic-no.aarch64-22/toolchain/lib\" -I.. -I/work/build.CoreELEC-Amlogic-no.aarch64-22/build/binutils-2.47/gprofng/src -I/work/build.CoreELEC-Amlogic-no.aarch64-22/build/binutils-2.47/gprofng/src/../common -I/work/build.CoreELEC-Amlogic-no.aarch64-22/build/binutils-2.47/gprofng/src/../../include -I/work/build.CoreELEC-Amlogic-no.aarch64-22/build/binutils-2.47/gprofng/src/../../opcodes -I../../bfd -I/work/build.CoreELEC-Amlogic-no.aarch64-22/build/binutils-2.47/gprofng/src/../../bfd -I/work/build.CoreELEC-Amlogic-no.aarch64-22/build/binutils-2.47/gprofng/../zlib -Wall -pthread -Wno-switch -fno-lto -g -O2 -MT UserLabel.lo -MD -MP -MF .deps/UserLabel.Tpo -c /work/build.CoreELEC-Amlogic-no.aarch64-22/build/binutils-2.47/gprofng/src/UserLabel.cc -o UserLabel.o >/dev/null 2>&1
libtool: compile:  /work/build.CoreELEC-Amlogic-no.aarch64-22/toolchain/bin/host-gcc -DHAVE_CONFIG_H -I. -I/work/build.CoreELEC-Amlogic-no.aarch64-22/build/binutils-2.47/gprofng/src -I.. -U_ASM -DLOCALEDIR=\"/work/build.CoreELEC-Amlogic-no.aarch64-22/toolchain/share/locale\" -DSYSCONFDIR=\"/work/build.CoreELEC-Amlogic-no.aarch64-22/toolchain/etc\" -DLIBDIR=\"/work/build.CoreELEC-Amlogic-no.aarch64-22/toolchain/lib\" -I.. -I/work/build.CoreELEC-Amlogic-no.aarch64-22/build/binutils-2.47/gprofng/src -I/work/build.CoreELEC-Amlogic-no.aarch64-22/build/binutils-2.47/gprofng/src/../common -I/work/build.CoreELEC-Amlogic-no.aarch64-22/build/binutils-2.47/gprofng/src/../../include -I/work/build.CoreELEC-Amlogic-no.aarch64-22/build/binutils-2.47/gprofng/src/../../opcodes -I../../bfd -I/work/build.CoreELEC-Amlogic-no.aarch64-22/build/binutils-2.47/gprofng/src/../../bfd -I/work/build.CoreELEC-Amlogic-no.aarch64-22/build/binutils-2.47/gprofng/../zlib -Wall -pthread -Wno-switch -fno-lto -fno-lto -g -O2 -MT libgprofng_la-dbe_hwcfuncs.lo -MD -MP -MF .deps/libgprofng_la-dbe_hwcfuncs.Tpo -c /work/build.CoreELEC-Amlogic-no.aarch64-22/build/binutils-2.47/gprofng/src/dbe_hwcfuncs.c -o libgprofng_la-dbe_hwcfuncs.o >/dev/null 2>&1
  CXX      powerpc.o
depbase=`echo ArchiveExp.o | sed 's|[^/]*$|.deps/&|;s|\.o$||'`;\
/work/build.CoreELEC-Amlogic-no.aarch64-22/toolchain/bin/host-g++ -DHAVE_CONFIG_H -I. -I/work/build.CoreELEC-Amlogic-no.aarch64-22/build/binutils-2.47/gprofng/src -I..  -U_ASM -DLOCALEDIR=\"/work/build.CoreELEC-Amlogic-no.aarch64-22/toolchain/share/locale\" -DSYSCONFDIR=\"/work/build.CoreELEC-Amlogic-no.aarch64-22/toolchain/etc\" -DLIBDIR=\"/work/build.CoreELEC-Amlogic-no.aarch64-22/toolchain/lib\" -I.. -I/work/build.CoreELEC-Amlogic-no.aarch64-22/build/binutils-2.47/gprofng/src -I/work/build.CoreELEC-Amlogic-no.aarch64-22/build/binutils-2.47/gprofng/src/../common -I/work/build.CoreELEC-Amlogic-no.aarch64-22/build/binutils-2.47/gprofng/src/../../include -I/work/build.CoreELEC-Amlogic-no.aarch64-22/build/binutils-2.47/gprofng/src/../../opcodes -I../../bfd -I/work/build.CoreELEC-Amlogic-no.aarch64-22/build/binutils-2.47/gprofng/src/../../bfd -I/work/build.CoreELEC-Amlogic-no.aarch64-22/build/binutils-2.47/gprofng/../zlib  -Wall -pthread -Wno-switch -fno-lto -g -O2     -MT ArchiveExp.o -MD -MP -MF $depbase.Tpo -c -o ArchiveExp.o /work/build.CoreELEC-Amlogic-no.aarch64-22/build/binutils-2.47/gprofng/src/ArchiveExp.cc &&\
mv -f $depbase.Tpo $depbase.Po
libtool: compile:  /work/build.CoreELEC-Amlogic-no.aarch64-22/toolchain/bin/host-g++ -DHAVE_CONFIG_H -I. -I/work/build.CoreELEC-Amlogic-no.aarch64-22/build/binutils-2.47/gprofng/src -I.. -U_ASM -DLOCALEDIR=\"/work/build.CoreELEC-Amlogic-no.aarch64-22/toolchain/share/locale\" -DSYSCONFDIR=\"/work/build.CoreELEC-Amlogic-no.aarch64-22/toolchain/etc\" -DLIBDIR=\"/work/build.CoreELEC-Amlogic-no.aarch64-22/toolchain/lib\" -I.. -I/work/build.CoreELEC-Amlogic-no.aarch64-22/build/binutils-2.47/gprofng/src -I/work/build.CoreELEC-Amlogic-no.aarch64-22/build/binutils-2.47/gprofng/src/../common -I/work/build.CoreELEC-Amlogic-no.aarch64-22/build/binutils-2.47/gprofng/src/../../include -I/work/build.CoreELEC-Amlogic-no.aarch64-22/build/binutils-2.47/gprofng/src/../../opcodes -I../../bfd -I/work/build.CoreELEC-Amlogic-no.aarch64-22/build/binutils-2.47/gprofng/src/../../bfd -I/work/build.CoreELEC-Amlogic-no.aarch64-22/build/binutils-2.47/gprofng/../zlib -Wall -pthread -Wno-switch -fno-lto -g -O2 -MT gmon_corefile.lo -MD -MP -MF .deps/gmon_corefile.Tpo -c /work/build.CoreELEC-Amlogic-no.aarch64-22/build/binutils-2.47/gprofng/src/gmon_corefile.cc -o gmon_corefile.o >/dev/null 2>&1
  CXX      arm.o
mv -f .deps/libgprofng_la-gethrtime.Tpo .deps/libgprofng_la-gethrtime.Plo
depbase=`echo gp-collect-app.o | sed 's|[^/]*$|.deps/&|;s|\.o$||'`;\
/work/build.CoreELEC-Amlogic-no.aarch64-22/toolchain/bin/host-g++ -DHAVE_CONFIG_H -I. -I/work/build.CoreELEC-Amlogic-no.aarch64-22/build/binutils-2.47/gprofng/src -I..  -U_ASM -DLOCALEDIR=\"/work/build.CoreELEC-Amlogic-no.aarch64-22/toolchain/share/locale\" -DSYSCONFDIR=\"/work/build.CoreELEC-Amlogic-no.aarch64-22/toolchain/etc\" -DLIBDIR=\"/work/build.CoreELEC-Amlogic-no.aarch64-22/toolchain/lib\" -I.. -I/work/build.CoreELEC-Amlogic-no.aarch64-22/build/binutils-2.47/gprofng/src -I/work/build.CoreELEC-Amlogic-no.aarch64-22/build/binutils-2.47/gprofng/src/../common -I/work/build.CoreELEC-Amlogic-no.aarch64-22/build/binutils-2.47/gprofng/src/../../include -I/work/build.CoreELEC-Amlogic-no.aarch64-22/build/binutils-2.47/gprofng/src/../../opcodes -I../../bfd -I/work/build.CoreELEC-Amlogic-no.aarch64-22/build/binutils-2.47/gprofng/src/../../bfd -I/work/build.CoreELEC-Amlogic-no.aarch64-22/build/binutils-2.47/gprofng/../zlib  -Wall -pthread -Wno-switch -fno-lto -g -O2     -MT gp-collect-app.o -MD -MP -MF $depbase.Tpo -c -o gp-collect-app.o /work/build.CoreELEC-Amlogic-no.aarch64-22/build/binutils-2.47/gprofng/src/gp-collect-app.cc &&\
mv -f $depbase.Tpo $depbase.Po
  CXX      tilegx.o
depbase=`echo checks.o | sed 's|[^/]*$|.deps/&|;s|\.o$||'`;\
/work/build.CoreELEC-Amlogic-no.aarch64-22/toolchain/bin/host-g++ -DHAVE_CONFIG_H -I. -I/work/build.CoreELEC-Amlogic-no.aarch64-22/build/binutils-2.47/gprofng/src -I..  -U_ASM -DLOCALEDIR=\"/work/build.CoreELEC-Amlogic-no.aarch64-22/toolchain/share/locale\" -DSYSCONFDIR=\"/work/build.CoreELEC-Amlogic-no.aarch64-22/toolchain/etc\" -DLIBDIR=\"/work/build.CoreELEC-Amlogic-no.aarch64-22/toolchain/lib\" -I.. -I/work/build.CoreELEC-Amlogic-no.aarch64-22/build/binutils-2.47/gprofng/src -I/work/build.CoreELEC-Amlogic-no.aarch64-22/build/binutils-2.47/gprofng/src/../common -I/work/build.CoreELEC-Amlogic-no.aarch64-22/build/binutils-2.47/gprofng/src/../../include -I/work/build.CoreELEC-Amlogic-no.aarch64-22/build/binutils-2.47/gprofng/src/../../opcodes -I../../bfd -I/work/build.CoreELEC-Amlogic-no.aarch64-22/build/binutils-2.47/gprofng/src/../../bfd -I/work/build.CoreELEC-Amlogic-no.aarch64-22/build/binutils-2.47/gprofng/../zlib  -Wall -pthread -Wno-switch -fno-lto -g -O2     -MT checks.o -MD -MP -MF $depbase.Tpo -c -o checks.o /work/build.CoreELEC-Amlogic-no.aarch64-22/build/binutils-2.47/gprofng/src/checks.cc &&\
mv -f $depbase.Tpo $depbase.Po
depbase=`echo envsets.o | sed 's|[^/]*$|.deps/&|;s|\.o$||'`;\
/work/build.CoreELEC-Amlogic-no.aarch64-22/toolchain/bin/host-g++ -DHAVE_CONFIG_H -I. -I/work/build.CoreELEC-Amlogic-no.aarch64-22/build/binutils-2.47/gprofng/src -I..  -U_ASM -DLOCALEDIR=\"/work/build.CoreELEC-Amlogic-no.aarch64-22/toolchain/share/locale\" -DSYSCONFDIR=\"/work/build.CoreELEC-Amlogic-no.aarch64-22/toolchain/etc\" -DLIBDIR=\"/work/build.CoreELEC-Amlogic-no.aarch64-22/toolchain/lib\" -I.. -I/work/build.CoreELEC-Amlogic-no.aarch64-22/build/binutils-2.47/gprofng/src -I/work/build.CoreELEC-Amlogic-no.aarch64-22/build/binutils-2.47/gprofng/src/../common -I/work/build.CoreELEC-Amlogic-no.aarch64-22/build/binutils-2.47/gprofng/src/../../include -I/work/build.CoreELEC-Amlogic-no.aarch64-22/build/binutils-2.47/gprofng/src/../../opcodes -I../../bfd -I/work/build.CoreELEC-Amlogic-no.aarch64-22/build/binutils-2.47/gprofng/src/../../bfd -I/work/build.CoreELEC-Amlogic-no.aarch64-22/build/binutils-2.47/gprofng/../zlib  -Wall -pthread -Wno-switch -fno-lto -g -O2     -MT envsets.o -MD -MP -MF $depbase.Tpo -c -o envsets.o /work/build.CoreELEC-Amlogic-no.aarch64-22/build/binutils-2.47/gprofng/src/envsets.cc &&\
mv -f $depbase.Tpo $depbase.Po
libtool: compile:  /work/build.CoreELEC-Amlogic-no.aarch64-22/toolchain/bin/host-g++ -DHAVE_CONFIG_H -I. -I/work/build.CoreELEC-Amlogic-no.aarch64-22/build/binutils-2.47/gprofng/src -I.. -U_ASM -DLOCALEDIR=\"/work/build.CoreELEC-Amlogic-no.aarch64-22/toolchain/share/locale\" -DSYSCONFDIR=\"/work/build.CoreELEC-Amlogic-no.aarch64-22/toolchain/etc\" -DLIBDIR=\"/work/build.CoreELEC-Amlogic-no.aarch64-22/toolchain/lib\" -I.. -I/work/build.CoreELEC-Amlogic-no.aarch64-22/build/binutils-2.47/gprofng/src -I/work/build.CoreELEC-Amlogic-no.aarch64-22/build/binutils-2.47/gprofng/src/../common -I/work/build.CoreELEC-Amlogic-no.aarch64-22/build/binutils-2.47/gprofng/src/../../include -I/work/build.CoreELEC-Amlogic-no.aarch64-22/build/binutils-2.47/gprofng/src/../../opcodes -I../../bfd -I/work/build.CoreELEC-Amlogic-no.aarch64-22/build/binutils-2.47/gprofng/src/../../bfd -I/work/build.CoreELEC-Amlogic-no.aarch64-22/build/binutils-2.47/gprofng/../zlib -Wall -pthread -Wno-switch -fno-lto -g -O2 -MT gmon_hist.lo -MD -MP -MF .deps/gmon_hist.Tpo -c /work/build.CoreELEC-Amlogic-no.aarch64-22/build/binutils-2.47/gprofng/src/gmon_hist.cc -o gmon_hist.o >/dev/null 2>&1
libtool: compile:  /work/build.CoreELEC-Amlogic-no.aarch64-22/toolchain/bin/host-g++ -DHAVE_CONFIG_H -I. -I/work/build.CoreELEC-Amlogic-no.aarch64-22/build/binutils-2.47/gprofng/src -I.. -U_ASM -DLOCALEDIR=\"/work/build.CoreELEC-Amlogic-no.aarch64-22/toolchain/share/locale\" -DSYSCONFDIR=\"/work/build.CoreELEC-Amlogic-no.aarch64-22/toolchain/etc\" -DLIBDIR=\"/work/build.CoreELEC-Amlogic-no.aarch64-22/toolchain/lib\" -I.. -I/work/build.CoreELEC-Amlogic-no.aarch64-22/build/binutils-2.47/gprofng/src -I/work/build.CoreELEC-Amlogic-no.aarch64-22/build/binutils-2.47/gprofng/src/../common -I/work/build.CoreELEC-Amlogic-no.aarch64-22/build/binutils-2.47/gprofng/src/../../include -I/work/build.CoreELEC-Amlogic-no.aarch64-22/build/binutils-2.47/gprofng/src/../../opcodes -I../../bfd -I/work/build.CoreELEC-Amlogic-no.aarch64-22/build/binutils-2.47/gprofng/src/../../bfd -I/work/build.CoreELEC-Amlogic-no.aarch64-22/build/binutils-2.47/gprofng/../zlib -Wall -pthread -Wno-switch -fno-lto -g -O2 -MT SourceFile.lo -MD -MP -MF .deps/SourceFile.Tpo -c /work/build.CoreELEC-Amlogic-no.aarch64-22/build/binutils-2.47/gprofng/src/SourceFile.cc -o SourceFile.o >/dev/null 2>&1
  CXX      mips.o
mv -f .deps/libgprofng_la-dbe_hwcfuncs.Tpo .deps/libgprofng_la-dbe_hwcfuncs.Plo
depbase=`echo count.o | sed 's|[^/]*$|.deps/&|;s|\.o$||'`;\
/work/build.CoreELEC-Amlogic-no.aarch64-22/toolchain/bin/host-g++ -DHAVE_CONFIG_H -I. -I/work/build.CoreELEC-Amlogic-no.aarch64-22/build/binutils-2.47/gprofng/src -I..  -U_ASM -DLOCALEDIR=\"/work/build.CoreELEC-Amlogic-no.aarch64-22/toolchain/share/locale\" -DSYSCONFDIR=\"/work/build.CoreELEC-Amlogic-no.aarch64-22/toolchain/etc\" -DLIBDIR=\"/work/build.CoreELEC-Amlogic-no.aarch64-22/toolchain/lib\" -I.. -I/work/build.CoreELEC-Amlogic-no.aarch64-22/build/binutils-2.47/gprofng/src -I/work/build.CoreELEC-Amlogic-no.aarch64-22/build/binutils-2.47/gprofng/src/../common -I/work/build.CoreELEC-Amlogic-no.aarch64-22/build/binutils-2.47/gprofng/src/../../include -I/work/build.CoreELEC-Amlogic-no.aarch64-22/build/binutils-2.47/gprofng/src/../../opcodes -I../../bfd -I/work/build.CoreELEC-Amlogic-no.aarch64-22/build/binutils-2.47/gprofng/src/../../bfd -I/work/build.CoreELEC-Amlogic-no.aarch64-22/build/binutils-2.47/gprofng/../zlib  -Wall -pthread -Wno-switch -fno-lto -g -O2     -MT count.o -MD -MP -MF $depbase.Tpo -c -o count.o /work/build.CoreELEC-Amlogic-no.aarch64-22/build/binutils-2.47/gprofng/src/count.cc &&\
mv -f $depbase.Tpo $depbase.Po
  CXX      aarch64.o
libtool: compile:  /work/build.CoreELEC-Amlogic-no.aarch64-22/toolchain/bin/host-g++ -DHAVE_CONFIG_H -I. -I/work/build.CoreELEC-Amlogic-no.aarch64-22/build/binutils-2.47/gprofng/src -I.. -U_ASM -DLOCALEDIR=\"/work/build.CoreELEC-Amlogic-no.aarch64-22/toolchain/share/locale\" -DSYSCONFDIR=\"/work/build.CoreELEC-Amlogic-no.aarch64-22/toolchain/etc\" -DLIBDIR=\"/work/build.CoreELEC-Amlogic-no.aarch64-22/toolchain/lib\" -I.. -I/work/build.CoreELEC-Amlogic-no.aarch64-22/build/binutils-2.47/gprofng/src -I/work/build.CoreELEC-Amlogic-no.aarch64-22/build/binutils-2.47/gprofng/src/../common -I/work/build.CoreELEC-Amlogic-no.aarch64-22/build/binutils-2.47/gprofng/src/../../include -I/work/build.CoreELEC-Amlogic-no.aarch64-22/build/binutils-2.47/gprofng/src/../../opcodes -I../../bfd -I/work/build.CoreELEC-Amlogic-no.aarch64-22/build/binutils-2.47/gprofng/src/../../bfd -I/work/build.CoreELEC-Amlogic-no.aarch64-22/build/binutils-2.47/gprofng/../zlib -Wall -pthread -Wno-switch -fno-lto -g -O2 -MT parse.lo -MD -MP -MF .deps/parse.Tpo -c /work/build.CoreELEC-Amlogic-no.aarch64-22/build/binutils-2.47/gprofng/src/parse.cc -o parse.o >/dev/null 2>&1
libtool: compile:  /work/build.CoreELEC-Amlogic-no.aarch64-22/toolchain/bin/host-gcc -DHAVE_CONFIG_H -I. -I/work/build.CoreELEC-Amlogic-no.aarch64-22/build/binutils-2.47/gprofng/src -I.. -U_ASM -DLOCALEDIR=\"/work/build.CoreELEC-Amlogic-no.aarch64-22/toolchain/share/locale\" -DSYSCONFDIR=\"/work/build.CoreELEC-Amlogic-no.aarch64-22/toolchain/etc\" -DLIBDIR=\"/work/build.CoreELEC-Amlogic-no.aarch64-22/toolchain/lib\" -I.. -I/work/build.CoreELEC-Amlogic-no.aarch64-22/build/binutils-2.47/gprofng/src -I/work/build.CoreELEC-Amlogic-no.aarch64-22/build/binutils-2.47/gprofng/src/../common -I/work/build.CoreELEC-Amlogic-no.aarch64-22/build/binutils-2.47/gprofng/src/../../include -I/work/build.CoreELEC-Amlogic-no.aarch64-22/build/binutils-2.47/gprofng/src/../../opcodes -I../../bfd -I/work/build.CoreELEC-Amlogic-no.aarch64-22/build/binutils-2.47/gprofng/src/../../bfd -I/work/build.CoreELEC-Amlogic-no.aarch64-22/build/binutils-2.47/gprofng/../zlib -Wall -pthread -Wno-switch -fno-lto -fno-lto -g -O2 -MT libgprofng_la-dbe_hwcdrv.lo -MD -MP -MF .deps/libgprofng_la-dbe_hwcdrv.Tpo -c /work/build.CoreELEC-Amlogic-no.aarch64-22/build/binutils-2.47/gprofng/src/dbe_hwcdrv.c -o libgprofng_la-dbe_hwcdrv.o >/dev/null 2>&1
libtool: compile:  /work/build.CoreELEC-Amlogic-no.aarch64-22/toolchain/bin/host-g++ -DHAVE_CONFIG_H -I. -I/work/build.CoreELEC-Amlogic-no.aarch64-22/build/binutils-2.47/gprofng/src -I.. -U_ASM -DLOCALEDIR=\"/work/build.CoreELEC-Amlogic-no.aarch64-22/toolchain/share/locale\" -DSYSCONFDIR=\"/work/build.CoreELEC-Amlogic-no.aarch64-22/toolchain/etc\" -DLIBDIR=\"/work/build.CoreELEC-Amlogic-no.aarch64-22/toolchain/lib\" -I.. -I/work/build.CoreELEC-Amlogic-no.aarch64-22/build/binutils-2.47/gprofng/src -I/work/build.CoreELEC-Amlogic-no.aarch64-22/build/binutils-2.47/gprofng/src/../common -I/work/build.CoreELEC-Amlogic-no.aarch64-22/build/binutils-2.47/gprofng/src/../../include -I/work/build.CoreELEC-Amlogic-no.aarch64-22/build/binutils-2.47/gprofng/src/../../opcodes -I../../bfd -I/work/build.CoreELEC-Amlogic-no.aarch64-22/build/binutils-2.47/gprofng/src/../../bfd -I/work/build.CoreELEC-Amlogic-no.aarch64-22/build/binutils-2.47/gprofng/../zlib -Wall -pthread -Wno-switch -fno-lto -g -O2 -MT util.lo -MD -MP -MF .deps/util.Tpo -c /work/build.CoreELEC-Amlogic-no.aarch64-22/build/binutils-2.47/gprofng/src/util.cc -o util.o >/dev/null 2>&1
libtool: compile:  /work/build.CoreELEC-Amlogic-no.aarch64-22/toolchain/bin/host-g++ -DHAVE_CONFIG_H -I. -I/work/build.CoreELEC-Amlogic-no.aarch64-22/build/binutils-2.47/gprofng/src -I.. -U_ASM -DLOCALEDIR=\"/work/build.CoreELEC-Amlogic-no.aarch64-22/toolchain/share/locale\" -DSYSCONFDIR=\"/work/build.CoreELEC-Amlogic-no.aarch64-22/toolchain/etc\" -DLIBDIR=\"/work/build.CoreELEC-Amlogic-no.aarch64-22/toolchain/lib\" -I.. -I/work/build.CoreELEC-Amlogic-no.aarch64-22/build/binutils-2.47/gprofng/src -I/work/build.CoreELEC-Amlogic-no.aarch64-22/build/binutils-2.47/gprofng/src/../common -I/work/build.CoreELEC-Amlogic-no.aarch64-22/build/binutils-2.47/gprofng/src/../../include -I/work/build.CoreELEC-Amlogic-no.aarch64-22/build/binutils-2.47/gprofng/src/../../opcodes -I../../bfd -I/work/build.CoreELEC-Amlogic-no.aarch64-22/build/binutils-2.47/gprofng/src/../../bfd -I/work/build.CoreELEC-Amlogic-no.aarch64-22/build/binutils-2.47/gprofng/../zlib -Wall -pthread -Wno-switch -fno-lto -g -O2 -MT Settings.lo -MD -MP -MF .deps/Settings.Tpo -c /work/build.CoreELEC-Amlogic-no.aarch64-22/build/binutils-2.47/gprofng/src/Settings.cc -o Settings.o >/dev/null 2>&1
depbase=`echo gp-display-text.o | sed 's|[^/]*$|.deps/&|;s|\.o$||'`;\
/work/build.CoreELEC-Amlogic-no.aarch64-22/toolchain/bin/host-g++ -DHAVE_CONFIG_H -I. -I/work/build.CoreELEC-Amlogic-no.aarch64-22/build/binutils-2.47/gprofng/src -I..  -U_ASM -DLOCALEDIR=\"/work/build.CoreELEC-Amlogic-no.aarch64-22/toolchain/share/locale\" -DSYSCONFDIR=\"/work/build.CoreELEC-Amlogic-no.aarch64-22/toolchain/etc\" -DLIBDIR=\"/work/build.CoreELEC-Amlogic-no.aarch64-22/toolchain/lib\" -I.. -I/work/build.CoreELEC-Amlogic-no.aarch64-22/build/binutils-2.47/gprofng/src -I/work/build.CoreELEC-Amlogic-no.aarch64-22/build/binutils-2.47/gprofng/src/../common -I/work/build.CoreELEC-Amlogic-no.aarch64-22/build/binutils-2.47/gprofng/src/../../include -I/work/build.CoreELEC-Amlogic-no.aarch64-22/build/binutils-2.47/gprofng/src/../../opcodes -I../../bfd -I/work/build.CoreELEC-Amlogic-no.aarch64-22/build/binutils-2.47/gprofng/src/../../bfd -I/work/build.CoreELEC-Amlogic-no.aarch64-22/build/binutils-2.47/gprofng/../zlib  -Wall -pthread -Wno-switch -fno-lto -g -O2     -MT gp-display-text.o -MD -MP -MF $depbase.Tpo -c -o gp-display-text.o /work/build.CoreELEC-Amlogic-no.aarch64-22/build/binutils-2.47/gprofng/src/gp-display-text.cc &&\
mv -f $depbase.Tpo $depbase.Po
depbase=`echo gprofng.o | sed 's|[^/]*$|.deps/&|;s|\.o$||'`;\
/work/build.CoreELEC-Amlogic-no.aarch64-22/toolchain/bin/host-g++ -DHAVE_CONFIG_H -I. -I/work/build.CoreELEC-Amlogic-no.aarch64-22/build/binutils-2.47/gprofng/src -I..  -U_ASM -DLOCALEDIR=\"/work/build.CoreELEC-Amlogic-no.aarch64-22/toolchain/share/locale\" -DSYSCONFDIR=\"/work/build.CoreELEC-Amlogic-no.aarch64-22/toolchain/etc\" -DLIBDIR=\"/work/build.CoreELEC-Amlogic-no.aarch64-22/toolchain/lib\" -I.. -I/work/build.CoreELEC-Amlogic-no.aarch64-22/build/binutils-2.47/gprofng/src -I/work/build.CoreELEC-Amlogic-no.aarch64-22/build/binutils-2.47/gprofng/src/../common -I/work/build.CoreELEC-Amlogic-no.aarch64-22/build/binutils-2.47/gprofng/src/../../include -I/work/build.CoreELEC-Amlogic-no.aarch64-22/build/binutils-2.47/gprofng/src/../../opcodes -I../../bfd -I/work/build.CoreELEC-Amlogic-no.aarch64-22/build/binutils-2.47/gprofng/src/../../bfd -I/work/build.CoreELEC-Amlogic-no.aarch64-22/build/binutils-2.47/gprofng/../zlib  -Wall -pthread -Wno-switch -fno-lto -g -O2     -MT gprofng.o -MD -MP -MF $depbase.Tpo -c -o gprofng.o /work/build.CoreELEC-Amlogic-no.aarch64-22/build/binutils-2.47/gprofng/src/gprofng.cc &&\
mv -f $depbase.Tpo $depbase.Po
depbase=`echo ipc.o | sed 's|[^/]*$|.deps/&|;s|\.o$||'`;\
/work/build.CoreELEC-Amlogic-no.aarch64-22/toolchain/bin/host-g++ -DHAVE_CONFIG_H -I. -I/work/build.CoreELEC-Amlogic-no.aarch64-22/build/binutils-2.47/gprofng/src -I..  -U_ASM -DLOCALEDIR=\"/work/build.CoreELEC-Amlogic-no.aarch64-22/toolchain/share/locale\" -DSYSCONFDIR=\"/work/build.CoreELEC-Amlogic-no.aarch64-22/toolchain/etc\" -DLIBDIR=\"/work/build.CoreELEC-Amlogic-no.aarch64-22/toolchain/lib\" -I.. -I/work/build.CoreELEC-Amlogic-no.aarch64-22/build/binutils-2.47/gprofng/src -I/work/build.CoreELEC-Amlogic-no.aarch64-22/build/binutils-2.47/gprofng/src/../common -I/work/build.CoreELEC-Amlogic-no.aarch64-22/build/binutils-2.47/gprofng/src/../../include -I/work/build.CoreELEC-Amlogic-no.aarch64-22/build/binutils-2.47/gprofng/src/../../opcodes -I../../bfd -I/work/build.CoreELEC-Amlogic-no.aarch64-22/build/binutils-2.47/gprofng/src/../../bfd -I/work/build.CoreELEC-Amlogic-no.aarch64-22/build/binutils-2.47/gprofng/../zlib  -Wall -pthread -Wno-switch -fno-lto -g -O2     -MT ipc.o -MD -MP -MF $depbase.Tpo -c -o ipc.o /work/build.CoreELEC-Amlogic-no.aarch64-22/build/binutils-2.47/gprofng/src/ipc.cc &&\
mv -f $depbase.Tpo $depbase.Po
depbase=`echo ipcio.o | sed 's|[^/]*$|.deps/&|;s|\.o$||'`;\
/work/build.CoreELEC-Amlogic-no.aarch64-22/toolchain/bin/host-g++ -DHAVE_CONFIG_H -I. -I/work/build.CoreELEC-Amlogic-no.aarch64-22/build/binutils-2.47/gprofng/src -I..  -U_ASM -DLOCALEDIR=\"/work/build.CoreELEC-Amlogic-no.aarch64-22/toolchain/share/locale\" -DSYSCONFDIR=\"/work/build.CoreELEC-Amlogic-no.aarch64-22/toolchain/etc\" -DLIBDIR=\"/work/build.CoreELEC-Amlogic-no.aarch64-22/toolchain/lib\" -I.. -I/work/build.CoreELEC-Amlogic-no.aarch64-22/build/binutils-2.47/gprofng/src -I/work/build.CoreELEC-Amlogic-no.aarch64-22/build/binutils-2.47/gprofng/src/../common -I/work/build.CoreELEC-Amlogic-no.aarch64-22/build/binutils-2.47/gprofng/src/../../include -I/work/build.CoreELEC-Amlogic-no.aarch64-22/build/binutils-2.47/gprofng/src/../../opcodes -I../../bfd -I/work/build.CoreELEC-Amlogic-no.aarch64-22/build/binutils-2.47/gprofng/src/../../bfd -I/work/build.CoreELEC-Amlogic-no.aarch64-22/build/binutils-2.47/gprofng/../zlib  -Wall -pthread -Wno-switch -fno-lto -g -O2     -MT ipcio.o -MD -MP -MF $depbase.Tpo -c -o ipcio.o /work/build.CoreELEC-Amlogic-no.aarch64-22/build/binutils-2.47/gprofng/src/ipcio.cc &&\
mv -f $depbase.Tpo $depbase.Po
libtool: compile:  /work/build.CoreELEC-Amlogic-no.aarch64-22/toolchain/bin/host-g++ -DHAVE_CONFIG_H -I. -I/work/build.CoreELEC-Amlogic-no.aarch64-22/build/binutils-2.47/gprofng/src -I.. -U_ASM -DLOCALEDIR=\"/work/build.CoreELEC-Amlogic-no.aarch64-22/toolchain/share/locale\" -DSYSCONFDIR=\"/work/build.CoreELEC-Amlogic-no.aarch64-22/toolchain/etc\" -DLIBDIR=\"/work/build.CoreELEC-Amlogic-no.aarch64-22/toolchain/lib\" -I.. -I/work/build.CoreELEC-Amlogic-no.aarch64-22/build/binutils-2.47/gprofng/src -I/work/build.CoreELEC-Amlogic-no.aarch64-22/build/binutils-2.47/gprofng/src/../common -I/work/build.CoreELEC-Amlogic-no.aarch64-22/build/binutils-2.47/gprofng/src/../../include -I/work/build.CoreELEC-Amlogic-no.aarch64-22/build/binutils-2.47/gprofng/src/../../opcodes -I../../bfd -I/work/build.CoreELEC-Amlogic-no.aarch64-22/build/binutils-2.47/gprofng/src/../../bfd -I/work/build.CoreELEC-Amlogic-no.aarch64-22/build/binutils-2.47/gprofng/../zlib -Wall -pthread -Wno-switch -fno-lto -g -O2 -MT dbe_collctrl.lo -MD -MP -MF .deps/dbe_collctrl.Tpo -c /work/build.CoreELEC-Amlogic-no.aarch64-22/build/binutils-2.47/gprofng/src/dbe_collctrl.cc -o dbe_collctrl.o >/dev/null 2>&1
libtool: compile:  /work/build.CoreELEC-Amlogic-no.aarch64-22/toolchain/bin/host-g++ -DHAVE_CONFIG_H -I. -I/work/build.CoreELEC-Amlogic-no.aarch64-22/build/binutils-2.47/gprofng/src -I.. -U_ASM -DLOCALEDIR=\"/work/build.CoreELEC-Amlogic-no.aarch64-22/toolchain/share/locale\" -DSYSCONFDIR=\"/work/build.CoreELEC-Amlogic-no.aarch64-22/toolchain/etc\" -DLIBDIR=\"/work/build.CoreELEC-Amlogic-no.aarch64-22/toolchain/lib\" -I.. -I/work/build.CoreELEC-Amlogic-no.aarch64-22/build/binutils-2.47/gprofng/src -I/work/build.CoreELEC-Amlogic-no.aarch64-22/build/binutils-2.47/gprofng/src/../common -I/work/build.CoreELEC-Amlogic-no.aarch64-22/build/binutils-2.47/gprofng/src/../../include -I/work/build.CoreELEC-Amlogic-no.aarch64-22/build/binutils-2.47/gprofng/src/../../opcodes -I../../bfd -I/work/build.CoreELEC-Amlogic-no.aarch64-22/build/binutils-2.47/gprofng/src/../../bfd -I/work/build.CoreELEC-Amlogic-no.aarch64-22/build/binutils-2.47/gprofng/../zlib -Wall -pthread -Wno-switch -fno-lto -g -O2 -MT Table.lo -MD -MP -MF .deps/Table.Tpo -c /work/build.CoreELEC-Amlogic-no.aarch64-22/build/binutils-2.47/gprofng/src/Table.cc -o Table.o >/dev/null 2>&1
depbase=`echo gp-display-src.o | sed 's|[^/]*$|.deps/&|;s|\.o$||'`;\
/work/build.CoreELEC-Amlogic-no.aarch64-22/toolchain/bin/host-g++ -DHAVE_CONFIG_H -I. -I/work/build.CoreELEC-Amlogic-no.aarch64-22/build/binutils-2.47/gprofng/src -I..  -U_ASM -DLOCALEDIR=\"/work/build.CoreELEC-Amlogic-no.aarch64-22/toolchain/share/locale\" -DSYSCONFDIR=\"/work/build.CoreELEC-Amlogic-no.aarch64-22/toolchain/etc\" -DLIBDIR=\"/work/build.CoreELEC-Amlogic-no.aarch64-22/toolchain/lib\" -I.. -I/work/build.CoreELEC-Amlogic-no.aarch64-22/build/binutils-2.47/gprofng/src -I/work/build.CoreELEC-Amlogic-no.aarch64-22/build/binutils-2.47/gprofng/src/../common -I/work/build.CoreELEC-Amlogic-no.aarch64-22/build/binutils-2.47/gprofng/src/../../include -I/work/build.CoreELEC-Amlogic-no.aarch64-22/build/binutils-2.47/gprofng/src/../../opcodes -I../../bfd -I/work/build.CoreELEC-Amlogic-no.aarch64-22/build/binutils-2.47/gprofng/src/../../bfd -I/work/build.CoreELEC-Amlogic-no.aarch64-22/build/binutils-2.47/gprofng/../zlib  -Wall -pthread -Wno-switch -fno-lto -g -O2     -MT gp-display-src.o -MD -MP -MF $depbase.Tpo -c -o gp-display-src.o /work/build.CoreELEC-Amlogic-no.aarch64-22/build/binutils-2.47/gprofng/src/gp-display-src.cc &&\
mv -f $depbase.Tpo $depbase.Po
depbase=`echo gp-gmon.o | sed 's|[^/]*$|.deps/&|;s|\.o$||'`;\
/work/build.CoreELEC-Amlogic-no.aarch64-22/toolchain/bin/host-g++ -DHAVE_CONFIG_H -I. -I/work/build.CoreELEC-Amlogic-no.aarch64-22/build/binutils-2.47/gprofng/src -I..  -U_ASM -DLOCALEDIR=\"/work/build.CoreELEC-Amlogic-no.aarch64-22/toolchain/share/locale\" -DSYSCONFDIR=\"/work/build.CoreELEC-Amlogic-no.aarch64-22/toolchain/etc\" -DLIBDIR=\"/work/build.CoreELEC-Amlogic-no.aarch64-22/toolchain/lib\" -I.. -I/work/build.CoreELEC-Amlogic-no.aarch64-22/build/binutils-2.47/gprofng/src -I/work/build.CoreELEC-Amlogic-no.aarch64-22/build/binutils-2.47/gprofng/src/../common -I/work/build.CoreELEC-Amlogic-no.aarch64-22/build/binutils-2.47/gprofng/src/../../include -I/work/build.CoreELEC-Amlogic-no.aarch64-22/build/binutils-2.47/gprofng/src/../../opcodes -I../../bfd -I/work/build.CoreELEC-Amlogic-no.aarch64-22/build/binutils-2.47/gprofng/src/../../bfd -I/work/build.CoreELEC-Amlogic-no.aarch64-22/build/binutils-2.47/gprofng/../zlib  -Wall -pthread -Wno-switch -fno-lto -g -O2     -MT gp-gmon.o -MD -MP -MF $depbase.Tpo -c -o gp-gmon.o /work/build.CoreELEC-Amlogic-no.aarch64-22/build/binutils-2.47/gprofng/src/gp-gmon.cc &&\
mv -f $depbase.Tpo $depbase.Po
libtool: compile:  /work/build.CoreELEC-Amlogic-no.aarch64-22/toolchain/bin/host-g++ -DHAVE_CONFIG_H -I. -I/work/build.CoreELEC-Amlogic-no.aarch64-22/build/binutils-2.47/gprofng/src -I.. -U_ASM -DLOCALEDIR=\"/work/build.CoreELEC-Amlogic-no.aarch64-22/toolchain/share/locale\" -DSYSCONFDIR=\"/work/build.CoreELEC-Amlogic-no.aarch64-22/toolchain/etc\" -DLIBDIR=\"/work/build.CoreELEC-Amlogic-no.aarch64-22/toolchain/lib\" -I.. -I/work/build.CoreELEC-Amlogic-no.aarch64-22/build/binutils-2.47/gprofng/src -I/work/build.CoreELEC-Amlogic-no.aarch64-22/build/binutils-2.47/gprofng/src/../common -I/work/build.CoreELEC-Amlogic-no.aarch64-22/build/binutils-2.47/gprofng/src/../../include -I/work/build.CoreELEC-Amlogic-no.aarch64-22/build/binutils-2.47/gprofng/src/../../opcodes -I../../bfd -I/work/build.CoreELEC-Amlogic-no.aarch64-22/build/binutils-2.47/gprofng/src/../../bfd -I/work/build.CoreELEC-Amlogic-no.aarch64-22/build/binutils-2.47/gprofng/../zlib -Wall -pthread -Wno-switch -fno-lto -g -O2 -MT Module.lo -MD -MP -MF .deps/Module.Tpo -c /work/build.CoreELEC-Amlogic-no.aarch64-22/build/binutils-2.47/gprofng/src/Module.cc -o Module.o >/dev/null 2>&1
mv -f .deps/libgprofng_la-dbe_hwcdrv.Tpo .deps/libgprofng_la-dbe_hwcdrv.Plo
libtool: compile:  /work/build.CoreELEC-Amlogic-no.aarch64-22/toolchain/bin/host-gcc -DHAVE_CONFIG_H -I. -I/work/build.CoreELEC-Amlogic-no.aarch64-22/build/binutils-2.47/gprofng/src -I.. -U_ASM -DLOCALEDIR=\"/work/build.CoreELEC-Amlogic-no.aarch64-22/toolchain/share/locale\" -DSYSCONFDIR=\"/work/build.CoreELEC-Amlogic-no.aarch64-22/toolchain/etc\" -DLIBDIR=\"/work/build.CoreELEC-Amlogic-no.aarch64-22/toolchain/lib\" -I.. -I/work/build.CoreELEC-Amlogic-no.aarch64-22/build/binutils-2.47/gprofng/src -I/work/build.CoreELEC-Amlogic-no.aarch64-22/build/binutils-2.47/gprofng/src/../common -I/work/build.CoreELEC-Amlogic-no.aarch64-22/build/binutils-2.47/gprofng/src/../../include -I/work/build.CoreELEC-Amlogic-no.aarch64-22/build/binutils-2.47/gprofng/src/../../opcodes -I../../bfd -I/work/build.CoreELEC-Amlogic-no.aarch64-22/build/binutils-2.47/gprofng/src/../../bfd -I/work/build.CoreELEC-Amlogic-no.aarch64-22/build/binutils-2.47/gprofng/../zlib -Wall -pthread -Wno-switch -fno-lto -fno-lto -g -O2 -MT libgprofng_la-dbe_hwctable.lo -MD -MP -MF .deps/libgprofng_la-dbe_hwctable.Tpo -c /work/build.CoreELEC-Amlogic-no.aarch64-22/build/binutils-2.47/gprofng/src/dbe_hwctable.c -o libgprofng_la-dbe_hwctable.o >/dev/null 2>&1
libtool: compile:  /work/build.CoreELEC-Amlogic-no.aarch64-22/toolchain/bin/host-g++ -DHAVE_CONFIG_H -I. -I/work/build.CoreELEC-Amlogic-no.aarch64-22/build/binutils-2.47/gprofng/src -I.. -U_ASM -DLOCALEDIR=\"/work/build.CoreELEC-Amlogic-no.aarch64-22/toolchain/share/locale\" -DSYSCONFDIR=\"/work/build.CoreELEC-Amlogic-no.aarch64-22/toolchain/etc\" -DLIBDIR=\"/work/build.CoreELEC-Amlogic-no.aarch64-22/toolchain/lib\" -I.. -I/work/build.CoreELEC-Amlogic-no.aarch64-22/build/binutils-2.47/gprofng/src -I/work/build.CoreELEC-Amlogic-no.aarch64-22/build/binutils-2.47/gprofng/src/../common -I/work/build.CoreELEC-Amlogic-no.aarch64-22/build/binutils-2.47/gprofng/src/../../include -I/work/build.CoreELEC-Amlogic-no.aarch64-22/build/binutils-2.47/gprofng/src/../../opcodes -I../../bfd -I/work/build.CoreELEC-Amlogic-no.aarch64-22/build/binutils-2.47/gprofng/src/../../bfd -I/work/build.CoreELEC-Amlogic-no.aarch64-22/build/binutils-2.47/gprofng/../zlib -Wall -pthread -Wno-switch -fno-lto -g -O2 -MT Stabs.lo -MD -MP -MF .deps/Stabs.Tpo -c /work/build.CoreELEC-Amlogic-no.aarch64-22/build/binutils-2.47/gprofng/src/Stabs.cc -o Stabs.o >/dev/null 2>&1
libtool: compile:  /work/build.CoreELEC-Amlogic-no.aarch64-22/toolchain/bin/host-g++ -DHAVE_CONFIG_H -I. -I/work/build.CoreELEC-Amlogic-no.aarch64-22/build/binutils-2.47/gprofng/src -I.. -U_ASM -DLOCALEDIR=\"/work/build.CoreELEC-Amlogic-no.aarch64-22/toolchain/share/locale\" -DSYSCONFDIR=\"/work/build.CoreELEC-Amlogic-no.aarch64-22/toolchain/etc\" -DLIBDIR=\"/work/build.CoreELEC-Amlogic-no.aarch64-22/toolchain/lib\" -I.. -I/work/build.CoreELEC-Amlogic-no.aarch64-22/build/binutils-2.47/gprofng/src -I/work/build.CoreELEC-Amlogic-no.aarch64-22/build/binutils-2.47/gprofng/src/../common -I/work/build.CoreELEC-Amlogic-no.aarch64-22/build/binutils-2.47/gprofng/src/../../include -I/work/build.CoreELEC-Amlogic-no.aarch64-22/build/binutils-2.47/gprofng/src/../../opcodes -I../../bfd -I/work/build.CoreELEC-Amlogic-no.aarch64-22/build/binutils-2.47/gprofng/src/../../bfd -I/work/build.CoreELEC-Amlogic-no.aarch64-22/build/binutils-2.47/gprofng/../zlib -Wall -pthread -Wno-switch -fno-lto -g -O2 -MT Print.lo -MD -MP -MF .deps/Print.Tpo -c /work/build.CoreELEC-Amlogic-no.aarch64-22/build/binutils-2.47/gprofng/src/Print.cc -o Print.o >/dev/null 2>&1
libtool: compile:  /work/build.CoreELEC-Amlogic-no.aarch64-22/toolchain/bin/host-g++ -DHAVE_CONFIG_H -I. -I/work/build.CoreELEC-Amlogic-no.aarch64-22/build/binutils-2.47/gprofng/src -I.. -U_ASM -DLOCALEDIR=\"/work/build.CoreELEC-Amlogic-no.aarch64-22/toolchain/share/locale\" -DSYSCONFDIR=\"/work/build.CoreELEC-Amlogic-no.aarch64-22/toolchain/etc\" -DLIBDIR=\"/work/build.CoreELEC-Amlogic-no.aarch64-22/toolchain/lib\" -I.. -I/work/build.CoreELEC-Amlogic-no.aarch64-22/build/binutils-2.47/gprofng/src -I/work/build.CoreELEC-Amlogic-no.aarch64-22/build/binutils-2.47/gprofng/src/../common -I/work/build.CoreELEC-Amlogic-no.aarch64-22/build/binutils-2.47/gprofng/src/../../include -I/work/build.CoreELEC-Amlogic-no.aarch64-22/build/binutils-2.47/gprofng/src/../../opcodes -I../../bfd -I/work/build.CoreELEC-Amlogic-no.aarch64-22/build/binutils-2.47/gprofng/src/../../bfd -I/work/build.CoreELEC-Amlogic-no.aarch64-22/build/binutils-2.47/gprofng/../zlib -Wall -pthread -Wno-switch -fno-lto -g -O2 -MT QLParser.tab.lo -MD -MP -MF .deps/QLParser.tab.Tpo -c /work/build.CoreELEC-Amlogic-no.aarch64-22/build/binutils-2.47/gprofng/src/QLParser.tab.cc -o QLParser.tab.o >/dev/null 2>&1
libtool: compile:  /work/build.CoreELEC-Amlogic-no.aarch64-22/toolchain/bin/host-g++ -DHAVE_CONFIG_H -I. -I/work/build.CoreELEC-Amlogic-no.aarch64-22/build/binutils-2.47/gprofng/src -I.. -U_ASM -DLOCALEDIR=\"/work/build.CoreELEC-Amlogic-no.aarch64-22/toolchain/share/locale\" -DSYSCONFDIR=\"/work/build.CoreELEC-Amlogic-no.aarch64-22/toolchain/etc\" -DLIBDIR=\"/work/build.CoreELEC-Amlogic-no.aarch64-22/toolchain/lib\" -I.. -I/work/build.CoreELEC-Amlogic-no.aarch64-22/build/binutils-2.47/gprofng/src -I/work/build.CoreELEC-Amlogic-no.aarch64-22/build/binutils-2.47/gprofng/src/../common -I/work/build.CoreELEC-Amlogic-no.aarch64-22/build/binutils-2.47/gprofng/src/../../include -I/work/build.CoreELEC-Amlogic-no.aarch64-22/build/binutils-2.47/gprofng/src/../../opcodes -I../../bfd -I/work/build.CoreELEC-Amlogic-no.aarch64-22/build/binutils-2.47/gprofng/src/../../bfd -I/work/build.CoreELEC-Amlogic-no.aarch64-22/build/binutils-2.47/gprofng/../zlib -Wall -pthread -Wno-switch -fno-lto -g -O2 -MT PathTree.lo -MD -MP -MF .deps/PathTree.Tpo -c /work/build.CoreELEC-Amlogic-no.aarch64-22/build/binutils-2.47/gprofng/src/PathTree.cc -o PathTree.o >/dev/null 2>&1
mv -f .deps/libgprofng_la-dbe_hwctable.Tpo .deps/libgprofng_la-dbe_hwctable.Plo
libtool: compile:  /work/build.CoreELEC-Amlogic-no.aarch64-22/toolchain/bin/host-g++ -DHAVE_CONFIG_H -I. -I/work/build.CoreELEC-Amlogic-no.aarch64-22/build/binutils-2.47/gprofng/src -I.. -U_ASM -DLOCALEDIR=\"/work/build.CoreELEC-Amlogic-no.aarch64-22/toolchain/share/locale\" -DSYSCONFDIR=\"/work/build.CoreELEC-Amlogic-no.aarch64-22/toolchain/etc\" -DLIBDIR=\"/work/build.CoreELEC-Amlogic-no.aarch64-22/toolchain/lib\" -I.. -I/work/build.CoreELEC-Amlogic-no.aarch64-22/build/binutils-2.47/gprofng/src -I/work/build.CoreELEC-Amlogic-no.aarch64-22/build/binutils-2.47/gprofng/src/../common -I/work/build.CoreELEC-Amlogic-no.aarch64-22/build/binutils-2.47/gprofng/src/../../include -I/work/build.CoreELEC-Amlogic-no.aarch64-22/build/binutils-2.47/gprofng/src/../../opcodes -I../../bfd -I/work/build.CoreELEC-Amlogic-no.aarch64-22/build/binutils-2.47/gprofng/src/../../bfd -I/work/build.CoreELEC-Amlogic-no.aarch64-22/build/binutils-2.47/gprofng/../zlib -Wall -pthread -Wno-switch -fno-lto -g -O2 -MT DbeSession.lo -MD -MP -MF .deps/DbeSession.Tpo -c /work/build.CoreELEC-Amlogic-no.aarch64-22/build/binutils-2.47/gprofng/src/DbeSession.cc -o DbeSession.o >/dev/null 2>&1
libtool: compile:  /work/build.CoreELEC-Amlogic-no.aarch64-22/toolchain/bin/host-g++ -DHAVE_CONFIG_H -I. -I/work/build.CoreELEC-Amlogic-no.aarch64-22/build/binutils-2.47/gprofng/src -I.. -U_ASM -DLOCALEDIR=\"/work/build.CoreELEC-Amlogic-no.aarch64-22/toolchain/share/locale\" -DSYSCONFDIR=\"/work/build.CoreELEC-Amlogic-no.aarch64-22/toolchain/etc\" -DLIBDIR=\"/work/build.CoreELEC-Amlogic-no.aarch64-22/toolchain/lib\" -I.. -I/work/build.CoreELEC-Amlogic-no.aarch64-22/build/binutils-2.47/gprofng/src -I/work/build.CoreELEC-Amlogic-no.aarch64-22/build/binutils-2.47/gprofng/src/../common -I/work/build.CoreELEC-Amlogic-no.aarch64-22/build/binutils-2.47/gprofng/src/../../include -I/work/build.CoreELEC-Amlogic-no.aarch64-22/build/binutils-2.47/gprofng/src/../../opcodes -I../../bfd -I/work/build.CoreELEC-Amlogic-no.aarch64-22/build/binutils-2.47/gprofng/src/../../bfd -I/work/build.CoreELEC-Amlogic-no.aarch64-22/build/binutils-2.47/gprofng/../zlib -Wall -pthread -Wno-switch -fno-lto -g -O2 -MT Experiment.lo -MD -MP -MF .deps/Experiment.Tpo -c /work/build.CoreELEC-Amlogic-no.aarch64-22/build/binutils-2.47/gprofng/src/Experiment.cc -o Experiment.o >/dev/null 2>&1
libtool: compile:  /work/build.CoreELEC-Amlogic-no.aarch64-22/toolchain/bin/host-g++ -DHAVE_CONFIG_H -I. -I/work/build.CoreELEC-Amlogic-no.aarch64-22/build/binutils-2.47/gprofng/src -I.. -U_ASM -DLOCALEDIR=\"/work/build.CoreELEC-Amlogic-no.aarch64-22/toolchain/share/locale\" -DSYSCONFDIR=\"/work/build.CoreELEC-Amlogic-no.aarch64-22/toolchain/etc\" -DLIBDIR=\"/work/build.CoreELEC-Amlogic-no.aarch64-22/toolchain/lib\" -I.. -I/work/build.CoreELEC-Amlogic-no.aarch64-22/build/binutils-2.47/gprofng/src -I/work/build.CoreELEC-Amlogic-no.aarch64-22/build/binutils-2.47/gprofng/src/../common -I/work/build.CoreELEC-Amlogic-no.aarch64-22/build/binutils-2.47/gprofng/src/../../include -I/work/build.CoreELEC-Amlogic-no.aarch64-22/build/binutils-2.47/gprofng/src/../../opcodes -I../../bfd -I/work/build.CoreELEC-Amlogic-no.aarch64-22/build/binutils-2.47/gprofng/src/../../bfd -I/work/build.CoreELEC-Amlogic-no.aarch64-22/build/binutils-2.47/gprofng/../zlib -Wall -pthread -Wno-switch -fno-lto -g -O2 -MT Dbe.lo -MD -MP -MF .deps/Dbe.Tpo -c /work/build.CoreELEC-Amlogic-no.aarch64-22/build/binutils-2.47/gprofng/src/Dbe.cc -o Dbe.o >/dev/null 2>&1
  CXX      s390.o
/bin/dash ../libtool  --tag=CXX   --mode=link /work/build.CoreELEC-Amlogic-no.aarch64-22/toolchain/bin/host-g++ -Wall -pthread -Wno-switch -fno-lto -g -O2     -version-info 0:0:0  -o libgprofng.la -rpath /work/build.CoreELEC-Amlogic-no.aarch64-22/toolchain/lib Application.lo BaseMetric.lo BaseMetricTreeNode.lo CallStack.lo CatchOutOfMemory.lo ClassFile.lo Command.lo CompCom.lo DataObject.lo DataSpace.lo Data_window.lo DataStream.lo DbeApplication.lo DbeFile.lo DbeJarFile.lo DbeLock.lo DbeSession.lo DbeThread.lo DbeView.lo DerivedMetrics.lo Disasm.lo Dwarf.lo DwarfLib.lo Elf.lo Emsg.lo Experiment.lo Exp_Layout.lo ExpGroup.lo Expression.lo FileData.lo Filter.lo FilterSet.lo Function.lo HeapMap.lo HeapData.lo HeapActivity.lo Hist_data.lo IndexObject.lo IOActivity.lo LoadObject.lo MachineModel.lo MemObject.lo MemorySpace.lo Metric.lo MetricList.lo Module.lo Ovw_data.lo PRBTree.lo PathTree.lo PreviewExp.lo Print.lo SAXParserFactory.lo Sample.lo Settings.lo SourceFile.lo Stabs.lo Stats_data.lo StringBuilder.lo Symbol.lo Table.lo QLParser.tab.lo dbe_collctrl.lo i18n.lo parse.lo UserLabel.lo util.lo Dbe.lo gmon_io.lo gmon_basic_blocks.lo gmon_call_graph.lo gmon_hist.lo gmon_symtab.lo gmon_cg_arcs.lo gmon_corefile.lo libgprofng_la-dbe_hwcdrv.lo libgprofng_la-dbe_hwcfuncs.lo libgprofng_la-dbe_hwctable.lo libgprofng_la-gethrtime.lo ../../opcodes/libopcodes.la ../../bfd/libbfd.la -L../../libiberty/pic -liberty -lpthread -ldl 
libtool: link: `CompCom.lo' is not a valid libtool object
make[6]: *** [Makefile:675: libgprofng.la] Error 1
make[6]: Leaving directory '/work/build.CoreELEC-Amlogic-no.aarch64-22/build/binutils-2.47/.x86_64-linux-gnu/gprofng/src'
make[5]: *** [Makefile:605: all] Error 2
make[5]: Leaving directory '/work/build.CoreELEC-Amlogic-no.aarch64-22/build/binutils-2.47/.x86_64-linux-gnu/gprofng/src'
make[4]: *** [Makefile:481: all-recursive] Error 1
make[4]: Leaving directory '/work/build.CoreELEC-Amlogic-no.aarch64-22/build/binutils-2.47/.x86_64-linux-gnu/gprofng'
make[3]: *** [Makefile:413: all] Error 2
make[3]: Leaving directory '/work/build.CoreELEC-Amlogic-no.aarch64-22/build/binutils-2.47/.x86_64-linux-gnu/gprofng'
make[2]: *** [Makefile:7681: all-gprofng] Error 2
  AR       libgold.a
ar: `u' modifier ignored since `D' is the default (see `U')
  CXXLD    dwp
/usr/bin/ld: libgold.a(gold.o): warning: relocation against `_ZTVN4gold15Write_data_taskE' in read-only section `.text'
/usr/bin/ld: dwp.o: in function `gold::General_options::Struct_keep_text_section_prefix::parse_to_value(char const*, char const*, gold::Command_line*, gold::General_options*)':
/work/build.CoreELEC-Amlogic-no.aarch64-22/build/binutils-2.47/gold/options.h:1545:(.text._ZN4gold15General_options31Struct_keep_text_section_prefix14parse_to_valueEPKcS3_PNS_12Command_lineEPS0_[_ZN4gold15General_options31Struct_keep_text_section_prefix14parse_to_valueEPKcS3_PNS_12Command_lineEPS0_]+0xf): undefined reference to `gold::options::parse_bool(char const*, char const*, bool*)'
/usr/bin/ld: dwp.o: in function `gold::General_options::Struct_text_unlikely_segment::parse_to_value(char const*, char const*, gold::Command_line*, gold::General_options*)':
/work/build.CoreELEC-Amlogic-no.aarch64-22/build/binutils-2.47/gold/options.h:1541:(.text._ZN4gold15General_options28Struct_text_unlikely_segment14parse_to_valueEPKcS3_PNS_12Command_lineEPS0_[_ZN4gold15General_options28Struct_text_unlikely_segment14parse_to_valueEPKcS3_PNS_12Command_lineEPS0_]+0xf): undefined reference to `gold::options::parse_bool(char const*, char const*, bool*)'
/usr/bin/ld: dwp.o: in function `gold::General_options::Struct_text::parse_to_value(char const*, char const*, gold::Command_line*, gold::General_options*)':
/work/build.CoreELEC-Amlogic-no.aarch64-22/build/binutils-2.47/gold/options.h:1535:(.text._ZN4gold15General_options11Struct_text14parse_to_valueEPKcS3_PNS_12Command_lineEPS0_[_ZN4gold15General_options11Struct_text14parse_to_valueEPKcS3_PNS_12Command_lineEPS0_]+0xf): undefined reference to `gold::options::parse_bool(char const*, char const*, bool*)'
/usr/bin/ld: dwp.o: in function `gold::General_options::Struct_relro::parse_to_value(char const*, char const*, gold::Command_line*, gold::General_options*)':
/work/build.CoreELEC-Amlogic-no.aarch64-22/build/binutils-2.47/gold/options.h:1525:(.text._ZN4gold15General_options12Struct_relro14parse_to_valueEPKcS3_PNS_12Command_lineEPS0_[_ZN4gold15General_options12Struct_relro14parse_to_valueEPKcS3_PNS_12Command_lineEPS0_]+0xf): undefined reference to `gold::options::parse_bool(char const*, char const*, bool*)'
/usr/bin/ld: dwp.o: in function `gold::General_options::Struct_origin::parse_to_value(char const*, char const*, gold::Command_line*, gold::General_options*)':
/work/build.CoreELEC-Amlogic-no.aarch64-22/build/binutils-2.47/gold/options.h:1522:(.text._ZN4gold15General_options13Struct_origin14parse_to_valueEPKcS3_PNS_12Command_lineEPS0_[_ZN4gold15General_options13Struct_origin14parse_to_valueEPKcS3_PNS_12Command_lineEPS0_]+0xf): undefined reference to `gold::options::parse_bool(char const*, char const*, bool*)'
/usr/bin/ld: dwp.o:/work/build.CoreELEC-Amlogic-no.aarch64-22/build/binutils-2.47/gold/options.h:1519: more undefined references to `gold::options::parse_bool(char const*, char const*, bool*)' follow
/usr/bin/ld: dwp.o: in function `gold::General_options::parse_choices_assert(char const*, char const*, char const**)':
/work/build.CoreELEC-Amlogic-no.aarch64-22/build/binutils-2.47/gold/options.h:705:(.text._ZN4gold15General_options13Struct_assert14parse_to_valueEPKcS3_PNS_12Command_lineEPS0_[_ZN4gold15General_options13Struct_assert14parse_to_valueEPKcS3_PNS_12Command_lineEPS0_]+0x55): undefined reference to `gold::options::parse_choices(char const*, char const*, char const**, char const**, int)'
/usr/bin/ld: dwp.o: in function `gold::General_options::parse_choices_compress_debug_sections(char const*, char const*, char const**)':
/work/build.CoreELEC-Amlogic-no.aarch64-22/build/binutils-2.47/gold/options.h:771:(.text._ZN4gold15General_options30Struct_compress_debug_sections14parse_to_valueEPKcS3_PNS_12Command_lineEPS0_[_ZN4gold15General_options30Struct_compress_debug_sections14parse_to_valueEPKcS3_PNS_12Command_lineEPS0_]+0x61): undefined reference to `gold::options::parse_choices(char const*, char const*, char const**, char const**, int)'
/usr/bin/ld: dwp.o: in function `gold::General_options::parse_choices_hash_style(char const*, char const*, char const**)':
/work/build.CoreELEC-Amlogic-no.aarch64-22/build/binutils-2.47/gold/options.h:949:(.text._ZN4gold15General_options17Struct_hash_style14parse_to_valueEPKcS3_PNS_12Command_lineEPS0_[_ZN4gold15General_options17Struct_hash_style14parse_to_valueEPKcS3_PNS_12Command_lineEPS0_]+0x44): undefined reference to `gold::options::parse_choices(char const*, char const*, char const**, char const**, int)'
/usr/bin/ld: dwp.o: in function `gold::General_options::parse_choices_icf(char const*, char const*, char const**)':
/work/build.CoreELEC-Amlogic-no.aarch64-22/build/binutils-2.47/gold/options.h:958:(.text._ZN4gold15General_options10Struct_icf14parse_to_valueEPKcS3_PNS_12Command_lineEPS0_[_ZN4gold15General_options10Struct_icf14parse_to_valueEPKcS3_PNS_12Command_lineEPS0_]+0x44): undefined reference to `gold::options::parse_choices(char const*, char const*, char const**, char const**, int)'
/usr/bin/ld: dwp.o: in function `gold::General_options::parse_choices_orphan_handling(char const*, char const*, char const**)':
/work/build.CoreELEC-Amlogic-no.aarch64-22/build/binutils-2.47/gold/options.h:1100:(.text._ZN4gold15General_options22Struct_orphan_handling14parse_to_valueEPKcS3_PNS_12Command_lineEPS0_[_ZN4gold15General_options22Struct_orphan_handling14parse_to_valueEPKcS3_PNS_12Command_lineEPS0_]+0x55): undefined reference to `gold::options::parse_choices(char const*, char const*, char const**, char const**, int)'
/usr/bin/ld: dwp.o:/work/build.CoreELEC-Amlogic-no.aarch64-22/build/binutils-2.47/gold/options.h:1161: more undefined references to `gold::options::parse_choices(char const*, char const*, char const**, char const**, int)' follow
/usr/bin/ld: dwp.o: in function `gold::General_options::Struct_stack_size::parse_to_value(char const*, char const*, gold::Command_line*, gold::General_options*)':
/work/build.CoreELEC-Amlogic-no.aarch64-22/build/binutils-2.47/gold/options.h:1528:(.text._ZN4gold15General_options17Struct_stack_size14parse_to_valueEPKcS3_PNS_12Command_lineEPS0_[_ZN4gold15General_options17Struct_stack_size14parse_to_valueEPKcS3_PNS_12Command_lineEPS0_]+0xf): undefined reference to `gold::options::parse_uint64(char const*, char const*, unsigned long*)'
/usr/bin/ld: dwp.o: in function `gold::General_options::Struct_max_page_size::parse_to_value(char const*, char const*, gold::Command_line*, gold::General_options*)':
/work/build.CoreELEC-Amlogic-no.aarch64-22/build/binutils-2.47/gold/options.h:1495:(.text._ZN4gold15General_options20Struct_max_page_size14parse_to_valueEPKcS3_PNS_12Command_lineEPS0_[_ZN4gold15General_options20Struct_max_page_size14parse_to_valueEPKcS3_PNS_12Command_lineEPS0_]+0xf): undefined reference to `gold::options::parse_uint64(char const*, char const*, unsigned long*)'
/usr/bin/ld: dwp.o: in function `gold::General_options::Struct_common_page_size::parse_to_value(char const*, char const*, gold::Command_line*, gold::General_options*)':
/work/build.CoreELEC-Amlogic-no.aarch64-22/build/binutils-2.47/gold/options.h:1470:(.text._ZN4gold15General_options23Struct_common_page_size14parse_to_valueEPKcS3_PNS_12Command_lineEPS0_[_ZN4gold15General_options23Struct_common_page_size14parse_to_valueEPKcS3_PNS_12Command_lineEPS0_]+0xf): undefined reference to `gold::options::parse_uint64(char const*, char const*, unsigned long*)'
/usr/bin/ld: dwp.o: in function `gold::General_options::Struct_Trodata_segment::parse_to_value(char const*, char const*, gold::Command_line*, gold::General_options*)':
/work/build.CoreELEC-Amlogic-no.aarch64-22/build/binutils-2.47/gold/options.h:1359:(.text._ZN4gold15General_options22Struct_Trodata_segment14parse_to_valueEPKcS3_PNS_12Command_lineEPS0_[_ZN4gold15General_options22Struct_Trodata_segment14parse_to_valueEPKcS3_PNS_12Command_lineEPS0_]+0xf): undefined reference to `gold::options::parse_uint64(char const*, char const*, unsigned long*)'
/usr/bin/ld: dwp.o: in function `gold::General_options::Struct_Ttext::parse_to_value(char const*, char const*, gold::Command_line*, gold::General_options*)':
/work/build.CoreELEC-Amlogic-no.aarch64-22/build/binutils-2.47/gold/options.h:1354:(.text._ZN4gold15General_options12Struct_Ttext14parse_to_valueEPKcS3_PNS_12Command_lineEPS0_[_ZN4gold15General_options12Struct_Ttext14parse_to_valueEPKcS3_PNS_12Command_lineEPS0_]+0xf): undefined reference to `gold::options::parse_uint64(char const*, char const*, unsigned long*)'
/usr/bin/ld: dwp.o:/work/build.CoreELEC-Amlogic-no.aarch64-22/build/binutils-2.47/gold/options.h:1352: more undefined references to `gold::options::parse_uint64(char const*, char const*, unsigned long*)' follow
/usr/bin/ld: dwp.o: in function `gold::General_options::Struct_Y::parse_to_value(char const*, char const*, gold::Command_line*, gold::General_options*)':
/work/build.CoreELEC-Amlogic-no.aarch64-22/build/binutils-2.47/gold/options.h:1454:(.text._ZN4gold15General_options8Struct_Y14parse_to_valueEPKcS3_PNS_12Command_lineEPS0_[_ZN4gold15General_options8Struct_Y14parse_to_valueEPKcS3_PNS_12Command_lineEPS0_]+0xf): undefined reference to `gold::options::parse_string(char const*, char const*, char const**)'
/usr/bin/ld: dwp.o: in function `gold::General_options::Struct_sysroot::parse_to_value(char const*, char const*, gold::Command_line*, gold::General_options*)':
/work/build.CoreELEC-Amlogic-no.aarch64-22/build/binutils-2.47/gold/options.h:1297:(.text._ZN4gold15General_options14Struct_sysroot14parse_to_valueEPKcS3_PNS_12Command_lineEPS0_[_ZN4gold15General_options14Struct_sysroot14parse_to_valueEPKcS3_PNS_12Command_lineEPS0_]+0xf): undefined reference to `gold::options::parse_string(char const*, char const*, char const**)'
/usr/bin/ld: dwp.o: in function `gold::General_options::Struct_section_ordering_file::parse_to_value(char const*, char const*, gold::Command_line*, gold::General_options*)':
/work/build.CoreELEC-Amlogic-no.aarch64-22/build/binutils-2.47/gold/options.h:1245:(.text._ZN4gold15General_options28Struct_section_ordering_file14parse_to_valueEPKcS3_PNS_12Command_lineEPS0_[_ZN4gold15General_options28Struct_section_ordering_file14parse_to_valueEPKcS3_PNS_12Command_lineEPS0_]+0xf): undefined reference to `gold::options::parse_string(char const*, char const*, char const**)'
/usr/bin/ld: dwp.o: in function `gold::General_options::Struct_retain_symbols_file::parse_to_value(char const*, char const*, gold::Command_line*, gold::General_options*)':
/work/build.CoreELEC-Amlogic-no.aarch64-22/build/binutils-2.47/gold/options.h:1207:(.text._ZN4gold15General_options26Struct_retain_symbols_file14parse_to_valueEPKcS3_PNS_12Command_lineEPS0_[_ZN4gold15General_options26Struct_retain_symbols_file14parse_to_valueEPKcS3_PNS_12Command_lineEPS0_]+0xf): undefined reference to `gold::options::parse_string(char const*, char const*, char const**)'
/usr/bin/ld: dwp.o: in function `gold::General_options::Struct_print_symbol_counts::parse_to_value(char const*, char const*, gold::Command_line*, gold::General_options*)':
/work/build.CoreELEC-Amlogic-no.aarch64-22/build/binutils-2.47/gold/options.h:1181:(.text._ZN4gold15General_options26Struct_print_symbol_counts14parse_to_valueEPKcS3_PNS_12Command_lineEPS0_[_ZN4gold15General_options26Struct_print_symbol_counts14parse_to_valueEPKcS3_PNS_12Command_lineEPS0_]+0xf): undefined reference to `gold::options::parse_string(char const*, char const*, char const**)'
/usr/bin/ld: dwp.o:/work/build.CoreELEC-Amlogic-no.aarch64-22/build/binutils-2.47/gold/options.h:1094: more undefined references to `gold::options::parse_string(char const*, char const*, char const**)' follow
/usr/bin/ld: dwp.o: in function `gold::General_options::Struct_trace_symbol::parse_to_value(char const*, char const*, gold::Command_line*, gold::General_options*)':
/work/build.CoreELEC-Amlogic-no.aarch64-22/build/binutils-2.47/gold/options.h:1447:(.text._ZN4gold15General_options19Struct_trace_symbol14parse_to_valueEPKcS3_PNS_12Command_lineEPS0_[_ZN4gold15General_options19Struct_trace_symbol14parse_to_valueEPKcS3_PNS_12Command_lineEPS0_]+0xf): undefined reference to `gold::options::parse_set(char const*, char const*, std::unordered_set<std::__cxx11::basic_string<char, std::char_traits<char>, std::allocator<char> >, std::hash<std::__cxx11::basic_string<char, std::char_traits<char>, std::allocator<char> > >, std::equal_to<std::__cxx11::basic_string<char, std::char_traits<char>, std::allocator<char> > >, std::allocator<std::__cxx11::basic_string<char, std::char_traits<char>, std::allocator<char> > > >*)'
/usr/bin/ld: dwp.o: in function `gold::General_options::Struct_wrap::parse_to_value(char const*, char const*, gold::Command_line*, gold::General_options*)':
/work/build.CoreELEC-Amlogic-no.aarch64-22/build/binutils-2.47/gold/options.h:1433:(.text._ZN4gold15General_options11Struct_wrap14parse_to_valueEPKcS3_PNS_12Command_lineEPS0_[_ZN4gold15General_options11Struct_wrap14parse_to_valueEPKcS3_PNS_12Command_lineEPS0_]+0xf): undefined reference to `gold::options::parse_set(char const*, char const*, std::unordered_set<std::__cxx11::basic_string<char, std::char_traits<char>, std::allocator<char> >, std::hash<std::__cxx11::basic_string<char, std::char_traits<char>, std::allocator<char> > >, std::equal_to<std::__cxx11::basic_string<char, std::char_traits<char>, std::allocator<char> > >, std::allocator<std::__cxx11::basic_string<char, std::char_traits<char>, std::allocator<char> > > >*)'
/usr/bin/ld: dwp.o: in function `gold::General_options::Struct_undefined::parse_to_value(char const*, char const*, gold::Command_line*, gold::General_options*)':
/work/build.CoreELEC-Amlogic-no.aarch64-22/build/binutils-2.47/gold/options.h:1364:(.text._ZN4gold15General_options16Struct_undefined14parse_to_valueEPKcS3_PNS_12Command_lineEPS0_[_ZN4gold15General_options16Struct_undefined14parse_to_valueEPKcS3_PNS_12Command_lineEPS0_]+0xf): undefined reference to `gold::options::parse_set(char const*, char const*, std::unordered_set<std::__cxx11::basic_string<char, std::char_traits<char>, std::allocator<char> >, std::hash<std::__cxx11::basic_string<char, std::char_traits<char>, std::allocator<char> > >, std::equal_to<std::__cxx11::basic_string<char, std::char_traits<char>, std::allocator<char> > >, std::allocator<std::__cxx11::basic_string<char, std::char_traits<char>, std::allocator<char> > > >*)'
/usr/bin/ld: dwp.o: in function `gold::General_options::Struct_keep_unique::parse_to_value(char const*, char const*, gold::Command_line*, gold::General_options*)':
/work/build.CoreELEC-Amlogic-no.aarch64-22/build/binutils-2.47/gold/options.h:1023:(.text._ZN4gold15General_options18Struct_keep_unique14parse_to_valueEPKcS3_PNS_12Command_lineEPS0_[_ZN4gold15General_options18Struct_keep_unique14parse_to_valueEPKcS3_PNS_12Command_lineEPS0_]+0xf): undefined reference to `gold::options::parse_set(char const*, char const*, std::unordered_set<std::__cxx11::basic_string<char, std::char_traits<char>, std::allocator<char> >, std::hash<std::__cxx11::basic_string<char, std::char_traits<char>, std::allocator<char> > >, std::equal_to<std::__cxx11::basic_string<char, std::char_traits<char>, std::allocator<char> > >, std::allocator<std::__cxx11::basic_string<char, std::char_traits<char>, std::allocator<char> > > >*)'
/usr/bin/ld: dwp.o: in function `gold::General_options::Struct_auxiliary::parse_to_value(char const*, char const*, gold::Command_line*, gold::General_options*)':
/work/build.CoreELEC-Amlogic-no.aarch64-22/build/binutils-2.47/gold/options.h:876:(.text._ZN4gold15General_options16Struct_auxiliary14parse_to_valueEPKcS3_PNS_12Command_lineEPS0_[_ZN4gold15General_options16Struct_auxiliary14parse_to_valueEPKcS3_PNS_12Command_lineEPS0_]+0xf): undefined reference to `gold::options::parse_set(char const*, char const*, std::unordered_set<std::__cxx11::basic_string<char, std::char_traits<char>, std::allocator<char> >, std::hash<std::__cxx11::basic_string<char, std::char_traits<char>, std::allocator<char> > >, std::equal_to<std::__cxx11::basic_string<char, std::char_traits<char>, std::allocator<char> > >, std::allocator<std::__cxx11::basic_string<char, std::char_traits<char>, std::allocator<char> > > >*)'
/usr/bin/ld: dwp.o:/work/build.CoreELEC-Amlogic-no.aarch64-22/build/binutils-2.47/gold/options.h:866: more undefined references to `gold::options::parse_set(char const*, char const*, std::unordered_set<std::__cxx11::basic_string<char, std::char_traits<char>, std::allocator<char> >, std::hash<std::__cxx11::basic_string<char, std::char_traits<char>, std::allocator<char> > >, std::equal_to<std::__cxx11::basic_string<char, std::char_traits<char>, std::allocator<char> > >, std::allocator<std::__cxx11::basic_string<char, std::char_traits<char>, std::allocator<char> > > >*)' follow
/usr/bin/ld: dwp.o: in function `gold::General_options::Struct_thread_count_final::parse_to_value(char const*, char const*, gold::Command_line*, gold::General_options*)':
/work/build.CoreELEC-Amlogic-no.aarch64-22/build/binutils-2.47/gold/options.h:1329:(.text._ZN4gold15General_options25Struct_thread_count_final14parse_to_valueEPKcS3_PNS_12Command_lineEPS0_[_ZN4gold15General_options25Struct_thread_count_final14parse_to_valueEPKcS3_PNS_12Command_lineEPS0_]+0xf): undefined reference to `gold::options::parse_uint(char const*, char const*, int*)'
/usr/bin/ld: dwp.o: in function `gold::General_options::Struct_thread_count_middle::parse_to_value(char const*, char const*, gold::Command_line*, gold::General_options*)':
/work/build.CoreELEC-Amlogic-no.aarch64-22/build/binutils-2.47/gold/options.h:1327:(.text._ZN4gold15General_options26Struct_thread_count_middle14parse_to_valueEPKcS3_PNS_12Command_lineEPS0_[_ZN4gold15General_options26Struct_thread_count_middle14parse_to_valueEPKcS3_PNS_12Command_lineEPS0_]+0xf): undefined reference to `gold::options::parse_uint(char const*, char const*, int*)'
/usr/bin/ld: dwp.o: in function `gold::General_options::Struct_thread_count_initial::parse_to_value(char const*, char const*, gold::Command_line*, gold::General_options*)':
/work/build.CoreELEC-Amlogic-no.aarch64-22/build/binutils-2.47/gold/options.h:1325:(.text._ZN4gold15General_options27Struct_thread_count_initial14parse_to_valueEPKcS3_PNS_12Command_lineEPS0_[_ZN4gold15General_options27Struct_thread_count_initial14parse_to_valueEPKcS3_PNS_12Command_lineEPS0_]+0xf): undefined reference to `gold::options::parse_uint(char const*, char const*, int*)'
/usr/bin/ld: dwp.o: in function `gold::General_options::Struct_thread_count::parse_to_value(char const*, char const*, gold::Command_line*, gold::General_options*)':
/work/build.CoreELEC-Amlogic-no.aarch64-22/build/binutils-2.47/gold/options.h:1323:(.text._ZN4gold15General_options19Struct_thread_count14parse_to_valueEPKcS3_PNS_12Command_lineEPS0_[_ZN4gold15General_options19Struct_thread_count14parse_to_valueEPKcS3_PNS_12Command_lineEPS0_]+0xf): undefined reference to `gold::options::parse_uint(char const*, char const*, int*)'
/usr/bin/ld: dwp.o: in function `gold::General_options::Struct_split_stack_adjust_size::parse_to_value(char const*, char const*, gold::Command_line*, gold::General_options*)':
/work/build.CoreELEC-Amlogic-no.aarch64-22/build/binutils-2.47/gold/options.h:1280:(.text._ZN4gold15General_options30Struct_split_stack_adjust_size14parse_to_valueEPKcS3_PNS_12Command_lineEPS0_[_ZN4gold15General_options30Struct_split_stack_adjust_size14parse_to_valueEPKcS3_PNS_12Command_lineEPS0_]+0xf): undefined reference to `gold::options::parse_uint(char const*, char const*, int*)'
/usr/bin/ld: dwp.o:/work/build.CoreELEC-Amlogic-no.aarch64-22/build/binutils-2.47/gold/options.h:1265: more undefined references to `gold::options::parse_uint(char const*, char const*, int*)' follow
/usr/bin/ld: dwp.o: in function `gold::General_options::Struct_stub_group_size::parse_to_value(char const*, char const*, gold::Command_line*, gold::General_options*)':
/work/build.CoreELEC-Amlogic-no.aarch64-22/build/binutils-2.47/gold/options.h:1269:(.text._ZN4gold15General_options22Struct_stub_group_size14parse_to_valueEPKcS3_PNS_12Command_lineEPS0_[_ZN4gold15General_options22Struct_stub_group_size14parse_to_valueEPKcS3_PNS_12Command_lineEPS0_]+0xf): undefined reference to `gold::options::parse_int(char const*, char const*, int*)'
/usr/bin/ld: dwp.o: in function `gold::General_options::Struct_sort_common::parse_to_value(char const*, char const*, gold::Command_line*, gold::General_options*)':
/work/build.CoreELEC-Amlogic-no.aarch64-22/build/binutils-2.47/gold/options.h:1255:(.text._ZN4gold15General_options18Struct_sort_common14parse_to_valueEPKcS3_PNS_12Command_lineEPS0_[_ZN4gold15General_options18Struct_sort_common14parse_to_valueEPKcS3_PNS_12Command_lineEPS0_]+0xf): undefined reference to `gold::options::parse_optional_string(char const*, char const*, char const**)'
/usr/bin/ld: dwp.o: in function `gold::General_options::Struct_package_metadata::parse_to_value(char const*, char const*, gold::Command_line*, gold::General_options*)':
/work/build.CoreELEC-Amlogic-no.aarch64-22/build/binutils-2.47/gold/options.h:1109:(.text._ZN4gold15General_options23Struct_package_metadata14parse_to_valueEPKcS3_PNS_12Command_lineEPS0_[_ZN4gold15General_options23Struct_package_metadata14parse_to_valueEPKcS3_PNS_12Command_lineEPS0_]+0xf): undefined reference to `gold::options::parse_optional_string(char const*, char const*, char const**)'
/usr/bin/ld: dwp.o: in function `gold::General_options::Struct_demangle::parse_to_value(char const*, char const*, gold::Command_line*, gold::General_options*)':
/work/build.CoreELEC-Amlogic-no.aarch64-22/build/binutils-2.47/gold/options.h:805:(.text._ZN4gold15General_options15Struct_demangle14parse_to_valueEPKcS3_PNS_12Command_lineEPS0_[_ZN4gold15General_options15Struct_demangle14parse_to_valueEPKcS3_PNS_12Command_lineEPS0_]+0xf): undefined reference to `gold::options::parse_optional_string(char const*, char const*, char const**)'
/usr/bin/ld: dwp.o: in function `gold::General_options::Struct_build_id::parse_to_value(char const*, char const*, gold::Command_line*, gold::General_options*)':
/work/build.CoreELEC-Amlogic-no.aarch64-22/build/binutils-2.47/gold/options.h:721:(.text._ZN4gold15General_options15Struct_build_id14parse_to_valueEPKcS3_PNS_12Command_lineEPS0_[_ZN4gold15General_options15Struct_build_id14parse_to_valueEPKcS3_PNS_12Command_lineEPS0_]+0xf): undefined reference to `gold::options::parse_optional_string(char const*, char const*, char const**)'
/usr/bin/ld: dwp.o: in function `gold::General_options::Struct_rpath_link::parse_to_value(char const*, char const*, gold::Command_line*, gold::General_options*)':
/work/build.CoreELEC-Amlogic-no.aarch64-22/build/binutils-2.47/gold/options.h:1227:(.text._ZN4gold15General_options17Struct_rpath_link14parse_to_valueEPKcS3_PNS_12Command_lineEPS0_[_ZN4gold15General_options17Struct_rpath_link14parse_to_valueEPKcS3_PNS_12Command_lineEPS0_]+0xf): undefined reference to `gold::options::parse_dirlist(char const*, char const*, std::vector<gold::Search_directory, std::allocator<gold::Search_directory> >*)'
/usr/bin/ld: dwp.o: in function `gold::General_options::Struct_rpath::parse_to_value(char const*, char const*, gold::Command_line*, gold::General_options*)':
/work/build.CoreELEC-Amlogic-no.aarch64-22/build/binutils-2.47/gold/options.h:1224:(.text._ZN4gold15General_options12Struct_rpath14parse_to_valueEPKcS3_PNS_12Command_lineEPS0_[_ZN4gold15General_options12Struct_rpath14parse_to_valueEPKcS3_PNS_12Command_lineEPS0_]+0xf): undefined reference to `gold::options::parse_dirlist(char const*, char const*, std::vector<gold::Search_directory, std::allocator<gold::Search_directory> >*)'
/usr/bin/ld: dwp.o: in function `gold::General_options::Struct_library_path::parse_to_value(char const*, char const*, gold::Command_line*, gold::General_options*)':
/work/build.CoreELEC-Amlogic-no.aarch64-22/build/binutils-2.47/gold/options.h:1035:(.text._ZN4gold15General_options19Struct_library_path14parse_to_valueEPKcS3_PNS_12Command_lineEPS0_[_ZN4gold15General_options19Struct_library_path14parse_to_valueEPKcS3_PNS_12Command_lineEPS0_]+0xf): undefined reference to `gold::options::parse_dirlist(char const*, char const*, std::vector<gold::Search_directory, std::allocator<gold::Search_directory> >*)'
/usr/bin/ld: dwp.o: in function `gold::General_options::Struct_incremental_patch::parse_to_value(char const*, char const*, gold::Command_line*, gold::General_options*)':
/work/build.CoreELEC-Amlogic-no.aarch64-22/build/binutils-2.47/gold/options.h:1001:(.text._ZN4gold15General_options24Struct_incremental_patch14parse_to_valueEPKcS3_PNS_12Command_lineEPS0_[_ZN4gold15General_options24Struct_incremental_patch14parse_to_valueEPKcS3_PNS_12Command_lineEPS0_]+0xf): undefined reference to `gold::options::parse_percent(char const*, char const*, double*)'
/usr/bin/ld: dwp.o: in function `gold::General_options::Struct_hash_bucket_empty_fraction::parse_to_value(char const*, char const*, gold::Command_line*, gold::General_options*)':
/work/build.CoreELEC-Amlogic-no.aarch64-22/build/binutils-2.47/gold/options.h:945:(.text._ZN4gold15General_options33Struct_hash_bucket_empty_fraction14parse_to_valueEPKcS3_PNS_12Command_lineEPS0_[_ZN4gold15General_options33Struct_hash_bucket_empty_fraction14parse_to_valueEPKcS3_PNS_12Command_lineEPS0_]+0xf): undefined reference to `gold::options::parse_double(char const*, char const*, double*)'
/usr/bin/ld: dwp.o: in function `main':
/work/build.CoreELEC-Amlogic-no.aarch64-22/build/binutils-2.47/gold/dwp.cc:2369:(.text.startup+0x73): undefined reference to `gold::General_options::General_options()'
/usr/bin/ld: libgold.a(errors.o): in function `gold::Errors::undefined_symbol(gold::Symbol const*, std::__cxx11::basic_string<char, std::char_traits<char>, std::allocator<char> > const&)':
/work/build.CoreELEC-Amlogic-no.aarch64-22/build/binutils-2.47/gold/errors.cc:204:(.text+0x8a8): undefined reference to `gold::Symbol::demangled_name[abi:cxx11]() const'
/usr/bin/ld: /work/build.CoreELEC-Amlogic-no.aarch64-22/build/binutils-2.47/gold/errors.cc:200:(.text+0x989): undefined reference to `gold::Symbol::demangled_name[abi:cxx11]() const'
/usr/bin/ld: libgold.a(fileread.o): in function `gold::Position_dependent_options::copy_from_options(gold::General_options const&)':
/work/build.CoreELEC-Amlogic-no.aarch64-22/build/binutils-2.47/gold/options.h:1993:(.text+0x1482): undefined reference to `gold::Position_dependent_options::default_options_'
/usr/bin/ld: libgold.a(fileread.o): in function `gold::Position_dependent_options::set_as_needed(bool)':
/work/build.CoreELEC-Amlogic-no.aarch64-22/build/binutils-2.47/gold/options.h:1998:(.text+0x148a): undefined reference to `gold::Position_dependent_options::default_options_'
/usr/bin/ld: libgold.a(fileread.o): in function `gold::Position_dependent_options::set_Bdynamic(bool)':
/work/build.CoreELEC-Amlogic-no.aarch64-22/build/binutils-2.47/gold/options.h:1999:(.text+0x1492): undefined reference to `gold::Position_dependent_options::default_options_'
/usr/bin/ld: libgold.a(fileread.o): in function `gold::Position_dependent_options::copy_from_options(gold::General_options const&)':
/work/build.CoreELEC-Amlogic-no.aarch64-22/build/binutils-2.47/gold/options.h:1993:(.text+0x149a): undefined reference to `gold::General_options::format_enum() const'
/usr/bin/ld: libgold.a(fileread.o): in function `gold::Position_dependent_options::set_whole_archive(bool)':
/work/build.CoreELEC-Amlogic-no.aarch64-22/build/binutils-2.47/gold/options.h:2001:(.text+0x14a4): undefined reference to `gold::Position_dependent_options::default_options_'
/usr/bin/ld: libgold.a(fileread.o): in function `gold::General_options::incremental_disposition() const':
/work/build.CoreELEC-Amlogic-no.aarch64-22/build/binutils-2.47/gold/options.h:1704:(.text+0x14b6): undefined reference to `gold::Position_dependent_options::default_options_'
/usr/bin/ld: libgold.a(fileread.o): in function `gold::Position_dependent_options::copy_from_options(gold::General_options const&)':
/work/build.CoreELEC-Amlogic-no.aarch64-22/build/binutils-2.47/gold/options.h:1993:(.text+0x2159): undefined reference to `gold::Position_dependent_options::default_options_'
/usr/bin/ld: libgold.a(fileread.o): in function `gold::Position_dependent_options::set_as_needed(bool)':
/work/build.CoreELEC-Amlogic-no.aarch64-22/build/binutils-2.47/gold/options.h:1998:(.text+0x2161): undefined reference to `gold::Position_dependent_options::default_options_'
/usr/bin/ld: libgold.a(fileread.o): in function `gold::Position_dependent_options::set_Bdynamic(bool)':
/work/build.CoreELEC-Amlogic-no.aarch64-22/build/binutils-2.47/gold/options.h:1999:(.text+0x2169): undefined reference to `gold::Position_dependent_options::default_options_'
/usr/bin/ld: libgold.a(fileread.o): in function `gold::Position_dependent_options::copy_from_options(gold::General_options const&)':
/work/build.CoreELEC-Amlogic-no.aarch64-22/build/binutils-2.47/gold/options.h:1993:(.text+0x2171): undefined reference to `gold::General_options::format_enum() const'
/usr/bin/ld: libgold.a(fileread.o): in function `gold::Position_dependent_options::set_whole_archive(bool)':
/work/build.CoreELEC-Amlogic-no.aarch64-22/build/binutils-2.47/gold/options.h:2001:(.text+0x217c): undefined reference to `gold::Position_dependent_options::default_options_'
/usr/bin/ld: libgold.a(fileread.o): in function `gold::General_options::incremental_disposition() const':
/work/build.CoreELEC-Amlogic-no.aarch64-22/build/binutils-2.47/gold/options.h:1704:(.text+0x218e): undefined reference to `gold::Position_dependent_options::default_options_'
/usr/bin/ld: libgold.a(fileread.o): in function `gold::Input_file::is_in_system_directory() const':
/work/build.CoreELEC-Amlogic-no.aarch64-22/build/binutils-2.47/gold/fileread.cc:927:(.text+0x1603): undefined reference to `gold::General_options::is_in_system_directory(std::__cxx11::basic_string<char, std::char_traits<char>, std::allocator<char> > const&) const'
/usr/bin/ld: libgold.a(gold.o): in function `gold::queue_initial_tasks(gold::General_options const&, gold::Dirsearch&, gold::Command_line const&, gold::Workqueue*, gold::Input_objects*, gold::Symbol_table*, gold::Layout*, gold::Mapfile*)':
/work/build.CoreELEC-Amlogic-no.aarch64-22/build/binutils-2.47/gold/gold.cc:206:(.text+0x61c): undefined reference to `gold::open_incremental_binary(gold::Output_file*)'
/usr/bin/ld: /work/build.CoreELEC-Amlogic-no.aarch64-22/build/binutils-2.47/gold/gold.cc:421:(.text+0x6f1): undefined reference to `gold::make_sized_incremental_object(gold::Incremental_binary*, unsigned int, gold::Incremental_input_type, gold::Incremental_binary::Input_reader const*)'
/usr/bin/ld: libgold.a(gold.o): in function `gold::Position_dependent_options::copy_from_options(gold::General_options const&)':
/work/build.CoreELEC-Amlogic-no.aarch64-22/build/binutils-2.47/gold/options.h:1993:(.text+0xb65): undefined reference to `gold::General_options::format_enum() const'
/usr/bin/ld: libgold.a(gold.o): in function `process_incremental_input':
/work/build.CoreELEC-Amlogic-no.aarch64-22/build/binutils-2.47/gold/gold.cc:396:(.text+0xfff): undefined reference to `gold::make_sized_incremental_object(gold::Incremental_binary*, unsigned int, gold::Incremental_input_type, gold::Incremental_binary::Input_reader const*)'
/usr/bin/ld: libgold.a(gold.o): in function `gold::queue_middle_tasks(gold::General_options const&, gold::Task const*, gold::Input_objects const*, gold::Symbol_table*, gold::Layout*, gold::Workqueue*, gold::Mapfile*)':
/work/build.CoreELEC-Amlogic-no.aarch64-22/build/binutils-2.47/gold/gold.cc:504:(.text+0x1680): undefined reference to `gold::Symbol_table::add_undefined_symbols_from_command_line(gold::Layout*)'
/usr/bin/ld: /work/build.CoreELEC-Amlogic-no.aarch64-22/build/binutils-2.47/gold/gold.cc:564:(.text+0x175c): undefined reference to `gold::Layout::finalize_eh_frame_section()'
/usr/bin/ld: /work/build.CoreELEC-Amlogic-no.aarch64-22/build/binutils-2.47/gold/gold.cc:621:(.text+0x18b9): undefined reference to `gold::General_options::oformat_enum() const'
/usr/bin/ld: /work/build.CoreELEC-Amlogic-no.aarch64-22/build/binutils-2.47/gold/gold.cc:672:(.text+0x19b7): undefined reference to `gold::Layout::create_notes()'
/usr/bin/ld: /work/build.CoreELEC-Amlogic-no.aarch64-22/build/binutils-2.47/gold/gold.cc:679:(.text+0x19d3): undefined reference to `gold::Layout::create_initial_dynamic_sections(gold::Symbol_table*)'
/usr/bin/ld: /work/build.CoreELEC-Amlogic-no.aarch64-22/build/binutils-2.47/gold/gold.cc:688:(.text+0x1a05): undefined reference to `gold::Layout::attach_sections_to_segments(gold::Target const*)'
/usr/bin/ld: /work/build.CoreELEC-Amlogic-no.aarch64-22/build/binutils-2.47/gold/gold.cc:704:(.text+0x1a33): undefined reference to `gold::Layout::define_group_signatures(gold::Symbol_table*)'
/usr/bin/ld: libgold.a(gold.o): in function `gold::Layout_task_runner::Layout_task_runner(gold::General_options const&, gold::Input_objects const*, gold::Symbol_table*, gold::Target*, gold::Layout*, gold::Mapfile*)':
/work/build.CoreELEC-Amlogic-no.aarch64-22/build/binutils-2.47/gold/layout.h:182:(.text+0x1b75): undefined reference to `vtable for gold::Layout_task_runner'
/usr/bin/ld: libgold.a(gold.o): in function `gold::queue_middle_tasks(gold::General_options const&, gold::Task const*, gold::Input_objects const*, gold::Symbol_table*, gold::Layout*, gold::Workqueue*, gold::Mapfile*)':
/work/build.CoreELEC-Amlogic-no.aarch64-22/build/binutils-2.47/gold/gold.cc:512:(.text+0x1d33): undefined reference to `gold::Symbol_table::lookup(char const*, char const*) const'
/usr/bin/ld: /work/build.CoreELEC-Amlogic-no.aarch64-22/build/binutils-2.47/gold/gold.cc:514:(.text+0x1d43): undefined reference to `gold::Symbol_table::gc_mark_symbol(gold::Symbol*)'
/usr/bin/ld: /work/build.CoreELEC-Amlogic-no.aarch64-22/build/binutils-2.47/gold/gold.cc:515:(.text+0x1d66): undefined reference to `gold::Symbol_table::lookup(char const*, char const*) const'
/usr/bin/ld: /work/build.CoreELEC-Amlogic-no.aarch64-22/build/binutils-2.47/gold/gold.cc:518:(.text+0x1db7): undefined reference to `gold::Symbol_table::lookup(char const*, char const*) const'
/usr/bin/ld: /work/build.CoreELEC-Amlogic-no.aarch64-22/build/binutils-2.47/gold/gold.cc:522:(.text+0x1dfb): undefined reference to `gold::Symbol_table::gc_mark_undef_symbols(gold::Layout*)'
/usr/bin/ld: /work/build.CoreELEC-Amlogic-no.aarch64-22/build/binutils-2.47/gold/gold.cc:697:(.text+0x1e47): undefined reference to `gold::Layout::define_section_symbols(gold::Symbol_table*)'
/usr/bin/ld: /work/build.CoreELEC-Amlogic-no.aarch64-22/build/binutils-2.47/gold/gold.cc:520:(.text+0x211c): undefined reference to `gold::Symbol_table::gc_mark_symbol(gold::Symbol*)'
/usr/bin/ld: /work/build.CoreELEC-Amlogic-no.aarch64-22/build/binutils-2.47/gold/gold.cc:517:(.text+0x2136): undefined reference to `gold::Symbol_table::gc_mark_symbol(gold::Symbol*)'
/usr/bin/ld: libgold.a(gold.o): in function `gold::Symbol::is_defined() const':
/work/build.CoreELEC-Amlogic-no.aarch64-22/build/binutils-2.47/gold/symtab.h:511:(.text+0x2140): undefined reference to `gold::Symbol::is_common_shndx(unsigned int)'
/usr/bin/ld: /work/build.CoreELEC-Amlogic-no.aarch64-22/build/binutils-2.47/gold/symtab.h:511:(.text+0x2163): undefined reference to `gold::Symbol::is_common_shndx(unsigned int)'
/usr/bin/ld: libgold.a(gold.o): in function `gold::Write_symbols_task::Write_symbols_task(gold::Layout const*, gold::Symbol_table const*, gold::Input_objects const*, gold::Stringpool_template<char> const*, gold::Stringpool_template<char> const*, gold::Output_file*, gold::Task_token*)':
/work/build.CoreELEC-Amlogic-no.aarch64-22/build/binutils-2.47/gold/layout.h:1618:(.text+0x23db): undefined reference to `vtable for gold::Write_symbols_task'
/usr/bin/ld: libgold.a(gold.o): in function `gold::Write_sections_task::Write_sections_task(gold::Layout const*, gold::Output_file*, gold::Task_token*, gold::Task_token*, gold::Task_token*)':
/work/build.CoreELEC-Amlogic-no.aarch64-22/build/binutils-2.47/gold/layout.h:1546:(.text+0x242f): undefined reference to `vtable for gold::Write_sections_task'
/usr/bin/ld: libgold.a(gold.o): in function `gold::Write_data_task::Write_data_task(gold::Layout const*, gold::Symbol_table const*, gold::Output_file*, gold::Task_token*)':
/work/build.CoreELEC-Amlogic-no.aarch64-22/build/binutils-2.47/gold/layout.h:1582:(.text+0x2487): undefined reference to `vtable for gold::Write_data_task'
/usr/bin/ld: libgold.a(gold.o): in function `gold::Write_after_input_sections_task::Write_after_input_sections_task(gold::Layout*, gold::Output_file*, gold::Task_token*, gold::Task_token*)':
/work/build.CoreELEC-Amlogic-no.aarch64-22/build/binutils-2.47/gold/layout.h:1658:(.text+0x25b4): undefined reference to `vtable for gold::Write_after_input_sections_task'
/usr/bin/ld: libgold.a(gold.o): in function `gold::Build_id_task_runner::Build_id_task_runner(gold::General_options const*, gold::Layout const*, gold::Output_file*)':
/work/build.CoreELEC-Amlogic-no.aarch64-22/build/binutils-2.47/gold/layout.h:1694:(.text+0x261d): undefined reference to `vtable for gold::Build_id_task_runner'
/usr/bin/ld: libgold.a(gold.o): in function `gold::Write_after_input_sections_task::Write_after_input_sections_task(gold::Layout*, gold::Output_file*, gold::Task_token*, gold::Task_token*)':
/work/build.CoreELEC-Amlogic-no.aarch64-22/build/binutils-2.47/gold/layout.h:1658:(.text+0x26bd): undefined reference to `vtable for gold::Write_after_input_sections_task'
/usr/bin/ld: libgold.a(gold.o): in function `gold::Close_task_runner::Close_task_runner(gold::General_options const*, gold::Layout const*, gold::Output_file*, unsigned char*, unsigned long)':
/work/build.CoreELEC-Amlogic-no.aarch64-22/build/binutils-2.47/gold/layout.h:1716:(.text+0x2705): undefined reference to `vtable for gold::Close_task_runner'
/usr/bin/ld: libgold.a(icf.o): in function `gold::Icf::find_identical_sections(gold::Input_objects const*, gold::Symbol_table*)':
/work/build.CoreELEC-Amlogic-no.aarch64-22/build/binutils-2.47/gold/icf.cc:1072:(.text+0x3b00): undefined reference to `gold::Symbol_table::lookup(char const*, char const*) const'
/usr/bin/ld: libgold.a(object.o): in function `gold::Symbol_table::add_warning(char const*, gold::Object*, std::__cxx11::basic_string<char, std::char_traits<char>, std::allocator<char> > const&)':
/work/build.CoreELEC-Amlogic-no.aarch64-22/build/binutils-2.47/gold/symtab.h:1603:(.text+0x15a9): undefined reference to `gold::Warnings::add_warning(gold::Symbol_table*, char const*, gold::Object*, std::__cxx11::basic_string<char, std::char_traits<char>, std::allocator<char> > const&)'
/usr/bin/ld: libgold.a(object.o): in function `gold::Symbol::is_defined() const':
/work/build.CoreELEC-Amlogic-no.aarch64-22/build/binutils-2.47/gold/symtab.h:511:(.text._ZNK4gold17Sized_relobj_fileILi64ELb1EE27do_get_global_symbol_countsEPKNS_12Symbol_tableEPmS5_[_ZNK4gold17Sized_relobj_fileILi64ELb1EE27do_get_global_symbol_countsEPKNS_12Symbol_tableEPmS5_]+0x99): undefined reference to `gold::Symbol::is_common_shndx(unsigned int)'
/usr/bin/ld: /work/build.CoreELEC-Amlogic-no.aarch64-22/build/binutils-2.47/gold/symtab.h:511:(.text._ZNK4gold17Sized_relobj_fileILi32ELb0EE27do_get_global_symbol_countsEPKNS_12Symbol_tableEPmS5_[_ZNK4gold17Sized_relobj_fileILi32ELb0EE27do_get_global_symbol_countsEPKNS_12Symbol_tableEPmS5_]+0x99): undefined reference to `gold::Symbol::is_common_shndx(unsigned int)'
/usr/bin/ld: /work/build.CoreELEC-Amlogic-no.aarch64-22/build/binutils-2.47/gold/symtab.h:511:(.text._ZNK4gold17Sized_relobj_fileILi32ELb1EE27do_get_global_symbol_countsEPKNS_12Symbol_tableEPmS5_[_ZNK4gold17Sized_relobj_fileILi32ELb1EE27do_get_global_symbol_countsEPKNS_12Symbol_tableEPmS5_]+0x99): undefined reference to `gold::Symbol::is_common_shndx(unsigned int)'
/usr/bin/ld: /work/build.CoreELEC-Amlogic-no.aarch64-22/build/binutils-2.47/gold/symtab.h:511:(.text._ZNK4gold17Sized_relobj_fileILi64ELb0EE27do_get_global_symbol_countsEPKNS_12Symbol_tableEPmS5_[_ZNK4gold17Sized_relobj_fileILi64ELb0EE27do_get_global_symbol_countsEPKNS_12Symbol_tableEPmS5_]+0x99): undefined reference to `gold::Symbol::is_common_shndx(unsigned int)'
/usr/bin/ld: libgold.a(object.o): in function `gold::Sized_relobj_file<32, false>::layout_section(gold::Layout*, unsigned int, char const*, elfcpp::Shdr<32, false> const&, unsigned int, unsigned int, unsigned int)':
/work/build.CoreELEC-Amlogic-no.aarch64-22/build/binutils-2.47/gold/object.cc:1231:(.text._ZN4gold17Sized_relobj_fileILi32ELb0EE14layout_sectionEPNS_6LayoutEjPKcRKN6elfcpp4ShdrILi32ELb0EEEjjj[_ZN4gold17Sized_relobj_fileILi32ELb0EE14layout_sectionEPNS_6LayoutEjPKcRKN6elfcpp4ShdrILi32ELb0EEEjjj]+0x28): undefined reference to `gold::Output_section* gold::Layout::layout<32, false>(gold::Sized_relobj_file<32, false>*, unsigned int, char const*, elfcpp::Shdr<32, false> const&, unsigned int, unsigned int, unsigned int, long*)'
/usr/bin/ld: libgold.a(object.o): in function `gold::Sized_relobj_file<32, false>::layout_eh_frame_section(gold::Layout*, unsigned char const*, unsigned long, unsigned char const*, unsigned long, unsigned int, elfcpp::Shdr<32, false> const&, unsigned int, unsigned int)':
/work/build.CoreELEC-Amlogic-no.aarch64-22/build/binutils-2.47/gold/object.cc:1265:(.text._ZN4gold17Sized_relobj_fileILi32ELb0EE23layout_eh_frame_sectionEPNS_6LayoutEPKhmS5_mjRKN6elfcpp4ShdrILi32ELb0EEEjj[_ZN4gold17Sized_relobj_fileILi32ELb0EE23layout_eh_frame_sectionEPNS_6LayoutEPKhmS5_mjRKN6elfcpp4ShdrILi32ELb0EEEjj]+0x3e): undefined reference to `gold::Output_section* gold::Layout::layout_eh_frame<32, false>(gold::Sized_relobj_file<32, false>*, unsigned char const*, long, unsigned char const*, long, unsigned int, elfcpp::Shdr<32, false> const&, unsigned int, unsigned int, long*)'
/usr/bin/ld: libgold.a(object.o): in function `gold::Sized_relobj_file<32, false>::compute_final_local_value_internal(unsigned int, gold::Symbol_value<32> const*, gold::Symbol_value<32>*, bool, std::vector<gold::Output_section*, std::allocator<gold::Output_section*> > const&, std::vector<unsigned int, std::allocator<unsigned int> > const&, gold::Symbol_table const*)':
/work/build.CoreELEC-Amlogic-no.aarch64-22/build/binutils-2.47/gold/object.cc:2465:(.text._ZN4gold17Sized_relobj_fileILi32ELb0EE34compute_final_local_value_internalEjPKNS_12Symbol_valueILi32EEEPS3_bRKSt6vectorIPNS_14Output_sectionESaIS9_EERKS7_IjSaIjEEPKNS_12Symbol_tableE[_ZN4gold17Sized_relobj_fileILi32ELb0EE34compute_final_local_value_internalEjPKNS_12Symbol_valueILi32EEEPS3_bRKSt6vectorIPNS_14Output_sectionESaIS9_EERKS7_IjSaIjEEPKNS_12Symbol_tableE]+0x3e): undefined reference to `gold::Symbol::is_common_shndx(unsigned int)'
/usr/bin/ld: /work/build.CoreELEC-Amlogic-no.aarch64-22/build/binutils-2.47/gold/object.cc:2487:(.text._ZN4gold17Sized_relobj_fileILi32ELb0EE34compute_final_local_value_internalEjPKNS_12Symbol_valueILi32EEEPS3_bRKSt6vectorIPNS_14Output_sectionESaIS9_EERKS7_IjSaIjEEPKNS_12Symbol_tableE[_ZN4gold17Sized_relobj_fileILi32ELb0EE34compute_final_local_value_internalEjPKNS_12Symbol_valueILi32EEEPS3_bRKSt6vectorIPNS_14Output_sectionESaIS9_EERKS7_IjSaIjEEPKNS_12Symbol_tableE]+0x98): undefined reference to `gold::Symbol_table::is_section_folded(gold::Relobj*, unsigned int) const'
/usr/bin/ld: libgold.a(object.o): in function `gold::Sized_relobj_file<32, true>::layout_section(gold::Layout*, unsigned int, char const*, elfcpp::Shdr<32, true> const&, unsigned int, unsigned int, unsigned int)':
/work/build.CoreELEC-Amlogic-no.aarch64-22/build/binutils-2.47/gold/object.cc:1231:(.text._ZN4gold17Sized_relobj_fileILi32ELb1EE14layout_sectionEPNS_6LayoutEjPKcRKN6elfcpp4ShdrILi32ELb1EEEjjj[_ZN4gold17Sized_relobj_fileILi32ELb1EE14layout_sectionEPNS_6LayoutEjPKcRKN6elfcpp4ShdrILi32ELb1EEEjjj]+0x28): undefined reference to `gold::Output_section* gold::Layout::layout<32, true>(gold::Sized_relobj_file<32, true>*, unsigned int, char const*, elfcpp::Shdr<32, true> const&, unsigned int, unsigned int, unsigned int, long*)'
/usr/bin/ld: libgold.a(object.o): in function `gold::Sized_relobj_file<32, true>::layout_eh_frame_section(gold::Layout*, unsigned char const*, unsigned long, unsigned char const*, unsigned long, unsigned int, elfcpp::Shdr<32, true> const&, unsigned int, unsigned int)':
/work/build.CoreELEC-Amlogic-no.aarch64-22/build/binutils-2.47/gold/object.cc:1265:(.text._ZN4gold17Sized_relobj_fileILi32ELb1EE23layout_eh_frame_sectionEPNS_6LayoutEPKhmS5_mjRKN6elfcpp4ShdrILi32ELb1EEEjj[_ZN4gold17Sized_relobj_fileILi32ELb1EE23layout_eh_frame_sectionEPNS_6LayoutEPKhmS5_mjRKN6elfcpp4ShdrILi32ELb1EEEjj]+0x3e): undefined reference to `gold::Output_section* gold::Layout::layout_eh_frame<32, true>(gold::Sized_relobj_file<32, true>*, unsigned char const*, long, unsigned char const*, long, unsigned int, elfcpp::Shdr<32, true> const&, unsigned int, unsigned int, long*)'
/usr/bin/ld: libgold.a(object.o): in function `gold::Sized_relobj_file<32, true>::compute_final_local_value_internal(unsigned int, gold::Symbol_value<32> const*, gold::Symbol_value<32>*, bool, std::vector<gold::Output_section*, std::allocator<gold::Output_section*> > const&, std::vector<unsigned int, std::allocator<unsigned int> > const&, gold::Symbol_table const*)':
/work/build.CoreELEC-Amlogic-no.aarch64-22/build/binutils-2.47/gold/object.cc:2465:(.text._ZN4gold17Sized_relobj_fileILi32ELb1EE34compute_final_local_value_internalEjPKNS_12Symbol_valueILi32EEEPS3_bRKSt6vectorIPNS_14Output_sectionESaIS9_EERKS7_IjSaIjEEPKNS_12Symbol_tableE[_ZN4gold17Sized_relobj_fileILi32ELb1EE34compute_final_local_value_internalEjPKNS_12Symbol_valueILi32EEEPS3_bRKSt6vectorIPNS_14Output_sectionESaIS9_EERKS7_IjSaIjEEPKNS_12Symbol_tableE]+0x3e): undefined reference to `gold::Symbol::is_common_shndx(unsigned int)'
/usr/bin/ld: /work/build.CoreELEC-Amlogic-no.aarch64-22/build/binutils-2.47/gold/object.cc:2487:(.text._ZN4gold17Sized_relobj_fileILi32ELb1EE34compute_final_local_value_internalEjPKNS_12Symbol_valueILi32EEEPS3_bRKSt6vectorIPNS_14Output_sectionESaIS9_EERKS7_IjSaIjEEPKNS_12Symbol_tableE[_ZN4gold17Sized_relobj_fileILi32ELb1EE34compute_final_local_value_internalEjPKNS_12Symbol_valueILi32EEEPS3_bRKSt6vectorIPNS_14Output_sectionESaIS9_EERKS7_IjSaIjEEPKNS_12Symbol_tableE]+0x98): undefined reference to `gold::Symbol_table::is_section_folded(gold::Relobj*, unsigned int) const'
/usr/bin/ld: libgold.a(object.o): in function `gold::Sized_relobj_file<64, false>::layout_section(gold::Layout*, unsigned int, char const*, elfcpp::Shdr<64, false> const&, unsigned int, unsigned int, unsigned int)':
/work/build.CoreELEC-Amlogic-no.aarch64-22/build/binutils-2.47/gold/object.cc:1231:(.text._ZN4gold17Sized_relobj_fileILi64ELb0EE14layout_sectionEPNS_6LayoutEjPKcRKN6elfcpp4ShdrILi64ELb0EEEjjj[_ZN4gold17Sized_relobj_fileILi64ELb0EE14layout_sectionEPNS_6LayoutEjPKcRKN6elfcpp4ShdrILi64ELb0EEEjjj]+0x28): undefined reference to `gold::Output_section* gold::Layout::layout<64, false>(gold::Sized_relobj_file<64, false>*, unsigned int, char const*, elfcpp::Shdr<64, false> const&, unsigned int, unsigned int, unsigned int, long*)'
/usr/bin/ld: libgold.a(object.o): in function `gold::Sized_relobj_file<64, false>::layout_eh_frame_section(gold::Layout*, unsigned char const*, unsigned long, unsigned char const*, unsigned long, unsigned int, elfcpp::Shdr<64, false> const&, unsigned int, unsigned int)':
/work/build.CoreELEC-Amlogic-no.aarch64-22/build/binutils-2.47/gold/object.cc:1265:(.text._ZN4gold17Sized_relobj_fileILi64ELb0EE23layout_eh_frame_sectionEPNS_6LayoutEPKhmS5_mjRKN6elfcpp4ShdrILi64ELb0EEEjj[_ZN4gold17Sized_relobj_fileILi64ELb0EE23layout_eh_frame_sectionEPNS_6LayoutEPKhmS5_mjRKN6elfcpp4ShdrILi64ELb0EEEjj]+0x3e): undefined reference to `gold::Output_section* gold::Layout::layout_eh_frame<64, false>(gold::Sized_relobj_file<64, false>*, unsigned char const*, long, unsigned char const*, long, unsigned int, elfcpp::Shdr<64, false> const&, unsigned int, unsigned int, long*)'
/usr/bin/ld: libgold.a(object.o): in function `gold::Sized_relobj_file<64, false>::compute_final_local_value_internal(unsigned int, gold::Symbol_value<64> const*, gold::Symbol_value<64>*, bool, std::vector<gold::Output_section*, std::allocator<gold::Output_section*> > const&, std::vector<unsigned long, std::allocator<unsigned long> > const&, gold::Symbol_table const*)':
/work/build.CoreELEC-Amlogic-no.aarch64-22/build/binutils-2.47/gold/object.cc:2465:(.text._ZN4gold17Sized_relobj_fileILi64ELb0EE34compute_final_local_value_internalEjPKNS_12Symbol_valueILi64EEEPS3_bRKSt6vectorIPNS_14Output_sectionESaIS9_EERKS7_ImSaImEEPKNS_12Symbol_tableE[_ZN4gold17Sized_relobj_fileILi64ELb0EE34compute_final_local_value_internalEjPKNS_12Symbol_valueILi64EEEPS3_bRKSt6vectorIPNS_14Output_sectionESaIS9_EERKS7_ImSaImEEPKNS_12Symbol_tableE]+0x3e): undefined reference to `gold::Symbol::is_common_shndx(unsigned int)'
/usr/bin/ld: /work/build.CoreELEC-Amlogic-no.aarch64-22/build/binutils-2.47/gold/object.cc:2487:(.text._ZN4gold17Sized_relobj_fileILi64ELb0EE34compute_final_local_value_internalEjPKNS_12Symbol_valueILi64EEEPS3_bRKSt6vectorIPNS_14Output_sectionESaIS9_EERKS7_ImSaImEEPKNS_12Symbol_tableE[_ZN4gold17Sized_relobj_fileILi64ELb0EE34compute_final_local_value_internalEjPKNS_12Symbol_valueILi64EEEPS3_bRKSt6vectorIPNS_14Output_sectionESaIS9_EERKS7_ImSaImEEPKNS_12Symbol_tableE]+0x98): undefined reference to `gold::Symbol_table::is_section_folded(gold::Relobj*, unsigned int) const'
/usr/bin/ld: libgold.a(object.o): in function `gold::Sized_relobj_file<64, true>::layout_section(gold::Layout*, unsigned int, char const*, elfcpp::Shdr<64, true> const&, unsigned int, unsigned int, unsigned int)':
/work/build.CoreELEC-Amlogic-no.aarch64-22/build/binutils-2.47/gold/object.cc:1231:(.text._ZN4gold17Sized_relobj_fileILi64ELb1EE14layout_sectionEPNS_6LayoutEjPKcRKN6elfcpp4ShdrILi64ELb1EEEjjj[_ZN4gold17Sized_relobj_fileILi64ELb1EE14layout_sectionEPNS_6LayoutEjPKcRKN6elfcpp4ShdrILi64ELb1EEEjjj]+0x28): undefined reference to `gold::Output_section* gold::Layout::layout<64, true>(gold::Sized_relobj_file<64, true>*, unsigned int, char const*, elfcpp::Shdr<64, true> const&, unsigned int, unsigned int, unsigned int, long*)'
/usr/bin/ld: libgold.a(object.o): in function `gold::Sized_relobj_file<64, true>::layout_eh_frame_section(gold::Layout*, unsigned char const*, unsigned long, unsigned char const*, unsigned long, unsigned int, elfcpp::Shdr<64, true> const&, unsigned int, unsigned int)':
/work/build.CoreELEC-Amlogic-no.aarch64-22/build/binutils-2.47/gold/object.cc:1265:(.text._ZN4gold17Sized_relobj_fileILi64ELb1EE23layout_eh_frame_sectionEPNS_6LayoutEPKhmS5_mjRKN6elfcpp4ShdrILi64ELb1EEEjj[_ZN4gold17Sized_relobj_fileILi64ELb1EE23layout_eh_frame_sectionEPNS_6LayoutEPKhmS5_mjRKN6elfcpp4ShdrILi64ELb1EEEjj]+0x3e): undefined reference to `gold::Output_section* gold::Layout::layout_eh_frame<64, true>(gold::Sized_relobj_file<64, true>*, unsigned char const*, long, unsigned char const*, long, unsigned int, elfcpp::Shdr<64, true> const&, unsigned int, unsigned int, long*)'
/usr/bin/ld: libgold.a(object.o): in function `gold::Sized_relobj_file<64, true>::compute_final_local_value_internal(unsigned int, gold::Symbol_value<64> const*, gold::Symbol_value<64>*, bool, std::vector<gold::Output_section*, std::allocator<gold::Output_section*> > const&, std::vector<unsigned long, std::allocator<unsigned long> > const&, gold::Symbol_table const*)':
/work/build.CoreELEC-Amlogic-no.aarch64-22/build/binutils-2.47/gold/object.cc:2465:(.text._ZN4gold17Sized_relobj_fileILi64ELb1EE34compute_final_local_value_internalEjPKNS_12Symbol_valueILi64EEEPS3_bRKSt6vectorIPNS_14Output_sectionESaIS9_EERKS7_ImSaImEEPKNS_12Symbol_tableE[_ZN4gold17Sized_relobj_fileILi64ELb1EE34compute_final_local_value_internalEjPKNS_12Symbol_valueILi64EEEPS3_bRKSt6vectorIPNS_14Output_sectionESaIS9_EERKS7_ImSaImEEPKNS_12Symbol_tableE]+0x3e): undefined reference to `gold::Symbol::is_common_shndx(unsigned int)'
/usr/bin/ld: /work/build.CoreELEC-Amlogic-no.aarch64-22/build/binutils-2.47/gold/object.cc:2487:(.text._ZN4gold17Sized_relobj_fileILi64ELb1EE34compute_final_local_value_internalEjPKNS_12Symbol_valueILi64EEEPS3_bRKSt6vectorIPNS_14Output_sectionESaIS9_EERKS7_ImSaImEEPKNS_12Symbol_tableE[_ZN4gold17Sized_relobj_fileILi64ELb1EE34compute_final_local_value_internalEjPKNS_12Symbol_valueILi64EEEPS3_bRKSt6vectorIPNS_14Output_sectionESaIS9_EERKS7_ImSaImEEPKNS_12Symbol_tableE]+0x98): undefined reference to `gold::Symbol_table::is_section_folded(gold::Relobj*, unsigned int) const'
/usr/bin/ld: libgold.a(object.o): in function `std::map<unsigned int, gold::Compressed_section_info, std::less<unsigned int>, std::allocator<std::pair<unsigned int const, gold::Compressed_section_info> > >* gold::build_compressed_section_map<32, false>(unsigned char const*, unsigned int, char const*, unsigned long, gold::Object*, bool)':
/work/build.CoreELEC-Amlogic-no.aarch64-22/build/binutils-2.47/gold/object.cc:747:(.text._ZN4gold28build_compressed_section_mapILi32ELb0EEEPSt3mapIjNS_23Compressed_section_infoESt4lessIjESaISt4pairIKjS2_EEEPKhjPKcmPNS_6ObjectEb[_ZN4gold28build_compressed_section_mapILi32ELb0EEEPSt3mapIjNS_23Compressed_section_infoESt4lessIjESaISt4pairIKjS2_EEEPKhjPKcmPNS_6ObjectEb]+0x1cc): undefined reference to `gold::is_compressed_debug_section(char const*)'
/usr/bin/ld: libgold.a(object.o): in function `std::map<unsigned int, gold::Compressed_section_info, std::less<unsigned int>, std::allocator<std::pair<unsigned int const, gold::Compressed_section_info> > >* gold::build_compressed_section_map<32, true>(unsigned char const*, unsigned int, char const*, unsigned long, gold::Object*, bool)':
/work/build.CoreELEC-Amlogic-no.aarch64-22/build/binutils-2.47/gold/object.cc:747:(.text._ZN4gold28build_compressed_section_mapILi32ELb1EEEPSt3mapIjNS_23Compressed_section_infoESt4lessIjESaISt4pairIKjS2_EEEPKhjPKcmPNS_6ObjectEb[_ZN4gold28build_compressed_section_mapILi32ELb1EEEPSt3mapIjNS_23Compressed_section_infoESt4lessIjESaISt4pairIKjS2_EEEPKhjPKcmPNS_6ObjectEb]+0x1ec): undefined reference to `gold::is_compressed_debug_section(char const*)'
/usr/bin/ld: libgold.a(object.o): in function `std::map<unsigned int, gold::Compressed_section_info, std::less<unsigned int>, std::allocator<std::pair<unsigned int const, gold::Compressed_section_info> > >* gold::build_compressed_section_map<64, false>(unsigned char const*, unsigned int, char const*, unsigned long, gold::Object*, bool)':
/work/build.CoreELEC-Amlogic-no.aarch64-22/build/binutils-2.47/gold/object.cc:747:(.text._ZN4gold28build_compressed_section_mapILi64ELb0EEEPSt3mapIjNS_23Compressed_section_infoESt4lessIjESaISt4pairIKjS2_EEEPKhjPKcmPNS_6ObjectEb[_ZN4gold28build_compressed_section_mapILi64ELb0EEEPSt3mapIjNS_23Compressed_section_infoESt4lessIjESaISt4pairIKjS2_EEEPKhjPKcmPNS_6ObjectEb]+0x1c4): undefined reference to `gold::is_compressed_debug_section(char const*)'
/usr/bin/ld: libgold.a(object.o): in function `std::map<unsigned int, gold::Compressed_section_info, std::less<unsigned int>, std::allocator<std::pair<unsigned int const, gold::Compressed_section_info> > >* gold::build_compressed_section_map<64, true>(unsigned char const*, unsigned int, char const*, unsigned long, gold::Object*, bool)':
/work/build.CoreELEC-Amlogic-no.aarch64-22/build/binutils-2.47/gold/object.cc:747:(.text._ZN4gold28build_compressed_section_mapILi64ELb1EEEPSt3mapIjNS_23Compressed_section_infoESt4lessIjESaISt4pairIKjS2_EEEPKhjPKcmPNS_6ObjectEb[_ZN4gold28build_compressed_section_mapILi64ELb1EEEPSt3mapIjNS_23Compressed_section_infoESt4lessIjESaISt4pairIKjS2_EEEPKhjPKcmPNS_6ObjectEb]+0x20c): undefined reference to `gold::is_compressed_debug_section(char const*)'
/usr/bin/ld: libgold.a(object.o): in function `gold::Sized_relobj_file<64, true>::do_add_symbols(gold::Symbol_table*, gold::Read_symbols_data*, gold::Layout*)':
/work/build.CoreELEC-Amlogic-no.aarch64-22/build/binutils-2.47/gold/object.cc:2147:(.text._ZN4gold17Sized_relobj_fileILi64ELb1EE14do_add_symbolsEPNS_12Symbol_tableEPNS_17Read_symbols_dataEPNS_6LayoutE[_ZN4gold17Sized_relobj_fileILi64ELb1EE14do_add_symbolsEPNS_12Symbol_tableEPNS_17Read_symbols_dataEPNS_6LayoutE]+0x108): undefined reference to `void gold::Symbol_table::add_from_relobj<64, true>(gold::Sized_relobj_file<64, true>*, unsigned char const*, unsigned long, unsigned long, char const*, unsigned long, gold::Sized_relobj_file<64, true>::Symbols*, unsigned long*)'
/usr/bin/ld: libgold.a(object.o): in function `gold::Sized_relobj_file<32, false>::do_add_symbols(gold::Symbol_table*, gold::Read_symbols_data*, gold::Layout*)':
/work/build.CoreELEC-Amlogic-no.aarch64-22/build/binutils-2.47/gold/object.cc:2147:(.text._ZN4gold17Sized_relobj_fileILi32ELb0EE14do_add_symbolsEPNS_12Symbol_tableEPNS_17Read_symbols_dataEPNS_6LayoutE[_ZN4gold17Sized_relobj_fileILi32ELb0EE14do_add_symbolsEPNS_12Symbol_tableEPNS_17Read_symbols_dataEPNS_6LayoutE]+0xc7): undefined reference to `void gold::Symbol_table::add_from_relobj<32, false>(gold::Sized_relobj_file<32, false>*, unsigned char const*, unsigned long, unsigned long, char const*, unsigned long, gold::Sized_relobj_file<32, false>::Symbols*, unsigned long*)'
/usr/bin/ld: libgold.a(object.o): in function `gold::Sized_relobj_file<32, true>::do_add_symbols(gold::Symbol_table*, gold::Read_symbols_data*, gold::Layout*)':
/work/build.CoreELEC-Amlogic-no.aarch64-22/build/binutils-2.47/gold/object.cc:2147:(.text._ZN4gold17Sized_relobj_fileILi32ELb1EE14do_add_symbolsEPNS_12Symbol_tableEPNS_17Read_symbols_dataEPNS_6LayoutE[_ZN4gold17Sized_relobj_fileILi32ELb1EE14do_add_symbolsEPNS_12Symbol_tableEPNS_17Read_symbols_dataEPNS_6LayoutE]+0xc7): undefined reference to `void gold::Symbol_table::add_from_relobj<32, true>(gold::Sized_relobj_file<32, true>*, unsigned char const*, unsigned long, unsigned long, char const*, unsigned long, gold::Sized_relobj_file<32, true>::Symbols*, unsigned long*)'
/usr/bin/ld: libgold.a(object.o): in function `gold::Sized_relobj_file<64, false>::do_add_symbols(gold::Symbol_table*, gold::Read_symbols_data*, gold::Layout*)':
/work/build.CoreELEC-Amlogic-no.aarch64-22/build/binutils-2.47/gold/object.cc:2147:(.text._ZN4gold17Sized_relobj_fileILi64ELb0EE14do_add_symbolsEPNS_12Symbol_tableEPNS_17Read_symbols_dataEPNS_6LayoutE[_ZN4gold17Sized_relobj_fileILi64ELb0EE14do_add_symbolsEPNS_12Symbol_tableEPNS_17Read_symbols_dataEPNS_6LayoutE]+0x108): undefined reference to `void gold::Symbol_table::add_from_relobj<64, false>(gold::Sized_relobj_file<64, false>*, unsigned char const*, unsigned long, unsigned long, char const*, unsigned long, gold::Sized_relobj_file<64, false>::Symbols*, unsigned long*)'
/usr/bin/ld: libgold.a(object.o): in function `gold::Sized_relobj_file<32, false>::layout_gnu_property_section(gold::Layout*, unsigned int)':
/work/build.CoreELEC-Amlogic-no.aarch64-22/build/binutils-2.47/gold/object.cc:1380:(.text._ZN4gold17Sized_relobj_fileILi32ELb0EE27layout_gnu_property_sectionEPNS_6LayoutEj[_ZN4gold17Sized_relobj_fileILi32ELb0EE27layout_gnu_property_sectionEPNS_6LayoutEj]+0x191): undefined reference to `gold::Layout::layout_gnu_property(unsigned int, unsigned int, unsigned long, unsigned char const*, gold::Object const*)'
/usr/bin/ld: libgold.a(object.o): in function `gold::Sized_relobj_file<32, true>::layout_gnu_property_section(gold::Layout*, unsigned int)':
/work/build.CoreELEC-Amlogic-no.aarch64-22/build/binutils-2.47/gold/object.cc:1380:(.text._ZN4gold17Sized_relobj_fileILi32ELb1EE27layout_gnu_property_sectionEPNS_6LayoutEj[_ZN4gold17Sized_relobj_fileILi32ELb1EE27layout_gnu_property_sectionEPNS_6LayoutEj]+0x1b1): undefined reference to `gold::Layout::layout_gnu_property(unsigned int, unsigned int, unsigned long, unsigned char const*, gold::Object const*)'
/usr/bin/ld: libgold.a(object.o): in function `gold::Sized_relobj_file<64, false>::layout_gnu_property_section(gold::Layout*, unsigned int)':
/work/build.CoreELEC-Amlogic-no.aarch64-22/build/binutils-2.47/gold/object.cc:1380:(.text._ZN4gold17Sized_relobj_fileILi64ELb0EE27layout_gnu_property_sectionEPNS_6LayoutEj[_ZN4gold17Sized_relobj_fileILi64ELb0EE27layout_gnu_property_sectionEPNS_6LayoutEj]+0x191): undefined reference to `gold::Layout::layout_gnu_property(unsigned int, unsigned int, unsigned long, unsigned char const*, gold::Object const*)'
/usr/bin/ld: libgold.a(object.o): in function `gold::Sized_relobj_file<64, true>::layout_gnu_property_section(gold::Layout*, unsigned int)':
/work/build.CoreELEC-Amlogic-no.aarch64-22/build/binutils-2.47/gold/object.cc:1380:(.text._ZN4gold17Sized_relobj_fileILi64ELb1EE27layout_gnu_property_sectionEPNS_6LayoutEj[_ZN4gold17Sized_relobj_fileILi64ELb1EE27layout_gnu_property_sectionEPNS_6LayoutEj]+0x182): undefined reference to `gold::Layout::layout_gnu_property(unsigned int, unsigned int, unsigned long, unsigned char const*, gold::Object const*)'
/usr/bin/ld: libgold.a(object.o): in function `gold::Sized_relobj_file<32, false>::include_linkonce_section(gold::Layout*, unsigned int, char const*, elfcpp::Shdr<32, false> const&)':
/work/build.CoreELEC-Amlogic-no.aarch64-22/build/binutils-2.47/gold/object.cc:1181:(.text._ZN4gold17Sized_relobj_fileILi32ELb0EE24include_linkonce_sectionEPNS_6LayoutEjPKcRKN6elfcpp4ShdrILi32ELb0EEE[_ZN4gold17Sized_relobj_fileILi32ELb0EE24include_linkonce_sectionEPNS_6LayoutEjPKcRKN6elfcpp4ShdrILi32ELb0EEE]+0x12f): undefined reference to `gold::Layout::find_or_add_kept_section(std::__cxx11::basic_string<char, std::char_traits<char>, std::allocator<char> > const&, gold::Relobj*, unsigned int, bool, bool, gold::Kept_section**)'
/usr/bin/ld: /work/build.CoreELEC-Amlogic-no.aarch64-22/build/binutils-2.47/gold/object.cc:1183:(.text._ZN4gold17Sized_relobj_fileILi32ELb0EE24include_linkonce_sectionEPNS_6LayoutEjPKcRKN6elfcpp4ShdrILi32ELb0EEE[_ZN4gold17Sized_relobj_fileILi32ELb0EE24include_linkonce_sectionEPNS_6LayoutEjPKcRKN6elfcpp4ShdrILi32ELb0EEE]+0x15d): undefined reference to `gold::Layout::find_or_add_kept_section(std::__cxx11::basic_string<char, std::char_traits<char>, std::allocator<char> > const&, gold::Relobj*, unsigned int, bool, bool, gold::Kept_section**)'
/usr/bin/ld: libgold.a(object.o): in function `gold::Sized_relobj_file<32, false>::include_section_group(gold::Symbol_table*, gold::Layout*, unsigned int, char const*, unsigned char const*, char const*, unsigned long, std::vector<bool, std::allocator<bool> >*)':
/work/build.CoreELEC-Amlogic-no.aarch64-22/build/binutils-2.47/gold/object.cc:1133:(.text._ZN4gold17Sized_relobj_fileILi32ELb0EE21include_section_groupEPNS_12Symbol_tableEPNS_6LayoutEjPKcPKhS7_mPSt6vectorIbSaIbEE[_ZN4gold17Sized_relobj_fileILi32ELb0EE21include_section_groupEPNS_12Symbol_tableEPNS_6LayoutEjPKcPKhS7_mPSt6vectorIbSaIbEE]+0x7cb): undefined reference to `void gold::Layout::layout_group<32, false>(gold::Symbol_table*, gold::Sized_relobj_file<32, false>*, unsigned int, char const*, char const*, elfcpp::Shdr<32, false> const&, unsigned int, std::vector<unsigned int, std::allocator<unsigned int> >*)'
/usr/bin/ld: /work/build.CoreELEC-Amlogic-no.aarch64-22/build/binutils-2.47/gold/object.cc:1056:(.text._ZN4gold17Sized_relobj_fileILi32ELb0EE21include_section_groupEPNS_12Symbol_tableEPNS_6LayoutEjPKcPKhS7_mPSt6vectorIbSaIbEE[_ZN4gold17Sized_relobj_fileILi32ELb0EE21include_section_groupEPNS_12Symbol_tableEPNS_6LayoutEjPKcPKhS7_mPSt6vectorIbSaIbEE]+0x900): undefined reference to `gold::Layout::find_or_add_kept_section(std::__cxx11::basic_string<char, std::char_traits<char>, std::allocator<char> > const&, gold::Relobj*, unsigned int, bool, bool, gold::Kept_section**)'
/usr/bin/ld: /work/build.CoreELEC-Amlogic-no.aarch64-22/build/binutils-2.47/gold/object.cc:1066:(.text._ZN4gold17Sized_relobj_fileILi32ELb0EE21include_section_groupEPNS_12Symbol_tableEPNS_6LayoutEjPKcPKhS7_mPSt6vectorIbSaIbEE[_ZN4gold17Sized_relobj_fileILi32ELb0EE21include_section_groupEPNS_12Symbol_tableEPNS_6LayoutEjPKcPKhS7_mPSt6vectorIbSaIbEE]+0x930): undefined reference to `gold::Incremental_inputs::report_comdat_group(gold::Object*, char const*)'
/usr/bin/ld: libgold.a(object.o): in function `gold::Sized_relobj_file<32, true>::include_linkonce_section(gold::Layout*, unsigned int, char const*, elfcpp::Shdr<32, true> const&)':
/work/build.CoreELEC-Amlogic-no.aarch64-22/build/binutils-2.47/gold/object.cc:1181:(.text._ZN4gold17Sized_relobj_fileILi32ELb1EE24include_linkonce_sectionEPNS_6LayoutEjPKcRKN6elfcpp4ShdrILi32ELb1EEE[_ZN4gold17Sized_relobj_fileILi32ELb1EE24include_linkonce_sectionEPNS_6LayoutEjPKcRKN6elfcpp4ShdrILi32ELb1EEE]+0x131): undefined reference to `gold::Layout::find_or_add_kept_section(std::__cxx11::basic_string<char, std::char_traits<char>, std::allocator<char> > const&, gold::Relobj*, unsigned int, bool, bool, gold::Kept_section**)'
/usr/bin/ld: /work/build.CoreELEC-Amlogic-no.aarch64-22/build/binutils-2.47/gold/object.cc:1183:(.text._ZN4gold17Sized_relobj_fileILi32ELb1EE24include_linkonce_sectionEPNS_6LayoutEjPKcRKN6elfcpp4ShdrILi32ELb1EEE[_ZN4gold17Sized_relobj_fileILi32ELb1EE24include_linkonce_sectionEPNS_6LayoutEjPKcRKN6elfcpp4ShdrILi32ELb1EEE]+0x15f): undefined reference to `gold::Layout::find_or_add_kept_section(std::__cxx11::basic_string<char, std::char_traits<char>, std::allocator<char> > const&, gold::Relobj*, unsigned int, bool, bool, gold::Kept_section**)'
/usr/bin/ld: libgold.a(object.o): in function `gold::Sized_relobj_file<32, true>::include_section_group(gold::Symbol_table*, gold::Layout*, unsigned int, char const*, unsigned char const*, char const*, unsigned long, std::vector<bool, std::allocator<bool> >*)':
/work/build.CoreELEC-Amlogic-no.aarch64-22/build/binutils-2.47/gold/object.cc:1133:(.text._ZN4gold17Sized_relobj_fileILi32ELb1EE21include_section_groupEPNS_12Symbol_tableEPNS_6LayoutEjPKcPKhS7_mPSt6vectorIbSaIbEE[_ZN4gold17Sized_relobj_fileILi32ELb1EE21include_section_groupEPNS_12Symbol_tableEPNS_6LayoutEjPKcPKhS7_mPSt6vectorIbSaIbEE]+0x5f9): undefined reference to `void gold::Layout::layout_group<32, true>(gold::Symbol_table*, gold::Sized_relobj_file<32, true>*, unsigned int, char const*, char const*, elfcpp::Shdr<32, true> const&, unsigned int, std::vector<unsigned int, std::allocator<unsigned int> >*)'
/usr/bin/ld: /work/build.CoreELEC-Amlogic-no.aarch64-22/build/binutils-2.47/gold/object.cc:1056:(.text._ZN4gold17Sized_relobj_fileILi32ELb1EE21include_section_groupEPNS_12Symbol_tableEPNS_6LayoutEjPKcPKhS7_mPSt6vectorIbSaIbEE[_ZN4gold17Sized_relobj_fileILi32ELb1EE21include_section_groupEPNS_12Symbol_tableEPNS_6LayoutEjPKcPKhS7_mPSt6vectorIbSaIbEE]+0x987): undefined reference to `gold::Layout::find_or_add_kept_section(std::__cxx11::basic_string<char, std::char_traits<char>, std::allocator<char> > const&, gold::Relobj*, unsigned int, bool, bool, gold::Kept_section**)'
/usr/bin/ld: /work/build.CoreELEC-Amlogic-no.aarch64-22/build/binutils-2.47/gold/object.cc:1066:(.text._ZN4gold17Sized_relobj_fileILi32ELb1EE21include_section_groupEPNS_12Symbol_tableEPNS_6LayoutEjPKcPKhS7_mPSt6vectorIbSaIbEE[_ZN4gold17Sized_relobj_fileILi32ELb1EE21include_section_groupEPNS_12Symbol_tableEPNS_6LayoutEjPKcPKhS7_mPSt6vectorIbSaIbEE]+0x9b4): undefined reference to `gold::Incremental_inputs::report_comdat_group(gold::Object*, char const*)'
/usr/bin/ld: libgold.a(object.o): in function `gold::Sized_relobj_file<64, false>::include_linkonce_section(gold::Layout*, unsigned int, char const*, elfcpp::Shdr<64, false> const&)':
/work/build.CoreELEC-Amlogic-no.aarch64-22/build/binutils-2.47/gold/object.cc:1181:(.text._ZN4gold17Sized_relobj_fileILi64ELb0EE24include_linkonce_sectionEPNS_6LayoutEjPKcRKN6elfcpp4ShdrILi64ELb0EEE[_ZN4gold17Sized_relobj_fileILi64ELb0EE24include_linkonce_sectionEPNS_6LayoutEjPKcRKN6elfcpp4ShdrILi64ELb0EEE]+0x131): undefined reference to `gold::Layout::find_or_add_kept_section(std::__cxx11::basic_string<char, std::char_traits<char>, std::allocator<char> > const&, gold::Relobj*, unsigned int, bool, bool, gold::Kept_section**)'
/usr/bin/ld: /work/build.CoreELEC-Amlogic-no.aarch64-22/build/binutils-2.47/gold/object.cc:1183:(.text._ZN4gold17Sized_relobj_fileILi64ELb0EE24include_linkonce_sectionEPNS_6LayoutEjPKcRKN6elfcpp4ShdrILi64ELb0EEE[_ZN4gold17Sized_relobj_fileILi64ELb0EE24include_linkonce_sectionEPNS_6LayoutEjPKcRKN6elfcpp4ShdrILi64ELb0EEE]+0x15f): undefined reference to `gold::Layout::find_or_add_kept_section(std::__cxx11::basic_string<char, std::char_traits<char>, std::allocator<char> > const&, gold::Relobj*, unsigned int, bool, bool, gold::Kept_section**)'
/usr/bin/ld: libgold.a(object.o): in function `gold::Sized_relobj_file<64, false>::include_section_group(gold::Symbol_table*, gold::Layout*, unsigned int, char const*, unsigned char const*, char const*, unsigned long, std::vector<bool, std::allocator<bool> >*)':
/work/build.CoreELEC-Amlogic-no.aarch64-22/build/binutils-2.47/gold/object.cc:1133:(.text._ZN4gold17Sized_relobj_fileILi64ELb0EE21include_section_groupEPNS_12Symbol_tableEPNS_6LayoutEjPKcPKhS7_mPSt6vectorIbSaIbEE[_ZN4gold17Sized_relobj_fileILi64ELb0EE21include_section_groupEPNS_12Symbol_tableEPNS_6LayoutEjPKcPKhS7_mPSt6vectorIbSaIbEE]+0x7e7): undefined reference to `void gold::Layout::layout_group<64, false>(gold::Symbol_table*, gold::Sized_relobj_file<64, false>*, unsigned int, char const*, char const*, elfcpp::Shdr<64, false> const&, unsigned int, std::vector<unsigned int, std::allocator<unsigned int> >*)'
/usr/bin/ld: /work/build.CoreELEC-Amlogic-no.aarch64-22/build/binutils-2.47/gold/object.cc:1056:(.text._ZN4gold17Sized_relobj_fileILi64ELb0EE21include_section_groupEPNS_12Symbol_tableEPNS_6LayoutEjPKcPKhS7_mPSt6vectorIbSaIbEE[_ZN4gold17Sized_relobj_fileILi64ELb0EE21include_section_groupEPNS_12Symbol_tableEPNS_6LayoutEjPKcPKhS7_mPSt6vectorIbSaIbEE]+0x910): undefined reference to `gold::Layout::find_or_add_kept_section(std::__cxx11::basic_string<char, std::char_traits<char>, std::allocator<char> > const&, gold::Relobj*, unsigned int, bool, bool, gold::Kept_section**)'
/usr/bin/ld: /work/build.CoreELEC-Amlogic-no.aarch64-22/build/binutils-2.47/gold/object.cc:1066:(.text._ZN4gold17Sized_relobj_fileILi64ELb0EE21include_section_groupEPNS_12Symbol_tableEPNS_6LayoutEjPKcPKhS7_mPSt6vectorIbSaIbEE[_ZN4gold17Sized_relobj_fileILi64ELb0EE21include_section_groupEPNS_12Symbol_tableEPNS_6LayoutEjPKcPKhS7_mPSt6vectorIbSaIbEE]+0x935): undefined reference to `gold::Incremental_inputs::report_comdat_group(gold::Object*, char const*)'
/usr/bin/ld: libgold.a(object.o): in function `gold::Sized_relobj_file<64, true>::include_linkonce_section(gold::Layout*, unsigned int, char const*, elfcpp::Shdr<64, true> const&)':
/work/build.CoreELEC-Amlogic-no.aarch64-22/build/binutils-2.47/gold/object.cc:1181:(.text._ZN4gold17Sized_relobj_fileILi64ELb1EE24include_linkonce_sectionEPNS_6LayoutEjPKcRKN6elfcpp4ShdrILi64ELb1EEE[_ZN4gold17Sized_relobj_fileILi64ELb1EE24include_linkonce_sectionEPNS_6LayoutEjPKcRKN6elfcpp4ShdrILi64ELb1EEE]+0x134): undefined reference to `gold::Layout::find_or_add_kept_section(std::__cxx11::basic_string<char, std::char_traits<char>, std::allocator<char> > const&, gold::Relobj*, unsigned int, bool, bool, gold::Kept_section**)'
/usr/bin/ld: /work/build.CoreELEC-Amlogic-no.aarch64-22/build/binutils-2.47/gold/object.cc:1183:(.text._ZN4gold17Sized_relobj_fileILi64ELb1EE24include_linkonce_sectionEPNS_6LayoutEjPKcRKN6elfcpp4ShdrILi64ELb1EEE[_ZN4gold17Sized_relobj_fileILi64ELb1EE24include_linkonce_sectionEPNS_6LayoutEjPKcRKN6elfcpp4ShdrILi64ELb1EEE]+0x162): undefined reference to `gold::Layout::find_or_add_kept_section(std::__cxx11::basic_string<char, std::char_traits<char>, std::allocator<char> > const&, gold::Relobj*, unsigned int, bool, bool, gold::Kept_section**)'
/usr/bin/ld: libgold.a(object.o): in function `gold::Sized_relobj_file<64, true>::include_section_group(gold::Symbol_table*, gold::Layout*, unsigned int, char const*, unsigned char const*, char const*, unsigned long, std::vector<bool, std::allocator<bool> >*)':
/work/build.CoreELEC-Amlogic-no.aarch64-22/build/binutils-2.47/gold/object.cc:1133:(.text._ZN4gold17Sized_relobj_fileILi64ELb1EE21include_section_groupEPNS_12Symbol_tableEPNS_6LayoutEjPKcPKhS7_mPSt6vectorIbSaIbEE[_ZN4gold17Sized_relobj_fileILi64ELb1EE21include_section_groupEPNS_12Symbol_tableEPNS_6LayoutEjPKcPKhS7_mPSt6vectorIbSaIbEE]+0x618): undefined reference to `void gold::Layout::layout_group<64, true>(gold::Symbol_table*, gold::Sized_relobj_file<64, true>*, unsigned int, char const*, char const*, elfcpp::Shdr<64, true> const&, unsigned int, std::vector<unsigned int, std::allocator<unsigned int> >*)'
/usr/bin/ld: /work/build.CoreELEC-Amlogic-no.aarch64-22/build/binutils-2.47/gold/object.cc:1056:(.text._ZN4gold17Sized_relobj_fileILi64ELb1EE21include_section_groupEPNS_12Symbol_tableEPNS_6LayoutEjPKcPKhS7_mPSt6vectorIbSaIbEE[_ZN4gold17Sized_relobj_fileILi64ELb1EE21include_section_groupEPNS_12Symbol_tableEPNS_6LayoutEjPKcPKhS7_mPSt6vectorIbSaIbEE]+0x9aa): undefined reference to `gold::Layout::find_or_add_kept_section(std::__cxx11::basic_string<char, std::char_traits<char>, std::allocator<char> > const&, gold::Relobj*, unsigned int, bool, bool, gold::Kept_section**)'
/usr/bin/ld: /work/build.CoreELEC-Amlogic-no.aarch64-22/build/binutils-2.47/gold/object.cc:1066:(.text._ZN4gold17Sized_relobj_fileILi64ELb1EE21include_section_groupEPNS_12Symbol_tableEPNS_6LayoutEjPKcPKhS7_mPSt6vectorIbSaIbEE[_ZN4gold17Sized_relobj_fileILi64ELb1EE21include_section_groupEPNS_12Symbol_tableEPNS_6LayoutEjPKcPKhS7_mPSt6vectorIbSaIbEE]+0x9cf): undefined reference to `gold::Incremental_inputs::report_comdat_group(gold::Object*, char const*)'
/usr/bin/ld: libgold.a(object.o): in function `gold::Sized_relobj_file<64, true>::layout_section(gold::Layout*, unsigned int, char const*, elfcpp::Shdr<64, true> const&, unsigned int, unsigned int, unsigned int)':
/work/build.CoreELEC-Amlogic-no.aarch64-22/build/binutils-2.47/gold/object.cc:1231:(.text._ZN4gold17Sized_relobj_fileILi64ELb1EE27do_layout_deferred_sectionsEPNS_6LayoutE[_ZN4gold17Sized_relobj_fileILi64ELb1EE27do_layout_deferred_sectionsEPNS_6LayoutE]+0xb0): undefined reference to `gold::Output_section* gold::Layout::layout<64, true>(gold::Sized_relobj_file<64, true>*, unsigned int, char const*, elfcpp::Shdr<64, true> const&, unsigned int, unsigned int, unsigned int, long*)'
/usr/bin/ld: libgold.a(object.o): in function `gold::Sized_relobj_file<64, true>::do_layout_deferred_sections(gold::Layout*)':
/work/build.CoreELEC-Amlogic-no.aarch64-22/build/binutils-2.47/gold/object.cc:2108:(.text._ZN4gold17Sized_relobj_fileILi64ELb1EE27do_layout_deferred_sectionsEPNS_6LayoutE[_ZN4gold17Sized_relobj_fileILi64ELb1EE27do_layout_deferred_sectionsEPNS_6LayoutE]+0x333): undefined reference to `gold::Output_section* gold::Layout::layout_reloc<64, true>(gold::Sized_relobj_file<64, true>*, unsigned int, elfcpp::Shdr<64, true> const&, gold::Output_section*, gold::Relocatable_relocs*)'
/usr/bin/ld: libgold.a(object.o): in function `gold::Sized_relobj_file<32, false>::layout_section(gold::Layout*, unsigned int, char const*, elfcpp::Shdr<32, false> const&, unsigned int, unsigned int, unsigned int)':
/work/build.CoreELEC-Amlogic-no.aarch64-22/build/binutils-2.47/gold/object.cc:1231:(.text._ZN4gold17Sized_relobj_fileILi32ELb0EE27do_layout_deferred_sectionsEPNS_6LayoutE[_ZN4gold17Sized_relobj_fileILi32ELb0EE27do_layout_deferred_sectionsEPNS_6LayoutE]+0xad): undefined reference to `gold::Output_section* gold::Layout::layout<32, false>(gold::Sized_relobj_file<32, false>*, unsigned int, char const*, elfcpp::Shdr<32, false> const&, unsigned int, unsigned int, unsigned int, long*)'
/usr/bin/ld: libgold.a(object.o): in function `gold::Sized_relobj_file<32, false>::do_layout_deferred_sections(gold::Layout*)':
/work/build.CoreELEC-Amlogic-no.aarch64-22/build/binutils-2.47/gold/object.cc:2108:(.text._ZN4gold17Sized_relobj_fileILi32ELb0EE27do_layout_deferred_sectionsEPNS_6LayoutE[_ZN4gold17Sized_relobj_fileILi32ELb0EE27do_layout_deferred_sectionsEPNS_6LayoutE]+0x351): undefined reference to `gold::Output_section* gold::Layout::layout_reloc<32, false>(gold::Sized_relobj_file<32, false>*, unsigned int, elfcpp::Shdr<32, false> const&, gold::Output_section*, gold::Relocatable_relocs*)'
/usr/bin/ld: libgold.a(object.o): in function `gold::Sized_relobj_file<64, false>::layout_section(gold::Layout*, unsigned int, char const*, elfcpp::Shdr<64, false> const&, unsigned int, unsigned int, unsigned int)':
/work/build.CoreELEC-Amlogic-no.aarch64-22/build/binutils-2.47/gold/object.cc:1231:(.text._ZN4gold17Sized_relobj_fileILi64ELb0EE27do_layout_deferred_sectionsEPNS_6LayoutE[_ZN4gold17Sized_relobj_fileILi64ELb0EE27do_layout_deferred_sectionsEPNS_6LayoutE]+0xab): undefined reference to `gold::Output_section* gold::Layout::layout<64, false>(gold::Sized_relobj_file<64, false>*, unsigned int, char const*, elfcpp::Shdr<64, false> const&, unsigned int, unsigned int, unsigned int, long*)'
/usr/bin/ld: libgold.a(object.o): in function `gold::Sized_relobj_file<64, false>::do_layout_deferred_sections(gold::Layout*)':
/work/build.CoreELEC-Amlogic-no.aarch64-22/build/binutils-2.47/gold/object.cc:2108:(.text._ZN4gold17Sized_relobj_fileILi64ELb0EE27do_layout_deferred_sectionsEPNS_6LayoutE[_ZN4gold17Sized_relobj_fileILi64ELb0EE27do_layout_deferred_sectionsEPNS_6LayoutE]+0x321): undefined reference to `gold::Output_section* gold::Layout::layout_reloc<64, false>(gold::Sized_relobj_file<64, false>*, unsigned int, elfcpp::Shdr<64, false> const&, gold::Output_section*, gold::Relocatable_relocs*)'
/usr/bin/ld: libgold.a(object.o): in function `gold::Sized_relobj_file<32, true>::layout_section(gold::Layout*, unsigned int, char const*, elfcpp::Shdr<32, true> const&, unsigned int, unsigned int, unsigned int)':
/work/build.CoreELEC-Amlogic-no.aarch64-22/build/binutils-2.47/gold/object.cc:1231:(.text._ZN4gold17Sized_relobj_fileILi32ELb1EE27do_layout_deferred_sectionsEPNS_6LayoutE[_ZN4gold17Sized_relobj_fileILi32ELb1EE27do_layout_deferred_sectionsEPNS_6LayoutE]+0xb0): undefined reference to `gold::Output_section* gold::Layout::layout<32, true>(gold::Sized_relobj_file<32, true>*, unsigned int, char const*, elfcpp::Shdr<32, true> const&, unsigned int, unsigned int, unsigned int, long*)'
/usr/bin/ld: libgold.a(object.o): in function `gold::Sized_relobj_file<32, true>::do_layout_deferred_sections(gold::Layout*)':
/work/build.CoreELEC-Amlogic-no.aarch64-22/build/binutils-2.47/gold/object.cc:2108:(.text._ZN4gold17Sized_relobj_fileILi32ELb1EE27do_layout_deferred_sectionsEPNS_6LayoutE[_ZN4gold17Sized_relobj_fileILi32ELb1EE27do_layout_deferred_sectionsEPNS_6LayoutE]+0x353): undefined reference to `gold::Output_section* gold::Layout::layout_reloc<32, true>(gold::Sized_relobj_file<32, true>*, unsigned int, elfcpp::Shdr<32, true> const&, gold::Output_section*, gold::Relocatable_relocs*)'
/usr/bin/ld: libgold.a(object.o): in function `gold::Sized_relobj_file<32, false>::do_layout(gold::Symbol_table*, gold::Layout*, gold::Read_symbols_data*)':
/work/build.CoreELEC-Amlogic-no.aarch64-22/build/binutils-2.47/gold/object.cc:1708:(.text._ZN4gold17Sized_relobj_fileILi32ELb0EE9do_layoutEPNS_12Symbol_tableEPNS_6LayoutEPNS_17Read_symbols_dataE[_ZN4gold17Sized_relobj_fileILi32ELb0EE9do_layoutEPNS_12Symbol_tableEPNS_6LayoutEPNS_17Read_symbols_dataE]+0x6d3): undefined reference to `gold::Layout::keep_input_section(gold::Relobj const*, char const*)'
/usr/bin/ld: /work/build.CoreELEC-Amlogic-no.aarch64-22/build/binutils-2.47/gold/object.cc:1998:(.text._ZN4gold17Sized_relobj_fileILi32ELb0EE9do_layoutEPNS_12Symbol_tableEPNS_6LayoutEPNS_17Read_symbols_dataE[_ZN4gold17Sized_relobj_fileILi32ELb0EE9do_layoutEPNS_12Symbol_tableEPNS_6LayoutEPNS_17Read_symbols_dataE]+0x8e9): undefined reference to `void gold::Layout::add_to_gdb_index<32, false>(bool, gold::Sized_relobj<32, false>*, unsigned char const*, long, unsigned int, unsigned int, unsigned int)'
/usr/bin/ld: /work/build.CoreELEC-Amlogic-no.aarch64-22/build/binutils-2.47/gold/object.cc:2007:(.text._ZN4gold17Sized_relobj_fileILi32ELb0EE9do_layoutEPNS_12Symbol_tableEPNS_6LayoutEPNS_17Read_symbols_dataE[_ZN4gold17Sized_relobj_fileILi32ELb0EE9do_layoutEPNS_12Symbol_tableEPNS_6LayoutEPNS_17Read_symbols_dataE]+0x95c): undefined reference to `void gold::Layout::add_to_gdb_index<32, false>(bool, gold::Sized_relobj<32, false>*, unsigned char const*, long, unsigned int, unsigned int, unsigned int)'
/usr/bin/ld: /work/build.CoreELEC-Amlogic-no.aarch64-22/build/binutils-2.47/gold/object.cc:1687:(.text._ZN4gold17Sized_relobj_fileILi32ELb0EE9do_layoutEPNS_12Symbol_tableEPNS_6LayoutEPNS_17Read_symbols_dataE[_ZN4gold17Sized_relobj_fileILi32ELb0EE9do_layoutEPNS_12Symbol_tableEPNS_6LayoutEPNS_17Read_symbols_dataE]+0xddd): undefined reference to `gold::can_incremental_update(unsigned int)'
/usr/bin/ld: /work/build.CoreELEC-Amlogic-no.aarch64-22/build/binutils-2.47/gold/object.cc:1693:(.text._ZN4gold17Sized_relobj_fileILi32ELb0EE9do_layoutEPNS_12Symbol_tableEPNS_6LayoutEPNS_17Read_symbols_dataE[_ZN4gold17Sized_relobj_fileILi32ELb0EE9do_layoutEPNS_12Symbol_tableEPNS_6LayoutEPNS_17Read_symbols_dataE]+0xe65): undefined reference to `gold::Incremental_inputs::report_input_section(gold::Object*, unsigned int, char const*, long)'
/usr/bin/ld: libgold.a(object.o): in function `gold::Sized_relobj_file<32, false>::layout_section(gold::Layout*, unsigned int, char const*, elfcpp::Shdr<32, false> const&, unsigned int, unsigned int, unsigned int)':
/work/build.CoreELEC-Amlogic-no.aarch64-22/build/binutils-2.47/gold/object.cc:1231:(.text._ZN4gold17Sized_relobj_fileILi32ELb0EE9do_layoutEPNS_12Symbol_tableEPNS_6LayoutEPNS_17Read_symbols_dataE[_ZN4gold17Sized_relobj_fileILi32ELb0EE9do_layoutEPNS_12Symbol_tableEPNS_6LayoutEPNS_17Read_symbols_dataE]+0x13a1): undefined reference to `gold::Output_section* gold::Layout::layout<32, false>(gold::Sized_relobj_file<32, false>*, unsigned int, char const*, elfcpp::Shdr<32, false> const&, unsigned int, unsigned int, unsigned int, long*)'
/usr/bin/ld: libgold.a(object.o): in function `gold::Sized_relobj_file<32, false>::do_layout(gold::Symbol_table*, gold::Layout*, gold::Read_symbols_data*)':
/work/build.CoreELEC-Amlogic-no.aarch64-22/build/binutils-2.47/gold/object.cc:1982:(.text._ZN4gold17Sized_relobj_fileILi32ELb0EE9do_layoutEPNS_12Symbol_tableEPNS_6LayoutEPNS_17Read_symbols_dataE[_ZN4gold17Sized_relobj_fileILi32ELb0EE9do_layoutEPNS_12Symbol_tableEPNS_6LayoutEPNS_17Read_symbols_dataE]+0x1d38): undefined reference to `gold::Output_section* gold::Layout::layout_reloc<32, false>(gold::Sized_relobj_file<32, false>*, unsigned int, elfcpp::Shdr<32, false> const&, gold::Output_section*, gold::Relocatable_relocs*)'
/usr/bin/ld: /work/build.CoreELEC-Amlogic-no.aarch64-22/build/binutils-2.47/gold/object.cc:1907:(.text._ZN4gold17Sized_relobj_fileILi32ELb0EE9do_layoutEPNS_12Symbol_tableEPNS_6LayoutEPNS_17Read_symbols_dataE[_ZN4gold17Sized_relobj_fileILi32ELb0EE9do_layoutEPNS_12Symbol_tableEPNS_6LayoutEPNS_17Read_symbols_dataE]+0x1fdc): undefined reference to `gold::Layout::merge_gnu_properties(gold::Object const*)'
/usr/bin/ld: /work/build.CoreELEC-Amlogic-no.aarch64-22/build/binutils-2.47/gold/object.cc:1908:(.text._ZN4gold17Sized_relobj_fileILi32ELb0EE9do_layoutEPNS_12Symbol_tableEPNS_6LayoutEPNS_17Read_symbols_dataE[_ZN4gold17Sized_relobj_fileILi32ELb0EE9do_layoutEPNS_12Symbol_tableEPNS_6LayoutEPNS_17Read_symbols_dataE]+0x1ff5): undefined reference to `gold::Layout::layout_gnu_stack(bool, unsigned long, gold::Object const*)'
/usr/bin/ld: libgold.a(object.o): in function `gold::Sized_relobj_file<32, true>::do_layout(gold::Symbol_table*, gold::Layout*, gold::Read_symbols_data*)':
/work/build.CoreELEC-Amlogic-no.aarch64-22/build/binutils-2.47/gold/object.cc:1708:(.text._ZN4gold17Sized_relobj_fileILi32ELb1EE9do_layoutEPNS_12Symbol_tableEPNS_6LayoutEPNS_17Read_symbols_dataE[_ZN4gold17Sized_relobj_fileILi32ELb1EE9do_layoutEPNS_12Symbol_tableEPNS_6LayoutEPNS_17Read_symbols_dataE]+0x6e4): undefined reference to `gold::Layout::keep_input_section(gold::Relobj const*, char const*)'
/usr/bin/ld: /work/build.CoreELEC-Amlogic-no.aarch64-22/build/binutils-2.47/gold/object.cc:1998:(.text._ZN4gold17Sized_relobj_fileILi32ELb1EE9do_layoutEPNS_12Symbol_tableEPNS_6LayoutEPNS_17Read_symbols_dataE[_ZN4gold17Sized_relobj_fileILi32ELb1EE9do_layoutEPNS_12Symbol_tableEPNS_6LayoutEPNS_17Read_symbols_dataE]+0x8f9): undefined reference to `void gold::Layout::add_to_gdb_index<32, true>(bool, gold::Sized_relobj<32, true>*, unsigned char const*, long, unsigned int, unsigned int, unsigned int)'
/usr/bin/ld: /work/build.CoreELEC-Amlogic-no.aarch64-22/build/binutils-2.47/gold/object.cc:2007:(.text._ZN4gold17Sized_relobj_fileILi32ELb1EE9do_layoutEPNS_12Symbol_tableEPNS_6LayoutEPNS_17Read_symbols_dataE[_ZN4gold17Sized_relobj_fileILi32ELb1EE9do_layoutEPNS_12Symbol_tableEPNS_6LayoutEPNS_17Read_symbols_dataE]+0x96c): undefined reference to `void gold::Layout::add_to_gdb_index<32, true>(bool, gold::Sized_relobj<32, true>*, unsigned char const*, long, unsigned int, unsigned int, unsigned int)'
/usr/bin/ld: /work/build.CoreELEC-Amlogic-no.aarch64-22/build/binutils-2.47/gold/object.cc:1687:(.text._ZN4gold17Sized_relobj_fileILi32ELb1EE9do_layoutEPNS_12Symbol_tableEPNS_6LayoutEPNS_17Read_symbols_dataE[_ZN4gold17Sized_relobj_fileILi32ELb1EE9do_layoutEPNS_12Symbol_tableEPNS_6LayoutEPNS_17Read_symbols_dataE]+0xddf): undefined reference to `gold::can_incremental_update(unsigned int)'
/usr/bin/ld: /work/build.CoreELEC-Amlogic-no.aarch64-22/build/binutils-2.47/gold/object.cc:1693:(.text._ZN4gold17Sized_relobj_fileILi32ELb1EE9do_layoutEPNS_12Symbol_tableEPNS_6LayoutEPNS_17Read_symbols_dataE[_ZN4gold17Sized_relobj_fileILi32ELb1EE9do_layoutEPNS_12Symbol_tableEPNS_6LayoutEPNS_17Read_symbols_dataE]+0xe67): undefined reference to `gold::Incremental_inputs::report_input_section(gold::Object*, unsigned int, char const*, long)'
/usr/bin/ld: libgold.a(object.o): in function `gold::Sized_relobj_file<32, true>::layout_section(gold::Layout*, unsigned int, char const*, elfcpp::Shdr<32, true> const&, unsigned int, unsigned int, unsigned int)':
/work/build.CoreELEC-Amlogic-no.aarch64-22/build/binutils-2.47/gold/object.cc:1231:(.text._ZN4gold17Sized_relobj_fileILi32ELb1EE9do_layoutEPNS_12Symbol_tableEPNS_6LayoutEPNS_17Read_symbols_dataE[_ZN4gold17Sized_relobj_fileILi32ELb1EE9do_layoutEPNS_12Symbol_tableEPNS_6LayoutEPNS_17Read_symbols_dataE]+0x13de): undefined reference to `gold::Output_section* gold::Layout::layout<32, true>(gold::Sized_relobj_file<32, true>*, unsigned int, char const*, elfcpp::Shdr<32, true> const&, unsigned int, unsigned int, unsigned int, long*)'
/usr/bin/ld: libgold.a(object.o): in function `gold::Sized_relobj_file<32, true>::do_layout(gold::Symbol_table*, gold::Layout*, gold::Read_symbols_data*)':
/work/build.CoreELEC-Amlogic-no.aarch64-22/build/binutils-2.47/gold/object.cc:1982:(.text._ZN4gold17Sized_relobj_fileILi32ELb1EE9do_layoutEPNS_12Symbol_tableEPNS_6LayoutEPNS_17Read_symbols_dataE[_ZN4gold17Sized_relobj_fileILi32ELb1EE9do_layoutEPNS_12Symbol_tableEPNS_6LayoutEPNS_17Read_symbols_dataE]+0x1d8b): undefined reference to `gold::Output_section* gold::Layout::layout_reloc<32, true>(gold::Sized_relobj_file<32, true>*, unsigned int, elfcpp::Shdr<32, true> const&, gold::Output_section*, gold::Relocatable_relocs*)'
/usr/bin/ld: /work/build.CoreELEC-Amlogic-no.aarch64-22/build/binutils-2.47/gold/object.cc:1907:(.text._ZN4gold17Sized_relobj_fileILi32ELb1EE9do_layoutEPNS_12Symbol_tableEPNS_6LayoutEPNS_17Read_symbols_dataE[_ZN4gold17Sized_relobj_fileILi32ELb1EE9do_layoutEPNS_12Symbol_tableEPNS_6LayoutEPNS_17Read_symbols_dataE]+0x203d): undefined reference to `gold::Layout::merge_gnu_properties(gold::Object const*)'
/usr/bin/ld: /work/build.CoreELEC-Amlogic-no.aarch64-22/build/binutils-2.47/gold/object.cc:1908:(.text._ZN4gold17Sized_relobj_fileILi32ELb1EE9do_layoutEPNS_12Symbol_tableEPNS_6LayoutEPNS_17Read_symbols_dataE[_ZN4gold17Sized_relobj_fileILi32ELb1EE9do_layoutEPNS_12Symbol_tableEPNS_6LayoutEPNS_17Read_symbols_dataE]+0x2056): undefined reference to `gold::Layout::layout_gnu_stack(bool, unsigned long, gold::Object const*)'
/usr/bin/ld: libgold.a(object.o): in function `gold::Sized_relobj_file<64, false>::do_layout(gold::Symbol_table*, gold::Layout*, gold::Read_symbols_data*)':
/work/build.CoreELEC-Amlogic-no.aarch64-22/build/binutils-2.47/gold/object.cc:1708:(.text._ZN4gold17Sized_relobj_fileILi64ELb0EE9do_layoutEPNS_12Symbol_tableEPNS_6LayoutEPNS_17Read_symbols_dataE[_ZN4gold17Sized_relobj_fileILi64ELb0EE9do_layoutEPNS_12Symbol_tableEPNS_6LayoutEPNS_17Read_symbols_dataE]+0x6d3): undefined reference to `gold::Layout::keep_input_section(gold::Relobj const*, char const*)'
/usr/bin/ld: /work/build.CoreELEC-Amlogic-no.aarch64-22/build/binutils-2.47/gold/object.cc:1982:(.text._ZN4gold17Sized_relobj_fileILi64ELb0EE9do_layoutEPNS_12Symbol_tableEPNS_6LayoutEPNS_17Read_symbols_dataE[_ZN4gold17Sized_relobj_fileILi64ELb0EE9do_layoutEPNS_12Symbol_tableEPNS_6LayoutEPNS_17Read_symbols_dataE]+0x943): undefined reference to `gold::Output_section* gold::Layout::layout_reloc<64, false>(gold::Sized_relobj_file<64, false>*, unsigned int, elfcpp::Shdr<64, false> const&, gold::Output_section*, gold::Relocatable_relocs*)'
/usr/bin/ld: /work/build.CoreELEC-Amlogic-no.aarch64-22/build/binutils-2.47/gold/object.cc:1687:(.text._ZN4gold17Sized_relobj_fileILi64ELb0EE9do_layoutEPNS_12Symbol_tableEPNS_6LayoutEPNS_17Read_symbols_dataE[_ZN4gold17Sized_relobj_fileILi64ELb0EE9do_layoutEPNS_12Symbol_tableEPNS_6LayoutEPNS_17Read_symbols_dataE]+0xda6): undefined reference to `gold::can_incremental_update(unsigned int)'
/usr/bin/ld: /work/build.CoreELEC-Amlogic-no.aarch64-22/build/binutils-2.47/gold/object.cc:1693:(.text._ZN4gold17Sized_relobj_fileILi64ELb0EE9do_layoutEPNS_12Symbol_tableEPNS_6LayoutEPNS_17Read_symbols_dataE[_ZN4gold17Sized_relobj_fileILi64ELb0EE9do_layoutEPNS_12Symbol_tableEPNS_6LayoutEPNS_17Read_symbols_dataE]+0xe25): undefined reference to `gold::Incremental_inputs::report_input_section(gold::Object*, unsigned int, char const*, long)'
/usr/bin/ld: libgold.a(object.o): in function `gold::Sized_relobj_file<64, false>::layout_section(gold::Layout*, unsigned int, char const*, elfcpp::Shdr<64, false> const&, unsigned int, unsigned int, unsigned int)':
/work/build.CoreELEC-Amlogic-no.aarch64-22/build/binutils-2.47/gold/object.cc:1231:(.text._ZN4gold17Sized_relobj_fileILi64ELb0EE9do_layoutEPNS_12Symbol_tableEPNS_6LayoutEPNS_17Read_symbols_dataE[_ZN4gold17Sized_relobj_fileILi64ELb0EE9do_layoutEPNS_12Symbol_tableEPNS_6LayoutEPNS_17Read_symbols_dataE]+0x1261): undefined reference to `gold::Output_section* gold::Layout::layout<64, false>(gold::Sized_relobj_file<64, false>*, unsigned int, char const*, elfcpp::Shdr<64, false> const&, unsigned int, unsigned int, unsigned int, long*)'
/usr/bin/ld: libgold.a(object.o): in function `gold::Sized_relobj_file<64, false>::do_layout(gold::Symbol_table*, gold::Layout*, gold::Read_symbols_data*)':
/work/build.CoreELEC-Amlogic-no.aarch64-22/build/binutils-2.47/gold/object.cc:1907:(.text._ZN4gold17Sized_relobj_fileILi64ELb0EE9do_layoutEPNS_12Symbol_tableEPNS_6LayoutEPNS_17Read_symbols_dataE[_ZN4gold17Sized_relobj_fileILi64ELb0EE9do_layoutEPNS_12Symbol_tableEPNS_6LayoutEPNS_17Read_symbols_dataE]+0x1e6c): undefined reference to `gold::Layout::merge_gnu_properties(gold::Object const*)'
/usr/bin/ld: /work/build.CoreELEC-Amlogic-no.aarch64-22/build/binutils-2.47/gold/object.cc:1908:(.text._ZN4gold17Sized_relobj_fileILi64ELb0EE9do_layoutEPNS_12Symbol_tableEPNS_6LayoutEPNS_17Read_symbols_dataE[_ZN4gold17Sized_relobj_fileILi64ELb0EE9do_layoutEPNS_12Symbol_tableEPNS_6LayoutEPNS_17Read_symbols_dataE]+0x1e85): undefined reference to `gold::Layout::layout_gnu_stack(bool, unsigned long, gold::Object const*)'
/usr/bin/ld: /work/build.CoreELEC-Amlogic-no.aarch64-22/build/binutils-2.47/gold/object.cc:1998:(.text._ZN4gold17Sized_relobj_fileILi64ELb0EE9do_layoutEPNS_12Symbol_tableEPNS_6LayoutEPNS_17Read_symbols_dataE[_ZN4gold17Sized_relobj_fileILi64ELb0EE9do_layoutEPNS_12Symbol_tableEPNS_6LayoutEPNS_17Read_symbols_dataE]+0x2426): undefined reference to `void gold::Layout::add_to_gdb_index<64, false>(bool, gold::Sized_relobj<64, false>*, unsigned char const*, long, unsigned int, unsigned int, unsigned int)'
/usr/bin/ld: /work/build.CoreELEC-Amlogic-no.aarch64-22/build/binutils-2.47/gold/object.cc:2007:(.text._ZN4gold17Sized_relobj_fileILi64ELb0EE9do_layoutEPNS_12Symbol_tableEPNS_6LayoutEPNS_17Read_symbols_dataE[_ZN4gold17Sized_relobj_fileILi64ELb0EE9do_layoutEPNS_12Symbol_tableEPNS_6LayoutEPNS_17Read_symbols_dataE]+0x2499): undefined reference to `void gold::Layout::add_to_gdb_index<64, false>(bool, gold::Sized_relobj<64, false>*, unsigned char const*, long, unsigned int, unsigned int, unsigned int)'
/usr/bin/ld: libgold.a(object.o): in function `gold::Sized_relobj_file<64, true>::do_layout(gold::Symbol_table*, gold::Layout*, gold::Read_symbols_data*)':
/work/build.CoreELEC-Amlogic-no.aarch64-22/build/binutils-2.47/gold/object.cc:1708:(.text._ZN4gold17Sized_relobj_fileILi64ELb1EE9do_layoutEPNS_12Symbol_tableEPNS_6LayoutEPNS_17Read_symbols_dataE[_ZN4gold17Sized_relobj_fileILi64ELb1EE9do_layoutEPNS_12Symbol_tableEPNS_6LayoutEPNS_17Read_symbols_dataE]+0x6e5): undefined reference to `gold::Layout::keep_input_section(gold::Relobj const*, char const*)'
/usr/bin/ld: /work/build.CoreELEC-Amlogic-no.aarch64-22/build/binutils-2.47/gold/object.cc:1998:(.text._ZN4gold17Sized_relobj_fileILi64ELb1EE9do_layoutEPNS_12Symbol_tableEPNS_6LayoutEPNS_17Read_symbols_dataE[_ZN4gold17Sized_relobj_fileILi64ELb1EE9do_layoutEPNS_12Symbol_tableEPNS_6LayoutEPNS_17Read_symbols_dataE]+0x8f6): undefined reference to `void gold::Layout::add_to_gdb_index<64, true>(bool, gold::Sized_relobj<64, true>*, unsigned char const*, long, unsigned int, unsigned int, unsigned int)'
/usr/bin/ld: /work/build.CoreELEC-Amlogic-no.aarch64-22/build/binutils-2.47/gold/object.cc:2007:(.text._ZN4gold17Sized_relobj_fileILi64ELb1EE9do_layoutEPNS_12Symbol_tableEPNS_6LayoutEPNS_17Read_symbols_dataE[_ZN4gold17Sized_relobj_fileILi64ELb1EE9do_layoutEPNS_12Symbol_tableEPNS_6LayoutEPNS_17Read_symbols_dataE]+0x969): undefined reference to `void gold::Layout::add_to_gdb_index<64, true>(bool, gold::Sized_relobj<64, true>*, unsigned char const*, long, unsigned int, unsigned int, unsigned int)'
/usr/bin/ld: /work/build.CoreELEC-Amlogic-no.aarch64-22/build/binutils-2.47/gold/object.cc:1687:(.text._ZN4gold17Sized_relobj_fileILi64ELb1EE9do_layoutEPNS_12Symbol_tableEPNS_6LayoutEPNS_17Read_symbols_dataE[_ZN4gold17Sized_relobj_fileILi64ELb1EE9do_layoutEPNS_12Symbol_tableEPNS_6LayoutEPNS_17Read_symbols_dataE]+0xddd): undefined reference to `gold::can_incremental_update(unsigned int)'
/usr/bin/ld: /work/build.CoreELEC-Amlogic-no.aarch64-22/build/binutils-2.47/gold/object.cc:1693:(.text._ZN4gold17Sized_relobj_fileILi64ELb1EE9do_layoutEPNS_12Symbol_tableEPNS_6LayoutEPNS_17Read_symbols_dataE[_ZN4gold17Sized_relobj_fileILi64ELb1EE9do_layoutEPNS_12Symbol_tableEPNS_6LayoutEPNS_17Read_symbols_dataE]+0xe67): undefined reference to `gold::Incremental_inputs::report_input_section(gold::Object*, unsigned int, char const*, long)'
/usr/bin/ld: libgold.a(object.o): in function `gold::Sized_relobj_file<64, true>::layout_section(gold::Layout*, unsigned int, char const*, elfcpp::Shdr<64, true> const&, unsigned int, unsigned int, unsigned int)':
/work/build.CoreELEC-Amlogic-no.aarch64-22/build/binutils-2.47/gold/object.cc:1231:(.text._ZN4gold17Sized_relobj_fileILi64ELb1EE9do_layoutEPNS_12Symbol_tableEPNS_6LayoutEPNS_17Read_symbols_dataE[_ZN4gold17Sized_relobj_fileILi64ELb1EE9do_layoutEPNS_12Symbol_tableEPNS_6LayoutEPNS_17Read_symbols_dataE]+0x129e): undefined reference to `gold::Output_section* gold::Layout::layout<64, true>(gold::Sized_relobj_file<64, true>*, unsigned int, char const*, elfcpp::Shdr<64, true> const&, unsigned int, unsigned int, unsigned int, long*)'
/usr/bin/ld: libgold.a(object.o): in function `gold::Sized_relobj_file<64, true>::do_layout(gold::Symbol_table*, gold::Layout*, gold::Read_symbols_data*)':
/work/build.CoreELEC-Amlogic-no.aarch64-22/build/binutils-2.47/gold/object.cc:1982:(.text._ZN4gold17Sized_relobj_fileILi64ELb1EE9do_layoutEPNS_12Symbol_tableEPNS_6LayoutEPNS_17Read_symbols_dataE[_ZN4gold17Sized_relobj_fileILi64ELb1EE9do_layoutEPNS_12Symbol_tableEPNS_6LayoutEPNS_17Read_symbols_dataE]+0x1d13): undefined reference to `gold::Output_section* gold::Layout::layout_reloc<64, true>(gold::Sized_relobj_file<64, true>*, unsigned int, elfcpp::Shdr<64, true> const&, gold::Output_section*, gold::Relocatable_relocs*)'
/usr/bin/ld: /work/build.CoreELEC-Amlogic-no.aarch64-22/build/binutils-2.47/gold/object.cc:1907:(.text._ZN4gold17Sized_relobj_fileILi64ELb1EE9do_layoutEPNS_12Symbol_tableEPNS_6LayoutEPNS_17Read_symbols_dataE[_ZN4gold17Sized_relobj_fileILi64ELb1EE9do_layoutEPNS_12Symbol_tableEPNS_6LayoutEPNS_17Read_symbols_dataE]+0x1f9f): undefined reference to `gold::Layout::merge_gnu_properties(gold::Object const*)'
/usr/bin/ld: /work/build.CoreELEC-Amlogic-no.aarch64-22/build/binutils-2.47/gold/object.cc:1908:(.text._ZN4gold17Sized_relobj_fileILi64ELb1EE9do_layoutEPNS_12Symbol_tableEPNS_6LayoutEPNS_17Read_symbols_dataE[_ZN4gold17Sized_relobj_fileILi64ELb1EE9do_layoutEPNS_12Symbol_tableEPNS_6LayoutEPNS_17Read_symbols_dataE]+0x1fb8): undefined reference to `gold::Layout::layout_gnu_stack(bool, unsigned long, gold::Object const*)'
/usr/bin/ld: libgold.a(output.o): in function `gold::Output_section::Input_section_sort_entry::match_file_name(char const*) const':
/work/build.CoreELEC-Amlogic-no.aarch64-22/build/binutils-2.47/gold/output.cc:3338:(.text+0x20dd): undefined reference to `gold::Layout::match_file_name(gold::Relobj const*, char const*)'
/usr/bin/ld: /work/build.CoreELEC-Amlogic-no.aarch64-22/build/binutils-2.47/gold/output.cc:3338:(.text+0x20fc): undefined reference to `gold::Layout::match_file_name(gold::Relobj const*, char const*)'
/usr/bin/ld: /work/build.CoreELEC-Amlogic-no.aarch64-22/build/binutils-2.47/gold/output.cc:3338:(.text+0x2131): undefined reference to `gold::Layout::match_file_name(gold::Relobj const*, char const*)'
/usr/bin/ld: /work/build.CoreELEC-Amlogic-no.aarch64-22/build/binutils-2.47/gold/output.cc:3338:(.text+0x2150): undefined reference to `gold::Layout::match_file_name(gold::Relobj const*, char const*)'
/usr/bin/ld: /work/build.CoreELEC-Amlogic-no.aarch64-22/build/binutils-2.47/gold/output.cc:3338:(.text+0x224c): undefined reference to `gold::Layout::match_file_name(gold::Relobj const*, char const*)'
/usr/bin/ld: libgold.a(output.o):/work/build.CoreELEC-Amlogic-no.aarch64-22/build/binutils-2.47/gold/output.cc:3338: more undefined references to `gold::Layout::match_file_name(gold::Relobj const*, char const*)' follow
/usr/bin/ld: libgold.a(output.o): in function `gold::Output_section::Input_section_sort_section_prefix_special_ordering_compare::operator()(gold::Output_section::Input_section_sort_entry const&, gold::Output_section::Input_section_sort_entry const&) const':
/work/build.CoreELEC-Amlogic-no.aarch64-22/build/binutils-2.47/gold/output.cc:3507:(.text+0x265a): undefined reference to `gold::Layout::special_ordering_of_input_section(char const*)'
/usr/bin/ld: /work/build.CoreELEC-Amlogic-no.aarch64-22/build/binutils-2.47/gold/output.cc:3508:(.text+0x2665): undefined reference to `gold::Layout::special_ordering_of_input_section(char const*)'
/usr/bin/ld: libgold.a(output.o): in function `gold::Output_section::set_fixed_layout(unsigned long, long, long, unsigned long)':
/work/build.CoreELEC-Amlogic-no.aarch64-22/build/binutils-2.47/gold/output.cc:4043:(.text+0x302c): undefined reference to `gold::Free_list::init(long, bool)'
/usr/bin/ld: libgold.a(output.o): in function `gold::Layout::allocate(long, unsigned long, long)':
/work/build.CoreELEC-Amlogic-no.aarch64-22/build/binutils-2.47/gold/layout.h:613:(.text+0x36d0): undefined reference to `gold::Free_list::allocate(long, unsigned long, long)'
/usr/bin/ld: libgold.a(output.o): in function `gold::Output_section::add_output_section_data(gold::Output_section_data*)':
/work/build.CoreELEC-Amlogic-no.aarch64-22/build/binutils-2.47/gold/output.cc:2566:(.text+0x5be5): undefined reference to `gold::Free_list::allocate(long, unsigned long, long)'
/usr/bin/ld: libgold.a(output.o): in function `gold::Output_section::add_relaxed_input_section(gold::Layout*, gold::Output_relaxed_input_section*, std::__cxx11::basic_string<char, std::char_traits<char>, std::allocator<char> > const&)':
/work/build.CoreELEC-Amlogic-no.aarch64-22/build/binutils-2.47/gold/output.cc:2614:(.text+0x77ff): undefined reference to `gold::Layout::find_section_order_index(std::__cxx11::basic_string<char, std::char_traits<char>, std::allocator<char> > const&)'
/usr/bin/ld: libgold.a(output.o): in function `gold::Output_section::reserve(unsigned long, unsigned long)':
/work/build.CoreELEC-Amlogic-no.aarch64-22/build/binutils-2.47/gold/output.cc:4053:(.text+0x307b): undefined reference to `gold::Free_list::remove(long, long)'
/usr/bin/ld: libgold.a(output.o): in function `gold::Output_section::allocate(long, unsigned long)':
/work/build.CoreELEC-Amlogic-no.aarch64-22/build/binutils-2.47/gold/output.cc:4062:(.text+0x308a): undefined reference to `gold::Free_list::allocate(long, unsigned long, long)'
/usr/bin/ld: libgold.a(output.o): in function `gold::Output_data_got<32, false>::do_reserve_slot(unsigned int)':
/work/build.CoreELEC-Amlogic-no.aarch64-22/build/binutils-2.47/gold/output.h:2586:(.text._ZN4gold15Output_data_gotILi32ELb0EE15do_reserve_slotEj[_ZN4gold15Output_data_gotILi32ELb0EE15do_reserve_slotEj]+0x16): undefined reference to `gold::Free_list::remove(long, long)'
/usr/bin/ld: libgold.a(output.o): in function `gold::Output_data_got<32, true>::do_reserve_slot(unsigned int)':
/work/build.CoreELEC-Amlogic-no.aarch64-22/build/binutils-2.47/gold/output.h:2586:(.text._ZN4gold15Output_data_gotILi32ELb1EE15do_reserve_slotEj[_ZN4gold15Output_data_gotILi32ELb1EE15do_reserve_slotEj]+0x16): undefined reference to `gold::Free_list::remove(long, long)'
/usr/bin/ld: libgold.a(output.o): in function `gold::Output_data_got<64, false>::do_reserve_slot(unsigned int)':
/work/build.CoreELEC-Amlogic-no.aarch64-22/build/binutils-2.47/gold/output.h:2586:(.text._ZN4gold15Output_data_gotILi64ELb0EE15do_reserve_slotEj[_ZN4gold15Output_data_gotILi64ELb0EE15do_reserve_slotEj]+0x16): undefined reference to `gold::Free_list::remove(long, long)'
/usr/bin/ld: libgold.a(output.o): in function `gold::Output_data_got<64, true>::do_reserve_slot(unsigned int)':
/work/build.CoreELEC-Amlogic-no.aarch64-22/build/binutils-2.47/gold/output.h:2586:(.text._ZN4gold15Output_data_gotILi64ELb1EE15do_reserve_slotEj[_ZN4gold15Output_data_gotILi64ELb1EE15do_reserve_slotEj]+0x16): undefined reference to `gold::Free_list::remove(long, long)'
/usr/bin/ld: libgold.a(output.o): in function `gold::Output_data_got<32, false>::do_reserve_slot(unsigned int)':
/work/build.CoreELEC-Amlogic-no.aarch64-22/build/binutils-2.47/gold/output.h:2586:(.text._ZN4gold15Output_data_gotILi32ELb0EE13reserve_localEjPNS_6RelobjEjjm[_ZN4gold15Output_data_gotILi32ELb0EE13reserve_localEjPNS_6RelobjEjjm]+0x42): undefined reference to `gold::Free_list::remove(long, long)'
/usr/bin/ld: libgold.a(output.o):/work/build.CoreELEC-Amlogic-no.aarch64-22/build/binutils-2.47/gold/output.h:2586: more undefined references to `gold::Free_list::remove(long, long)' follow
/usr/bin/ld: libgold.a(output.o): in function `gold::Output_data_got<32, false>::Got_entry::write(gold::Output_data_got_base*, unsigned int, unsigned char*) const':
/work/build.CoreELEC-Amlogic-no.aarch64-22/build/binutils-2.47/gold/output.cc:1421:(.text._ZNK4gold15Output_data_gotILi32ELb0EE9Got_entry5writeEPNS_20Output_data_got_baseEjPh[_ZNK4gold15Output_data_gotILi32ELb0EE9Got_entry5writeEPNS_20Output_data_got_baseEjPh]+0x204): undefined reference to `gold::Symbol::final_value_is_known() const'
/usr/bin/ld: libgold.a(output.o): in function `gold::Output_data_got<32, true>::do_reserve_slot(unsigned int)':
/work/build.CoreELEC-Amlogic-no.aarch64-22/build/binutils-2.47/gold/output.h:2586:(.text._ZN4gold15Output_data_gotILi32ELb1EE13reserve_localEjPNS_6RelobjEjjm[_ZN4gold15Output_data_gotILi32ELb1EE13reserve_localEjPNS_6RelobjEjjm]+0x42): undefined reference to `gold::Free_list::remove(long, long)'
/usr/bin/ld: /work/build.CoreELEC-Amlogic-no.aarch64-22/build/binutils-2.47/gold/output.h:2586:(.text._ZN4gold15Output_data_gotILi32ELb1EE14reserve_globalEjPNS_6SymbolEjm[_ZN4gold15Output_data_gotILi32ELb1EE14reserve_globalEjPNS_6SymbolEjm]+0x49): undefined reference to `gold::Free_list::remove(long, long)'
/usr/bin/ld: libgold.a(output.o): in function `gold::Output_data_got<32, true>::Got_entry::write(gold::Output_data_got_base*, unsigned int, unsigned char*) const':
/work/build.CoreELEC-Amlogic-no.aarch64-22/build/binutils-2.47/gold/output.cc:1421:(.text._ZNK4gold15Output_data_gotILi32ELb1EE9Got_entry5writeEPNS_20Output_data_got_baseEjPh[_ZNK4gold15Output_data_gotILi32ELb1EE9Got_entry5writeEPNS_20Output_data_got_baseEjPh]+0x214): undefined reference to `gold::Symbol::final_value_is_known() const'
/usr/bin/ld: libgold.a(output.o): in function `gold::Output_data_got<64, false>::do_reserve_slot(unsigned int)':
/work/build.CoreELEC-Amlogic-no.aarch64-22/build/binutils-2.47/gold/output.h:2586:(.text._ZN4gold15Output_data_gotILi64ELb0EE13reserve_localEjPNS_6RelobjEjjm[_ZN4gold15Output_data_gotILi64ELb0EE13reserve_localEjPNS_6RelobjEjjm]+0x42): undefined reference to `gold::Free_list::remove(long, long)'
/usr/bin/ld: /work/build.CoreELEC-Amlogic-no.aarch64-22/build/binutils-2.47/gold/output.h:2586:(.text._ZN4gold15Output_data_gotILi64ELb0EE14reserve_globalEjPNS_6SymbolEjm[_ZN4gold15Output_data_gotILi64ELb0EE14reserve_globalEjPNS_6SymbolEjm]+0x49): undefined reference to `gold::Free_list::remove(long, long)'
/usr/bin/ld: libgold.a(output.o): in function `gold::Output_data_got<64, false>::Got_entry::write(gold::Output_data_got_base*, unsigned int, unsigned char*) const':
/work/build.CoreELEC-Amlogic-no.aarch64-22/build/binutils-2.47/gold/output.cc:1421:(.text._ZNK4gold15Output_data_gotILi64ELb0EE9Got_entry5writeEPNS_20Output_data_got_baseEjPh[_ZNK4gold15Output_data_gotILi64ELb0EE9Got_entry5writeEPNS_20Output_data_got_baseEjPh]+0x1d4): undefined reference to `gold::Symbol::final_value_is_known() const'
/usr/bin/ld: libgold.a(output.o): in function `gold::Output_data_got<64, true>::do_reserve_slot(unsigned int)':
/work/build.CoreELEC-Amlogic-no.aarch64-22/build/binutils-2.47/gold/output.h:2586:(.text._ZN4gold15Output_data_gotILi64ELb1EE13reserve_localEjPNS_6RelobjEjjm[_ZN4gold15Output_data_gotILi64ELb1EE13reserve_localEjPNS_6RelobjEjjm]+0x42): undefined reference to `gold::Free_list::remove(long, long)'
/usr/bin/ld: /work/build.CoreELEC-Amlogic-no.aarch64-22/build/binutils-2.47/gold/output.h:2586:(.text._ZN4gold15Output_data_gotILi64ELb1EE14reserve_globalEjPNS_6SymbolEjm[_ZN4gold15Output_data_gotILi64ELb1EE14reserve_globalEjPNS_6SymbolEjm]+0x49): undefined reference to `gold::Free_list::remove(long, long)'
/usr/bin/ld: libgold.a(output.o): in function `gold::Output_data_got<64, true>::Got_entry::write(gold::Output_data_got_base*, unsigned int, unsigned char*) const':
/work/build.CoreELEC-Amlogic-no.aarch64-22/build/binutils-2.47/gold/output.cc:1421:(.text._ZNK4gold15Output_data_gotILi64ELb1EE9Got_entry5writeEPNS_20Output_data_got_baseEjPh[_ZNK4gold15Output_data_gotILi64ELb1EE9Got_entry5writeEPNS_20Output_data_got_baseEjPh]+0x1e4): undefined reference to `gold::Symbol::final_value_is_known() const'
/usr/bin/ld: libgold.a(output.o): in function `void gold::Output_section::write_header<32, false>(gold::Layout const*, gold::Stringpool_template<char> const*, elfcpp::Shdr_write<32, false>*) const':
/work/build.CoreELEC-Amlogic-no.aarch64-22/build/binutils-2.47/gold/output.cc:3664:(.text._ZNK4gold14Output_section12write_headerILi32ELb0EEEvPKNS_6LayoutEPKNS_19Stringpool_templateIcEEPN6elfcpp10Shdr_writeIXT_EXT0_EEE[_ZNK4gold14Output_section12write_headerILi32ELb0EEEvPKNS_6LayoutEPKNS_19Stringpool_templateIcEEPN6elfcpp10Shdr_writeIXT_EXT0_EEE]+0x174): undefined reference to `gold::Layout::symtab_section_shndx() const'
/usr/bin/ld: libgold.a(output.o): in function `void gold::Output_section::write_header<32, true>(gold::Layout const*, gold::Stringpool_template<char> const*, elfcpp::Shdr_write<32, true>*) const':
/work/build.CoreELEC-Amlogic-no.aarch64-22/build/binutils-2.47/gold/output.cc:3664:(.text._ZNK4gold14Output_section12write_headerILi32ELb1EEEvPKNS_6LayoutEPKNS_19Stringpool_templateIcEEPN6elfcpp10Shdr_writeIXT_EXT0_EEE[_ZNK4gold14Output_section12write_headerILi32ELb1EEEvPKNS_6LayoutEPKNS_19Stringpool_templateIcEEPN6elfcpp10Shdr_writeIXT_EXT0_EEE]+0x184): undefined reference to `gold::Layout::symtab_section_shndx() const'
/usr/bin/ld: libgold.a(output.o): in function `void gold::Output_section::write_header<64, false>(gold::Layout const*, gold::Stringpool_template<char> const*, elfcpp::Shdr_write<64, false>*) const':
/work/build.CoreELEC-Amlogic-no.aarch64-22/build/binutils-2.47/gold/output.cc:3664:(.text._ZNK4gold14Output_section12write_headerILi64ELb0EEEvPKNS_6LayoutEPKNS_19Stringpool_templateIcEEPN6elfcpp10Shdr_writeIXT_EXT0_EEE[_ZNK4gold14Output_section12write_headerILi64ELb0EEEvPKNS_6LayoutEPKNS_19Stringpool_templateIcEEPN6elfcpp10Shdr_writeIXT_EXT0_EEE]+0x174): undefined reference to `gold::Layout::symtab_section_shndx() const'
/usr/bin/ld: libgold.a(output.o): in function `void gold::Output_section::write_header<64, true>(gold::Layout const*, gold::Stringpool_template<char> const*, elfcpp::Shdr_write<64, true>*) const':
/work/build.CoreELEC-Amlogic-no.aarch64-22/build/binutils-2.47/gold/output.cc:3664:(.text._ZNK4gold14Output_section12write_headerILi64ELb1EEEvPKNS_6LayoutEPKNS_19Stringpool_templateIcEEPN6elfcpp10Shdr_writeIXT_EXT0_EEE[_ZNK4gold14Output_section12write_headerILi64ELb1EEEvPKNS_6LayoutEPKNS_19Stringpool_templateIcEEPN6elfcpp10Shdr_writeIXT_EXT0_EEE]+0x184): undefined reference to `gold::Layout::symtab_section_shndx() const'
/usr/bin/ld: libgold.a(output.o): in function `elfcpp::Elf_types<32>::Elf_Addr gold::Output_file_header::entry<32>()':
/work/build.CoreELEC-Amlogic-no.aarch64-22/build/binutils-2.47/gold/output.cc:609:(.text._ZN4gold18Output_file_header5entryILi32EEEN6elfcpp9Elf_typesIXT_EE8Elf_AddrEv[_ZN4gold18Output_file_header5entryILi32EEEN6elfcpp9Elf_typesIXT_EE8Elf_AddrEv]+0x47): undefined reference to `gold::Symbol_table::lookup(char const*, char const*) const'
/usr/bin/ld: libgold.a(output.o): in function `gold::Symbol::is_defined() const':
/work/build.CoreELEC-Amlogic-no.aarch64-22/build/binutils-2.47/gold/symtab.h:511:(.text._ZN4gold18Output_file_header5entryILi32EEEN6elfcpp9Elf_typesIXT_EE8Elf_AddrEv[_ZN4gold18Output_file_header5entryILi32EEEN6elfcpp9Elf_typesIXT_EE8Elf_AddrEv]+0xe9): undefined reference to `gold::Symbol::is_common_shndx(unsigned int)'
/usr/bin/ld: libgold.a(output.o): in function `elfcpp::Elf_types<64>::Elf_Addr gold::Output_file_header::entry<64>()':
/work/build.CoreELEC-Amlogic-no.aarch64-22/build/binutils-2.47/gold/output.cc:609:(.text._ZN4gold18Output_file_header5entryILi64EEEN6elfcpp9Elf_typesIXT_EE8Elf_AddrEv[_ZN4gold18Output_file_header5entryILi64EEEN6elfcpp9Elf_typesIXT_EE8Elf_AddrEv]+0x47): undefined reference to `gold::Symbol_table::lookup(char const*, char const*) const'
/usr/bin/ld: libgold.a(output.o): in function `gold::Symbol::is_defined() const':
/work/build.CoreELEC-Amlogic-no.aarch64-22/build/binutils-2.47/gold/symtab.h:511:(.text._ZN4gold18Output_file_header5entryILi64EEEN6elfcpp9Elf_typesIXT_EE8Elf_AddrEv[_ZN4gold18Output_file_header5entryILi64EEEN6elfcpp9Elf_typesIXT_EE8Elf_AddrEv]+0xf9): undefined reference to `gold::Symbol::is_common_shndx(unsigned int)'
/usr/bin/ld: libgold.a(output.o): in function `gold::Output_data_got<32, false>::Output_data_got(long)':
/work/build.CoreELEC-Amlogic-no.aarch64-22/build/binutils-2.47/gold/output.h:2459:(.text._ZN4gold15Output_data_gotILi32ELb0EEC2El[_ZN4gold15Output_data_gotILi32ELb0EEC5El]+0x93): undefined reference to `gold::Free_list::init(long, bool)'
/usr/bin/ld: libgold.a(output.o): in function `gold::Output_data_got<32, false>::add_got_entry(gold::Output_data_got<32, false>::Got_entry)':
/work/build.CoreELEC-Amlogic-no.aarch64-22/build/binutils-2.47/gold/output.cc:1731:(.text._ZN4gold15Output_data_gotILi32ELb0EE13add_got_entryENS1_9Got_entryE[_ZN4gold15Output_data_gotILi32ELb0EE13add_got_entryENS1_9Got_entryE]+0x71): undefined reference to `gold::Free_list::allocate(long, unsigned long, long)'
/usr/bin/ld: libgold.a(output.o): in function `gold::Output_data_got<32, false>::add_got_entry_pair(gold::Output_data_got<32, false>::Got_entry, gold::Output_data_got<32, false>::Got_entry)':
/work/build.CoreELEC-Amlogic-no.aarch64-22/build/binutils-2.47/gold/output.cc:1763:(.text._ZN4gold15Output_data_gotILi32ELb0EE18add_got_entry_pairENS1_9Got_entryES2_[_ZN4gold15Output_data_gotILi32ELb0EE18add_got_entry_pairENS1_9Got_entryES2_]+0x24): undefined reference to `gold::Free_list::allocate(long, unsigned long, long)'
/usr/bin/ld: libgold.a(output.o): in function `gold::Output_data_got<32, true>::Output_data_got(long)':
/work/build.CoreELEC-Amlogic-no.aarch64-22/build/binutils-2.47/gold/output.h:2459:(.text._ZN4gold15Output_data_gotILi32ELb1EEC2El[_ZN4gold15Output_data_gotILi32ELb1EEC5El]+0x93): undefined reference to `gold::Free_list::init(long, bool)'
/usr/bin/ld: libgold.a(output.o): in function `gold::Output_data_got<32, true>::add_got_entry(gold::Output_data_got<32, true>::Got_entry)':
/work/build.CoreELEC-Amlogic-no.aarch64-22/build/binutils-2.47/gold/output.cc:1731:(.text._ZN4gold15Output_data_gotILi32ELb1EE13add_got_entryENS1_9Got_entryE[_ZN4gold15Output_data_gotILi32ELb1EE13add_got_entryENS1_9Got_entryE]+0x71): undefined reference to `gold::Free_list::allocate(long, unsigned long, long)'
/usr/bin/ld: libgold.a(output.o): in function `gold::Output_data_got<32, true>::add_got_entry_pair(gold::Output_data_got<32, true>::Got_entry, gold::Output_data_got<32, true>::Got_entry)':
/work/build.CoreELEC-Amlogic-no.aarch64-22/build/binutils-2.47/gold/output.cc:1763:(.text._ZN4gold15Output_data_gotILi32ELb1EE18add_got_entry_pairENS1_9Got_entryES2_[_ZN4gold15Output_data_gotILi32ELb1EE18add_got_entry_pairENS1_9Got_entryES2_]+0x24): undefined reference to `gold::Free_list::allocate(long, unsigned long, long)'
/usr/bin/ld: libgold.a(output.o): in function `gold::Output_data_got<64, false>::Output_data_got(long)':
/work/build.CoreELEC-Amlogic-no.aarch64-22/build/binutils-2.47/gold/output.h:2459:(.text._ZN4gold15Output_data_gotILi64ELb0EEC2El[_ZN4gold15Output_data_gotILi64ELb0EEC5El]+0x93): undefined reference to `gold::Free_list::init(long, bool)'
/usr/bin/ld: libgold.a(output.o): in function `gold::Output_data_got<64, false>::add_got_entry(gold::Output_data_got<64, false>::Got_entry)':
/work/build.CoreELEC-Amlogic-no.aarch64-22/build/binutils-2.47/gold/output.cc:1731:(.text._ZN4gold15Output_data_gotILi64ELb0EE13add_got_entryENS1_9Got_entryE[_ZN4gold15Output_data_gotILi64ELb0EE13add_got_entryENS1_9Got_entryE]+0x71): undefined reference to `gold::Free_list::allocate(long, unsigned long, long)'
/usr/bin/ld: libgold.a(output.o): in function `gold::Output_data_got<64, false>::add_got_entry_pair(gold::Output_data_got<64, false>::Got_entry, gold::Output_data_got<64, false>::Got_entry)':
/work/build.CoreELEC-Amlogic-no.aarch64-22/build/binutils-2.47/gold/output.cc:1763:(.text._ZN4gold15Output_data_gotILi64ELb0EE18add_got_entry_pairENS1_9Got_entryES2_[_ZN4gold15Output_data_gotILi64ELb0EE18add_got_entry_pairENS1_9Got_entryES2_]+0x24): undefined reference to `gold::Free_list::allocate(long, unsigned long, long)'
/usr/bin/ld: libgold.a(output.o): in function `gold::Output_data_got<64, true>::Output_data_got(long)':
/work/build.CoreELEC-Amlogic-no.aarch64-22/build/binutils-2.47/gold/output.h:2459:(.text._ZN4gold15Output_data_gotILi64ELb1EEC2El[_ZN4gold15Output_data_gotILi64ELb1EEC5El]+0x93): undefined reference to `gold::Free_list::init(long, bool)'
/usr/bin/ld: libgold.a(output.o): in function `gold::Output_data_got<64, true>::add_got_entry(gold::Output_data_got<64, true>::Got_entry)':
/work/build.CoreELEC-Amlogic-no.aarch64-22/build/binutils-2.47/gold/output.cc:1731:(.text._ZN4gold15Output_data_gotILi64ELb1EE13add_got_entryENS1_9Got_entryE[_ZN4gold15Output_data_gotILi64ELb1EE13add_got_entryENS1_9Got_entryE]+0x71): undefined reference to `gold::Free_list::allocate(long, unsigned long, long)'
/usr/bin/ld: libgold.a(output.o): in function `gold::Output_data_got<64, true>::add_got_entry_pair(gold::Output_data_got<64, true>::Got_entry, gold::Output_data_got<64, true>::Got_entry)':
/work/build.CoreELEC-Amlogic-no.aarch64-22/build/binutils-2.47/gold/output.cc:1763:(.text._ZN4gold15Output_data_gotILi64ELb1EE18add_got_entry_pairENS1_9Got_entryES2_[_ZN4gold15Output_data_gotILi64ELb1EE18add_got_entry_pairENS1_9Got_entryES2_]+0x24): undefined reference to `gold::Free_list::allocate(long, unsigned long, long)'
/usr/bin/ld: libgold.a(output.o): in function `long gold::Output_section::add_input_section<64, true>(gold::Layout*, gold::Sized_relobj_file<64, true>*, unsigned int, char const*, elfcpp::Shdr<64, true> const&, unsigned int, bool)':
/work/build.CoreELEC-Amlogic-no.aarch64-22/build/binutils-2.47/gold/output.cc:2539:(.text._ZN4gold14Output_section17add_input_sectionILi64ELb1EEElPNS_6LayoutEPNS_17Sized_relobj_fileIXT_EXT0_EEEjPKcRKN6elfcpp4ShdrIXT_EXT0_EEEjb[_ZN4gold14Output_section17add_input_sectionILi64ELb1EEElPNS_6LayoutEPNS_17Sized_relobj_fileIXT_EXT0_EEEjPKcRKN6elfcpp4ShdrIXT_EXT0_EEEjb]+0x230): undefined reference to `gold::Layout::find_section_order_index(std::__cxx11::basic_string<char, std::char_traits<char>, std::allocator<char> > const&)'
/usr/bin/ld: /work/build.CoreELEC-Amlogic-no.aarch64-22/build/binutils-2.47/gold/output.cc:2467:(.text._ZN4gold14Output_section17add_input_sectionILi64ELb1EEElPNS_6LayoutEPNS_17Sized_relobj_fileIXT_EXT0_EEEjPKcRKN6elfcpp4ShdrIXT_EXT0_EEEjb[_ZN4gold14Output_section17add_input_sectionILi64ELb1EEElPNS_6LayoutEPNS_17Sized_relobj_fileIXT_EXT0_EEEjPKcRKN6elfcpp4ShdrIXT_EXT0_EEEjb]+0x312): undefined reference to `gold::Free_list::allocate(long, unsigned long, long)'
/usr/bin/ld: libgold.a(output.o): in function `long gold::Output_section::add_input_section<64, false>(gold::Layout*, gold::Sized_relobj_file<64, false>*, unsigned int, char const*, elfcpp::Shdr<64, false> const&, unsigned int, bool)':
/work/build.CoreELEC-Amlogic-no.aarch64-22/build/binutils-2.47/gold/output.cc:2539:(.text._ZN4gold14Output_section17add_input_sectionILi64ELb0EEElPNS_6LayoutEPNS_17Sized_relobj_fileIXT_EXT0_EEEjPKcRKN6elfcpp4ShdrIXT_EXT0_EEEjb[_ZN4gold14Output_section17add_input_sectionILi64ELb0EEElPNS_6LayoutEPNS_17Sized_relobj_fileIXT_EXT0_EEEjPKcRKN6elfcpp4ShdrIXT_EXT0_EEEjb]+0x1f8): undefined reference to `gold::Layout::find_section_order_index(std::__cxx11::basic_string<char, std::char_traits<char>, std::allocator<char> > const&)'
/usr/bin/ld: /work/build.CoreELEC-Amlogic-no.aarch64-22/build/binutils-2.47/gold/output.cc:2467:(.text._ZN4gold14Output_section17add_input_sectionILi64ELb0EEElPNS_6LayoutEPNS_17Sized_relobj_fileIXT_EXT0_EEEjPKcRKN6elfcpp4ShdrIXT_EXT0_EEEjb[_ZN4gold14Output_section17add_input_sectionILi64ELb0EEElPNS_6LayoutEPNS_17Sized_relobj_fileIXT_EXT0_EEEjPKcRKN6elfcpp4ShdrIXT_EXT0_EEEjb]+0x2cf): undefined reference to `gold::Free_list::allocate(long, unsigned long, long)'
/usr/bin/ld: libgold.a(output.o): in function `long gold::Output_section::add_input_section<32, true>(gold::Layout*, gold::Sized_relobj_file<32, true>*, unsigned int, char const*, elfcpp::Shdr<32, true> const&, unsigned int, bool)':
/work/build.CoreELEC-Amlogic-no.aarch64-22/build/binutils-2.47/gold/output.cc:2539:(.text._ZN4gold14Output_section17add_input_sectionILi32ELb1EEElPNS_6LayoutEPNS_17Sized_relobj_fileIXT_EXT0_EEEjPKcRKN6elfcpp4ShdrIXT_EXT0_EEEjb[_ZN4gold14Output_section17add_input_sectionILi32ELb1EEElPNS_6LayoutEPNS_17Sized_relobj_fileIXT_EXT0_EEEjPKcRKN6elfcpp4ShdrIXT_EXT0_EEEjb]+0x23f): undefined reference to `gold::Layout::find_section_order_index(std::__cxx11::basic_string<char, std::char_traits<char>, std::allocator<char> > const&)'
/usr/bin/ld: /work/build.CoreELEC-Amlogic-no.aarch64-22/build/binutils-2.47/gold/output.cc:2467:(.text._ZN4gold14Output_section17add_input_sectionILi32ELb1EEElPNS_6LayoutEPNS_17Sized_relobj_fileIXT_EXT0_EEEjPKcRKN6elfcpp4ShdrIXT_EXT0_EEEjb[_ZN4gold14Output_section17add_input_sectionILi32ELb1EEElPNS_6LayoutEPNS_17Sized_relobj_fileIXT_EXT0_EEEjPKcRKN6elfcpp4ShdrIXT_EXT0_EEEjb]+0x328): undefined reference to `gold::Free_list::allocate(long, unsigned long, long)'
/usr/bin/ld: libgold.a(output.o): in function `long gold::Output_section::add_input_section<32, false>(gold::Layout*, gold::Sized_relobj_file<32, false>*, unsigned int, char const*, elfcpp::Shdr<32, false> const&, unsigned int, bool)':
/work/build.CoreELEC-Amlogic-no.aarch64-22/build/binutils-2.47/gold/output.cc:2539:(.text._ZN4gold14Output_section17add_input_sectionILi32ELb0EEElPNS_6LayoutEPNS_17Sized_relobj_fileIXT_EXT0_EEEjPKcRKN6elfcpp4ShdrIXT_EXT0_EEEjb[_ZN4gold14Output_section17add_input_sectionILi32ELb0EEElPNS_6LayoutEPNS_17Sized_relobj_fileIXT_EXT0_EEEjPKcRKN6elfcpp4ShdrIXT_EXT0_EEEjb]+0x207): undefined reference to `gold::Layout::find_section_order_index(std::__cxx11::basic_string<char, std::char_traits<char>, std::allocator<char> > const&)'
/usr/bin/ld: /work/build.CoreELEC-Amlogic-no.aarch64-22/build/binutils-2.47/gold/output.cc:2467:(.text._ZN4gold14Output_section17add_input_sectionILi32ELb0EEElPNS_6LayoutEPNS_17Sized_relobj_fileIXT_EXT0_EEEjPKcRKN6elfcpp4ShdrIXT_EXT0_EEEjb[_ZN4gold14Output_section17add_input_sectionILi32ELb0EEElPNS_6LayoutEPNS_17Sized_relobj_fileIXT_EXT0_EEEjPKcRKN6elfcpp4ShdrIXT_EXT0_EEEjb]+0x2e6): undefined reference to `gold::Free_list::allocate(long, unsigned long, long)'
/usr/bin/ld: libgold.a(plugin.o): in function `gold::Plugin_hook::run(gold::Workqueue*)':
/work/build.CoreELEC-Amlogic-no.aarch64-22/build/binutils-2.47/gold/plugin.cc:1766:(.text+0x1c15): undefined reference to `gold::Symbol_table::lookup(char const*, char const*) const'
/usr/bin/ld: libgold.a(plugin.o): in function `unique_segment_for_sections':
/work/build.CoreELEC-Amlogic-no.aarch64-22/build/binutils-2.47/gold/plugin.cc:2243:(.text+0x243d): undefined reference to [100/370] [FAIL] build   binutils:host

The following log for this failure is available:
  /work/build.CoreELEC-Amlogic-no.aarch64-22/.threads/logs/71.log

`gold::Layout::insert_section_segment_map(std::pair<gold::Relobj const*, unsigned int>, gold::Layout::Unique_segment_info*)'
/usr/bin/ld: libgold.a(plugin.o): in function `gold::Position_dependent_options::copy_from_options(gold::General_options const&)':
/work/build.CoreELEC-Amlogic-no.aarch64-22/build/binutils-2.47/gold/options.h:1993:(.text+0x2a1e): undefined reference to `gold::General_options::format_enum() const'
/usr/bin/ld: libgold.a(plugin.o): in function `gold::Pluginobj::get_symbol_resolution_info(gold::Symbol_table*, int, ld_plugin_symbol*, int) const':
/work/build.CoreELEC-Amlogic-no.aarch64-22/build/binutils-2.47/gold/plugin.cc:1280:(.text+0x333a): undefined reference to `gold::Symbol_table::resolve_forwards(gold::Symbol const*) const'
/usr/bin/ld: libgold.a(plugin.o): in function `gold::Pluginobj::include_comdat_group(std::__cxx11::basic_string<char, std::char_traits<char>, std::allocator<char> >, gold::Layout*)':
/work/build.CoreELEC-Amlogic-no.aarch64-22/build/binutils-2.47/gold/plugin.cc:1352:(.text+0x4e1f): undefined reference to `gold::Layout::find_or_add_kept_section(std::__cxx11::basic_string<char, std::char_traits<char>, std::allocator<char> > const&, gold::Relobj*, unsigned int, bool, bool, gold::Kept_section**)'
/usr/bin/ld: libgold.a(plugin.o): in function `gold::Sized_pluginobj<32, true>::do_add_symbols(gold::Symbol_table*, gold::Read_symbols_data*, gold::Layout*)':
/work/build.CoreELEC-Amlogic-no.aarch64-22/build/binutils-2.47/gold/plugin.cc:1484:(.text._ZN4gold15Sized_pluginobjILi32ELb1EE14do_add_symbolsEPNS_12Symbol_tableEPNS_17Read_symbols_dataEPNS_6LayoutE[_ZN4gold15Sized_pluginobjILi32ELb1EE14do_add_symbolsEPNS_12Symbol_tableEPNS_17Read_symbols_dataEPNS_6LayoutE]+0x124): undefined reference to `gold::Symbol* gold::Symbol_table::add_from_pluginobj<32, true>(gold::Sized_pluginobj<32, true>*, char const*, char const*, elfcpp::Sym<32, true>*)'
/usr/bin/ld: libgold.a(plugin.o): in function `gold::Sized_pluginobj<64, false>::do_add_symbols(gold::Symbol_table*, gold::Read_symbols_data*, gold::Layout*)':
/work/build.CoreELEC-Amlogic-no.aarch64-22/build/binutils-2.47/gold/plugin.cc:1484:(.text._ZN4gold15Sized_pluginobjILi64ELb0EE14do_add_symbolsEPNS_12Symbol_tableEPNS_17Read_symbols_dataEPNS_6LayoutE[_ZN4gold15Sized_pluginobjILi64ELb0EE14do_add_symbolsEPNS_12Symbol_tableEPNS_17Read_symbols_dataEPNS_6LayoutE]+0x11b): undefined reference to `gold::Symbol* gold::Symbol_table::add_from_pluginobj<64, false>(gold::Sized_pluginobj<64, false>*, char const*, char const*, elfcpp::Sym<64, false>*)'
/usr/bin/ld: libgold.a(plugin.o): in function `gold::Sized_pluginobj<32, false>::do_add_symbols(gold::Symbol_table*, gold::Read_symbols_data*, gold::Layout*)':
/work/build.CoreELEC-Amlogic-no.aarch64-22/build/binutils-2.47/gold/plugin.cc:1484:(.text._ZN4gold15Sized_pluginobjILi32ELb0EE14do_add_symbolsEPNS_12Symbol_tableEPNS_17Read_symbols_dataEPNS_6LayoutE[_ZN4gold15Sized_pluginobjILi32ELb0EE14do_add_symbolsEPNS_12Symbol_tableEPNS_17Read_symbols_dataEPNS_6LayoutE]+0x11b): undefined reference to `gold::Symbol* gold::Symbol_table::add_from_pluginobj<32, false>(gold::Sized_pluginobj<32, false>*, char const*, char const*, elfcpp::Sym<32, false>*)'
/usr/bin/ld: libgold.a(plugin.o): in function `gold::Sized_pluginobj<64, true>::do_add_symbols(gold::Symbol_table*, gold::Read_symbols_data*, gold::Layout*)':
/work/build.CoreELEC-Amlogic-no.aarch64-22/build/binutils-2.47/gold/plugin.cc:1484:(.text._ZN4gold15Sized_pluginobjILi64ELb1EE14do_add_symbolsEPNS_12Symbol_tableEPNS_17Read_symbols_dataEPNS_6LayoutE[_ZN4gold15Sized_pluginobjILi64ELb1EE14do_add_symbolsEPNS_12Symbol_tableEPNS_17Read_symbols_dataEPNS_6LayoutE]+0x124): undefined reference to `gold::Symbol* gold::Symbol_table::add_from_pluginobj<64, true>(gold::Sized_pluginobj<64, true>*, char const*, char const*, elfcpp::Sym<64, true>*)'
/usr/bin/ld: libgold.a(readsyms.o): in function `gold::Check_library::run(gold::Workqueue*)':
/work/build.CoreELEC-Amlogic-no.aarch64-22/build/binutils-2.47/gold/readsyms.cc:754:(.text+0xcf): undefined reference to `gold::Incremental_library::copy_unused_symbols()'
/usr/bin/ld: /work/build.CoreELEC-Amlogic-no.aarch64-22/build/binutils-2.47/gold/readsyms.cc:761:(.text+0x101): undefined reference to `gold::Incremental_inputs::report_archive_begin(gold::Library_base*, unsigned int, gold::Script_info*)'
/usr/bin/ld: libgold.a(readsyms.o): in function `gold::Add_symbols::run(gold::Workqueue*)':
/work/build.CoreELEC-Amlogic-no.aarch64-22/build/binutils-2.47/gold/readsyms.cc:631:(.text+0x2e5): undefined reference to `gold::Incremental_inputs::report_object(gold::Object*, unsigned int, gold::Library_base*, gold::Script_info*)'
/usr/bin/ld: /work/build.CoreELEC-Amlogic-no.aarch64-22/build/binutils-2.47/gold/readsyms.cc:625:(.text+0x3fc): undefined reference to `gold::Incremental_inputs::report_archive_begin(gold::Library_base*, unsigned int, gold::Script_info*)'
/usr/bin/ld: libgold.a(readsyms.o): in function `gold::Finish_group::run(gold::Workqueue*)':
/work/build.CoreELEC-Amlogic-no.aarch64-22/build/binutils-2.47/gold/readsyms.cc:870:(.text+0x2d85): undefined reference to `gold::Incremental_inputs::report_archive_end(gold::Library_base*)'
/usr/bin/ld: libgold.a(readsyms.o): in function `gold::Check_script::run(gold::Workqueue*)':
/work/build.CoreELEC-Amlogic-no.aarch64-22/build/binutils-2.47/gold/readsyms.cc:716:(.text+0x7b): undefined reference to `gold::Incremental_inputs::report_script(gold::Script_info*, unsigned int, gold::Timespec)'
/usr/bin/ld: libgold.a(readsyms.o): in function `gold::Check_library::run(gold::Workqueue*)':
/work/build.CoreELEC-Amlogic-no.aarch64-22/build/binutils-2.47/gold/readsyms.cc:763:(.text+0x110): undefined reference to `gold::Incremental_inputs::report_archive_end(gold::Library_base*)'
/usr/bin/ld: libgold.a(reloc.o): in function `gold::Sized_relobj_file<32, true>::write_sections(gold::Layout const*, unsigned char const*, gold::Output_file*, std::vector<gold::Sized_relobj_file<32, true>::View_size, std::allocator<gold::Sized_relobj_file<32, true>::View_size> >*)':
/work/build.CoreELEC-Amlogic-no.aarch64-22/build/binutils-2.47/gold/reloc.cc:850:(.text._ZN4gold17Sized_relobj_fileILi32ELb1EE14write_sectionsEPKNS_6LayoutEPKhPNS_11Output_fileEPSt6vectorINS1_9View_sizeESaISA_EE[_ZN4gold17Sized_relobj_fileILi32ELb1EE14write_sectionsEPKNS_6LayoutEPKhPNS_11Output_fileEPSt6vectorINS1_9View_sizeESaISA_EE]+0x6f8): undefined reference to `gold::Layout::is_ctors_in_init_array(gold::Relobj*, unsigned int) const'
/usr/bin/ld: libgold.a(reloc.o): in function `gold::Sized_relobj_file<64, false>::write_sections(gold::Layout const*, unsigned char const*, gold::Output_file*, std::vector<gold::Sized_relobj_file<64, false>::View_size, std::allocator<gold::Sized_relobj_file<64, false>::View_size> >*)':
/work/build.CoreELEC-Amlogic-no.aarch64-22/build/binutils-2.47/gold/reloc.cc:850:(.text._ZN4gold17Sized_relobj_fileILi64ELb0EE14write_sectionsEPKNS_6LayoutEPKhPNS_11Output_fileEPSt6vectorINS1_9View_sizeESaISA_EE[_ZN4gold17Sized_relobj_fileILi64ELb0EE14write_sectionsEPKNS_6LayoutEPKhPNS_11Output_fileEPSt6vectorINS1_9View_sizeESaISA_EE]+0x755): undefined reference to `gold::Layout::is_ctors_in_init_array(gold::Relobj*, unsigned int) const'
/usr/bin/ld: libgold.a(reloc.o): in function `gold::Sized_relobj_file<64, true>::write_sections(gold::Layout const*, unsigned char const*, gold::Output_file*, std::vector<gold::Sized_relobj_file<64, true>::View_size, std::allocator<gold::Sized_relobj_file<64, true>::View_size> >*)':
/work/build.CoreELEC-Amlogic-no.aarch64-22/build/binutils-2.47/gold/reloc.cc:850:(.text._ZN4gold17Sized_relobj_fileILi64ELb1EE14write_sectionsEPKNS_6LayoutEPKhPNS_11Output_fileEPSt6vectorINS1_9View_sizeESaISA_EE[_ZN4gold17Sized_relobj_fileILi64ELb1EE14write_sectionsEPKNS_6LayoutEPKhPNS_11Output_fileEPSt6vectorINS1_9View_sizeESaISA_EE]+0x745): undefined reference to `gold::Layout::is_ctors_in_init_array(gold::Relobj*, unsigned int) const'
/usr/bin/ld: libgold.a(reloc.o): in function `gold::Sized_relobj_file<32, false>::write_sections(gold::Layout const*, unsigned char const*, gold::Output_file*, std::vector<gold::Sized_relobj_file<32, false>::View_size, std::allocator<gold::Sized_relobj_file<32, false>::View_size> >*)':
/work/build.CoreELEC-Amlogic-no.aarch64-22/build/binutils-2.47/gold/reloc.cc:850:(.text._ZN4gold17Sized_relobj_fileILi32ELb0EE14write_sectionsEPKNS_6LayoutEPKhPNS_11Output_fileEPSt6vectorINS1_9View_sizeESaISA_EE[_ZN4gold17Sized_relobj_fileILi32ELb0EE14write_sectionsEPKNS_6LayoutEPKhPNS_11Output_fileEPSt6vectorINS1_9View_sizeESaISA_EE]+0x6b8): undefined reference to `gold::Layout::is_ctors_in_init_array(gold::Relobj*, unsigned int) const'
/usr/bin/ld: libgold.a(reloc.o): in function `void gold::Sized_relobj_file<32, false>::split_stack_adjust_reltype<9>(gold::Symbol_table const*, unsigned char const*, unsigned int, unsigned char const*, unsigned long, unsigned char*, unsigned long, gold::Reloc_symbol_changes**, gold::Sized_target<32, false> const*)':
/work/build.CoreELEC-Amlogic-no.aarch64-22/build/binutils-2.47/gold/reloc.cc:1265:(.text._ZN4gold17Sized_relobj_fileILi32ELb0EE26split_stack_adjust_reltypeILi9EEEvPKNS_12Symbol_tableEPKhjS7_mPhmPPNS_20Reloc_symbol_changesEPKNS_12Sized_targetILi32ELb0EEE[_ZN4gold17Sized_relobj_fileILi32ELb0EE26split_stack_adjust_reltypeILi9EEEvPKNS_12Symbol_tableEPKhjS7_mPhmPPNS_20Reloc_symbol_changesEPKNS_12Sized_targetILi32ELb0EEE]+0x1ff): undefined reference to `gold::Symbol_table::resolve_forwards(gold::Symbol const*) const'
/usr/bin/ld: /work/build.CoreELEC-Amlogic-no.aarch64-22/build/binutils-2.47/gold/reloc.cc:1368:(.text._ZN4gold17Sized_relobj_fileILi32ELb0EE26split_stack_adjust_reltypeILi9EEEvPKNS_12Symbol_tableEPKhjS7_mPhmPPNS_20Reloc_symbol_changesEPKNS_12Sized_targetILi32ELb0EEE[_ZN4gold17Sized_relobj_fileILi32ELb0EE26split_stack_adjust_reltypeILi9EEEvPKNS_12Symbol_tableEPKhjS7_mPhmPPNS_20Reloc_symbol_changesEPKNS_12Sized_targetILi32ELb0EEE]+0x717): undefined reference to `gold::Symbol_table::lookup(char const*, char const*) const'
/usr/bin/ld: libgold.a(reloc.o): in function `void gold::Sized_relobj_file<32, false>::split_stack_adjust_reltype<4>(gold::Symbol_table const*, unsigned char const*, unsigned int, unsigned char const*, unsigned long, unsigned char*, unsigned long, gold::Reloc_symbol_changes**, gold::Sized_target<32, false> const*)':
/work/build.CoreELEC-Amlogic-no.aarch64-22/build/binutils-2.47/gold/reloc.cc:1265:(.text._ZN4gold17Sized_relobj_fileILi32ELb0EE26split_stack_adjust_reltypeILi4EEEvPKNS_12Symbol_tableEPKhjS7_mPhmPPNS_20Reloc_symbol_changesEPKNS_12Sized_targetILi32ELb0EEE[_ZN4gold17Sized_relobj_fileILi32ELb0EE26split_stack_adjust_reltypeILi4EEEvPKNS_12Symbol_tableEPKhjS7_mPhmPPNS_20Reloc_symbol_changesEPKNS_12Sized_targetILi32ELb0EEE]+0x1ff): undefined reference to `gold::Symbol_table::resolve_forwards(gold::Symbol const*) const'
/usr/bin/ld: /work/build.CoreELEC-Amlogic-no.aarch64-22/build/binutils-2.47/gold/reloc.cc:1368:(.text._ZN4gold17Sized_relobj_fileILi32ELb0EE26split_stack_adjust_reltypeILi4EEEvPKNS_12Symbol_tableEPKhjS7_mPhmPPNS_20Reloc_symbol_changesEPKNS_12Sized_targetILi32ELb0EEE[_ZN4gold17Sized_relobj_fileILi32ELb0EE26split_stack_adjust_reltypeILi4EEEvPKNS_12Symbol_tableEPKhjS7_mPhmPPNS_20Reloc_symbol_changesEPKNS_12Sized_targetILi32ELb0EEE]+0x717): undefined reference to `gold::Symbol_table::lookup(char const*, char const*) const'
/usr/bin/ld: libgold.a(reloc.o): in function `gold::Sized_relobj_file<32, false>::do_relocate(gold::Symbol_table const*, gold::Layout const*, gold::Output_file*)':
/work/build.CoreELEC-Amlogic-no.aarch64-22/build/binutils-2.47/gold/reloc.cc:658:(.text._ZN4gold17Sized_relobj_fileILi32ELb0EE11do_relocateEPKNS_12Symbol_tableEPKNS_6LayoutEPNS_11Output_fileE[_ZN4gold17Sized_relobj_fileILi32ELb0EE11do_relocateEPKNS_12Symbol_tableEPKNS_6LayoutEPNS_11Output_fileE]+0x224): undefined reference to `gold::Layout::symtab_section_offset() const'
/usr/bin/ld: libgold.a(reloc.o): in function `void gold::Sized_relobj_file<32, true>::split_stack_adjust_reltype<9>(gold::Symbol_table const*, unsigned char const*, unsigned int, unsigned char const*, unsigned long, unsigned char*, unsigned long, gold::Reloc_symbol_changes**, gold::Sized_target<32, true> const*)':
/work/build.CoreELEC-Amlogic-no.aarch64-22/build/binutils-2.47/gold/reloc.cc:1265:(.text._ZN4gold17Sized_relobj_fileILi32ELb1EE26split_stack_adjust_reltypeILi9EEEvPKNS_12Symbol_tableEPKhjS7_mPhmPPNS_20Reloc_symbol_changesEPKNS_12Sized_targetILi32ELb1EEE[_ZN4gold17Sized_relobj_fileILi32ELb1EE26split_stack_adjust_reltypeILi9EEEvPKNS_12Symbol_tableEPKhjS7_mPhmPPNS_20Reloc_symbol_changesEPKNS_12Sized_targetILi32ELb1EEE]+0x1ff): undefined reference to `gold::Symbol_table::resolve_forwards(gold::Symbol const*) const'
/usr/bin/ld: /work/build.CoreELEC-Amlogic-no.aarch64-22/build/binutils-2.47/gold/reloc.cc:1368:(.text._ZN4gold17Sized_relobj_fileILi32ELb1EE26split_stack_adjust_reltypeILi9EEEvPKNS_12Symbol_tableEPKhjS7_mPhmPPNS_20Reloc_symbol_changesEPKNS_12Sized_targetILi32ELb1EEE[_ZN4gold17Sized_relobj_fileILi32ELb1EE26split_stack_adjust_reltypeILi9EEEvPKNS_12Symbol_tableEPKhjS7_mPhmPPNS_20Reloc_symbol_changesEPKNS_12Sized_targetILi32ELb1EEE]+0x717): undefined reference to `gold::Symbol_table::lookup(char const*, char const*) const'
/usr/bin/ld: libgold.a(reloc.o): in function `void gold::Sized_relobj_file<32, true>::split_stack_adjust_reltype<4>(gold::Symbol_table const*, unsigned char const*, unsigned int, unsigned char const*, unsigned long, unsigned char*, unsigned long, gold::Reloc_symbol_changes**, gold::Sized_target<32, true> const*)':
/work/build.CoreELEC-Amlogic-no.aarch64-22/build/binutils-2.47/gold/reloc.cc:1265:(.text._ZN4gold17Sized_relobj_fileILi32ELb1EE26split_stack_adjust_reltypeILi4EEEvPKNS_12Symbol_tableEPKhjS7_mPhmPPNS_20Reloc_symbol_changesEPKNS_12Sized_targetILi32ELb1EEE[_ZN4gold17Sized_relobj_fileILi32ELb1EE26split_stack_adjust_reltypeILi4EEEvPKNS_12Symbol_tableEPKhjS7_mPhmPPNS_20Reloc_symbol_changesEPKNS_12Sized_targetILi32ELb1EEE]+0x1ff): undefined reference to `gold::Symbol_table::resolve_forwards(gold::Symbol const*) const'
/usr/bin/ld: /work/build.CoreELEC-Amlogic-no.aarch64-22/build/binutils-2.47/gold/reloc.cc:1368:(.text._ZN4gold17Sized_relobj_fileILi32ELb1EE26split_stack_adjust_reltypeILi4EEEvPKNS_12Symbol_tableEPKhjS7_mPhmPPNS_20Reloc_symbol_changesEPKNS_12Sized_targetILi32ELb1EEE[_ZN4gold17Sized_relobj_fileILi32ELb1EE26split_stack_adjust_reltypeILi4EEEvPKNS_12Symbol_tableEPKhjS7_mPhmPPNS_20Reloc_symbol_changesEPKNS_12Sized_targetILi32ELb1EEE]+0x717): undefined reference to `gold::Symbol_table::lookup(char const*, char const*) const'
/usr/bin/ld: libgold.a(reloc.o): in function `gold::Sized_relobj_file<32, true>::do_relocate(gold::Symbol_table const*, gold::Layout const*, gold::Output_file*)':
/work/build.CoreELEC-Amlogic-no.aarch64-22/build/binutils-2.47/gold/reloc.cc:658:(.text._ZN4gold17Sized_relobj_fileILi32ELb1EE11do_relocateEPKNS_12Symbol_tableEPKNS_6LayoutEPNS_11Output_fileE[_ZN4gold17Sized_relobj_fileILi32ELb1EE11do_relocateEPKNS_12Symbol_tableEPKNS_6LayoutEPNS_11Output_fileE]+0x224): undefined reference to `gold::Layout::symtab_section_offset() const'
/usr/bin/ld: libgold.a(reloc.o): in function `void gold::Sized_relobj_file<64, false>::split_stack_adjust_reltype<9>(gold::Symbol_table const*, unsigned char const*, unsigned int, unsigned char const*, unsigned long, unsigned char*, unsigned long, gold::Reloc_symbol_changes**, gold::Sized_target<64, false> const*)':
/work/build.CoreELEC-Amlogic-no.aarch64-22/build/binutils-2.47/gold/reloc.cc:1265:(.text._ZN4gold17Sized_relobj_fileILi64ELb0EE26split_stack_adjust_reltypeILi9EEEvPKNS_12Symbol_tableEPKhjS7_mPhmPPNS_20Reloc_symbol_changesEPKNS_12Sized_targetILi64ELb0EEE[_ZN4gold17Sized_relobj_fileILi64ELb0EE26split_stack_adjust_reltypeILi9EEEvPKNS_12Symbol_tableEPKhjS7_mPhmPPNS_20Reloc_symbol_changesEPKNS_12Sized_targetILi64ELb0EEE]+0x1ff): undefined reference to `gold::Symbol_table::resolve_forwards(gold::Symbol const*) const'
/usr/bin/ld: /work/build.CoreELEC-Amlogic-no.aarch64-22/build/binutils-2.47/gold/reloc.cc:1368:(.text._ZN4gold17Sized_relobj_fileILi64ELb0EE26split_stack_adjust_reltypeILi9EEEvPKNS_12Symbol_tableEPKhjS7_mPhmPPNS_20Reloc_symbol_changesEPKNS_12Sized_targetILi64ELb0EEE[_ZN4gold17Sized_relobj_fileILi64ELb0EE26split_stack_adjust_reltypeILi9EEEvPKNS_12Symbol_tableEPKhjS7_mPhmPPNS_20Reloc_symbol_changesEPKNS_12Sized_targetILi64ELb0EEE]+0x717): undefined reference to `gold::Symbol_table::lookup(char const*, char const*) const'
/usr/bin/ld: libgold.a(reloc.o): in function `void gold::Sized_relobj_file<64, false>::split_stack_adjust_reltype<4>(gold::Symbol_table const*, unsigned char const*, unsigned int, unsigned char const*, unsigned long, unsigned char*, unsigned long, gold::Reloc_symbol_changes**, gold::Sized_target<64, false> const*)':
/work/build.CoreELEC-Amlogic-no.aarch64-22/build/binutils-2.47/gold/reloc.cc:1265:(.text._ZN4gold17Sized_relobj_fileILi64ELb0EE26split_stack_adjust_reltypeILi4EEEvPKNS_12Symbol_tableEPKhjS7_mPhmPPNS_20Reloc_symbol_changesEPKNS_12Sized_targetILi64ELb0EEE[_ZN4gold17Sized_relobj_fileILi64ELb0EE26split_stack_adjust_reltypeILi4EEEvPKNS_12Symbol_tableEPKhjS7_mPhmPPNS_20Reloc_symbol_changesEPKNS_12Sized_targetILi64ELb0EEE]+0x1ff): undefined reference to `gold::Symbol_table::resolve_forwards(gold::Symbol const*) const'
/usr/bin/ld: /work/build.CoreELEC-Amlogic-no.aarch64-22/build/binutils-2.47/gold/reloc.cc:1368:(.text._ZN4gold17Sized_relobj_fileILi64ELb0EE26split_stack_adjust_reltypeILi4EEEvPKNS_12Symbol_tableEPKhjS7_mPhmPPNS_20Reloc_symbol_changesEPKNS_12Sized_targetILi64ELb0EEE[_ZN4gold17Sized_relobj_fileILi64ELb0EE26split_stack_adjust_reltypeILi4EEEvPKNS_12Symbol_tableEPKhjS7_mPhmPPNS_20Reloc_symbol_changesEPKNS_12Sized_targetILi64ELb0EEE]+0x717): undefined reference to `gold::Symbol_table::lookup(char const*, char const*) const'
/usr/bin/ld: libgold.a(reloc.o): in function `gold::Sized_relobj_file<64, false>::do_relocate(gold::Symbol_table const*, gold::Layout const*, gold::Output_file*)':
/work/build.CoreELEC-Amlogic-no.aarch64-22/build/binutils-2.47/gold/reloc.cc:658:(.text._ZN4gold17Sized_relobj_fileILi64ELb0EE11do_relocateEPKNS_12Symbol_tableEPKNS_6LayoutEPNS_11Output_fileE[_ZN4gold17Sized_relobj_fileILi64ELb0EE11do_relocateEPKNS_12Symbol_tableEPKNS_6LayoutEPNS_11Output_fileE]+0x234): undefined reference to `gold::Layout::symtab_section_offset() const'
/usr/bin/ld: libgold.a(reloc.o): in function `void gold::Sized_relobj_file<64, true>::split_stack_adjust_reltype<9>(gold::Symbol_table const*, unsigned char const*, unsigned int, unsigned char const*, unsigned long, unsigned char*, unsigned long, gold::Reloc_symbol_changes**, gold::Sized_target<64, true> const*)':
/work/build.CoreELEC-Amlogic-no.aarch64-22/build/binutils-2.47/gold/reloc.cc:1265:(.text._ZN4gold17Sized_relobj_fileILi64ELb1EE26split_stack_adjust_reltypeILi9EEEvPKNS_12Symbol_tableEPKhjS7_mPhmPPNS_20Reloc_symbol_changesEPKNS_12Sized_targetILi64ELb1EEE[_ZN4gold17Sized_relobj_fileILi64ELb1EE26split_stack_adjust_reltypeILi9EEEvPKNS_12Symbol_tableEPKhjS7_mPhmPPNS_20Reloc_symbol_changesEPKNS_12Sized_targetILi64ELb1EEE]+0x1ff): undefined reference to `gold::Symbol_table::resolve_forwards(gold::Symbol const*) const'
/usr/bin/ld: /work/build.CoreELEC-Amlogic-no.aarch64-22/build/binutils-2.47/gold/reloc.cc:1368:(.text._ZN4gold17Sized_relobj_fileILi64ELb1EE26split_stack_adjust_reltypeILi9EEEvPKNS_12Symbol_tableEPKhjS7_mPhmPPNS_20Reloc_symbol_changesEPKNS_12Sized_targetILi64ELb1EEE[_ZN4gold17Sized_relobj_fileILi64ELb1EE26split_stack_adjust_reltypeILi9EEEvPKNS_12Symbol_tableEPKhjS7_mPhmPPNS_20Reloc_symbol_changesEPKNS_12Sized_targetILi64ELb1EEE]+0x717): undefined reference to `gold::Symbol_table::lookup(char const*, char const*) const'
/usr/bin/ld: libgold.a(reloc.o): in function `void gold::Sized_relobj_file<64, true>::split_stack_adjust_reltype<4>(gold::Symbol_table const*, unsigned char const*, unsigned int, unsigned char const*, unsigned long, unsigned char*, unsigned long, gold::Reloc_symbol_changes**, gold::Sized_target<64, true> const*)':
/work/build.CoreELEC-Amlogic-no.aarch64-22/build/binutils-2.47/gold/reloc.cc:1265:(.text._ZN4gold17Sized_relobj_fileILi64ELb1EE26split_stack_adjust_reltypeILi4EEEvPKNS_12Symbol_tableEPKhjS7_mPhmPPNS_20Reloc_symbol_changesEPKNS_12Sized_targetILi64ELb1EEE[_ZN4gold17Sized_relobj_fileILi64ELb1EE26split_stack_adjust_reltypeILi4EEEvPKNS_12Symbol_tableEPKhjS7_mPhmPPNS_20Reloc_symbol_changesEPKNS_12Sized_targetILi64ELb1EEE]+0x1ff): undefined reference to `gold::Symbol_table::resolve_forwards(gold::Symbol const*) const'
/usr/bin/ld: /work/build.CoreELEC-Amlogic-no.aarch64-22/build/binutils-2.47/gold/reloc.cc:1368:(.text._ZN4gold17Sized_relobj_fileILi64ELb1EE26split_stack_adjust_reltypeILi4EEEvPKNS_12Symbol_tableEPKhjS7_mPhmPPNS_20Reloc_symbol_changesEPKNS_12Sized_targetILi64ELb1EEE[_ZN4gold17Sized_relobj_fileILi64ELb1EE26split_stack_adjust_reltypeILi4EEEvPKNS_12Symbol_tableEPKhjS7_mPhmPPNS_20Reloc_symbol_changesEPKNS_12Sized_targetILi64ELb1EEE]+0x717): undefined reference to `gold::Symbol_table::lookup(char const*, char const*) const'
/usr/bin/ld: libgold.a(reloc.o): in function `gold::Sized_relobj_file<64, true>::do_relocate(gold::Symbol_table const*, gold::Layout const*, gold::Output_file*)':
/work/build.CoreELEC-Amlogic-no.aarch64-22/build/binutils-2.47/gold/reloc.cc:658:(.text._ZN4gold17Sized_relobj_fileILi64ELb1EE11do_relocateEPKNS_12Symbol_tableEPKNS_6LayoutEPNS_11Output_fileE[_ZN4gold17Sized_relobj_fileILi64ELb1EE11do_relocateEPKNS_12Symbol_tableEPKNS_6LayoutEPNS_11Output_fileE]+0x234): undefined reference to `gold::Layout::symtab_section_offset() const'
/usr/bin/ld: libgold.a(script.o): in function `gold::Symbol_assignment::add_to_table(gold::Symbol_table*)':
/work/build.CoreELEC-Amlogic-no.aarch64-22/build/binutils-2.47/gold/script.cc:910:(.text+0xe57): undefined reference to `gold::Symbol_table::define_as_constant(char const*, char const*, gold::Symbol_table::Defined, unsigned long, unsigned long, elfcpp::STT, elfcpp::STB, elfcpp::STV, unsigned char, bool, bool)'
/usr/bin/ld: libgold.a(script.o): in function `void gold::Symbol_assignment::sized_finalize<64>(gold::Symbol_table*, gold::Layout const*, bool, unsigned long, gold::Output_section*)':
/work/build.CoreELEC-Amlogic-no.aarch64-22/build/binutils-2.47/gold/script.cc:1004:(.text+0xf5d): undefined reference to `gold::Symbol::set_output_section(gold::Output_section*)'
/usr/bin/ld: libgold.a(script.o): in function `gold::Symbol_assignment::set_if_absolute(gold::Symbol_table*, gold::Layout const*, bool, unsigned long, gold::Output_section*)':
/work/build.CoreELEC-Amlogic-no.aarch64-22/build/binutils-2.47/gold/script.cc:1048:(.text+0x1126): undefined reference to `gold::Symbol::set_output_section(gold::Output_section*)'
/usr/bin/ld: libgold.a(script.o): in function `gold::Symbol_assignment::add_to_table(gold::Symbol_table*)':
/work/build.CoreELEC-Amlogic-no.aarch64-22/build/binutils-2.47/gold/script.cc:910:(.text+0x143b): undefined reference to `gold::Symbol_table::define_as_constant(char const*, char const*, gold::Symbol_table::Defined, unsigned long, unsigned long, elfcpp::STT, elfcpp::STB, elfcpp::STV, unsigned char, bool, bool)'
/usr/bin/ld: libgold.a(script.o): in function `gold::Version_script_info::check_unmatched_names(gold::Symbol_table const*) const':
/work/build.CoreELEC-Amlogic-no.aarch64-22/build/binutils-2.47/gold/script.cc:2466:(.text+0x2082): undefined reference to `gold::Symbol_table::lookup(char const*, char const*) const'
/usr/bin/ld: libgold.a(script.o): in function `script_add_file':
/work/build.CoreELEC-Amlogic-no.aarch64-22/build/binutils-2.47/gold/script.cc:2716:(.text+0x299b): undefined reference to `gold::Input_arguments::add_file(gold::Input_file_argument&)'
/usr/bin/ld: libgold.a(script.o): in function `script_add_library':
/work/build.CoreELEC-Amlogic-no.aarch64-22/build/binutils-2.47/gold/script.cc:2735:(.text+0x3140): undefined reference to `gold::Input_arguments::add_file(gold::Input_file_argument&)'
/usr/bin/ld: libgold.a(script.o): in function `script_parse_option':
/work/build.CoreELEC-Amlogic-no.aarch64-22/build/binutils-2.47/gold/script.cc:2865:(.text+0x3491): undefined reference to `gold::Command_line::process_one_option(int, char const**, int, bool*)'
/usr/bin/ld: libgold.a(script.o): in function `script_set_target':
/work/build.CoreELEC-Amlogic-no.aarch64-22/build/binutils-2.47/gold/script.cc:2909:(.text+0x3656): undefined reference to `gold::General_options::string_to_object_format(char const*)'
/usr/bin/ld: libgold.a(script.o): in function `gold::Position_dependent_options::copy_from_options(gold::General_options const&)':
/work/build.CoreELEC-Amlogic-no.aarch64-22/build/binutils-2.47/gold/options.h:1993:(.text+0x59dc): undefined reference to `gold::Position_dependent_options::default_options_'
/usr/bin/ld: libgold.a(script.o): in function `gold::Position_dependent_options::set_as_needed(bool)':
/work/build.CoreELEC-Amlogic-no.aarch64-22/build/binutils-2.47/gold/options.h:1998:(.text+0x59e9): undefined reference to `gold::Position_dependent_options::default_options_'
/usr/bin/ld: libgold.a(script.o): in function `gold::Position_dependent_options::set_Bdynamic(bool)':
/work/build.CoreELEC-Amlogic-no.aarch64-22/build/binutils-2.47/gold/options.h:1999:(.text+0x5a09): undefined reference to `gold::Position_dependent_options::default_options_'
/usr/bin/ld: libgold.a(script.o): in function `gold::Position_dependent_options::copy_from_options(gold::General_options const&)':
/work/build.CoreELEC-Amlogic-no.aarch64-22/build/binutils-2.47/gold/options.h:1993:(.text+0x5a47): undefined reference to `gold::General_options::format_enum() const'
/usr/bin/ld: libgold.a(script.o): in function `gold::Parser_closure::Parser_closure(char const*, gold::Position_dependent_options const&, bool, bool, bool, gold::Command_line*, gold::Script_options*, gold::Lex*, bool, gold::Script_info*)':
/work/build.CoreELEC-Amlogic-no.aarch64-22/build/binutils-2.47/gold/script.cc:1282:(.text+0x5a63): undefined reference to `gold::Position_dependent_options::default_options_'
/usr/bin/ld: /work/build.CoreELEC-Amlogic-no.aarch64-22/build/binutils-2.47/gold/script.cc:1282:(.text+0x5a89): undefined reference to `gold::Position_dependent_options::default_options_'
/usr/bin/ld: libgold.a(script.o): in function `gold::read_input_script(gold::Workqueue*, gold::Symbol_table*, gold::Layout*, gold::Dirsearch*, int, gold::Input_objects*, gold::Mapfile*, gold::Input_group*, gold::Input_argument const*, gold::Input_file*, gold::Task_token*, bool*)':
/work/build.CoreELEC-Amlogic-no.aarch64-22/build/binutils-2.47/gold/script.cc:1512:(.text+0x5da9): undefined reference to `gold::Incremental_inputs::report_script(gold::Script_info*, unsigned int, gold::Timespec)'
/usr/bin/ld: libgold.a(script.o): in function `script_start_group':
/work/build.CoreELEC-Amlogic-no.aarch64-22/build/binutils-2.47/gold/script.cc:2755:(.text+0x32cf): undefined reference to `gold::Input_arguments::start_group()'
/usr/bin/ld: libgold.a(script.o): in function `script_end_group':
/work/build.CoreELEC-Amlogic-no.aarch64-22/build/binutils-2.47/gold/script.cc:2765:(.text+0x332f): undefined reference to `gold::Input_arguments::end_group()'
/usr/bin/ld: libgold.a(archive.o): in function `gold::Library_base::should_include_member(gold::Symbol_table*, gold::Layout*, char const*, gold::Symbol**, std::__cxx11::basic_string<char, std::char_traits<char>, std::allocator<char> >*, char**, unsigned long*)':
/work/build.CoreELEC-Amlogic-no.aarch64-22/build/binutils-2.47/gold/archive.cc:89:(.text+0x9e6): undefined reference to `gold::Symbol_table::lookup(char const*, char const*) const'
/usr/bin/ld: /work/build.CoreELEC-Amlogic-no.aarch64-22/build/binutils-2.47/gold/archive.cc:89:(.text+0xa2b): undefined reference to `gold::Symbol_table::lookup(char const*, char const*) const'
/usr/bin/ld: /work/build.CoreELEC-Amlogic-no.aarch64-22/build/binutils-2.47/gold/archive.cc:95:(.text+0xc6d): undefined reference to `gold::Symbol_table::lookup(char const*, char const*) const'
/usr/bin/ld: /work/build.CoreELEC-Amlogic-no.aarch64-22/build/binutils-2.47/gold/archive.cc:89:(.text+0xc8c): undefined reference to `gold::Symbol_table::lookup(char const*, char const*) const'
/usr/bin/ld: libgold.a(archive.o): in function `gold::Archive::Archive(std::__cxx11::basic_string<char, std::char_traits<char>, std::allocator<char> > const&, gold::Input_file*, bool, gold::Dirsearch*, gold::Task*)':
/work/build.CoreELEC-Amlogic-no.aarch64-22/build/binutils-2.47/gold/archive.cc:200:(.text+0x1329): undefined reference to `gold::General_options::check_excluded_libs(std::__cxx11::basic_string<char, std::char_traits<char>, std::allocator<char> > const&) const'
/usr/bin/ld: libgold.a(archive.o): in function `gold::Lib_group::include_member(gold::Symbol_table*, gold::Layout*, gold::Input_objects*, gold::Archive_member const&)':
/work/build.CoreELEC-Amlogic-no.aarch64-22/build/binutils-2.47/gold/archive.cc:1289:(.text+0x1d95): undefined reference to `gold::Incremental_inputs::report_object(gold::Object*, unsigned int, gold::Library_base*, gold::Script_info*)'
/usr/bin/ld: libgold.a(archive.o): in function `gold::Add_lib_group_symbols::run(gold::Workqueue*)':
/work/build.CoreELEC-Amlogic-no.aarch64-22/build/binutils-2.47/gold/archive.cc:1350:(.text+0x20f8): undefined reference to `gold::Incremental_inputs::report_archive_begin(gold::Library_base*, unsigned int, gold::Script_info*)'
/usr/bin/ld: libgold.a(archive.o): in function `gold::Position_dependent_options::copy_from_options(gold::General_options const&)':
/work/build.CoreELEC-Amlogic-no.aarch64-22/build/binutils-2.47/gold/options.h:1993:(.text+0x2785): undefined reference to `gold::General_options::format_enum() const'
/usr/bin/ld: libgold.a(archive.o): in function `gold::Archive::include_member(gold::Symbol_table*, gold::Layout*, gold::Input_objects*, long, gold::Mapfile*, gold::Symbol*, char const*)':
/work/build.CoreELEC-Amlogic-no.aarch64-22/build/binutils-2.47/gold/archive.cc:1053:(.text+0x3db4): undefined reference to `gold::Incremental_inputs::report_object(gold::Object*, unsigned int, gold::Library_base*, gold::Script_info*)'
/usr/bin/ld: libgold.a(archive.o): in function `gold::Add_archive_symbols::run(gold::Workqueue*)':
/work/build.CoreELEC-Amlogic-no.aarch64-22/build/binutils-2.47/gold/archive.cc:1131:(.text+0x48b0): undefined reference to `gold::Incremental_inputs::report_archive_begin(gold::Library_base*, unsigned int, gold::Script_info*)'
/usr/bin/ld: /work/build.CoreELEC-Amlogic-no.aarch64-22/build/binutils-2.47/gold/archive.cc:1163:(.text+0x497d): undefined reference to `gold::Incremental_inputs::report_archive_end(gold::Library_base*)'
/usr/bin/ld: libgold.a(archive.o): in function `gold::Add_lib_group_symbols::run(gold::Workqueue*)':
/work/build.CoreELEC-Amlogic-no.aarch64-22/build/binutils-2.47/gold/archive.cc:1355:(.text+0x211f): undefined reference to `gold::Incremental_inputs::report_archive_end(gold::Library_base*)'
/usr/bin/ld: libgold.a(cref.o): in function `gold::Symbol::is_defined() const':
/work/build.CoreELEC-Amlogic-no.aarch64-22/build/binutils-2.47/gold/symtab.h:511:(.text+0x1421): undefined reference to `gold::Symbol::is_common_shndx(unsigned int)'
/usr/bin/ld: libgold.a(cref.o): in function `gold::Cref_inputs::print_cref(gold::Symbol_table const*, _IO_FILE*) const':
/work/build.CoreELEC-Amlogic-no.aarch64-22/build/binutils-2.47/gold/cref.cc:314:(.text+0x15ab): undefined reference to `gold::Symbol::demangled_name[abi:cxx11]() const'
/usr/bin/ld: libgold.a(expression.o): in function `gold::Section_expression::value(gold::Expression::Expression_eval_info const*)':
/work/build.CoreELEC-Amlogic-no.aarch64-22/build/binutils-2.47/gold/expression.cc:840:(.text+0x5a): undefined reference to `gold::Layout::find_output_section(char const*) const'
/usr/bin/ld: libgold.a(expression.o): in function `gold::Sizeof_headers_expression::value(gold::Expression::Expression_eval_info const*)':
/work/build.CoreELEC-Amlogic-no.aarch64-22/build/binutils-2.47/gold/expression.cc:1296:(.text+0x1e5): undefined reference to `gold::Layout::expected_segment_count() const'
/usr/bin/ld: libgold.a(expression.o): in function `gold::Symbol_expression::value(gold::Expression::Expression_eval_info const*)':
/work/build.CoreELEC-Amlogic-no.aarch64-22/build/binutils-2.47/gold/expression.cc:227:(.text+0x355): undefined reference to `gold::Symbol_table::lookup(char const*, char const*) const'
/usr/bin/ld: /work/build.CoreELEC-Amlogic-no.aarch64-22/build/binutils-2.47/gold/expression.cc:236:(.text+0x3a9): undefined reference to `gold::Symbol::output_section() const'
/usr/bin/ld: libgold.a(expression.o): in function `gold::Symbol::is_defined() const':
/work/build.CoreELEC-Amlogic-no.aarch64-22/build/binutils-2.47/gold/symtab.h:511:(.text+0x411): undefined reference to `gold::Symbol::is_common_shndx(unsigned int)'
/usr/bin/ld: libgold.a(expression.o): in function `gold::Symbol_expression::set_expr_sym_in_real_elf(gold::Symbol_table*) const':
/work/build.CoreELEC-Amlogic-no.aarch64-22/build/binutils-2.47/gold/expression.cc:211:(.text._ZNK4gold17Symbol_expression24set_expr_sym_in_real_elfEPNS_12Symbol_tableE[_ZNK4gold17Symbol_expression24set_expr_sym_in_real_elfEPNS_12Symbol_tableE]+0x11): undefined reference to `gold::Symbol_table::lookup(char const*, char const*) const'
/usr/bin/ld: libgold.a(expression.o): in function `gold::Defined_expression::value(gold::Expression::Expression_eval_info const*)':
/work/build.CoreELEC-Amlogic-no.aarch64-22/build/binutils-2.47/gold/expression.cc:1167:(.text._ZN4gold18Defined_expression5valueEPKNS_10Expression20Expression_eval_infoE[_ZN4gold18Defined_expression5valueEPKNS_10Expression20Expression_eval_infoE]+0x11): undefined reference to `gold::Symbol_table::lookup(char const*, char const*) const'
/usr/bin/ld: libgold.a(expression.o): in function `gold::Symbol::is_defined() const':
/work/build.CoreELEC-Amlogic-no.aarch64-22/build/binutils-2.47/gold/symtab.h:511:(.text._ZN4gold18Defined_expression5valueEPKNS_10Expression20Expression_eval_infoE[_ZN4gold18Defined_expression5valueEPKNS_10Expression20Expression_eval_infoE]+0x51): undefined reference to `gold::Symbol::is_common_shndx(unsigned int)'
/usr/bin/ld: libgold.a(mapfile.o): in function `gold::Mapfile::report_allocate_common(gold::Symbol const*, unsigned long)':
/work/build.CoreELEC-Amlogic-no.aarch64-22/build/binutils-2.47/gold/mapfile.cc:165:(.text+0x329): undefined reference to `gold::Symbol::demangled_name[abi:cxx11]() const'
/usr/bin/ld: libgold.a(mapfile.o): in function `void gold::Mapfile::print_input_section_symbols<32, false>(gold::Sized_relobj_file<32, false> const*, unsigned int)':
/work/build.CoreELEC-Amlogic-no.aarch64-22/build/binutils-2.47/gold/mapfile.cc:228:(.text._ZN4gold7Mapfile27print_input_section_symbolsILi32ELb0EEEvPKNS_17Sized_relobj_fileIXT_EXT0_EEEj[_ZN4gold7Mapfile27print_input_section_symbolsILi32ELb0EEEvPKNS_17Sized_relobj_fileIXT_EXT0_EEEj]+0x104): undefined reference to `gold::Symbol::demangled_name[abi:cxx11]() const'
/usr/bin/ld: libgold.a(mapfile.o): in function `void gold::Mapfile::print_input_section_symbols<32, true>(gold::Sized_relobj_file<32, true> const*, unsigned int)':
/work/build.CoreELEC-Amlogic-no.aarch64-22/build/binutils-2.47/gold/mapfile.cc:228:(.text._ZN4gold7Mapfile27print_input_section_symbolsILi32ELb1EEEvPKNS_17Sized_relobj_fileIXT_EXT0_EEEj[_ZN4gold7Mapfile27print_input_section_symbolsILi32ELb1EEEvPKNS_17Sized_relobj_fileIXT_EXT0_EEEj]+0x104): undefined reference to `gold::Symbol::demangled_name[abi:cxx11]() const'
/usr/bin/ld: libgold.a(mapfile.o): in function `void gold::Mapfile::print_input_section_symbols<64, false>(gold::Sized_relobj_file<64, false> const*, unsigned int)':
/work/build.CoreELEC-Amlogic-no.aarch64-22/build/binutils-2.47/gold/mapfile.cc:228:(.text._ZN4gold7Mapfile27print_input_section_symbolsILi64ELb0EEEvPKNS_17Sized_relobj_fileIXT_EXT0_EEEj[_ZN4gold7Mapfile27print_input_section_symbolsILi64ELb0EEEvPKNS_17Sized_relobj_fileIXT_EXT0_EEEj]+0x104): undefined reference to `gold::Symbol::demangled_name[abi:cxx11]() const'
/usr/bin/ld: libgold.a(mapfile.o): in function `void gold::Mapfile::print_input_section_symbols<64, true>(gold::Sized_relobj_file<64, true> const*, unsigned int)':
/work/build.CoreELEC-Amlogic-no.aarch64-22/build/binutils-2.47/gold/mapfile.cc:228:(.text._ZN4gold7Mapfile27print_input_section_symbolsILi64ELb1EEEvPKNS_17Sized_relobj_fileIXT_EXT0_EEEj[_ZN4gold7Mapfile27print_input_section_symbolsILi64ELb1EEEvPKNS_17Sized_relobj_fileIXT_EXT0_EEEj]+0x104): undefined reference to `gold::Symbol::demangled_name[abi:cxx11]() const'
/usr/bin/ld: libgold.a(script-sections.o): in function `gold::Script_sections::create_note_and_tls_segments(gold::Layout*, std::vector<gold::Output_section*, std::allocator<gold::Output_section*> > const*)':
/work/build.CoreELEC-Amlogic-no.aarch64-22/build/binutils-2.47/gold/script-sections.cc:4196:(.text+0x960): undefined reference to `gold::Layout::section_flags_to_segment(unsigned long)'
/usr/bin/ld: /work/build.CoreELEC-Amlogic-no.aarch64-22/build/binutils-2.47/gold/script-sections.cc:4197:(.text+0x974): undefined reference to `gold::Layout::make_output_segment(unsigned int, unsigned int)'
/usr/bin/ld: /work/build.CoreELEC-Amlogic-no.aarch64-22/build/binutils-2.47/gold/script-sections.cc:4172:(.text+0x9ba): undefined reference to `gold::Layout::section_flags_to_segment(unsigned long)'
/usr/bin/ld: /work/build.CoreELEC-Amlogic-no.aarch64-22/build/binutils-2.47/gold/script-sections.cc:4173:(.text+0x9ce): undefined reference to `gold::Layout::make_output_segment(unsigned int, unsigned int)'
/usr/bin/ld: /work/build.CoreELEC-Amlogic-no.aarch64-22/build/binutils-2.47/gold/script-sections.cc:4181:(.text+0x9f1): undefined reference to `gold::Layout::section_flags_to_segment(unsigned long)'
/usr/bin/ld: /work/build.CoreELEC-Amlogic-no.aarch64-22/build/binutils-2.47/gold/script-sections.cc:4148:(.text+0xa76): undefined reference to `gold::Layout::section_flags_to_segment(unsigned long)'
/usr/bin/ld: /work/build.CoreELEC-Amlogic-no.aarch64-22/build/binutils-2.47/gold/script-sections.cc:4149:(.text+0xa8b): undefined reference to `gold::Layout::make_output_segment(unsigned int, unsigned int)'
/usr/bin/ld: /work/build.CoreELEC-Amlogic-no.aarch64-22/build/binutils-2.47/gold/script-sections.cc:4159:(.text+0xab5): undefined reference to `gold::Layout::section_flags_to_segment(unsigned long)'
/usr/bin/ld: libgold.a(script-sections.o): in function `gold::Output_section_definition::create_sections(gold::Layout*)':
/work/build.CoreELEC-Amlogic-no.aarch64-22/build/binutils-2.47/gold/script-sections.cc:2232:(.text+0xf46): undefined reference to `gold::Layout::make_output_section_for_script(char const*, gold::Script_sections::Section_type)'
/usr/bin/ld: libgold.a(script-sections.o): in function `gold::Output_section_definition::set_section_addresses(gold::Symbol_table*, gold::Layout*, unsigned long*, unsigned long*, unsigned long*)':
/work/build.CoreELEC-Amlogic-no.aarch64-22/build/binutils-2.47/gold/script-sections.cc:2470:(.text+0x2e04): undefined reference to `gold::General_options::section_start(char const*, unsigned long*) const'
/usr/bin/ld: libgold.a(script-sections.o): in function `gold::Phdrs_element::create_segment(gold::Layout*)':
/work/build.CoreELEC-Amlogic-no.aarch64-22/build/binutils-2.47/gold/script-sections.cc:3187:(.text+0x4b40): undefined reference to `gold::Layout::make_output_segment(unsigned int, unsigned int)'
/usr/bin/ld: libgold.a(script-sections.o): in function `gold::Script_sections::attach_sections_using_phdrs_clause(gold::Layout*)':
/work/build.CoreELEC-Amlogic-no.aarch64-22/build/binutils-2.47/gold/script-sections.cc:4327:(.text+0x4cdb): undefined reference to `gold::Layout::section_flags_to_segment(unsigned long)'
/usr/bin/ld: libgold.a(script-sections.o): in function `gold::Script_sections::expected_segment_count(gold::Layout const*) const':
/work/build.CoreELEC-Amlogic-no.aarch64-22/build/binutils-2.47/gold/script-sections.cc:4239:(.text+0x5b56): undefined reference to `gold::Layout::get_allocated_sections(std::vector<gold::Output_section*, std::allocator<gold::Output_section*> >*) const'
/usr/bin/ld: libgold.a(script-sections.o): in function `gold::Input_section_info::set_section_name(std::__cxx11::basic_string<char, std::char_traits<char>, std::allocator<char> >)':
/work/build.CoreELEC-Amlogic-no.aarch64-22/build/binutils-2.47/gold/script-sections.cc:1511:(.text+0x7b0e): undefined reference to `gold::is_compressed_debug_section(char const*)'
/usr/bin/ld: /work/build.CoreELEC-Amlogic-no.aarch64-22/build/binutils-2.47/gold/script-sections.cc:1512:(.text+0x7b65): undefined reference to `gold::corresponding_uncompressed_section_name(std::__cxx11::basic_string<char, std::char_traits<char>, std::allocator<char> >)'
/usr/bin/ld: libgold.a(script-sections.o): in function `gold::Script_sections::create_segments(gold::Layout*, unsigned long)':
/work/build.CoreELEC-Amlogic-no.aarch64-22/build/binutils-2.47/gold/script-sections.cc:3980:(.text+0x8d42): undefined reference to `gold::Layout::get_allocated_sections(std::vector<gold::Output_section*, std::allocator<gold::Output_section*> >*) const'
/usr/bin/ld: /work/build.CoreELEC-Amlogic-no.aarch64-22/build/binutils-2.47/gold/script-sections.cc:4044:(.text+0x8f3e): undefined reference to `gold::Layout::section_flags_to_segment(unsigned long)'
/usr/bin/ld: /work/build.CoreELEC-Amlogic-no.aarch64-22/build/binutils-2.47/gold/script-sections.cc:4048:(.text+0x8f52): undefined reference to `gold::Layout::make_output_segment(unsigned int, unsigned int)'
/usr/bin/ld: /work/build.CoreELEC-Amlogic-no.aarch64-22/build/binutils-2.47/gold/script-sections.cc:4044:(.text+0x90cd): undefined reference to `gold::Layout::section_flags_to_segment(unsigned long)'
/usr/bin/ld: /work/build.CoreELEC-Amlogic-no.aarch64-22/build/binutils-2.47/gold/script-sections.cc:4044:(.text+0x91e5): undefined reference to `gold::Layout::section_flags_to_segment(unsigned long)'
/usr/bin/ld: /work/build.CoreELEC-Amlogic-no.aarch64-22/build/binutils-2.47/gold/script-sections.cc:4044:(.text+0x9223): undefined reference to `gold::Layout::section_flags_to_segment(unsigned long)'
/usr/bin/ld: /work/build.CoreELEC-Amlogic-no.aarch64-22/build/binutils-2.47/gold/script-sections.cc:4123:(.text+0x92ff): undefined reference to `gold::Layout::make_output_segment(unsigned int, unsigned int)'
/usr/bin/ld: libgold.a(common.o): in function `void gold::Symbol_table::do_allocate_commons_list<32>(gold::Layout*, gold::Symbol_table::Commons_section_type, std::vector<gold::Symbol*, std::allocator<gold::Symbol*> >*, gold::Mapfile*, gold::Symbol_table::Sort_commons_order)':
/work/build.CoreELEC-Amlogic-no.aarch64-22/build/binutils-2.47/gold/common.cc:237:(.text._ZN4gold12Symbol_table24do_allocate_commons_listILi32EEEvPNS_6LayoutENS0_20Commons_section_typeEPSt6vectorIPNS_6SymbolESaIS7_EEPNS_7MapfileENS0_18Sort_commons_orderE[_ZN4gold12Symbol_table24do_allocate_commons_listILi32EEEvPNS_6LayoutENS0_20Commons_section_typeEPSt6vectorIPNS_6SymbolESaIS7_EEPNS_7MapfileENS0_18Sort_commons_orderE]+0x79): undefined reference to `gold::Symbol_table::resolve_forwards(gold::Symbol const*) const'
/usr/bin/ld: libgold.a(common.o): in function `gold::Symbol::is_common() const':
/work/build.CoreELEC-Amlogic-no.aarch64-22/build/binutils-2.47/gold/symtab.h:578:(.text._ZN4gold12Symbol_table24do_allocate_commons_listILi32EEEvPNS_6LayoutENS0_20Commons_section_typeEPSt6vectorIPNS_6SymbolESaIS7_EEPNS_7MapfileENS0_18Sort_commons_orderE[_ZN4gold12Symbol_table24do_allocate_commons_listILi32EEEvPNS_6LayoutENS0_20Commons_section_typeEPSt6vectorIPNS_6SymbolESaIS7_EEPNS_7MapfileENS0_18Sort_commons_orderE]+0x8c): undefined reference to `gold::Symbol::is_common_shndx(unsigned int)'
/usr/bin/ld: libgold.a(common.o): in function `void gold::Symbol_table::do_allocate_commons_list<32>(gold::Layout*, gold::Symbol_table::Commons_section_type, std::vector<gold::Symbol*, std::allocator<gold::Symbol*> >*, gold::Mapfile*, gold::Symbol_table::Sort_commons_order)':
/work/build.CoreELEC-Amlogic-no.aarch64-22/build/binutils-2.47/gold/common.cc:300:(.text._ZN4gold12Symbol_table24do_allocate_commons_listILi32EEEvPNS_6LayoutENS0_20Commons_section_typeEPSt6vectorIPNS_6SymbolESaIS7_EEPNS_7MapfileENS0_18Sort_commons_orderE[_ZN4gold12Symbol_table24do_allocate_commons_listILi32EEEvPNS_6LayoutENS0_20Commons_section_typeEPSt6vectorIPNS_6SymbolESaIS7_EEPNS_7MapfileENS0_18Sort_commons_orderE]+0x266): undefined reference to `gold::Layout::find_output_section(char const*) const'
/usr/bin/ld: /work/build.CoreELEC-Amlogic-no.aarch64-22/build/binutils-2.47/gold/common.cc:292:(.text._ZN4gold12Symbol_table24do_allocate_commons_listILi32EEEvPNS_6LayoutENS0_20Commons_section_typeEPSt6vectorIPNS_6SymbolESaIS7_EEPNS_7MapfileENS0_18Sort_commons_orderE[_ZN4gold12Symbol_table24do_allocate_commons_listILi32EEEvPNS_6LayoutENS0_20Commons_section_typeEPSt6vectorIPNS_6SymbolESaIS7_EEPNS_7MapfileENS0_18Sort_commons_orderE]+0x3bb): undefined reference to `gold::Layout::add_output_section_data(char const*, unsigned int, unsigned long, gold::Output_section_data*, gold::Output_section_order, bool)'
/usr/bin/ld: libgold.a(common.o): in function `gold::Symbol::is_common() const':
/work/build.CoreELEC-Amlogic-no.aarch64-22/build/binutils-2.47/gold/symtab.h:578:(.text._ZN4gold12Symbol_table24do_allocate_commons_listILi32EEEvPNS_6LayoutENS0_20Commons_section_typeEPSt6vectorIPNS_6SymbolESaIS7_EEPNS_7MapfileENS0_18Sort_commons_orderE[_ZN4gold12Symbol_table24do_allocate_commons_listILi32EEEvPNS_6LayoutENS0_20Commons_section_typeEPSt6vectorIPNS_6SymbolESaIS7_EEPNS_7MapfileENS0_18Sort_commons_orderE]+0x42e): undefined reference to `gold::Symbol::is_common_shndx(unsigned int)'
/usr/bin/ld: libgold.a(common.o): in function `void gold::Symbol_table::do_allocate_commons_list<32>(gold::Layout*, gold::Symbol_table::Commons_section_type, std::vector<gold::Symbol*, std::allocator<gold::Symbol*> >*, gold::Mapfile*, gold::Symbol_table::Sort_commons_order)':
/work/build.CoreELEC-Amlogic-no.aarch64-22/build/binutils-2.47/gold/common.cc:343:(.text._ZN4gold12Symbol_table24do_allocate_commons_listILi32EEEvPNS_6LayoutENS0_20Commons_section_typeEPSt6vectorIPNS_6SymbolESaIS7_EEPNS_7MapfileENS0_18Sort_commons_orderE[_ZN4gold12Symbol_table24do_allocate_commons_listILi32EEEvPNS_6LayoutENS0_20Commons_section_typeEPSt6vectorIPNS_6SymbolESaIS7_EEPNS_7MapfileENS0_18Sort_commons_orderE]+0x48f): undefined reference to `gold::Sized_symbol<32>::allocate_common(gold::Output_data*, unsigned int)'
/usr/bin/ld: /work/build.CoreELEC-Amlogic-no.aarch64-22/build/binutils-2.47/gold/common.cc:354:(.text._ZN4gold12Symbol_table24do_allocate_commons_listILi32EEEvPNS_6LayoutENS0_20Commons_section_typeEPSt6vectorIPNS_6SymbolESaIS7_EEPNS_7MapfileENS0_18Sort_commons_orderE[_ZN4gold12Symbol_table24do_allocate_commons_listILi32EEEvPNS_6LayoutENS0_20Commons_section_typeEPSt6vectorIPNS_6SymbolESaIS7_EEPNS_7MapfileENS0_18Sort_commons_orderE]+0x4c8): undefined reference to `gold::Sized_symbol<32>::allocate_common(gold::Output_data*, unsigned int)'
/usr/bin/ld: libgold.a(common.o): in function `void gold::Symbol_table::do_allocate_commons_list<64>(gold::Layout*, gold::Symbol_table::Commons_section_type, std::vector<gold::Symbol*, std::allocator<gold::Symbol*> >*, gold::Mapfile*, gold::Symbol_table::Sort_commons_order)':
/work/build.CoreELEC-Amlogic-no.aarch64-22/build/binutils-2.47/gold/common.cc:237:(.text._ZN4gold12Symbol_table24do_allocate_commons_listILi64EEEvPNS_6LayoutENS0_20Commons_section_typeEPSt6vectorIPNS_6SymbolESaIS7_EEPNS_7MapfileENS0_18Sort_commons_orderE[_ZN4gold12Symbol_table24do_allocate_commons_listILi64EEEvPNS_6LayoutENS0_20Commons_section_typeEPSt6vectorIPNS_6SymbolESaIS7_EEPNS_7MapfileENS0_18Sort_commons_orderE]+0x79): undefined reference to `gold::Symbol_table::resolve_forwards(gold::Symbol const*) const'
/usr/bin/ld: libgold.a(common.o): in function `gold::Symbol::is_common() const':
/work/build.CoreELEC-Amlogic-no.aarch64-22/build/binutils-2.47/gold/symtab.h:578:(.text._ZN4gold12Symbol_table24do_allocate_commons_listILi64EEEvPNS_6LayoutENS0_20Commons_section_typeEPSt6vectorIPNS_6SymbolESaIS7_EEPNS_7MapfileENS0_18Sort_commons_orderE[_ZN4gold12Symbol_table24do_allocate_commons_listILi64EEEvPNS_6LayoutENS0_20Commons_section_typeEPSt6vectorIPNS_6SymbolESaIS7_EEPNS_7MapfileENS0_18Sort_commons_orderE]+0x8c): undefined reference to `gold::Symbol::is_common_shndx(unsigned int)'
/usr/bin/ld: libgold.a(common.o): in function `void gold::Symbol_table::do_allocate_commons_list<64>(gold::Layout*, gold::Symbol_table::Commons_section_type, std::vector<gold::Symbol*, std::allocator<gold::Symbol*> >*, gold::Mapfile*, gold::Symbol_table::Sort_commons_order)':
/work/build.CoreELEC-Amlogic-no.aarch64-22/build/binutils-2.47/gold/common.cc:300:(.text._ZN4gold12Symbol_table24do_allocate_commons_listILi64EEEvPNS_6LayoutENS0_20Commons_section_typeEPSt6vectorIPNS_6SymbolESaIS7_EEPNS_7MapfileENS0_18Sort_commons_orderE[_ZN4gold12Symbol_table24do_allocate_commons_listILi64EEEvPNS_6LayoutENS0_20Commons_section_typeEPSt6vectorIPNS_6SymbolESaIS7_EEPNS_7MapfileENS0_18Sort_commons_orderE]+0x266): undefined reference to `gold::Layout::find_output_section(char const*) const'
/usr/bin/ld: /work/build.CoreELEC-Amlogic-no.aarch64-22/build/binutils-2.47/gold/common.cc:292:(.text._ZN4gold12Symbol_table24do_allocate_commons_listILi64EEEvPNS_6LayoutENS0_20Commons_section_typeEPSt6vectorIPNS_6SymbolESaIS7_EEPNS_7MapfileENS0_18Sort_commons_orderE[_ZN4gold12Symbol_table24do_allocate_commons_listILi64EEEvPNS_6LayoutENS0_20Commons_section_typeEPSt6vectorIPNS_6SymbolESaIS7_EEPNS_7MapfileENS0_18Sort_commons_orderE]+0x3bb): undefined reference to `gold::Layout::add_output_section_data(char const*, unsigned int, unsigned long, gold::Output_section_data*, gold::Output_section_order, bool)'
/usr/bin/ld: libgold.a(common.o): in function `gold::Symbol::is_common() const':
/work/build.CoreELEC-Amlogic-no.aarch64-22/build/binutils-2.47/gold/symtab.h:578:(.text._ZN4gold12Symbol_table24do_allocate_commons_listILi64EEEvPNS_6LayoutENS0_20Commons_section_typeEPSt6vectorIPNS_6SymbolESaIS7_EEPNS_7MapfileENS0_18Sort_commons_orderE[_ZN4gold12Symbol_table24do_allocate_commons_listILi64EEEvPNS_6LayoutENS0_20Commons_section_typeEPSt6vectorIPNS_6SymbolESaIS7_EEPNS_7MapfileENS0_18Sort_commons_orderE]+0x43e): undefined reference to `gold::Symbol::is_common_shndx(unsigned int)'
/usr/bin/ld: libgold.a(common.o): in function `void gold::Symbol_table::do_allocate_commons_list<64>(gold::Layout*, gold::Symbol_table::Commons_section_type, std::vector<gold::Symbol*, std::allocator<gold::Symbol*> >*, gold::Mapfile*, gold::Symbol_table::Sort_commons_order)':
/work/build.CoreELEC-Amlogic-no.aarch64-22/build/binutils-2.47/gold/common.cc:343:(.text._ZN4gold12Symbol_table24do_allocate_commons_listILi64EEEvPNS_6LayoutENS0_20Commons_section_typeEPSt6vectorIPNS_6SymbolESaIS7_EEPNS_7MapfileENS0_18Sort_commons_orderE[_ZN4gold12Symbol_table24do_allocate_commons_listILi64EEEvPNS_6LayoutENS0_20Commons_section_typeEPSt6vectorIPNS_6SymbolESaIS7_EEPNS_7MapfileENS0_18Sort_commons_orderE]+0x49e): undefined reference to `gold::Sized_symbol<64>::allocate_common(gold::Output_data*, unsigned long)'
/usr/bin/ld: /work/build.CoreELEC-Amlogic-no.aarch64-22/build/binutils-2.47/gold/common.cc:354:(.text._ZN4gold12Symbol_table24do_allocate_commons_listILi64EEEvPNS_6LayoutENS0_20Commons_section_typeEPSt6vectorIPNS_6SymbolESaIS7_EEPNS_7MapfileENS0_18Sort_commons_orderE[_ZN4gold12Symbol_table24do_allocate_commons_listILi64EEEvPNS_6LayoutENS0_20Commons_section_typeEPSt6vectorIPNS_6SymbolESaIS7_EEPNS_7MapfileENS0_18Sort_commons_orderE]+0x4d7): undefined reference to `gold::Sized_symbol<64>::allocate_common(gold::Output_data*, unsigned long)'
/usr/bin/ld: libgold.a(defstd.o): in function `gold::define_standard_symbols(gold::Symbol_table*, gold::Layout const*)':
/work/build.CoreELEC-Amlogic-no.aarch64-22/build/binutils-2.47/gold/defstd.cc:282:(.text+0x26): undefined reference to `gold::Symbol_table::define_symbols(gold::Layout const*, int, gold::Define_symbol_in_section const*, bool)'
/usr/bin/ld: /work/build.CoreELEC-Amlogic-no.aarch64-22/build/binutils-2.47/gold/defstd.cc:284:(.text+0x44): undefined reference to `gold::Symbol_table::define_symbols(gold::Layout const*, int, gold::Define_symbol_in_segment const*, bool)'
/usr/bin/ld: warning: creating DT_TEXTREL in a PIE
collect2: error: ld returned 1 exit status
make[5]: *** [Makefile:1034: dwp] Error 1
make[5]: *** Waiting for unfinished jobs....
make[5]: Leaving directory '/work/build.CoreELEC-Amlogic-no.aarch64-22/build/binutils-2.47/.x86_64-linux-gnu/gold'
make[4]: *** [Makefile:1177: all-recursive] Error 1
make[4]: Leaving directory '/work/build.CoreELEC-Amlogic-no.aarch64-22/build/binutils-2.47/.x86_64-linux-gnu/gold'
make[3]: *** [Makefile:918: all] Error 2
make[3]: Leaving directory '/work/build.CoreELEC-Amlogic-no.aarch64-22/build/binutils-2.47/.x86_64-linux-gnu/gold'
make[2]: *** [Makefile:6791: all-gold] Error 2
make[2]: Leaving directory '/work/build.CoreELEC-Amlogic-no.aarch64-22/build/binutils-2.47/.x86_64-linux-gnu'
make[1]: *** [Makefile:1033: all] Error 2
make[1]: Leaving directory '/work/build.CoreELEC-Amlogic-no.aarch64-22/build/binutils-2.47/.x86_64-linux-gnu'
[1;31mFAILURE: scripts/build binutils:host during make_host (package.mk)[0m
*********** FAILED COMMAND ***********
make MAKEINFO=true
**************************************
[1;31mFAILURE: scripts/build binutils:host has failed![0m

The following log for this failure is available:
  /work/build.CoreELEC-Amlogic-no.aarch64-22/.threads/logs/71.log

>>> binutils:host seq 71 >>>
Parallel build failure - see log for details. Time of failure: Sun Sep  6 00:37:25 UTC 2026
make: *** [Makefile:10: image] Error 1
